# Threshold Efficiency
0.005072 1.000000
0.005172 1.000000
0.005271 1.000000
0.005370 1.000000
0.005470 1.000000
0.005569 1.000000
0.005668 1.000000
0.005768 1.000000
0.005867 1.000000
0.005967 1.000000
0.006066 1.000000
0.006165 1.000000
0.006265 1.000000
0.006364 1.000000
0.006463 1.000000
0.006563 1.000000
0.006662 1.000000
0.006761 1.000000
0.006861 1.000000
0.006960 1.000000
0.007060 1.000000
0.007159 1.000000
0.007258 1.000000
0.007358 1.000000
0.007457 1.000000
0.007556 1.000000
0.007656 1.000000
0.007755 1.000000
0.007855 1.000000
0.007954 1.000000
0.008053 1.000000
0.008153 1.000000
0.008252 1.000000
0.008351 1.000000
0.008451 1.000000
0.008550 1.000000
0.008650 1.000000
0.008749 1.000000
0.008848 1.000000
0.008948 1.000000
0.009047 1.000000
0.009146 1.000000
0.009246 1.000000
0.009345 1.000000
0.009444 1.000000
0.009544 1.000000
0.009643 1.000000
0.009743 1.000000
0.009842 1.000000
0.009941 1.000000
0.010041 1.000000
0.010140 1.000000
0.010239 1.000000
0.010339 1.000000
0.010438 1.000000
0.010538 1.000000
0.010637 1.000000
0.010736 1.000000
0.010836 1.000000
0.010935 1.000000
0.011034 1.000000
0.011134 1.000000
0.011233 1.000000
0.011332 1.000000
0.011432 1.000000
0.011531 1.000000
0.011631 1.000000
0.011730 1.000000
0.011829 1.000000
0.011929 1.000000
0.012028 1.000000
0.012127 1.000000
0.012227 1.000000
0.012326 1.000000
0.012426 1.000000
0.012525 1.000000
0.012624 1.000000
0.012724 1.000000
0.012823 1.000000
0.012922 1.000000
0.013022 1.000000
0.013121 1.000000
0.013220 1.000000
0.013320 1.000000
0.013419 1.000000
0.013519 1.000000
0.013618 1.000000
0.013717 1.000000
0.013817 1.000000
0.013916 1.000000
0.014015 1.000000
0.014115 1.000000
0.014214 1.000000
0.014314 1.000000
0.014413 1.000000
0.014512 1.000000
0.014612 1.000000
0.014711 1.000000
0.014810 1.000000
0.014910 1.000000
0.015009 1.000000
0.015109 1.000000
0.015208 1.000000
0.015307 1.000000
0.015407 1.000000
0.015506 1.000000
0.015605 1.000000
0.015705 1.000000
0.015804 1.000000
0.015903 1.000000
0.016003 1.000000
0.016102 1.000000
0.016202 1.000000
0.016301 1.000000
0.016400 1.000000
0.016500 1.000000
0.016599 1.000000
0.016698 1.000000
0.016798 1.000000
0.016897 1.000000
0.016997 1.000000
0.017096 1.000000
0.017195 1.000000
0.017295 1.000000
0.017394 1.000000
0.017493 1.000000
0.017593 1.000000
0.017692 1.000000
0.017791 1.000000
0.017891 1.000000
0.017990 1.000000
0.018090 1.000000
0.018189 1.000000
0.018288 1.000000
0.018388 1.000000
0.018487 1.000000
0.018586 1.000000
0.018686 1.000000
0.018785 1.000000
0.018885 1.000000
0.018984 1.000000
0.019083 1.000000
0.019183 1.000000
0.019282 1.000000
0.019381 1.000000
0.019481 1.000000
0.019580 1.000000
0.019679 1.000000
0.019779 1.000000
0.019878 1.000000
0.019978 1.000000
0.020077 1.000000
0.020176 1.000000
0.020276 1.000000
0.020375 1.000000
0.020474 1.000000
0.020574 1.000000
0.020673 1.000000
0.020773 1.000000
0.020872 1.000000
0.020971 1.000000
0.021071 1.000000
0.021170 1.000000
0.021269 1.000000
0.021369 1.000000
0.021468 1.000000
0.021568 1.000000
0.021667 1.000000
0.021766 1.000000
0.021866 1.000000
0.021965 1.000000
0.022064 1.000000
0.022164 1.000000
0.022263 1.000000
0.022362 0.999389
0.022462 0.999389
0.022561 0.999389
0.022661 0.999389
0.022760 0.999389
0.022859 0.999389
0.022959 0.999389
0.023058 0.999389
0.023157 0.999389
0.023257 0.999389
0.023356 0.999389
0.023456 0.999389
0.023555 0.999389
0.023654 0.999389
0.023754 0.999389
0.023853 0.999389
0.023952 0.999389
0.024052 0.999389
0.024151 0.999389
0.024250 0.999389
0.024350 0.999389
0.024449 0.999389
0.024549 0.999389
0.024648 0.999389
0.024747 0.999389
0.024847 0.999389
0.024946 0.999389
0.025045 0.999389
0.025145 0.999389
0.025244 0.999389
0.025344 0.999389
0.025443 0.999389
0.025542 0.999389
0.025642 0.999389
0.025741 0.999389
0.025840 0.999389
0.025940 0.999389
0.026039 0.999389
0.026139 0.999389
0.026238 0.999389
0.026337 0.999389
0.026437 0.999389
0.026536 0.999389
0.026635 0.999389
0.026735 0.999389
0.026834 0.999389
0.026933 0.999389
0.027033 0.999389
0.027132 0.999389
0.027232 0.999389
0.027331 0.999389
0.027430 0.999389
0.027530 0.999389
0.027629 0.999389
0.027728 0.999389
0.027828 0.999389
0.027927 0.999389
0.028027 0.999389
0.028126 0.999389
0.028225 0.999389
0.028325 0.999389
0.028424 0.999389
0.028523 0.999389
0.028623 0.999389
0.028722 0.999389
0.028821 0.999389
0.028921 0.999389
0.029020 0.999389
0.029120 0.999389
0.029219 0.999389
0.029318 0.999389
0.029418 0.999389
0.029517 0.999389
0.029616 0.999389
0.029716 0.999389
0.029815 0.999389
0.029915 0.999389
0.030014 0.999389
0.030113 0.999389
0.030213 0.999389
0.030312 0.999389
0.030411 0.999389
0.030511 0.999389
0.030610 0.999389
0.030709 0.999389
0.030809 0.999389
0.030908 0.999389
0.031008 0.999389
0.031107 0.999389
0.031206 0.999389
0.031306 0.999389
0.031405 0.999389
0.031504 0.999389
0.031604 0.999389
0.031703 0.999389
0.031803 0.999389
0.031902 0.999389
0.032001 0.999389
0.032101 0.999389
0.032200 0.999389
0.032299 0.999389
0.032399 0.999389
0.032498 0.999389
0.032598 0.999389
0.032697 0.999389
0.032796 0.999389
0.032896 0.999389
0.032995 0.999389
0.033094 0.999389
0.033194 0.999389
0.033293 0.999389
0.033392 0.999389
0.033492 0.999389
0.033591 0.999389
0.033691 0.999389
0.033790 0.999389
0.033889 0.999389
0.033989 0.999389
0.034088 0.999389
0.034187 0.999389
0.034287 0.999389
0.034386 0.999389
0.034486 0.999389
0.034585 0.999389
0.034684 0.999389
0.034784 0.999389
0.034883 0.999389
0.034982 0.999389
0.035082 0.999389
0.035181 0.999389
0.035280 0.999389
0.035380 0.999389
0.035479 0.999389
0.035579 0.999389
0.035678 0.999389
0.035777 0.999389
0.035877 0.999389
0.035976 0.999389
0.036075 0.999389
0.036175 0.999389
0.036274 0.999389
0.036374 0.999389
0.036473 0.999389
0.036572 0.999389
0.036672 0.999389
0.036771 0.999389
0.036870 0.999389
0.036970 0.999389
0.037069 0.999389
0.037168 0.999389
0.037268 0.999389
0.037367 0.999389
0.037467 0.999389
0.037566 0.999389
0.037665 0.999389
0.037765 0.999389
0.037864 0.999389
0.037963 0.999389
0.038063 0.999389
0.038162 0.999389
0.038262 0.999389
0.038361 0.999389
0.038460 0.999389
0.038560 0.999389
0.038659 0.999389
0.038758 0.999389
0.038858 0.999389
0.038957 0.999389
0.039057 0.999389
0.039156 0.999389
0.039255 0.999389
0.039355 0.999389
0.039454 0.999389
0.039553 0.999389
0.039653 0.999389
0.039752 0.999389
0.039851 0.998778
0.039951 0.998778
0.040050 0.998778
0.040150 0.998778
0.040249 0.998778
0.040348 0.998778
0.040448 0.998778
0.040547 0.998778
0.040646 0.998778
0.040746 0.998778
0.040845 0.998778
0.040945 0.998778
0.041044 0.998778
0.041143 0.998778
0.041243 0.998778
0.041342 0.998778
0.041441 0.998778
0.041541 0.998778
0.041640 0.998778
0.041739 0.998166
0.041839 0.998166
0.041938 0.998166
0.042038 0.998166
0.042137 0.998166
0.042236 0.998166
0.042336 0.998166
0.042435 0.998166
0.042534 0.998166
0.042634 0.998166
0.042733 0.998166
0.042833 0.998166
0.042932 0.998166
0.043031 0.998166
0.043131 0.998166
0.043230 0.998166
0.043329 0.998166
0.043429 0.998166
0.043528 0.998166
0.043628 0.998166
0.043727 0.998166
0.043826 0.998166
0.043926 0.998166
0.044025 0.998166
0.044124 0.998166
0.044224 0.998166
0.044323 0.998166
0.044422 0.998166
0.044522 0.998166
0.044621 0.998166
0.044721 0.998166
0.044820 0.998166
0.044919 0.998166
0.045019 0.998166
0.045118 0.998166
0.045217 0.998166
0.045317 0.998166
0.045416 0.998166
0.045516 0.998166
0.045615 0.998166
0.045714 0.998166
0.045814 0.998166
0.045913 0.998166
0.046012 0.998166
0.046112 0.998166
0.046211 0.998166
0.046310 0.998166
0.046410 0.998166
0.046509 0.998166
0.046609 0.998166
0.046708 0.998166
0.046807 0.998166
0.046907 0.998166
0.047006 0.998166
0.047105 0.998166
0.047205 0.997555
0.047304 0.997555
0.047404 0.997555
0.047503 0.997555
0.047602 0.997555
0.047702 0.997555
0.047801 0.997555
0.047900 0.997555
0.048000 0.997555
0.048099 0.997555
0.048198 0.997555
0.048298 0.997555
0.048397 0.997555
0.048497 0.997555
0.048596 0.997555
0.048695 0.997555
0.048795 0.997555
0.048894 0.997555
0.048993 0.997555
0.049093 0.997555
0.049192 0.997555
0.049292 0.997555
0.049391 0.997555
0.049490 0.997555
0.049590 0.997555
0.049689 0.997555
0.049788 0.997555
0.049888 0.997555
0.049987 0.997555
0.050087 0.997555
0.050186 0.997555
0.050285 0.997555
0.050385 0.997555
0.050484 0.997555
0.050583 0.997555
0.050683 0.997555
0.050782 0.997555
0.050881 0.997555
0.050981 0.997555
0.051080 0.997555
0.051180 0.997555
0.051279 0.997555
0.051378 0.997555
0.051478 0.997555
0.051577 0.997555
0.051676 0.997555
0.051776 0.997555
0.051875 0.997555
0.051975 0.997555
0.052074 0.997555
0.052173 0.997555
0.052273 0.997555
0.052372 0.997555
0.052471 0.997555
0.052571 0.997555
0.052670 0.997555
0.052769 0.997555
0.052869 0.997555
0.052968 0.997555
0.053068 0.997555
0.053167 0.997555
0.053266 0.997555
0.053366 0.997555
0.053465 0.997555
0.053564 0.997555
0.053664 0.997555
0.053763 0.997555
0.053863 0.997555
0.053962 0.997555
0.054061 0.997555
0.054161 0.997555
0.054260 0.997555
0.054359 0.997555
0.054459 0.997555
0.054558 0.997555
0.054657 0.997555
0.054757 0.997555
0.054856 0.997555
0.054956 0.997555
0.055055 0.997555
0.055154 0.997555
0.055254 0.997555
0.055353 0.997555
0.055452 0.997555
0.055552 0.997555
0.055651 0.997555
0.055751 0.997555
0.055850 0.997555
0.055949 0.997555
0.056049 0.997555
0.056148 0.997555
0.056247 0.997555
0.056347 0.997555
0.056446 0.997555
0.056546 0.997555
0.056645 0.997555
0.056744 0.997555
0.056844 0.997555
0.056943 0.997555
0.057042 0.997555
0.057142 0.997555
0.057241 0.997555
0.057340 0.997555
0.057440 0.997555
0.057539 0.997555
0.057639 0.997555
0.057738 0.997555
0.057837 0.997555
0.057937 0.997555
0.058036 0.997555
0.058135 0.997555
0.058235 0.997555
0.058334 0.997555
0.058434 0.997555
0.058533 0.997555
0.058632 0.997555
0.058732 0.997555
0.058831 0.997555
0.058930 0.997555
0.059030 0.997555
0.059129 0.997555
0.059228 0.997555
0.059328 0.997555
0.059427 0.997555
0.059527 0.997555
0.059626 0.997555
0.059725 0.997555
0.059825 0.997555
0.059924 0.997555
0.060023 0.997555
0.060123 0.997555
0.060222 0.997555
0.060322 0.997555
0.060421 0.997555
0.060520 0.997555
0.060620 0.997555
0.060719 0.997555
0.060818 0.997555
0.060918 0.997555
0.061017 0.997555
0.061117 0.997555
0.061216 0.997555
0.061315 0.997555
0.061415 0.997555
0.061514 0.997555
0.061613 0.997555
0.061713 0.997555
0.061812 0.997555
0.061911 0.997555
0.062011 0.997555
0.062110 0.997555
0.062210 0.997555
0.062309 0.997555
0.062408 0.997555
0.062508 0.997555
0.062607 0.997555
0.062706 0.997555
0.062806 0.997555
0.062905 0.997555
0.063005 0.997555
0.063104 0.997555
0.063203 0.997555
0.063303 0.997555
0.063402 0.997555
0.063501 0.997555
0.063601 0.997555
0.063700 0.997555
0.063799 0.997555
0.063899 0.997555
0.063998 0.997555
0.064098 0.997555
0.064197 0.997555
0.064296 0.997555
0.064396 0.997555
0.064495 0.997555
0.064594 0.997555
0.064694 0.997555
0.064793 0.997555
0.064893 0.997555
0.064992 0.997555
0.065091 0.997555
0.065191 0.997555
0.065290 0.997555
0.065389 0.997555
0.065489 0.997555
0.065588 0.997555
0.065687 0.997555
0.065787 0.997555
0.065886 0.997555
0.065986 0.997555
0.066085 0.997555
0.066184 0.997555
0.066284 0.997555
0.066383 0.997555
0.066482 0.997555
0.066582 0.997555
0.066681 0.997555
0.066781 0.997555
0.066880 0.997555
0.066979 0.997555
0.067079 0.997555
0.067178 0.997555
0.067277 0.997555
0.067377 0.997555
0.067476 0.997555
0.067576 0.997555
0.067675 0.997555
0.067774 0.997555
0.067874 0.997555
0.067973 0.997555
0.068072 0.997555
0.068172 0.997555
0.068271 0.997555
0.068370 0.997555
0.068470 0.997555
0.068569 0.997555
0.068669 0.997555
0.068768 0.997555
0.068867 0.997555
0.068967 0.997555
0.069066 0.997555
0.069165 0.997555
0.069265 0.997555
0.069364 0.997555
0.069464 0.997555
0.069563 0.997555
0.069662 0.997555
0.069762 0.997555
0.069861 0.997555
0.069960 0.997555
0.070060 0.997555
0.070159 0.997555
0.070258 0.997555
0.070358 0.997555
0.070457 0.997555
0.070557 0.997555
0.070656 0.997555
0.070755 0.997555
0.070855 0.997555
0.070954 0.996944
0.071053 0.996944
0.071153 0.996944
0.071252 0.996944
0.071352 0.996944
0.071451 0.996944
0.071550 0.996944
0.071650 0.996944
0.071749 0.996944
0.071848 0.996944
0.071948 0.996944
0.072047 0.996944
0.072146 0.996944
0.072246 0.996944
0.072345 0.996944
0.072445 0.996944
0.072544 0.996944
0.072643 0.996944
0.072743 0.996944
0.072842 0.996944
0.072941 0.996944
0.073041 0.996944
0.073140 0.996944
0.073240 0.996944
0.073339 0.996944
0.073438 0.996944
0.073538 0.996944
0.073637 0.996944
0.073736 0.996944
0.073836 0.996944
0.073935 0.996944
0.074035 0.996944
0.074134 0.996944
0.074233 0.996944
0.074333 0.996944
0.074432 0.996944
0.074531 0.996944
0.074631 0.996944
0.074730 0.996944
0.074829 0.996944
0.074929 0.996944
0.075028 0.996944
0.075128 0.996944
0.075227 0.996944
0.075326 0.996944
0.075426 0.996944
0.075525 0.996944
0.075624 0.996944
0.075724 0.996944
0.075823 0.996944
0.075923 0.996944
0.076022 0.996944
0.076121 0.996944
0.076221 0.996944
0.076320 0.996944
0.076419 0.996944
0.076519 0.996944
0.076618 0.996944
0.076717 0.996944
0.076817 0.996944
0.076916 0.996944
0.077016 0.996944
0.077115 0.996944
0.077214 0.996944
0.077314 0.996944
0.077413 0.996944
0.077512 0.996944
0.077612 0.996944
0.077711 0.996333
0.077811 0.996333
0.077910 0.996333
0.078009 0.996333
0.078109 0.996333
0.078208 0.996333
0.078307 0.996333
0.078407 0.996333
0.078506 0.996333
0.078606 0.996333
0.078705 0.996333
0.078804 0.996333
0.078904 0.996333
0.079003 0.996333
0.079102 0.996333
0.079202 0.996333
0.079301 0.996333
0.079400 0.996333
0.079500 0.996333
0.079599 0.996333
0.079699 0.996333
0.079798 0.996333
0.079897 0.996333
0.079997 0.996333
0.080096 0.996333
0.080195 0.996333
0.080295 0.996333
0.080394 0.996333
0.080494 0.996333
0.080593 0.996333
0.080692 0.996333
0.080792 0.996333
0.080891 0.996333
0.080990 0.996333
0.081090 0.996333
0.081189 0.996333
0.081288 0.996333
0.081388 0.996333
0.081487 0.996333
0.081587 0.996333
0.081686 0.996333
0.081785 0.996333
0.081885 0.996333
0.081984 0.996333
0.082083 0.996333
0.082183 0.996333
0.082282 0.996333
0.082382 0.996333
0.082481 0.996333
0.082580 0.996333
0.082680 0.996333
0.082779 0.996333
0.082878 0.996333
0.082978 0.996333
0.083077 0.996333
0.083176 0.996333
0.083276 0.996333
0.083375 0.996333
0.083475 0.996333
0.083574 0.996333
0.083673 0.996333
0.083773 0.996333
0.083872 0.996333
0.083971 0.996333
0.084071 0.995721
0.084170 0.995721
0.084270 0.995721
0.084369 0.995721
0.084468 0.995721
0.084568 0.995721
0.084667 0.995721
0.084766 0.995721
0.084866 0.995721
0.084965 0.995721
0.085065 0.995721
0.085164 0.995721
0.085263 0.995721
0.085363 0.995721
0.085462 0.995721
0.085561 0.995721
0.085661 0.995721
0.085760 0.995721
0.085859 0.995721
0.085959 0.995721
0.086058 0.995721
0.086158 0.995721
0.086257 0.995721
0.086356 0.995721
0.086456 0.995721
0.086555 0.995721
0.086654 0.995721
0.086754 0.995721
0.086853 0.995721
0.086953 0.995721
0.087052 0.995721
0.087151 0.995721
0.087251 0.995721
0.087350 0.995721
0.087449 0.995721
0.087549 0.995721
0.087648 0.995721
0.087747 0.995721
0.087847 0.995721
0.087946 0.995721
0.088046 0.995110
0.088145 0.995110
0.088244 0.995110
0.088344 0.995110
0.088443 0.995110
0.088542 0.994499
0.088642 0.994499
0.088741 0.994499
0.088841 0.993888
0.088940 0.993888
0.089039 0.993888
0.089139 0.993888
0.089238 0.993888
0.089337 0.993888
0.089437 0.993888
0.089536 0.993888
0.089635 0.993888
0.089735 0.993276
0.089834 0.993276
0.089934 0.993276
0.090033 0.993276
0.090132 0.993276
0.090232 0.993276
0.090331 0.993276
0.090430 0.993276
0.090530 0.993276
0.090629 0.993276
0.090729 0.993276
0.090828 0.993276
0.090927 0.993276
0.091027 0.993276
0.091126 0.993276
0.091225 0.993276
0.091325 0.993276
0.091424 0.993276
0.091524 0.993276
0.091623 0.993276
0.091722 0.993276
0.091822 0.993276
0.091921 0.993276
0.092020 0.993276
0.092120 0.993276
0.092219 0.993276
0.092318 0.993276
0.092418 0.993276
0.092517 0.993276
0.092617 0.993276
0.092716 0.993276
0.092815 0.993276
0.092915 0.993276
0.093014 0.993276
0.093113 0.993276
0.093213 0.993276
0.093312 0.993276
0.093412 0.993276
0.093511 0.993276
0.093610 0.993276
0.093710 0.993276
0.093809 0.993276
0.093908 0.993276
0.094008 0.993276
0.094107 0.993276
0.094206 0.993276
0.094306 0.993276
0.094405 0.993276
0.094505 0.993276
0.094604 0.993276
0.094703 0.993276
0.094803 0.993276
0.094902 0.993276
0.095001 0.993276
0.095101 0.993276
0.095200 0.993276
0.095300 0.993276
0.095399 0.993276
0.095498 0.993276
0.095598 0.993276
0.095697 0.993276
0.095796 0.993276
0.095896 0.993276
0.095995 0.993276
0.096095 0.993276
0.096194 0.993276
0.096293 0.993276
0.096393 0.993276
0.096492 0.993276
0.096591 0.993276
0.096691 0.993276
0.096790 0.993276
0.096889 0.993276
0.096989 0.993276
0.097088 0.993276
0.097188 0.993276
0.097287 0.993276
0.097386 0.993276
0.097486 0.993276
0.097585 0.993276
0.097684 0.993276
0.097784 0.993276
0.097883 0.993276
0.097983 0.993276
0.098082 0.993276
0.098181 0.993276
0.098281 0.993276
0.098380 0.993276
0.098479 0.993276
0.098579 0.993276
0.098678 0.993276
0.098777 0.993276
0.098877 0.993276
0.098976 0.993276
0.099076 0.993276
0.099175 0.993276
0.099274 0.993276
0.099374 0.993276
0.099473 0.993276
0.099572 0.993276
0.099672 0.993276
0.099771 0.993276
0.099871 0.993276
0.099970 0.993276
0.100069 0.993276
0.100169 0.993276
0.100268 0.993276
0.100367 0.993276
0.100467 0.993276
0.100566 0.993276
0.100665 0.993276
0.100765 0.993276
0.100864 0.993276
0.100964 0.993276
0.101063 0.993276
0.101162 0.993276
0.101262 0.993276
0.101361 0.993276
0.101460 0.992665
0.101560 0.992665
0.101659 0.992665
0.101759 0.992665
0.101858 0.992665
0.101957 0.992665
0.102057 0.992665
0.102156 0.992665
0.102255 0.992665
0.102355 0.992665
0.102454 0.992665
0.102554 0.992665
0.102653 0.992665
0.102752 0.992665
0.102852 0.992665
0.102951 0.992665
0.103050 0.992665
0.103150 0.992054
0.103249 0.992054
0.103348 0.992054
0.103448 0.992054
0.103547 0.992054
0.103647 0.992054
0.103746 0.992054
0.103845 0.992054
0.103945 0.992054
0.104044 0.992054
0.104143 0.992054
0.104243 0.992054
0.104342 0.992054
0.104442 0.992054
0.104541 0.992054
0.104640 0.992054
0.104740 0.992054
0.104839 0.992054
0.104938 0.992054
0.105038 0.992054
0.105137 0.992054
0.105236 0.992054
0.105336 0.992054
0.105435 0.992054
0.105535 0.992054
0.105634 0.992054
0.105733 0.992054
0.105833 0.992054
0.105932 0.992054
0.106031 0.992054
0.106131 0.992054
0.106230 0.992054
0.106330 0.992054
0.106429 0.992054
0.106528 0.992054
0.106628 0.992054
0.106727 0.992054
0.106826 0.992054
0.106926 0.992054
0.107025 0.992054
0.107124 0.992054
0.107224 0.992054
0.107323 0.992054
0.107423 0.992054
0.107522 0.992054
0.107621 0.992054
0.107721 0.992054
0.107820 0.992054
0.107919 0.992054
0.108019 0.992054
0.108118 0.992054
0.108218 0.992054
0.108317 0.992054
0.108416 0.992054
0.108516 0.992054
0.108615 0.992054
0.108714 0.992054
0.108814 0.992054
0.108913 0.991443
0.109013 0.991443
0.109112 0.991443
0.109211 0.991443
0.109311 0.991443
0.109410 0.991443
0.109509 0.991443
0.109609 0.991443
0.109708 0.991443
0.109807 0.991443
0.109907 0.991443
0.110006 0.991443
0.110106 0.991443
0.110205 0.991443
0.110304 0.991443
0.110404 0.991443
0.110503 0.991443
0.110602 0.991443
0.110702 0.991443
0.110801 0.991443
0.110901 0.991443
0.111000 0.991443
0.111099 0.991443
0.111199 0.991443
0.111298 0.991443
0.111397 0.991443
0.111497 0.991443
0.111596 0.991443
0.111695 0.991443
0.111795 0.991443
0.111894 0.991443
0.111994 0.991443
0.112093 0.991443
0.112192 0.991443
0.112292 0.991443
0.112391 0.991443
0.112490 0.991443
0.112590 0.991443
0.112689 0.991443
0.112789 0.991443
0.112888 0.991443
0.112987 0.991443
0.113087 0.991443
0.113186 0.991443
0.113285 0.991443
0.113385 0.991443
0.113484 0.991443
0.113584 0.991443
0.113683 0.991443
0.113782 0.991443
0.113882 0.991443
0.113981 0.991443
0.114080 0.991443
0.114180 0.991443
0.114279 0.991443
0.114378 0.991443
0.114478 0.991443
0.114577 0.991443
0.114677 0.991443
0.114776 0.991443
0.114875 0.991443
0.114975 0.991443
0.115074 0.991443
0.115173 0.991443
0.115273 0.991443
0.115372 0.991443
0.115472 0.991443
0.115571 0.991443
0.115670 0.991443
0.115770 0.991443
0.115869 0.991443
0.115968 0.991443
0.116068 0.991443
0.116167 0.991443
0.116266 0.991443
0.116366 0.991443
0.116465 0.991443
0.116565 0.991443
0.116664 0.991443
0.116763 0.991443
0.116863 0.991443
0.116962 0.991443
0.117061 0.991443
0.117161 0.991443
0.117260 0.991443
0.117360 0.991443
0.117459 0.991443
0.117558 0.991443
0.117658 0.991443
0.117757 0.991443
0.117856 0.991443
0.117956 0.991443
0.118055 0.991443
0.118154 0.991443
0.118254 0.990831
0.118353 0.990831
0.118453 0.990831
0.118552 0.990831
0.118651 0.990831
0.118751 0.990831
0.118850 0.990831
0.118949 0.990831
0.119049 0.990831
0.119148 0.990831
0.119248 0.990831
0.119347 0.990831
0.119446 0.990831
0.119546 0.990831
0.119645 0.990831
0.119744 0.990831
0.119844 0.990831
0.119943 0.990831
0.120043 0.990831
0.120142 0.990831
0.120241 0.990831
0.120341 0.990831
0.120440 0.990831
0.120539 0.990831
0.120639 0.990831
0.120738 0.990831
0.120837 0.990831
0.120937 0.990831
0.121036 0.990831
0.121136 0.990831
0.121235 0.990831
0.121334 0.990831
0.121434 0.990831
0.121533 0.990831
0.121632 0.990831
0.121732 0.990831
0.121831 0.990831
0.121931 0.990831
0.122030 0.990831
0.122129 0.990831
0.122229 0.990831
0.122328 0.990831
0.122427 0.990831
0.122527 0.990831
0.122626 0.990831
0.122725 0.990220
0.122825 0.990220
0.122924 0.990220
0.123024 0.990220
0.123123 0.990220
0.123222 0.990220
0.123322 0.990220
0.123421 0.990220
0.123520 0.990220
0.123620 0.990220
0.123719 0.990220
0.123819 0.990220
0.123918 0.990220
0.124017 0.990220
0.124117 0.990220
0.124216 0.989609
0.124315 0.989609
0.124415 0.989609
0.124514 0.989609
0.124613 0.989609
0.124713 0.989609
0.124812 0.989609
0.124912 0.989609
0.125011 0.989609
0.125110 0.989609
0.125210 0.989609
0.125309 0.989609
0.125408 0.989609
0.125508 0.989609
0.125607 0.989609
0.125707 0.989609
0.125806 0.989609
0.125905 0.989609
0.126005 0.989609
0.126104 0.989609
0.126203 0.989609
0.126303 0.989609
0.126402 0.989609
0.126502 0.989609
0.126601 0.989609
0.126700 0.989609
0.126800 0.989609
0.126899 0.989609
0.126998 0.989609
0.127098 0.989609
0.127197 0.989609
0.127296 0.989609
0.127396 0.989609
0.127495 0.989609
0.127595 0.989609
0.127694 0.989609
0.127793 0.989609
0.127893 0.989609
0.127992 0.989609
0.128091 0.989609
0.128191 0.989609
0.128290 0.989609
0.128390 0.989609
0.128489 0.989609
0.128588 0.989609
0.128688 0.989609
0.128787 0.989609
0.128886 0.989609
0.128986 0.989609
0.129085 0.989609
0.129184 0.989609
0.129284 0.988998
0.129383 0.988998
0.129483 0.988998
0.129582 0.988998
0.129681 0.988386
0.129781 0.988386
0.129880 0.987775
0.129979 0.987775
0.130079 0.987775
0.130178 0.987775
0.130278 0.987775
0.130377 0.987775
0.130476 0.987164
0.130576 0.987164
0.130675 0.987164
0.130774 0.987164
0.130874 0.987164
0.130973 0.987164
0.131073 0.987164
0.131172 0.987164
0.131271 0.987164
0.131371 0.987164
0.131470 0.987164
0.131569 0.987164
0.131669 0.987164
0.131768 0.987164
0.131867 0.987164
0.131967 0.987164
0.132066 0.987164
0.132166 0.987164
0.132265 0.987164
0.132364 0.986553
0.132464 0.986553
0.132563 0.986553
0.132662 0.986553
0.132762 0.986553
0.132861 0.986553
0.132961 0.986553
0.133060 0.986553
0.133159 0.986553
0.133259 0.986553
0.133358 0.986553
0.133457 0.986553
0.133557 0.986553
0.133656 0.986553
0.133755 0.986553
0.133855 0.986553
0.133954 0.986553
0.134054 0.986553
0.134153 0.986553
0.134252 0.986553
0.134352 0.985941
0.134451 0.985941
0.134550 0.985941
0.134650 0.985941
0.134749 0.985330
0.134849 0.985330
0.134948 0.985330
0.135047 0.985330
0.135147 0.985330
0.135246 0.985330
0.135345 0.985330
0.135445 0.985330
0.135544 0.985330
0.135643 0.985330
0.135743 0.985330
0.135842 0.984719
0.135942 0.984108
0.136041 0.984108
0.136140 0.984108
0.136240 0.984108
0.136339 0.984108
0.136438 0.984108
0.136538 0.984108
0.136637 0.983496
0.136737 0.983496
0.136836 0.983496
0.136935 0.983496
0.137035 0.983496
0.137134 0.982885
0.137233 0.982274
0.137333 0.981663
0.137432 0.981663
0.137532 0.981663
0.137631 0.981663
0.137730 0.981663
0.137830 0.981663
0.137929 0.981663
0.138028 0.981663
0.138128 0.981663
0.138227 0.981663
0.138326 0.981663
0.138426 0.981663
0.138525 0.981663
0.138625 0.981663
0.138724 0.981663
0.138823 0.981663
0.138923 0.981663
0.139022 0.981663
0.139121 0.981663
0.139221 0.981051
0.139320 0.981051
0.139420 0.981051
0.139519 0.981051
0.139618 0.981051
0.139718 0.981051
0.139817 0.981051
0.139916 0.981051
0.140016 0.981051
0.140115 0.981051
0.140214 0.981051
0.140314 0.981051
0.140413 0.981051
0.140513 0.981051
0.140612 0.981051
0.140711 0.981051
0.140811 0.981051
0.140910 0.981051
0.141009 0.981051
0.141109 0.981051
0.141208 0.981051
0.141308 0.981051
0.141407 0.981051
0.141506 0.981051
0.141606 0.981051
0.141705 0.981051
0.141804 0.981051
0.141904 0.980440
0.142003 0.980440
0.142102 0.980440
0.142202 0.980440
0.142301 0.980440
0.142401 0.980440
0.142500 0.980440
0.142599 0.980440
0.142699 0.980440
0.142798 0.980440
0.142897 0.979829
0.142997 0.979829
0.143096 0.979829
0.143196 0.979829
0.143295 0.979829
0.143394 0.979218
0.143494 0.979218
0.143593 0.979218
0.143692 0.979218
0.143792 0.979218
0.143891 0.979218
0.143991 0.979218
0.144090 0.979218
0.144189 0.979218
0.144289 0.979218
0.144388 0.979218
0.144487 0.979218
0.144587 0.979218
0.144686 0.979218
0.144785 0.979218
0.144885 0.979218
0.144984 0.979218
0.145084 0.979218
0.145183 0.979218
0.145282 0.979218
0.145382 0.979218
0.145481 0.979218
0.145580 0.979218
0.145680 0.979218
0.145779 0.979218
0.145879 0.979218
0.145978 0.978606
0.146077 0.978606
0.146177 0.978606
0.146276 0.978606
0.146375 0.978606
0.146475 0.978606
0.146574 0.978606
0.146673 0.978606
0.146773 0.978606
0.146872 0.978606
0.146972 0.978606
0.147071 0.978606
0.147170 0.978606
0.147270 0.978606
0.147369 0.978606
0.147468 0.978606
0.147568 0.978606
0.147667 0.978606
0.147767 0.978606
0.147866 0.978606
0.147965 0.978606
0.148065 0.978606
0.148164 0.978606
0.148263 0.978606
0.148363 0.978606
0.148462 0.978606
0.148562 0.978606
0.148661 0.978606
0.148760 0.978606
0.148860 0.978606
0.148959 0.978606
0.149058 0.978606
0.149158 0.978606
0.149257 0.978606
0.149356 0.978606
0.149456 0.978606
0.149555 0.978606
0.149655 0.978606
0.149754 0.978606
0.149853 0.978606
0.149953 0.978606
0.150052 0.978606
0.150151 0.978606
0.150251 0.978606
0.150350 0.978606
0.150450 0.978606
0.150549 0.978606
0.150648 0.978606
0.150748 0.977995
0.150847 0.977995
0.150946 0.977995
0.151046 0.977995
0.151145 0.977995
0.151244 0.977995
0.151344 0.977995
0.151443 0.977995
0.151543 0.977995
0.151642 0.977995
0.151741 0.977995
0.151841 0.977995
0.151940 0.977995
0.152039 0.977995
0.152139 0.977995
0.152238 0.977995
0.152338 0.977995
0.152437 0.977995
0.152536 0.977995
0.152636 0.977995
0.152735 0.977995
0.152834 0.977384
0.152934 0.977384
0.153033 0.977384
0.153132 0.977384
0.153232 0.977384
0.153331 0.977384
0.153431 0.977384
0.153530 0.977384
0.153629 0.977384
0.153729 0.977384
0.153828 0.977384
0.153927 0.977384
0.154027 0.977384
0.154126 0.977384
0.154226 0.977384
0.154325 0.977384
0.154424 0.977384
0.154524 0.977384
0.154623 0.977384
0.154722 0.977384
0.154822 0.977384
0.154921 0.977384
0.155021 0.977384
0.155120 0.977384
0.155219 0.977384
0.155319 0.977384
0.155418 0.977384
0.155517 0.977384
0.155617 0.977384
0.155716 0.977384
0.155815 0.977384
0.155915 0.977384
0.156014 0.977384
0.156114 0.977384
0.156213 0.977384
0.156312 0.977384
0.156412 0.977384
0.156511 0.977384
0.156610 0.977384
0.156710 0.977384
0.156809 0.977384
0.156909 0.976773
0.157008 0.976773
0.157107 0.976773
0.157207 0.976773
0.157306 0.976773
0.157405 0.976773
0.157505 0.976773
0.157604 0.976161
0.157703 0.976161
0.157803 0.976161
0.157902 0.976161
0.158002 0.976161
0.158101 0.976161
0.158200 0.976161
0.158300 0.976161
0.158399 0.976161
0.158498 0.976161
0.158598 0.976161
0.158697 0.976161
0.158797 0.975550
0.158896 0.975550
0.158995 0.975550
0.159095 0.974939
0.159194 0.974939
0.159293 0.974939
0.159393 0.974939
0.159492 0.974328
0.159591 0.974328
0.159691 0.974328
0.159790 0.974328
0.159890 0.974328
0.159989 0.974328
0.160088 0.974328
0.160188 0.974328
0.160287 0.974328
0.160386 0.974328
0.160486 0.974328
0.160585 0.974328
0.160685 0.973716
0.160784 0.973716
0.160883 0.973716
0.160983 0.973716
0.161082 0.973716
0.161181 0.973716
0.161281 0.973105
0.161380 0.973105
0.161480 0.973105
0.161579 0.973105
0.161678 0.973105
0.161778 0.973105
0.161877 0.973105
0.161976 0.973105
0.162076 0.973105
0.162175 0.972494
0.162274 0.972494
0.162374 0.972494
0.162473 0.972494
0.162573 0.972494
0.162672 0.972494
0.162771 0.972494
0.162871 0.972494
0.162970 0.972494
0.163069 0.972494
0.163169 0.972494
0.163268 0.972494
0.163368 0.972494
0.163467 0.971883
0.163566 0.971883
0.163666 0.971271
0.163765 0.971271
0.163864 0.971271
0.163964 0.971271
0.164063 0.970660
0.164162 0.970660
0.164262 0.970660
0.164361 0.970660
0.164461 0.970660
0.164560 0.970660
0.164659 0.970660
0.164759 0.970660
0.164858 0.970660
0.164957 0.970660
0.165057 0.970660
0.165156 0.970660
0.165256 0.970660
0.165355 0.970660
0.165454 0.970660
0.165554 0.970049
0.165653 0.970049
0.165752 0.970049
0.165852 0.970049
0.165951 0.970049
0.166051 0.970049
0.166150 0.970049
0.166249 0.970049
0.166349 0.970049
0.166448 0.970049
0.166547 0.970049
0.166647 0.970049
0.166746 0.970049
0.166845 0.970049
0.166945 0.970049
0.167044 0.970049
0.167144 0.970049
0.167243 0.970049
0.167342 0.970049
0.167442 0.970049
0.167541 0.970049
0.167640 0.970049
0.167740 0.970049
0.167839 0.970049
0.167939 0.970049
0.168038 0.970049
0.168137 0.970049
0.168237 0.970049
0.168336 0.970049
0.168435 0.970049
0.168535 0.969438
0.168634 0.969438
0.168733 0.969438
0.168833 0.969438
0.168932 0.969438
0.169032 0.969438
0.169131 0.969438
0.169230 0.969438
0.169330 0.969438
0.169429 0.969438
0.169528 0.969438
0.169628 0.969438
0.169727 0.969438
0.169827 0.969438
0.169926 0.969438
0.170025 0.969438
0.170125 0.968826
0.170224 0.968826
0.170323 0.968826
0.170423 0.968826
0.170522 0.968826
0.170621 0.968826
0.170721 0.968826
0.170820 0.968826
0.170920 0.968826
0.171019 0.968826
0.171118 0.968215
0.171218 0.968215
0.171317 0.968215
0.171416 0.968215
0.171516 0.968215
0.171615 0.968215
0.171715 0.968215
0.171814 0.968215
0.171913 0.968215
0.172013 0.968215
0.172112 0.968215
0.172211 0.968215
0.172311 0.968215
0.172410 0.968215
0.172510 0.968215
0.172609 0.968215
0.172708 0.968215
0.172808 0.968215
0.172907 0.968215
0.173006 0.968215
0.173106 0.968215
0.173205 0.968215
0.173304 0.968215
0.173404 0.968215
0.173503 0.968215
0.173603 0.968215
0.173702 0.968215
0.173801 0.968215
0.173901 0.968215
0.174000 0.968215
0.174099 0.968215
0.174199 0.967604
0.174298 0.966381
0.174398 0.966381
0.174497 0.966381
0.174596 0.966381
0.174696 0.966381
0.174795 0.966381
0.174894 0.966381
0.174994 0.966381
0.175093 0.966381
0.175192 0.966381
0.175292 0.966381
0.175391 0.966381
0.175491 0.966381
0.175590 0.966381
0.175689 0.966381
0.175789 0.966381
0.175888 0.966381
0.175987 0.965770
0.176087 0.965770
0.176186 0.965770
0.176286 0.965770
0.176385 0.965770
0.176484 0.965770
0.176584 0.965159
0.176683 0.965159
0.176782 0.965159
0.176882 0.965159
0.176981 0.965159
0.177081 0.965159
0.177180 0.965159
0.177279 0.965159
0.177379 0.965159
0.177478 0.965159
0.177577 0.964548
0.177677 0.964548
0.177776 0.964548
0.177875 0.964548
0.177975 0.964548
0.178074 0.964548
0.178174 0.964548
0.178273 0.964548
0.178372 0.964548
0.178472 0.964548
0.178571 0.964548
0.178670 0.964548
0.178770 0.964548
0.178869 0.964548
0.178969 0.964548
0.179068 0.964548
0.179167 0.964548
0.179267 0.964548
0.179366 0.963936
0.179465 0.963936
0.179565 0.963936
0.179664 0.963936
0.179763 0.963936
0.179863 0.963936
0.179962 0.963936
0.180062 0.963936
0.180161 0.963936
0.180260 0.963936
0.180360 0.963936
0.180459 0.963325
0.180558 0.963325
0.180658 0.963325
0.180757 0.963325
0.180857 0.963325
0.180956 0.963325
0.181055 0.963325
0.181155 0.963325
0.181254 0.963325
0.181353 0.963325
0.181453 0.963325
0.181552 0.962714
0.181651 0.962714
0.181751 0.962714
0.181850 0.962714
0.181950 0.962714
0.182049 0.962714
0.182148 0.962714
0.182248 0.962714
0.182347 0.962714
0.182446 0.962103
0.182546 0.962103
0.182645 0.962103
0.182745 0.962103
0.182844 0.961491
0.182943 0.960880
0.183043 0.960880
0.183142 0.960880
0.183241 0.960880
0.183341 0.960880
0.183440 0.960269
0.183540 0.960269
0.183639 0.960269
0.183738 0.960269
0.183838 0.960269
0.183937 0.960269
0.184036 0.960269
0.184136 0.960269
0.184235 0.960269
0.184334 0.960269
0.184434 0.960269
0.184533 0.959658
0.184633 0.959658
0.184732 0.959658
0.184831 0.959658
0.184931 0.959658
0.185030 0.959658
0.185129 0.959658
0.185229 0.959658
0.185328 0.959658
0.185428 0.959658
0.185527 0.959658
0.185626 0.959046
0.185726 0.959046
0.185825 0.958435
0.185924 0.958435
0.186024 0.957824
0.186123 0.957824
0.186222 0.957824
0.186322 0.957213
0.186421 0.957213
0.186521 0.956601
0.186620 0.956601
0.186719 0.956601
0.186819 0.956601
0.186918 0.956601
0.187017 0.956601
0.187117 0.956601
0.187216 0.956601
0.187316 0.956601
0.187415 0.956601
0.187514 0.956601
0.187614 0.956601
0.187713 0.956601
0.187812 0.956601
0.187912 0.955990
0.188011 0.955990
0.188110 0.955379
0.188210 0.955379
0.188309 0.955379
0.188409 0.955379
0.188508 0.955379
0.188607 0.955379
0.188707 0.955379
0.188806 0.955379
0.188905 0.955379
0.189005 0.955379
0.189104 0.955379
0.189204 0.955379
0.189303 0.955379
0.189402 0.955379
0.189502 0.955379
0.189601 0.955379
0.189700 0.955379
0.189800 0.955379
0.189899 0.955379
0.189999 0.955379
0.190098 0.955379
0.190197 0.955379
0.190297 0.955379
0.190396 0.955379
0.190495 0.955379
0.190595 0.955379
0.190694 0.955379
0.190793 0.955379
0.190893 0.955379
0.190992 0.955379
0.191092 0.955379
0.191191 0.955379
0.191290 0.955379
0.191390 0.954768
0.191489 0.954768
0.191588 0.954768
0.191688 0.954768
0.191787 0.954768
0.191887 0.954768
0.191986 0.954768
0.192085 0.954768
0.192185 0.954768
0.192284 0.954768
0.192383 0.954768
0.192483 0.954768
0.192582 0.954768
0.192681 0.954768
0.192781 0.954768
0.192880 0.954768
0.192980 0.954768
0.193079 0.954768
0.193178 0.954768
0.193278 0.954768
0.193377 0.954768
0.193476 0.954768
0.193576 0.954768
0.193675 0.954768
0.193775 0.954768
0.193874 0.954768
0.193973 0.954768
0.194073 0.954768
0.194172 0.954768
0.194271 0.954768
0.194371 0.954768
0.194470 0.954768
0.194570 0.954768
0.194669 0.954768
0.194768 0.954768
0.194868 0.954768
0.194967 0.954768
0.195066 0.954156
0.195166 0.954156
0.195265 0.954156
0.195364 0.954156
0.195464 0.954156
0.195563 0.954156
0.195663 0.954156
0.195762 0.954156
0.195861 0.954156
0.195961 0.954156
0.196060 0.954156
0.196159 0.954156
0.196259 0.954156
0.196358 0.954156
0.196458 0.953545
0.196557 0.953545
0.196656 0.953545
0.196756 0.953545
0.196855 0.953545
0.196954 0.953545
0.197054 0.953545
0.197153 0.953545
0.197252 0.953545
0.197352 0.953545
0.197451 0.953545
0.197551 0.953545
0.197650 0.953545
0.197749 0.953545
0.197849 0.953545
0.197948 0.953545
0.198047 0.953545
0.198147 0.953545
0.198246 0.953545
0.198346 0.953545
0.198445 0.953545
0.198544 0.953545
0.198644 0.953545
0.198743 0.953545
0.198842 0.953545
0.198942 0.953545
0.199041 0.953545
0.199140 0.953545
0.199240 0.953545
0.199339 0.952934
0.199439 0.952934
0.199538 0.952934
0.199637 0.952934
0.199737 0.952934
0.199836 0.952934
0.199935 0.952934
0.200035 0.952934
0.200134 0.952934
0.200234 0.952934
0.200333 0.952934
0.200432 0.952934
0.200532 0.952934
0.200631 0.952934
0.200730 0.952934
0.200830 0.952323
0.200929 0.952323
0.201029 0.952323
0.201128 0.951711
0.201227 0.951711
0.201327 0.951711
0.201426 0.951711
0.201525 0.951711
0.201625 0.951711
0.201724 0.951711
0.201823 0.951711
0.201923 0.951711
0.202022 0.951711
0.202122 0.951711
0.202221 0.951100
0.202320 0.951100
0.202420 0.951100
0.202519 0.951100
0.202618 0.951100
0.202718 0.951100
0.202817 0.951100
0.202917 0.951100
0.203016 0.951100
0.203115 0.951100
0.203215 0.951100
0.203314 0.951100
0.203413 0.951100
0.203513 0.951100
0.203612 0.951100
0.203711 0.951100
0.203811 0.951100
0.203910 0.951100
0.204010 0.951100
0.204109 0.951100
0.204208 0.951100
0.204308 0.951100
0.204407 0.951100
0.204506 0.951100
0.204606 0.951100
0.204705 0.951100
0.204805 0.951100
0.204904 0.951100
0.205003 0.950489
0.205103 0.950489
0.205202 0.950489
0.205301 0.950489
0.205401 0.950489
0.205500 0.950489
0.205599 0.950489
0.205699 0.950489
0.205798 0.950489
0.205898 0.950489
0.205997 0.950489
0.206096 0.950489
0.206196 0.950489
0.206295 0.950489
0.206394 0.950489
0.206494 0.949878
0.206593 0.949878
0.206693 0.949878
0.206792 0.949267
0.206891 0.949267
0.206991 0.949267
0.207090 0.949267
0.207189 0.949267
0.207289 0.949267
0.207388 0.949267
0.207488 0.949267
0.207587 0.948655
0.207686 0.948655
0.207786 0.948044
0.207885 0.948044
0.207984 0.948044
0.208084 0.948044
0.208183 0.948044
0.208282 0.947433
0.208382 0.947433
0.208481 0.947433
0.208581 0.947433
0.208680 0.946822
0.208779 0.946822
0.208879 0.946822
0.208978 0.946822
0.209077 0.946822
0.209177 0.946822
0.209276 0.946822
0.209376 0.946822
0.209475 0.946822
0.209574 0.946822
0.209674 0.946822
0.209773 0.946822
0.209872 0.946210
0.209972 0.945599
0.210071 0.945599
0.210170 0.945599
0.210270 0.945599
0.210369 0.945599
0.210469 0.944988
0.210568 0.944988
0.210667 0.944988
0.210767 0.944377
0.210866 0.944377
0.210965 0.943765
0.211065 0.943765
0.211164 0.943765
0.211264 0.943765
0.211363 0.943765
0.211462 0.943765
0.211562 0.943765
0.211661 0.943154
0.211760 0.943154
0.211860 0.943154
0.211959 0.942543
0.212059 0.942543
0.212158 0.942543
0.212257 0.942543
0.212357 0.942543
0.212456 0.942543
0.212555 0.942543
0.212655 0.942543
0.212754 0.942543
0.212853 0.942543
0.212953 0.942543
0.213052 0.942543
0.213152 0.942543
0.213251 0.942543
0.213350 0.942543
0.213450 0.942543
0.213549 0.942543
0.213648 0.942543
0.213748 0.942543
0.213847 0.942543
0.213947 0.942543
0.214046 0.942543
0.214145 0.942543
0.214245 0.942543
0.214344 0.942543
0.214443 0.941932
0.214543 0.941932
0.214642 0.941932
0.214741 0.941932
0.214841 0.941932
0.214940 0.941932
0.215040 0.941932
0.215139 0.941932
0.215238 0.941932
0.215338 0.941932
0.215437 0.941932
0.215536 0.941932
0.215636 0.941932
0.215735 0.941932
0.215835 0.941932
0.215934 0.941932
0.216033 0.941932
0.216133 0.941932
0.216232 0.941932
0.216331 0.941932
0.216431 0.941932
0.216530 0.941932
0.216629 0.941932
0.216729 0.941932
0.216828 0.941932
0.216928 0.941932
0.217027 0.941932
0.217126 0.941932
0.217226 0.941932
0.217325 0.941320
0.217424 0.941320
0.217524 0.941320
0.217623 0.941320
0.217723 0.941320
0.217822 0.941320
0.217921 0.941320
0.218021 0.941320
0.218120 0.940709
0.218219 0.940098
0.218319 0.940098
0.218418 0.939487
0.218518 0.939487
0.218617 0.939487
0.218716 0.939487
0.218816 0.939487
0.218915 0.939487
0.219014 0.939487
0.219114 0.939487
0.219213 0.939487
0.219312 0.939487
0.219412 0.939487
0.219511 0.938875
0.219611 0.938875
0.219710 0.938875
0.219809 0.938875
0.219909 0.938875
0.220008 0.938875
0.220107 0.938875
0.220207 0.938875
0.220306 0.938875
0.220406 0.938264
0.220505 0.938264
0.220604 0.938264
0.220704 0.938264
0.220803 0.938264
0.220902 0.938264
0.221002 0.938264
0.221101 0.938264
0.221200 0.938264
0.221300 0.938264
0.221399 0.938264
0.221499 0.938264
0.221598 0.937653
0.221697 0.937653
0.221797 0.937653
0.221896 0.937653
0.221995 0.937653
0.222095 0.937653
0.222194 0.937653
0.222294 0.937653
0.222393 0.937653
0.222492 0.937653
0.222592 0.937653
0.222691 0.937653
0.222790 0.937042
0.222890 0.937042
0.222989 0.937042
0.223088 0.937042
0.223188 0.937042
0.223287 0.937042
0.223387 0.937042
0.223486 0.937042
0.223585 0.937042
0.223685 0.937042
0.223784 0.937042
0.223883 0.937042
0.223983 0.937042
0.224082 0.937042
0.224182 0.937042
0.224281 0.937042
0.224380 0.936430
0.224480 0.936430
0.224579 0.935208
0.224678 0.934597
0.224778 0.933985
0.224877 0.933985
0.224977 0.933985
0.225076 0.933985
0.225175 0.933985
0.225275 0.933374
0.225374 0.933374
0.225473 0.933374
0.225573 0.933374
0.225672 0.933374
0.225771 0.933374
0.225871 0.933374
0.225970 0.933374
0.226070 0.933374
0.226169 0.933374
0.226268 0.933374
0.226368 0.933374
0.226467 0.932763
0.226566 0.932763
0.226666 0.932763
0.226765 0.932763
0.226865 0.932152
0.226964 0.932152
0.227063 0.932152
0.227163 0.932152
0.227262 0.932152
0.227361 0.932152
0.227461 0.932152
0.227560 0.932152
0.227659 0.932152
0.227759 0.932152
0.227858 0.932152
0.227958 0.931540
0.228057 0.931540
0.228156 0.931540
0.228256 0.931540
0.228355 0.931540
0.228454 0.930929
0.228554 0.930929
0.228653 0.930929
0.228753 0.930929
0.228852 0.930929
0.228951 0.930929
0.229051 0.930929
0.229150 0.930929
0.229249 0.930929
0.229349 0.930929
0.229448 0.930929
0.229548 0.930929
0.229647 0.930929
0.229746 0.930929
0.229846 0.930929
0.229945 0.930929
0.230044 0.930929
0.230144 0.930929
0.230243 0.930929
0.230342 0.930318
0.230442 0.930318
0.230541 0.930318
0.230641 0.930318
0.230740 0.929707
0.230839 0.929707
0.230939 0.929707
0.231038 0.929707
0.231137 0.929707
0.231237 0.929707
0.231336 0.929095
0.231436 0.929095
0.231535 0.929095
0.231634 0.929095
0.231734 0.929095
0.231833 0.928484
0.231932 0.928484
0.232032 0.928484
0.232131 0.928484
0.232230 0.928484
0.232330 0.928484
0.232429 0.928484
0.232529 0.928484
0.232628 0.928484
0.232727 0.928484
0.232827 0.928484
0.232926 0.928484
0.233025 0.928484
0.233125 0.927262
0.233224 0.927262
0.233324 0.927262
0.233423 0.926650
0.233522 0.926650
0.233622 0.926650
0.233721 0.926650
0.233820 0.926650
0.233920 0.926650
0.234019 0.926650
0.234118 0.926650
0.234218 0.926039
0.234317 0.925428
0.234417 0.925428
0.234516 0.925428
0.234615 0.925428
0.234715 0.925428
0.234814 0.925428
0.234913 0.925428
0.235013 0.925428
0.235112 0.925428
0.235212 0.925428
0.235311 0.925428
0.235410 0.925428
0.235510 0.925428
0.235609 0.925428
0.235708 0.925428
0.235808 0.925428
0.235907 0.925428
0.236007 0.925428
0.236106 0.925428
0.236205 0.924817
0.236305 0.924817
0.236404 0.924817
0.236503 0.924205
0.236603 0.924205
0.236702 0.924205
0.236801 0.924205
0.236901 0.924205
0.237000 0.924205
0.237100 0.924205
0.237199 0.924205
0.237298 0.924205
0.237398 0.924205
0.237497 0.924205
0.237596 0.924205
0.237696 0.924205
0.237795 0.924205
0.237895 0.924205
0.237994 0.924205
0.238093 0.924205
0.238193 0.924205
0.238292 0.924205
0.238391 0.924205
0.238491 0.924205
0.238590 0.923594
0.238689 0.923594
0.238789 0.923594
0.238888 0.923594
0.238988 0.923594
0.239087 0.922983
0.239186 0.922983
0.239286 0.922983
0.239385 0.922983
0.239484 0.922983
0.239584 0.922983
0.239683 0.922983
0.239783 0.922983
0.239882 0.922983
0.239981 0.922983
0.240081 0.921760
0.240180 0.921760
0.240279 0.921760
0.240379 0.921149
0.240478 0.921149
0.240577 0.921149
0.240677 0.921149
0.240776 0.921149
0.240876 0.920538
0.240975 0.920538
0.241074 0.919927
0.241174 0.919927
0.241273 0.919927
0.241372 0.919927
0.241472 0.919315
0.241571 0.919315
0.241671 0.919315
0.241770 0.919315
0.241869 0.919315
0.241969 0.919315
0.242068 0.919315
0.242167 0.918704
0.242267 0.918704
0.242366 0.918093
0.242466 0.918093
0.242565 0.918093
0.242664 0.917482
0.242764 0.917482
0.242863 0.917482
0.242962 0.917482
0.243062 0.917482
0.243161 0.917482
0.243260 0.917482
0.243360 0.917482
0.243459 0.917482
0.243559 0.917482
0.243658 0.917482
0.243757 0.917482
0.243857 0.916259
0.243956 0.916259
0.244055 0.915648
0.244155 0.915648
0.244254 0.915648
0.244354 0.915648
0.244453 0.915648
0.244552 0.915648
0.244652 0.915648
0.244751 0.915648
0.244850 0.915648
0.244950 0.915648
0.245049 0.915648
0.245148 0.915648
0.245248 0.915037
0.245347 0.915037
0.245447 0.915037
0.245546 0.915037
0.245645 0.915037
0.245745 0.915037
0.245844 0.915037
0.245943 0.915037
0.246043 0.915037
0.246142 0.915037
0.246242 0.915037
0.246341 0.915037
0.246440 0.915037
0.246540 0.915037
0.246639 0.915037
0.246738 0.914425
0.246838 0.914425
0.246937 0.914425
0.247037 0.914425
0.247136 0.914425
0.247235 0.914425
0.247335 0.914425
0.247434 0.914425
0.247533 0.914425
0.247633 0.914425
0.247732 0.914425
0.247831 0.914425
0.247931 0.913814
0.248030 0.913814
0.248130 0.913814
0.248229 0.913814
0.248328 0.913814
0.248428 0.913814
0.248527 0.913814
0.248626 0.913814
0.248726 0.913814
0.248825 0.913814
0.248925 0.913814
0.249024 0.913814
0.249123 0.913814
0.249223 0.913814
0.249322 0.913814
0.249421 0.913814
0.249521 0.913814
0.249620 0.913814
0.249719 0.913814
0.249819 0.913814
0.249918 0.913203
0.250018 0.913203
0.250117 0.913203
0.250216 0.912592
0.250316 0.912592
0.250415 0.912592
0.250514 0.911980
0.250614 0.911369
0.250713 0.910758
0.250813 0.910758
0.250912 0.910758
0.251011 0.910147
0.251111 0.910147
0.251210 0.910147
0.251309 0.909535
0.251409 0.909535
0.251508 0.909535
0.251607 0.908924
0.251707 0.908924
0.251806 0.908924
0.251906 0.908924
0.252005 0.908924
0.252104 0.908924
0.252204 0.908313
0.252303 0.908313
0.252402 0.908313
0.252502 0.908313
0.252601 0.908313
0.252701 0.908313
0.252800 0.908313
0.252899 0.908313
0.252999 0.908313
0.253098 0.908313
0.253197 0.908313
0.253297 0.908313
0.253396 0.908313
0.253496 0.908313
0.253595 0.908313
0.253694 0.907702
0.253794 0.907090
0.253893 0.907090
0.253992 0.907090
0.254092 0.907090
0.254191 0.907090
0.254290 0.907090
0.254390 0.907090
0.254489 0.907090
0.254589 0.907090
0.254688 0.906479
0.254787 0.906479
0.254887 0.906479
0.254986 0.906479
0.255085 0.906479
0.255185 0.906479
0.255284 0.906479
0.255384 0.905868
0.255483 0.905257
0.255582 0.905257
0.255682 0.905257
0.255781 0.905257
0.255880 0.905257
0.255980 0.904645
0.256079 0.904645
0.256178 0.904034
0.256278 0.904034
0.256377 0.904034
0.256477 0.904034
0.256576 0.904034
0.256675 0.904034
0.256775 0.903423
0.256874 0.903423
0.256973 0.903423
0.257073 0.902812
0.257172 0.901589
0.257272 0.901589
0.257371 0.901589
0.257470 0.900978
0.257570 0.900978
0.257669 0.899756
0.257768 0.899756
0.257868 0.899144
0.257967 0.898533
0.258066 0.898533
0.258166 0.898533
0.258265 0.898533
0.258365 0.897922
0.258464 0.897922
0.258563 0.897922
0.258663 0.897922
0.258762 0.897922
0.258861 0.897922
0.258961 0.897922
0.259060 0.897922
0.259160 0.897922
0.259259 0.897922
0.259358 0.897922
0.259458 0.897922
0.259557 0.897922
0.259656 0.897922
0.259756 0.897922
0.259855 0.897922
0.259955 0.897311
0.260054 0.897311
0.260153 0.897311
0.260253 0.897311
0.260352 0.897311
0.260451 0.897311
0.260551 0.897311
0.260650 0.897311
0.260749 0.897311
0.260849 0.897311
0.260948 0.897311
0.261048 0.897311
0.261147 0.897311
0.261246 0.896699
0.261346 0.896699
0.261445 0.896699
0.261544 0.896699
0.261644 0.896699
0.261743 0.896699
0.261843 0.896088
0.261942 0.896088
0.262041 0.896088
0.262141 0.896088
0.262240 0.896088
0.262339 0.896088
0.262439 0.894866
0.262538 0.894866
0.262637 0.894866
0.262737 0.894866
0.262836 0.894254
0.262936 0.894254
0.263035 0.894254
0.263134 0.894254
0.263234 0.894254
0.263333 0.894254
0.263432 0.894254
0.263532 0.894254
0.263631 0.894254
0.263731 0.893643
0.263830 0.893032
0.263929 0.893032
0.264029 0.893032
0.264128 0.893032
0.264227 0.893032
0.264327 0.893032
0.264426 0.892421
0.264526 0.892421
0.264625 0.892421
0.264724 0.891809
0.264824 0.891809
0.264923 0.891809
0.265022 0.891809
0.265122 0.891809
0.265221 0.891809
0.265320 0.891809
0.265420 0.891809
0.265519 0.891809
0.265619 0.891809
0.265718 0.891809
0.265817 0.891809
0.265917 0.891809
0.266016 0.891198
0.266115 0.891198
0.266215 0.891198
0.266314 0.891198
0.266414 0.891198
0.266513 0.891198
0.266612 0.891198
0.266712 0.890587
0.266811 0.890587
0.266910 0.890587
0.267010 0.890587
0.267109 0.890587
0.267208 0.890587
0.267308 0.890587
0.267407 0.890587
0.267507 0.890587
0.267606 0.889976
0.267705 0.889976
0.267805 0.889976
0.267904 0.889976
0.268003 0.889364
0.268103 0.888753
0.268202 0.888753
0.268302 0.888753
0.268401 0.888753
0.268500 0.888753
0.268600 0.888753
0.268699 0.888753
0.268798 0.888753
0.268898 0.888753
0.268997 0.888753
0.269096 0.888142
0.269196 0.888142
0.269295 0.888142
0.269395 0.888142
0.269494 0.888142
0.269593 0.888142
0.269693 0.887531
0.269792 0.887531
0.269891 0.887531
0.269991 0.887531
0.270090 0.887531
0.270190 0.887531
0.270289 0.887531
0.270388 0.887531
0.270488 0.887531
0.270587 0.887531
0.270686 0.886919
0.270786 0.886919
0.270885 0.886919
0.270985 0.886919
0.271084 0.886919
0.271183 0.886308
0.271283 0.886308
0.271382 0.885697
0.271481 0.885697
0.271581 0.885697
0.271680 0.885697
0.271779 0.885697
0.271879 0.885697
0.271978 0.884474
0.272078 0.884474
0.272177 0.884474
0.272276 0.884474
0.272376 0.884474
0.272475 0.884474
0.272574 0.884474
0.272674 0.884474
0.272773 0.884474
0.272873 0.884474
0.272972 0.884474
0.273071 0.883863
0.273171 0.883863
0.273270 0.883863
0.273369 0.883863
0.273469 0.883863
0.273568 0.883863
0.273667 0.883863
0.273767 0.883863
0.273866 0.883863
0.273966 0.883863
0.274065 0.883252
0.274164 0.883252
0.274264 0.883252
0.274363 0.883252
0.274462 0.883252
0.274562 0.883252
0.274661 0.883252
0.274761 0.883252
0.274860 0.882641
0.274959 0.882641
0.275059 0.882641
0.275158 0.882641
0.275257 0.882029
0.275357 0.882029
0.275456 0.882029
0.275555 0.882029
0.275655 0.882029
0.275754 0.882029
0.275854 0.882029
0.275953 0.882029
0.276052 0.882029
0.276152 0.882029
0.276251 0.882029
0.276350 0.881418
0.276450 0.881418
0.276549 0.881418
0.276649 0.880807
0.276748 0.880807
0.276847 0.880807
0.276947 0.880807
0.277046 0.880807
0.277145 0.880807
0.277245 0.880807
0.277344 0.880807
0.277444 0.880807
0.277543 0.880196
0.277642 0.880196
0.277742 0.880196
0.277841 0.880196
0.277940 0.880196
0.278040 0.878973
0.278139 0.878973
0.278238 0.878973
0.278338 0.878973
0.278437 0.878973
0.278537 0.878973
0.278636 0.878973
0.278735 0.878973
0.278835 0.878973
0.278934 0.878973
0.279033 0.878973
0.279133 0.878362
0.279232 0.878362
0.279332 0.878362
0.279431 0.878362
0.279530 0.878362
0.279630 0.878362
0.279729 0.878362
0.279828 0.878362
0.279928 0.878362
0.280027 0.878362
0.280126 0.878362
0.280226 0.878362
0.280325 0.878362
0.280425 0.878362
0.280524 0.878362
0.280623 0.878362
0.280723 0.878362
0.280822 0.878362
0.280921 0.878362
0.281021 0.878362
0.281120 0.878362
0.281220 0.878362
0.281319 0.878362
0.281418 0.878362
0.281518 0.878362
0.281617 0.878362
0.281716 0.878362
0.281816 0.878362
0.281915 0.877751
0.282015 0.877751
0.282114 0.877751
0.282213 0.877751
0.282313 0.877751
0.282412 0.877751
0.282511 0.877751
0.282611 0.877139
0.282710 0.877139
0.282809 0.877139
0.282909 0.877139
0.283008 0.877139
0.283108 0.877139
0.283207 0.877139
0.283306 0.877139
0.283406 0.877139
0.283505 0.877139
0.283604 0.877139
0.283704 0.876528
0.283803 0.875917
0.283903 0.875917
0.284002 0.875917
0.284101 0.875917
0.284201 0.875917
0.284300 0.875917
0.284399 0.875917
0.284499 0.875917
0.284598 0.875917
0.284697 0.875306
0.284797 0.875306
0.284896 0.875306
0.284996 0.875306
0.285095 0.875306
0.285194 0.875306
0.285294 0.875306
0.285393 0.875306
0.285492 0.875306
0.285592 0.875306
0.285691 0.875306
0.285791 0.875306
0.285890 0.875306
0.285989 0.875306
0.286089 0.875306
0.286188 0.875306
0.286287 0.875306
0.286387 0.875306
0.286486 0.875306
0.286585 0.875306
0.286685 0.875306
0.286784 0.875306
0.286884 0.875306
0.286983 0.875306
0.287082 0.875306
0.287182 0.874694
0.287281 0.874694
0.287380 0.874083
0.287480 0.874083
0.287579 0.872861
0.287679 0.872249
0.287778 0.872249
0.287877 0.872249
0.287977 0.872249
0.288076 0.872249
0.288175 0.872249
0.288275 0.872249
0.288374 0.872249
0.288474 0.871638
0.288573 0.871638
0.288672 0.871638
0.288772 0.871638
0.288871 0.871638
0.288970 0.871638
0.289070 0.871638
0.289169 0.871638
0.289268 0.871638
0.289368 0.871638
0.289467 0.871638
0.289567 0.871638
0.289666 0.871638
0.289765 0.871638
0.289865 0.871638
0.289964 0.871027
0.290063 0.870416
0.290163 0.870416
0.290262 0.870416
0.290362 0.870416
0.290461 0.870416
0.290560 0.870416
0.290660 0.870416
0.290759 0.870416
0.290858 0.870416
0.290958 0.870416
0.291057 0.870416
0.291156 0.870416
0.291256 0.870416
0.291355 0.870416
0.291455 0.870416
0.291554 0.870416
0.291653 0.870416
0.291753 0.870416
0.291852 0.870416
0.291951 0.869804
0.292051 0.869804
0.292150 0.869804
0.292250 0.869804
0.292349 0.869804
0.292448 0.869804
0.292548 0.869804
0.292647 0.869193
0.292746 0.869193
0.292846 0.869193
0.292945 0.869193
0.293044 0.869193
0.293144 0.868582
0.293243 0.868582
0.293343 0.868582
0.293442 0.868582
0.293541 0.867971
0.293641 0.867971
0.293740 0.867971
0.293839 0.867971
0.293939 0.867971
0.294038 0.867971
0.294138 0.867971
0.294237 0.867971
0.294336 0.867971
0.294436 0.867971
0.294535 0.867971
0.294634 0.867971
0.294734 0.867359
0.294833 0.867359
0.294933 0.867359
0.295032 0.867359
0.295131 0.867359
0.295231 0.867359
0.295330 0.867359
0.295429 0.867359
0.295529 0.867359
0.295628 0.867359
0.295727 0.867359
0.295827 0.867359
0.295926 0.867359
0.296026 0.867359
0.296125 0.867359
0.296224 0.867359
0.296324 0.866748
0.296423 0.866748
0.296522 0.866748
0.296622 0.865526
0.296721 0.865526
0.296821 0.865526
0.296920 0.865526
0.297019 0.865526
0.297119 0.865526
0.297218 0.865526
0.297317 0.864914
0.297417 0.864914
0.297516 0.864914
0.297615 0.864914
0.297715 0.864914
0.297814 0.864914
0.297914 0.864914
0.298013 0.864914
0.298112 0.864303
0.298212 0.864303
0.298311 0.864303
0.298410 0.863692
0.298510 0.863692
0.298609 0.863692
0.298709 0.863692
0.298808 0.863692
0.298907 0.863692
0.299007 0.863692
0.299106 0.863692
0.299205 0.863081
0.299305 0.863081
0.299404 0.863081
0.299504 0.863081
0.299603 0.863081
0.299702 0.863081
0.299802 0.863081
0.299901 0.863081
0.300000 0.863081
0.300100 0.863081
0.300199 0.863081
0.300298 0.863081
0.300398 0.863081
0.300497 0.863081
0.300597 0.862469
0.300696 0.862469
0.300795 0.862469
0.300895 0.862469
0.300994 0.862469
0.301093 0.862469
0.301193 0.862469
0.301292 0.861858
0.301392 0.861858
0.301491 0.861858
0.301590 0.861858
0.301690 0.861858
0.301789 0.861858
0.301888 0.861858
0.301988 0.861858
0.302087 0.861858
0.302186 0.861858
0.302286 0.861858
0.302385 0.861858
0.302485 0.861858
0.302584 0.861858
0.302683 0.861858
0.302783 0.861858
0.302882 0.861858
0.302981 0.861858
0.303081 0.861858
0.303180 0.861858
0.303280 0.861858
0.303379 0.861858
0.303478 0.861858
0.303578 0.861247
0.303677 0.861247
0.303776 0.861247
0.303876 0.861247
0.303975 0.861247
0.304074 0.860636
0.304174 0.860024
0.304273 0.860024
0.304373 0.860024
0.304472 0.860024
0.304571 0.860024
0.304671 0.860024
0.304770 0.860024
0.304869 0.859413
0.304969 0.858802
0.305068 0.858802
0.305168 0.858802
0.305267 0.858802
0.305366 0.858802
0.305466 0.858802
0.305565 0.858802
0.305664 0.858802
0.305764 0.858802
0.305863 0.858802
0.305963 0.858191
0.306062 0.858191
0.306161 0.858191
0.306261 0.858191
0.306360 0.858191
0.306459 0.858191
0.306559 0.858191
0.306658 0.858191
0.306757 0.858191
0.306857 0.858191
0.306956 0.858191
0.307056 0.858191
0.307155 0.858191
0.307254 0.857579
0.307354 0.857579
0.307453 0.857579
0.307552 0.857579
0.307652 0.857579
0.307751 0.856968
0.307851 0.856357
0.307950 0.856357
0.308049 0.856357
0.308149 0.856357
0.308248 0.856357
0.308347 0.856357
0.308447 0.856357
0.308546 0.856357
0.308645 0.856357
0.308745 0.856357
0.308844 0.856357
0.308944 0.856357
0.309043 0.856357
0.309142 0.856357
0.309242 0.856357
0.309341 0.856357
0.309440 0.856357
0.309540 0.856357
0.309639 0.856357
0.309739 0.856357
0.309838 0.856357
0.309937 0.856357
0.310037 0.856357
0.310136 0.856357
0.310235 0.855134
0.310335 0.855134
0.310434 0.855134
0.310533 0.855134
0.310633 0.854523
0.310732 0.854523
0.310832 0.854523
0.310931 0.854523
0.311030 0.854523
0.311130 0.854523
0.311229 0.854523
0.311328 0.854523
0.311428 0.854523
0.311527 0.854523
0.311627 0.854523
0.311726 0.854523
0.311825 0.854523
0.311925 0.854523
0.312024 0.854523
0.312123 0.853301
0.312223 0.853301
0.312322 0.852078
0.312422 0.851467
0.312521 0.850856
0.312620 0.850856
0.312720 0.850856
0.312819 0.850856
0.312918 0.850856
0.313018 0.850856
0.313117 0.850856
0.313216 0.850856
0.313316 0.850244
0.313415 0.850244
0.313515 0.849633
0.313614 0.849633
0.313713 0.849022
0.313813 0.849022
0.313912 0.849022
0.314011 0.849022
0.314111 0.849022
0.314210 0.849022
0.314310 0.849022
0.314409 0.849022
0.314508 0.849022
0.314608 0.849022
0.314707 0.849022
0.314806 0.849022
0.314906 0.849022
0.315005 0.849022
0.315104 0.849022
0.315204 0.849022
0.315303 0.849022
0.315403 0.849022
0.315502 0.849022
0.315601 0.849022
0.315701 0.849022
0.315800 0.849022
0.315899 0.849022
0.315999 0.847800
0.316098 0.847800
0.316198 0.847800
0.316297 0.847800
0.316396 0.847800
0.316496 0.847188
0.316595 0.847188
0.316694 0.847188
0.316794 0.847188
0.316893 0.846577
0.316993 0.846577
0.317092 0.846577
0.317191 0.846577
0.317291 0.846577
0.317390 0.846577
0.317489 0.845966
0.317589 0.845966
0.317688 0.845966
0.317787 0.845966
0.317887 0.844743
0.317986 0.844743
0.318086 0.844743
0.318185 0.844743
0.318284 0.844743
0.318384 0.844743
0.318483 0.844743
0.318582 0.844743
0.318682 0.844132
0.318781 0.844132
0.318881 0.844132
0.318980 0.844132
0.319079 0.843521
0.319179 0.843521
0.319278 0.843521
0.319377 0.843521
0.319477 0.843521
0.319576 0.843521
0.319675 0.843521
0.319775 0.843521
0.319874 0.842910
0.319974 0.842910
0.320073 0.842910
0.320172 0.842910
0.320272 0.842298
0.320371 0.842298
0.320470 0.842298
0.320570 0.842298
0.320669 0.842298
0.320769 0.842298
0.320868 0.842298
0.320967 0.842298
0.321067 0.842298
0.321166 0.841687
0.321265 0.841687
0.321365 0.841687
0.321464 0.841687
0.321563 0.841687
0.321663 0.841687
0.321762 0.841687
0.321862 0.841687
0.321961 0.841687
0.322060 0.841687
0.322160 0.841687
0.322259 0.841687
0.322358 0.841687
0.322458 0.841687
0.322557 0.841687
0.322657 0.841687
0.322756 0.841687
0.322855 0.841687
0.322955 0.841687
0.323054 0.841687
0.323153 0.841687
0.323253 0.841687
0.323352 0.841687
0.323452 0.841687
0.323551 0.841687
0.323650 0.841687
0.323750 0.841687
0.323849 0.841687
0.323948 0.841076
0.324048 0.841076
0.324147 0.841076
0.324246 0.841076
0.324346 0.839853
0.324445 0.839853
0.324545 0.839853
0.324644 0.838631
0.324743 0.838631
0.324843 0.838631
0.324942 0.838631
0.325041 0.838631
0.325141 0.838631
0.325240 0.838020
0.325340 0.838020
0.325439 0.837408
0.325538 0.836797
0.325638 0.836797
0.325737 0.836797
0.325836 0.836797
0.325936 0.836797
0.326035 0.835575
0.326134 0.835575
0.326234 0.834963
0.326333 0.834963
0.326433 0.834963
0.326532 0.834963
0.326631 0.834963
0.326731 0.834963
0.326830 0.834963
0.326929 0.834963
0.327029 0.834352
0.327128 0.834352
0.327228 0.834352
0.327327 0.834352
0.327426 0.834352
0.327526 0.834352
0.327625 0.834352
0.327724 0.834352
0.327824 0.834352
0.327923 0.834352
0.328022 0.833741
0.328122 0.833741
0.328221 0.833741
0.328321 0.833741
0.328420 0.833741
0.328519 0.833741
0.328619 0.833741
0.328718 0.833741
0.328817 0.833130
0.328917 0.833130
0.329016 0.833130
0.329116 0.833130
0.329215 0.833130
0.329314 0.833130
0.329414 0.833130
0.329513 0.833130
0.329612 0.833130
0.329712 0.833130
0.329811 0.833130
0.329911 0.833130
0.330010 0.833130
0.330109 0.833130
0.330209 0.833130
0.330308 0.833130
0.330407 0.833130
0.330507 0.833130
0.330606 0.833130
0.330705 0.832518
0.330805 0.832518
0.330904 0.832518
0.331004 0.832518
0.331103 0.832518
0.331202 0.832518
0.331302 0.832518
0.331401 0.832518
0.331500 0.832518
0.331600 0.832518
0.331699 0.831907
0.331799 0.831907
0.331898 0.831907
0.331997 0.831907
0.332097 0.831907
0.332196 0.831907
0.332295 0.831907
0.332395 0.831907
0.332494 0.831907
0.332593 0.831907
0.332693 0.831907
0.332792 0.831296
0.332892 0.830685
0.332991 0.830685
0.333090 0.830685
0.333190 0.830685
0.333289 0.830073
0.333388 0.830073
0.333488 0.830073
0.333587 0.830073
0.333687 0.829462
0.333786 0.829462
0.333885 0.829462
0.333985 0.829462
0.334084 0.829462
0.334183 0.829462
0.334283 0.829462
0.334382 0.829462
0.334482 0.829462
0.334581 0.829462
0.334680 0.829462
0.334780 0.829462
0.334879 0.829462
0.334978 0.829462
0.335078 0.829462
0.335177 0.829462
0.335276 0.829462
0.335376 0.829462
0.335475 0.829462
0.335575 0.829462
0.335674 0.829462
0.335773 0.829462
0.335873 0.829462
0.335972 0.829462
0.336071 0.829462
0.336171 0.828851
0.336270 0.828240
0.336370 0.828240
0.336469 0.828240
0.336568 0.828240
0.336668 0.828240
0.336767 0.828240
0.336866 0.828240
0.336966 0.828240
0.337065 0.828240
0.337164 0.828240
0.337264 0.827628
0.337363 0.827628
0.337463 0.827628
0.337562 0.827628
0.337661 0.827628
0.337761 0.827628
0.337860 0.827628
0.337959 0.827628
0.338059 0.827628
0.338158 0.827628
0.338258 0.827628
0.338357 0.827628
0.338456 0.827628
0.338556 0.827628
0.338655 0.827628
0.338754 0.827628
0.338854 0.827628
0.338953 0.827017
0.339052 0.827017
0.339152 0.827017
0.339251 0.826406
0.339351 0.825795
0.339450 0.825795
0.339549 0.825795
0.339649 0.825795
0.339748 0.825183
0.339847 0.825183
0.339947 0.825183
0.340046 0.825183
0.340146 0.825183
0.340245 0.825183
0.340344 0.825183
0.340444 0.825183
0.340543 0.825183
0.340642 0.825183
0.340742 0.825183
0.340841 0.825183
0.340941 0.824572
0.341040 0.824572
0.341139 0.824572
0.341239 0.824572
0.341338 0.824572
0.341437 0.824572
0.341537 0.824572
0.341636 0.824572
0.341735 0.824572
0.341835 0.824572
0.341934 0.824572
0.342034 0.824572
0.342133 0.824572
0.342232 0.824572
0.342332 0.824572
0.342431 0.824572
0.342530 0.824572
0.342630 0.823961
0.342729 0.823961
0.342829 0.823961
0.342928 0.823961
0.343027 0.823961
0.343127 0.823961
0.343226 0.823961
0.343325 0.823961
0.343425 0.823961
0.343524 0.823961
0.343623 0.823961
0.343723 0.823961
0.343822 0.823961
0.343922 0.823961
0.344021 0.823961
0.344120 0.823961
0.344220 0.823961
0.344319 0.823961
0.344418 0.823961
0.344518 0.823961
0.344617 0.823961
0.344717 0.823961
0.344816 0.823961
0.344915 0.823961
0.345015 0.823961
0.345114 0.823961
0.345213 0.823961
0.345313 0.823961
0.345412 0.823350
0.345511 0.823350
0.345611 0.823350
0.345710 0.823350
0.345810 0.823350
0.345909 0.823350
0.346008 0.823350
0.346108 0.823350
0.346207 0.823350
0.346306 0.823350
0.346406 0.823350
0.346505 0.823350
0.346605 0.823350
0.346704 0.823350
0.346803 0.822738
0.346903 0.822127
0.347002 0.822127
0.347101 0.822127
0.347201 0.822127
0.347300 0.822127
0.347400 0.822127
0.347499 0.822127
0.347598 0.822127
0.347698 0.822127
0.347797 0.822127
0.347896 0.822127
0.347996 0.822127
0.348095 0.822127
0.348194 0.822127
0.348294 0.822127
0.348393 0.822127
0.348493 0.822127
0.348592 0.822127
0.348691 0.822127
0.348791 0.821516
0.348890 0.821516
0.348989 0.821516
0.349089 0.821516
0.349188 0.821516
0.349288 0.821516
0.349387 0.820905
0.349486 0.820905
0.349586 0.820905
0.349685 0.820905
0.349784 0.820905
0.349884 0.820905
0.349983 0.820905
0.350082 0.820905
0.350182 0.820293
0.350281 0.820293
0.350381 0.820293
0.350480 0.820293
0.350579 0.820293
0.350679 0.820293
0.350778 0.819682
0.350877 0.819682
0.350977 0.819682
0.351076 0.819682
0.351176 0.819682
0.351275 0.819682
0.351374 0.819682
0.351474 0.819682
0.351573 0.819682
0.351672 0.819682
0.351772 0.819682
0.351871 0.819682
0.351971 0.819682
0.352070 0.819682
0.352169 0.819682
0.352269 0.819682
0.352368 0.819682
0.352467 0.819071
0.352567 0.819071
0.352666 0.819071
0.352765 0.819071
0.352865 0.819071
0.352964 0.819071
0.353064 0.818460
0.353163 0.818460
0.353262 0.818460
0.353362 0.818460
0.353461 0.818460
0.353560 0.818460
0.353660 0.818460
0.353759 0.818460
0.353859 0.817848
0.353958 0.817848
0.354057 0.817848
0.354157 0.817848
0.354256 0.817848
0.354355 0.817237
0.354455 0.817237
0.354554 0.816626
0.354653 0.816626
0.354753 0.816626
0.354852 0.816626
0.354952 0.816626
0.355051 0.816626
0.355150 0.816626
0.355250 0.816626
0.355349 0.816626
0.355448 0.816626
0.355548 0.816015
0.355647 0.815403
0.355747 0.815403
0.355846 0.815403
0.355945 0.815403
0.356045 0.814792
0.356144 0.814792
0.356243 0.814792
0.356343 0.814792
0.356442 0.814792
0.356541 0.814792
0.356641 0.814792
0.356740 0.814792
0.356840 0.814792
0.356939 0.814181
0.357038 0.814181
0.357138 0.814181
0.357237 0.814181
0.357336 0.814181
0.357436 0.814181
0.357535 0.813570
0.357635 0.813570
0.357734 0.813570
0.357833 0.813570
0.357933 0.813570
0.358032 0.812958
0.358131 0.812958
0.358231 0.812958
0.358330 0.812958
0.358430 0.812958
0.358529 0.812958
0.358628 0.812958
0.358728 0.812958
0.358827 0.812958
0.358926 0.812958
0.359026 0.812958
0.359125 0.812347
0.359224 0.812347
0.359324 0.812347
0.359423 0.811736
0.359523 0.811736
0.359622 0.811736
0.359721 0.811736
0.359821 0.811736
0.359920 0.811736
0.360019 0.811736
0.360119 0.811125
0.360218 0.811125
0.360318 0.811125
0.360417 0.811125
0.360516 0.811125
0.360616 0.811125
0.360715 0.810513
0.360814 0.809902
0.360914 0.809902
0.361013 0.809902
0.361112 0.809902
0.361212 0.809902
0.361311 0.809902
0.361411 0.809902
0.361510 0.809902
0.361609 0.809291
0.361709 0.809291
0.361808 0.809291
0.361907 0.809291
0.362007 0.809291
0.362106 0.809291
0.362206 0.809291
0.362305 0.809291
0.362404 0.808680
0.362504 0.808680
0.362603 0.808680
0.362702 0.808068
0.362802 0.808068
0.362901 0.808068
0.363001 0.808068
0.363100 0.808068
0.363199 0.808068
0.363299 0.808068
0.363398 0.808068
0.363497 0.808068
0.363597 0.808068
0.363696 0.808068
0.363795 0.808068
0.363895 0.808068
0.363994 0.808068
0.364094 0.807457
0.364193 0.807457
0.364292 0.807457
0.364392 0.807457
0.364491 0.807457
0.364590 0.807457
0.364690 0.807457
0.364789 0.807457
0.364889 0.807457
0.364988 0.807457
0.365087 0.807457
0.365187 0.807457
0.365286 0.807457
0.365385 0.807457
0.365485 0.807457
0.365584 0.807457
0.365683 0.807457
0.365783 0.807457
0.365882 0.807457
0.365982 0.807457
0.366081 0.806846
0.366180 0.806846
0.366280 0.806846
0.366379 0.806846
0.366478 0.806235
0.366578 0.806235
0.366677 0.806235
0.366777 0.806235
0.366876 0.806235
0.366975 0.806235
0.367075 0.806235
0.367174 0.806235
0.367273 0.806235
0.367373 0.806235
0.367472 0.806235
0.367571 0.806235
0.367671 0.806235
0.367770 0.806235
0.367870 0.806235
0.367969 0.806235
0.368068 0.806235
0.368168 0.806235
0.368267 0.806235
0.368366 0.806235
0.368466 0.806235
0.368565 0.806235
0.368665 0.806235
0.368764 0.806235
0.368863 0.806235
0.368963 0.806235
0.369062 0.806235
0.369161 0.806235
0.369261 0.806235
0.369360 0.806235
0.369460 0.806235
0.369559 0.805623
0.369658 0.805623
0.369758 0.805623
0.369857 0.805623
0.369956 0.805623
0.370056 0.805623
0.370155 0.805623
0.370254 0.805623
0.370354 0.805623
0.370453 0.805623
0.370553 0.805623
0.370652 0.805012
0.370751 0.805012
0.370851 0.805012
0.370950 0.805012
0.371049 0.805012
0.371149 0.805012
0.371248 0.805012
0.371348 0.805012
0.371447 0.805012
0.371546 0.805012
0.371646 0.805012
0.371745 0.805012
0.371844 0.805012
0.371944 0.805012
0.372043 0.804401
0.372142 0.804401
0.372242 0.804401
0.372341 0.804401
0.372441 0.804401
0.372540 0.804401
0.372639 0.804401
0.372739 0.804401
0.372838 0.804401
0.372937 0.804401
0.373037 0.804401
0.373136 0.804401
0.373236 0.804401
0.373335 0.804401
0.373434 0.803790
0.373534 0.803790
0.373633 0.803790
0.373732 0.803790
0.373832 0.803178
0.373931 0.803178
0.374030 0.803178
0.374130 0.803178
0.374229 0.803178
0.374329 0.803178
0.374428 0.803178
0.374527 0.803178
0.374627 0.803178
0.374726 0.803178
0.374825 0.803178
0.374925 0.802567
0.375024 0.802567
0.375124 0.802567
0.375223 0.802567
0.375322 0.802567
0.375422 0.802567
0.375521 0.802567
0.375620 0.802567
0.375720 0.802567
0.375819 0.802567
0.375919 0.802567
0.376018 0.802567
0.376117 0.801956
0.376217 0.801956
0.376316 0.801956
0.376415 0.801956
0.376515 0.801956
0.376614 0.801956
0.376713 0.801956
0.376813 0.801956
0.376912 0.801956
0.377012 0.801956
0.377111 0.801956
0.377210 0.801956
0.377310 0.801956
0.377409 0.801956
0.377508 0.801956
0.377608 0.801956
0.377707 0.801956
0.377807 0.801956
0.377906 0.801956
0.378005 0.801956
0.378105 0.801956
0.378204 0.801345
0.378303 0.801345
0.378403 0.801345
0.378502 0.801345
0.378601 0.801345
0.378701 0.801345
0.378800 0.801345
0.378900 0.801345
0.378999 0.801345
0.379098 0.801345
0.379198 0.800733
0.379297 0.800733
0.379396 0.800733
0.379496 0.800733
0.379595 0.800733
0.379695 0.800733
0.379794 0.800733
0.379893 0.800733
0.379993 0.800733
0.380092 0.800733
0.380191 0.800733
0.380291 0.800733
0.380390 0.800733
0.380490 0.800733
0.380589 0.800122
0.380688 0.800122
0.380788 0.800122
0.380887 0.800122
0.380986 0.800122
0.381086 0.800122
0.381185 0.800122
0.381284 0.800122
0.381384 0.800122
0.381483 0.800122
0.381583 0.800122
0.381682 0.799511
0.381781 0.799511
0.381881 0.799511
0.381980 0.799511
0.382079 0.799511
0.382179 0.799511
0.382278 0.799511
0.382378 0.799511
0.382477 0.798900
0.382576 0.798900
0.382676 0.798900
0.382775 0.798900
0.382874 0.798900
0.382974 0.798900
0.383073 0.798900
0.383172 0.798289
0.383272 0.798289
0.383371 0.798289
0.383471 0.798289
0.383570 0.798289
0.383669 0.798289
0.383769 0.798289
0.383868 0.798289
0.383967 0.797677
0.384067 0.797677
0.384166 0.797677
0.384266 0.797677
0.384365 0.797066
0.384464 0.797066
0.384564 0.797066
0.384663 0.797066
0.384762 0.797066
0.384862 0.797066
0.384961 0.797066
0.385060 0.797066
0.385160 0.797066
0.385259 0.797066
0.385359 0.797066
0.385458 0.797066
0.385557 0.797066
0.385657 0.796455
0.385756 0.796455
0.385855 0.796455
0.385955 0.796455
0.386054 0.796455
0.386154 0.796455
0.386253 0.796455
0.386352 0.796455
0.386452 0.796455
0.386551 0.796455
0.386650 0.796455
0.386750 0.796455
0.386849 0.796455
0.386949 0.796455
0.387048 0.796455
0.387147 0.795844
0.387247 0.795232
0.387346 0.794621
0.387445 0.794621
0.387545 0.794010
0.387644 0.794010
0.387743 0.794010
0.387843 0.794010
0.387942 0.794010
0.388042 0.794010
0.388141 0.793399
0.388240 0.792787
0.388340 0.792787
0.388439 0.792787
0.388538 0.792787
0.388638 0.792787
0.388737 0.792787
0.388837 0.792787
0.388936 0.792787
0.389035 0.792176
0.389135 0.792176
0.389234 0.792176
0.389333 0.792176
0.389433 0.792176
0.389532 0.792176
0.389631 0.792176
0.389731 0.792176
0.389830 0.792176
0.389930 0.792176
0.390029 0.792176
0.390128 0.792176
0.390228 0.792176
0.390327 0.792176
0.390426 0.792176
0.390526 0.792176
0.390625 0.791565
0.390725 0.791565
0.390824 0.791565
0.390923 0.790342
0.391023 0.790342
0.391122 0.790342
0.391221 0.790342
0.391321 0.789120
0.391420 0.787286
0.391519 0.787286
0.391619 0.787286
0.391718 0.787286
0.391818 0.787286
0.391917 0.787286
0.392016 0.787286
0.392116 0.787286
0.392215 0.787286
0.392314 0.787286
0.392414 0.787286
0.392513 0.787286
0.392613 0.786675
0.392712 0.786675
0.392811 0.786675
0.392911 0.786675
0.393010 0.786064
0.393109 0.786064
0.393209 0.786064
0.393308 0.786064
0.393408 0.784841
0.393507 0.784230
0.393606 0.784230
0.393706 0.784230
0.393805 0.784230
0.393904 0.784230
0.394004 0.784230
0.394103 0.784230
0.394202 0.784230
0.394302 0.784230
0.394401 0.784230
0.394501 0.784230
0.394600 0.784230
0.394699 0.784230
0.394799 0.784230
0.394898 0.784230
0.394997 0.784230
0.395097 0.784230
0.395196 0.784230
0.395296 0.783619
0.395395 0.783619
0.395494 0.783007
0.395594 0.783007
0.395693 0.783007
0.395792 0.783007
0.395892 0.783007
0.395991 0.783007
0.396090 0.783007
0.396190 0.783007
0.396289 0.782396
0.396389 0.781785
0.396488 0.781785
0.396587 0.781785
0.396687 0.781785
0.396786 0.781174
0.396885 0.781174
0.396985 0.781174
0.397084 0.781174
0.397184 0.781174
0.397283 0.780562
0.397382 0.780562
0.397482 0.780562
0.397581 0.780562
0.397680 0.780562
0.397780 0.780562
0.397879 0.780562
0.397979 0.780562
0.398078 0.780562
0.398177 0.780562
0.398277 0.780562
0.398376 0.780562
0.398475 0.780562
0.398575 0.779951
0.398674 0.779951
0.398773 0.779951
0.398873 0.779951
0.398972 0.779951
0.399072 0.779340
0.399171 0.779340
0.399270 0.778729
0.399370 0.778729
0.399469 0.778729
0.399568 0.778729
0.399668 0.778729
0.399767 0.778729
0.399867 0.778729
0.399966 0.778729
0.400065 0.778729
0.400165 0.778729
0.400264 0.778729
0.400363 0.778729
0.400463 0.778729
0.400562 0.778729
0.400661 0.778729
0.400761 0.778729
0.400860 0.778729
0.400960 0.778729
0.401059 0.778729
0.401158 0.778729
0.401258 0.778729
0.401357 0.778729
0.401456 0.778729
0.401556 0.778729
0.401655 0.778729
0.401755 0.778729
0.401854 0.778729
0.401953 0.778729
0.402053 0.778729
0.402152 0.778117
0.402251 0.778117
0.402351 0.778117
0.402450 0.778117
0.402549 0.778117
0.402649 0.778117
0.402748 0.777506
0.402848 0.777506
0.402947 0.777506
0.403046 0.777506
0.403146 0.777506
0.403245 0.777506
0.403344 0.777506
0.403444 0.777506
0.403543 0.776895
0.403643 0.776895
0.403742 0.776895
0.403841 0.776895
0.403941 0.776284
0.404040 0.776284
0.404139 0.776284
0.404239 0.776284
0.404338 0.776284
0.404438 0.776284
0.404537 0.776284
0.404636 0.776284
0.404736 0.776284
0.404835 0.776284
0.404934 0.776284
0.405034 0.776284
0.405133 0.776284
0.405232 0.776284
0.405332 0.776284
0.405431 0.776284
0.405531 0.776284
0.405630 0.776284
0.405729 0.776284
0.405829 0.776284
0.405928 0.776284
0.406027 0.776284
0.406127 0.776284
0.406226 0.776284
0.406326 0.776284
0.406425 0.776284
0.406524 0.776284
0.406624 0.776284
0.406723 0.776284
0.406822 0.776284
0.406922 0.776284
0.407021 0.776284
0.407120 0.776284
0.407220 0.776284
0.407319 0.776284
0.407419 0.776284
0.407518 0.776284
0.407617 0.775672
0.407717 0.775672
0.407816 0.775672
0.407915 0.775672
0.408015 0.775672
0.408114 0.775672
0.408214 0.775672
0.408313 0.775672
0.408412 0.775061
0.408512 0.775061
0.408611 0.775061
0.408710 0.775061
0.408810 0.775061
0.408909 0.775061
0.409008 0.775061
0.409108 0.775061
0.409207 0.775061
0.409307 0.775061
0.409406 0.775061
0.409505 0.775061
0.409605 0.775061
0.409704 0.775061
0.409803 0.774450
0.409903 0.773839
0.410002 0.773227
0.410102 0.773227
0.410201 0.773227
0.410300 0.773227
0.410400 0.773227
0.410499 0.773227
0.410598 0.773227
0.410698 0.773227
0.410797 0.772616
0.410897 0.772616
0.410996 0.772616
0.411095 0.772005
0.411195 0.772005
0.411294 0.772005
0.411393 0.772005
0.411493 0.771394
0.411592 0.771394
0.411691 0.771394
0.411791 0.770782
0.411890 0.770782
0.411990 0.770171
0.412089 0.770171
0.412188 0.770171
0.412288 0.770171
0.412387 0.770171
0.412486 0.770171
0.412586 0.770171
0.412685 0.770171
0.412785 0.770171
0.412884 0.770171
0.412983 0.769560
0.413083 0.769560
0.413182 0.769560
0.413281 0.769560
0.413381 0.769560
0.413480 0.769560
0.413579 0.769560
0.413679 0.769560
0.413778 0.769560
0.413878 0.769560
0.413977 0.769560
0.414076 0.769560
0.414176 0.769560
0.414275 0.769560
0.414374 0.769560
0.414474 0.769560
0.414573 0.769560
0.414673 0.769560
0.414772 0.769560
0.414871 0.769560
0.414971 0.769560
0.415070 0.769560
0.415169 0.769560
0.415269 0.769560
0.415368 0.769560
0.415468 0.769560
0.415567 0.768949
0.415666 0.768949
0.415766 0.768949
0.415865 0.768949
0.415964 0.768949
0.416064 0.768949
0.416163 0.768949
0.416262 0.768949
0.416362 0.768949
0.416461 0.768949
0.416561 0.768949
0.416660 0.768949
0.416759 0.768949
0.416859 0.768949
0.416958 0.768949
0.417057 0.768949
0.417157 0.768337
0.417256 0.768337
0.417356 0.768337
0.417455 0.768337
0.417554 0.768337
0.417654 0.768337
0.417753 0.768337
0.417852 0.768337
0.417952 0.768337
0.418051 0.768337
0.418150 0.768337
0.418250 0.768337
0.418349 0.768337
0.418449 0.768337
0.418548 0.767726
0.418647 0.767726
0.418747 0.767726
0.418846 0.767726
0.418945 0.767115
0.419045 0.767115
0.419144 0.767115
0.419244 0.767115
0.419343 0.767115
0.419442 0.767115
0.419542 0.765892
0.419641 0.765892
0.419740 0.765892
0.419840 0.765892
0.419939 0.765892
0.420038 0.765892
0.420138 0.765892
0.420237 0.765892
0.420337 0.765892
0.420436 0.765892
0.420535 0.765892
0.420635 0.765892
0.420734 0.765892
0.420833 0.765892
0.420933 0.765892
0.421032 0.765892
0.421132 0.765281
0.421231 0.764670
0.421330 0.764670
0.421430 0.764670
0.421529 0.764670
0.421628 0.764670
0.421728 0.764670
0.421827 0.764670
0.421927 0.764670
0.422026 0.764670
0.422125 0.764670
0.422225 0.764670
0.422324 0.764670
0.422423 0.764059
0.422523 0.764059
0.422622 0.764059
0.422721 0.764059
0.422821 0.763447
0.422920 0.763447
0.423020 0.763447
0.423119 0.763447
0.423218 0.763447
0.423318 0.762836
0.423417 0.762836
0.423516 0.762836
0.423616 0.762836
0.423715 0.762836
0.423815 0.762836
0.423914 0.762836
0.424013 0.762836
0.424113 0.762836
0.424212 0.762225
0.424311 0.762225
0.424411 0.762225
0.424510 0.762225
0.424609 0.762225
0.424709 0.762225
0.424808 0.761614
0.424908 0.761614
0.425007 0.761614
0.425106 0.761614
0.425206 0.761614
0.425305 0.761614
0.425404 0.761614
0.425504 0.761614
0.425603 0.761614
0.425703 0.761614
0.425802 0.761614
0.425901 0.761614
0.426001 0.761614
0.426100 0.761614
0.426199 0.761614
0.426299 0.761614
0.426398 0.761614
0.426497 0.761614
0.426597 0.761614
0.426696 0.761614
0.426796 0.761614
0.426895 0.761614
0.426994 0.761614
0.427094 0.761614
0.427193 0.761002
0.427292 0.759780
0.427392 0.759780
0.427491 0.759780
0.427591 0.759780
0.427690 0.759780
0.427789 0.758557
0.427889 0.758557
0.427988 0.758557
0.428087 0.758557
0.428187 0.757946
0.428286 0.757946
0.428386 0.757946
0.428485 0.757946
0.428584 0.757335
0.428684 0.757335
0.428783 0.757335
0.428882 0.757335
0.428982 0.757335
0.429081 0.757335
0.429180 0.757335
0.429280 0.757335
0.429379 0.757335
0.429479 0.757335
0.429578 0.757335
0.429677 0.757335
0.429777 0.757335
0.429876 0.757335
0.429975 0.757335
0.430075 0.757335
0.430174 0.757335
0.430274 0.757335
0.430373 0.757335
0.430472 0.757335
0.430572 0.757335
0.430671 0.757335
0.430770 0.757335
0.430870 0.757335
0.430969 0.757335
0.431068 0.756724
0.431168 0.756724
0.431267 0.756724
0.431367 0.756724
0.431466 0.756724
0.431565 0.756724
0.431665 0.756724
0.431764 0.756724
0.431863 0.756112
0.431963 0.756112
0.432062 0.756112
0.432162 0.756112
0.432261 0.756112
0.432360 0.756112
0.432460 0.756112
0.432559 0.756112
0.432658 0.756112
0.432758 0.756112
0.432857 0.756112
0.432957 0.756112
0.433056 0.756112
0.433155 0.756112
0.433255 0.756112
0.433354 0.756112
0.433453 0.755501
0.433553 0.755501
0.433652 0.755501
0.433751 0.755501
0.433851 0.755501
0.433950 0.755501
0.434050 0.755501
0.434149 0.755501
0.434248 0.755501
0.434348 0.755501
0.434447 0.755501
0.434546 0.755501
0.434646 0.755501
0.434745 0.755501
0.434845 0.755501
0.434944 0.755501
0.435043 0.755501
0.435143 0.755501
0.435242 0.755501
0.435341 0.755501
0.435441 0.755501
0.435540 0.755501
0.435639 0.755501
0.435739 0.754890
0.435838 0.754890
0.435938 0.754890
0.436037 0.754890
0.436136 0.754279
0.436236 0.754279
0.436335 0.754279
0.436434 0.754279
0.436534 0.754279
0.436633 0.753667
0.436733 0.753056
0.436832 0.753056
0.436931 0.753056
0.437031 0.753056
0.437130 0.752445
0.437229 0.752445
0.437329 0.752445
0.437428 0.752445
0.437527 0.752445
0.437627 0.751834
0.437726 0.751222
0.437826 0.751222
0.437925 0.751222
0.438024 0.751222
0.438124 0.751222
0.438223 0.751222
0.438322 0.751222
0.438422 0.751222
0.438521 0.751222
0.438621 0.751222
0.438720 0.751222
0.438819 0.751222
0.438919 0.751222
0.439018 0.751222
0.439117 0.751222
0.439217 0.751222
0.439316 0.751222
0.439416 0.751222
0.439515 0.751222
0.439614 0.751222
0.439714 0.751222
0.439813 0.751222
0.439912 0.751222
0.440012 0.751222
0.440111 0.750611
0.440210 0.750611
0.440310 0.750611
0.440409 0.749389
0.440509 0.749389
0.440608 0.748778
0.440707 0.748778
0.440807 0.748778
0.440906 0.748778
0.441005 0.748778
0.441105 0.748778
0.441204 0.748778
0.441304 0.748778
0.441403 0.748778
0.441502 0.748778
0.441602 0.748778
0.441701 0.748778
0.441800 0.748166
0.441900 0.747555
0.441999 0.747555
0.442098 0.747555
0.442198 0.747555
0.442297 0.747555
0.442397 0.747555
0.442496 0.747555
0.442595 0.747555
0.442695 0.747555
0.442794 0.747555
0.442893 0.747555
0.442993 0.747555
0.443092 0.747555
0.443192 0.747555
0.443291 0.747555
0.443390 0.746944
0.443490 0.746944
0.443589 0.746944
0.443688 0.746944
0.443788 0.746944
0.443887 0.746944
0.443986 0.746944
0.444086 0.746944
0.444185 0.746333
0.444285 0.746333
0.444384 0.746333
0.444483 0.745721
0.444583 0.745721
0.444682 0.745721
0.444781 0.745721
0.444881 0.745721
0.444980 0.745721
0.445080 0.745110
0.445179 0.745110
0.445278 0.745110
0.445378 0.745110
0.445477 0.745110
0.445576 0.744499
0.445676 0.744499
0.445775 0.744499
0.445875 0.744499
0.445974 0.744499
0.446073 0.744499
0.446173 0.744499
0.446272 0.744499
0.446371 0.744499
0.446471 0.744499
0.446570 0.744499
0.446669 0.743888
0.446769 0.743888
0.446868 0.743888
0.446968 0.743888
0.447067 0.743888
0.447166 0.743888
0.447266 0.743888
0.447365 0.743888
0.447464 0.743888
0.447564 0.743888
0.447663 0.743276
0.447763 0.743276
0.447862 0.743276
0.447961 0.743276
0.448061 0.743276
0.448160 0.743276
0.448259 0.743276
0.448359 0.743276
0.448458 0.743276
0.448557 0.743276
0.448657 0.743276
0.448756 0.743276
0.448856 0.743276
0.448955 0.742665
0.449054 0.742665
0.449154 0.742665
0.449253 0.742665
0.449352 0.742665
0.449452 0.742665
0.449551 0.742665
0.449651 0.742665
0.449750 0.742665
0.449849 0.742665
0.449949 0.742665
0.450048 0.742665
0.450147 0.742665
0.450247 0.742665
0.450346 0.742665
0.450446 0.742665
0.450545 0.742665
0.450644 0.742665
0.450744 0.742054
0.450843 0.742054
0.450942 0.742054
0.451042 0.742054
0.451141 0.742054
0.451240 0.742054
0.451340 0.742054
0.451439 0.742054
0.451539 0.742054
0.451638 0.742054
0.451737 0.742054
0.451837 0.742054
0.451936 0.742054
0.452035 0.741443
0.452135 0.741443
0.452234 0.740831
0.452334 0.740831
0.452433 0.740831
0.452532 0.740831
0.452632 0.740831
0.452731 0.740831
0.452830 0.740831
0.452930 0.740831
0.453029 0.740831
0.453128 0.740831
0.453228 0.740831
0.453327 0.740831
0.453427 0.740220
0.453526 0.740220
0.453625 0.740220
0.453725 0.740220
0.453824 0.740220
0.453923 0.740220
0.454023 0.740220
0.454122 0.740220
0.454222 0.740220
0.454321 0.740220
0.454420 0.739609
0.454520 0.738998
0.454619 0.738386
0.454718 0.738386
0.454818 0.738386
0.454917 0.738386
0.455016 0.738386
0.455116 0.738386
0.455215 0.738386
0.455315 0.737775
0.455414 0.737775
0.455513 0.737775
0.455613 0.737775
0.455712 0.737775
0.455811 0.737775
0.455911 0.737775
0.456010 0.737775
0.456110 0.737775
0.456209 0.737775
0.456308 0.737775
0.456408 0.737775
0.456507 0.737775
0.456606 0.737775
0.456706 0.737164
0.456805 0.737164
0.456905 0.737164
0.457004 0.737164
0.457103 0.736553
0.457203 0.736553
0.457302 0.736553
0.457401 0.736553
0.457501 0.736553
0.457600 0.735941
0.457699 0.735941
0.457799 0.735941
0.457898 0.735330
0.457998 0.735330
0.458097 0.735330
0.458196 0.735330
0.458296 0.735330
0.458395 0.734719
0.458494 0.734719
0.458594 0.734719
0.458693 0.734108
0.458793 0.734108
0.458892 0.734108
0.458991 0.734108
0.459091 0.733496
0.459190 0.733496
0.459289 0.733496
0.459389 0.733496
0.459488 0.733496
0.459587 0.733496
0.459687 0.732885
0.459786 0.732885
0.459886 0.732885
0.459985 0.732885
0.460084 0.732885
0.460184 0.732885
0.460283 0.732885
0.460382 0.732885
0.460482 0.732274
0.460581 0.732274
0.460681 0.732274
0.460780 0.732274
0.460879 0.732274
0.460979 0.732274
0.461078 0.732274
0.461177 0.731663
0.461277 0.731663
0.461376 0.731663
0.461475 0.731051
0.461575 0.730440
0.461674 0.730440
0.461774 0.730440
0.461873 0.730440
0.461972 0.730440
0.462072 0.730440
0.462171 0.730440
0.462270 0.730440
0.462370 0.730440
0.462469 0.729829
0.462569 0.729829
0.462668 0.729829
0.462767 0.729829
0.462867 0.729829
0.462966 0.729829
0.463065 0.729829
0.463165 0.729829
0.463264 0.729829
0.463364 0.729829
0.463463 0.729829
0.463562 0.729829
0.463662 0.729829
0.463761 0.729829
0.463860 0.729829
0.463960 0.729829
0.464059 0.729829
0.464158 0.729829
0.464258 0.729829
0.464357 0.729218
0.464457 0.728606
0.464556 0.727995
0.464655 0.727995
0.464755 0.727995
0.464854 0.727995
0.464953 0.727995
0.465053 0.727995
0.465152 0.727995
0.465252 0.727995
0.465351 0.727995
0.465450 0.727995
0.465550 0.727995
0.465649 0.727995
0.465748 0.727995
0.465848 0.727995
0.465947 0.727995
0.466046 0.727995
0.466146 0.727995
0.466245 0.727995
0.466345 0.727995
0.466444 0.727995
0.466543 0.727995
0.466643 0.727995
0.466742 0.727995
0.466841 0.727995
0.466941 0.727995
0.467040 0.727995
0.467140 0.727995
0.467239 0.727995
0.467338 0.727995
0.467438 0.727995
0.467537 0.727995
0.467636 0.727995
0.467736 0.727995
0.467835 0.727995
0.467935 0.727995
0.468034 0.727995
0.468133 0.727995
0.468233 0.727995
0.468332 0.727995
0.468431 0.727995
0.468531 0.727995
0.468630 0.727995
0.468729 0.727995
0.468829 0.727995
0.468928 0.727995
0.469028 0.727995
0.469127 0.727995
0.469226 0.727995
0.469326 0.727995
0.469425 0.727995
0.469524 0.727995
0.469624 0.727384
0.469723 0.727384
0.469823 0.727384
0.469922 0.727384
0.470021 0.727384
0.470121 0.727384
0.470220 0.727384
0.470319 0.727384
0.470419 0.727384
0.470518 0.726773
0.470617 0.726773
0.470717 0.726773
0.470816 0.726773
0.470916 0.726161
0.471015 0.726161
0.471114 0.726161
0.471214 0.726161
0.471313 0.726161
0.471412 0.726161
0.471512 0.726161
0.471611 0.726161
0.471711 0.726161
0.471810 0.726161
0.471909 0.726161
0.472009 0.726161
0.472108 0.726161
0.472207 0.726161
0.472307 0.726161
0.472406 0.726161
0.472505 0.726161
0.472605 0.725550
0.472704 0.725550
0.472804 0.725550
0.472903 0.725550
0.473002 0.725550
0.473102 0.725550
0.473201 0.725550
0.473300 0.725550
0.473400 0.725550
0.473499 0.725550
0.473599 0.725550
0.473698 0.725550
0.473797 0.724939
0.473897 0.724939
0.473996 0.724939
0.474095 0.724939
0.474195 0.724328
0.474294 0.724328
0.474394 0.724328
0.474493 0.724328
0.474592 0.724328
0.474692 0.724328
0.474791 0.724328
0.474890 0.724328
0.474990 0.724328
0.475089 0.724328
0.475188 0.724328
0.475288 0.724328
0.475387 0.724328
0.475487 0.724328
0.475586 0.723716
0.475685 0.723716
0.475785 0.723716
0.475884 0.723716
0.475983 0.723716
0.476083 0.723716
0.476182 0.723716
0.476282 0.723716
0.476381 0.723716
0.476480 0.723716
0.476580 0.723716
0.476679 0.723716
0.476778 0.723716
0.476878 0.723716
0.476977 0.723716
0.477076 0.723716
0.477176 0.723716
0.477275 0.723716
0.477375 0.723716
0.477474 0.723716
0.477573 0.723716
0.477673 0.723716
0.477772 0.723716
0.477871 0.723716
0.477971 0.723716
0.478070 0.723716
0.478170 0.723716
0.478269 0.723716
0.478368 0.723716
0.478468 0.723716
0.478567 0.723716
0.478666 0.723716
0.478766 0.723716
0.478865 0.723105
0.478964 0.723105
0.479064 0.723105
0.479163 0.723105
0.479263 0.723105
0.479362 0.723105
0.479461 0.723105
0.479561 0.723105
0.479660 0.723105
0.479759 0.723105
0.479859 0.723105
0.479958 0.723105
0.480058 0.723105
0.480157 0.723105
0.480256 0.723105
0.480356 0.723105
0.480455 0.723105
0.480554 0.723105
0.480654 0.723105
0.480753 0.723105
0.480853 0.723105
0.480952 0.723105
0.481051 0.723105
0.481151 0.723105
0.481250 0.723105
0.481349 0.723105
0.481449 0.723105
0.481548 0.723105
0.481647 0.723105
0.481747 0.723105
0.481846 0.723105
0.481946 0.723105
0.482045 0.723105
0.482144 0.723105
0.482244 0.723105
0.482343 0.722494
0.482442 0.722494
0.482542 0.722494
0.482641 0.722494
0.482741 0.722494
0.482840 0.722494
0.482939 0.721883
0.483039 0.721883
0.483138 0.721883
0.483237 0.721883
0.483337 0.721271
0.483436 0.720660
0.483535 0.720660
0.483635 0.720049
0.483734 0.720049
0.483834 0.720049
0.483933 0.720049
0.484032 0.719438
0.484132 0.719438
0.484231 0.719438
0.484330 0.719438
0.484430 0.719438
0.484529 0.718826
0.484629 0.718826
0.484728 0.718826
0.484827 0.718215
0.484927 0.718215
0.485026 0.718215
0.485125 0.718215
0.485225 0.718215
0.485324 0.718215
0.485424 0.717604
0.485523 0.717604
0.485622 0.716993
0.485722 0.716993
0.485821 0.716381
0.485920 0.716381
0.486020 0.716381
0.486119 0.715770
0.486218 0.715159
0.486318 0.715159
0.486417 0.715159
0.486517 0.715159
0.486616 0.715159
0.486715 0.715159
0.486815 0.713936
0.486914 0.713936
0.487013 0.713936
0.487113 0.713325
0.487212 0.713325
0.487312 0.713325
0.487411 0.713325
0.487510 0.712714
0.487610 0.712714
0.487709 0.712714
0.487808 0.712103
0.487908 0.712103
0.488007 0.712103
0.488106 0.712103
0.488206 0.712103
0.488305 0.712103
0.488405 0.712103
0.488504 0.712103
0.488603 0.712103
0.488703 0.712103
0.488802 0.712103
0.488901 0.712103
0.489001 0.712103
0.489100 0.712103
0.489200 0.712103
0.489299 0.711491
0.489398 0.711491
0.489498 0.711491
0.489597 0.711491
0.489696 0.710880
0.489796 0.710880
0.489895 0.710880
0.489994 0.710880
0.490094 0.710880
0.490193 0.710880
0.490293 0.710880
0.490392 0.710880
0.490491 0.710880
0.490591 0.710880
0.490690 0.710880
0.490789 0.710880
0.490889 0.710880
0.490988 0.710880
0.491088 0.710880
0.491187 0.710880
0.491286 0.710880
0.491386 0.710880
0.491485 0.710880
0.491584 0.710880
0.491684 0.710880
0.491783 0.710880
0.491883 0.710880
0.491982 0.710880
0.492081 0.710880
0.492181 0.710880
0.492280 0.710880
0.492379 0.710880
0.492479 0.710880
0.492578 0.710880
0.492677 0.710880
0.492777 0.710880
0.492876 0.710880
0.492976 0.710880
0.493075 0.710880
0.493174 0.710880
0.493274 0.710880
0.493373 0.710880
0.493472 0.710880
0.493572 0.710880
0.493671 0.710880
0.493771 0.710880
0.493870 0.710880
0.493969 0.710269
0.494069 0.710269
0.494168 0.710269
0.494267 0.710269
0.494367 0.710269
0.494466 0.710269
0.494565 0.710269
0.494665 0.710269
0.494764 0.710269
0.494864 0.710269
0.494963 0.710269
0.495062 0.710269
0.495162 0.710269
0.495261 0.710269
0.495360 0.710269
0.495460 0.710269
0.495559 0.710269
0.495659 0.710269
0.495758 0.710269
0.495857 0.710269
0.495957 0.710269
0.496056 0.710269
0.496155 0.710269
0.496255 0.710269
0.496354 0.709658
0.496453 0.709658
0.496553 0.709658
0.496652 0.709658
0.496752 0.709658
0.496851 0.709658
0.496950 0.709658
0.497050 0.709658
0.497149 0.709658
0.497248 0.709658
0.497348 0.709046
0.497447 0.709046
0.497547 0.709046
0.497646 0.709046
0.497745 0.709046
0.497845 0.709046
0.497944 0.709046
0.498043 0.709046
0.498143 0.709046
0.498242 0.709046
0.498342 0.709046
0.498441 0.709046
0.498540 0.709046
0.498640 0.709046
0.498739 0.709046
0.498838 0.709046
0.498938 0.709046
0.499037 0.709046
0.499136 0.709046
0.499236 0.709046
0.499335 0.709046
0.499435 0.709046
0.499534 0.709046
0.499633 0.709046
0.499733 0.709046
0.499832 0.709046
0.499931 0.708435
0.500031 0.708435
0.500130 0.708435
0.500230 0.708435
0.500329 0.708435
0.500428 0.708435
0.500528 0.708435
0.500627 0.708435
0.500726 0.708435
0.500826 0.708435
0.500925 0.708435
0.501024 0.708435
0.501124 0.707824
0.501223 0.707824
0.501323 0.707824
0.501422 0.707824
0.501521 0.707824
0.501621 0.707824
0.501720 0.707213
0.501819 0.707213
0.501919 0.706601
0.502018 0.706601
0.502118 0.706601
0.502217 0.706601
0.502316 0.705990
0.502416 0.705990
0.502515 0.705990
0.502614 0.705379
0.502714 0.705379
0.502813 0.705379
0.502913 0.705379
0.503012 0.705379
0.503111 0.705379
0.503211 0.705379
0.503310 0.705379
0.503409 0.705379
0.503509 0.705379
0.503608 0.705379
0.503707 0.705379
0.503807 0.705379
0.503906 0.704768
0.504006 0.704768
0.504105 0.704768
0.504204 0.704768
0.504304 0.704768
0.504403 0.704768
0.504502 0.704768
0.504602 0.704768
0.504701 0.704768
0.504801 0.704768
0.504900 0.704768
0.504999 0.704768
0.505099 0.704768
0.505198 0.704768
0.505297 0.704768
0.505397 0.704768
0.505496 0.704768
0.505595 0.704768
0.505695 0.704768
0.505794 0.704768
0.505894 0.704768
0.505993 0.704768
0.506092 0.704768
0.506192 0.704768
0.506291 0.704768
0.506390 0.704768
0.506490 0.704768
0.506589 0.704768
0.506689 0.704768
0.506788 0.704768
0.506887 0.704768
0.506987 0.704768
0.507086 0.704768
0.507185 0.704768
0.507285 0.704768
0.507384 0.704768
0.507483 0.704768
0.507583 0.704768
0.507682 0.704768
0.507782 0.704156
0.507881 0.704156
0.507980 0.703545
0.508080 0.703545
0.508179 0.703545
0.508278 0.703545
0.508378 0.703545
0.508477 0.703545
0.508577 0.703545
0.508676 0.703545
0.508775 0.703545
0.508875 0.703545
0.508974 0.702934
0.509073 0.702934
0.509173 0.702934
0.509272 0.702934
0.509372 0.702934
0.509471 0.702934
0.509570 0.702934
0.509670 0.702934
0.509769 0.702934
0.509868 0.702934
0.509968 0.702934
0.510067 0.702934
0.510166 0.702934
0.510266 0.702934
0.510365 0.702934
0.510465 0.702934
0.510564 0.701711
0.510663 0.701711
0.510763 0.701711
0.510862 0.701711
0.510961 0.701711
0.511061 0.701711
0.511160 0.701711
0.511260 0.701711
0.511359 0.701711
0.511458 0.701100
0.511558 0.701100
0.511657 0.701100
0.511756 0.701100
0.511856 0.701100
0.511955 0.701100
0.512054 0.701100
0.512154 0.701100
0.512253 0.701100
0.512353 0.701100
0.512452 0.701100
0.512551 0.701100
0.512651 0.701100
0.512750 0.701100
0.512849 0.701100
0.512949 0.701100
0.513048 0.701100
0.513148 0.701100
0.513247 0.701100
0.513346 0.700489
0.513446 0.700489
0.513545 0.700489
0.513644 0.700489
0.513744 0.700489
0.513843 0.700489
0.513942 0.700489
0.514042 0.699878
0.514141 0.699878
0.514241 0.699878
0.514340 0.699878
0.514439 0.699878
0.514539 0.699878
0.514638 0.699267
0.514737 0.699267
0.514837 0.699267
0.514936 0.699267
0.515036 0.698655
0.515135 0.698044
0.515234 0.698044
0.515334 0.698044
0.515433 0.698044
0.515532 0.698044
0.515632 0.698044
0.515731 0.697433
0.515831 0.697433
0.515930 0.697433
0.516029 0.697433
0.516129 0.697433
0.516228 0.696822
0.516327 0.696822
0.516427 0.696822
0.516526 0.696822
0.516625 0.696822
0.516725 0.696822
0.516824 0.696822
0.516924 0.696822
0.517023 0.696822
0.517122 0.696822
0.517222 0.696822
0.517321 0.696822
0.517420 0.696822
0.517520 0.696822
0.517619 0.696822
0.517719 0.696822
0.517818 0.696822
0.517917 0.696822
0.518017 0.696822
0.518116 0.696822
0.518215 0.696822
0.518315 0.695599
0.518414 0.695599
0.518513 0.695599
0.518613 0.695599
0.518712 0.695599
0.518812 0.695599
0.518911 0.694988
0.519010 0.694988
0.519110 0.694988
0.519209 0.694988
0.519308 0.694988
0.519408 0.694377
0.519507 0.694377
0.519607 0.694377
0.519706 0.694377
0.519805 0.693765
0.519905 0.693765
0.520004 0.693154
0.520103 0.692543
0.520203 0.692543
0.520302 0.692543
0.520402 0.692543
0.520501 0.692543
0.520600 0.692543
0.520700 0.692543
0.520799 0.691932
0.520898 0.691932
0.520998 0.691932
0.521097 0.691932
0.521196 0.691932
0.521296 0.691932
0.521395 0.691932
0.521495 0.691320
0.521594 0.691320
0.521693 0.691320
0.521793 0.691320
0.521892 0.691320
0.521991 0.691320
0.522091 0.691320
0.522190 0.691320
0.522290 0.691320
0.522389 0.691320
0.522488 0.690709
0.522588 0.690709
0.522687 0.690709
0.522786 0.690709
0.522886 0.690709
0.522985 0.690709
0.523084 0.690709
0.523184 0.690098
0.523283 0.690098
0.523383 0.690098
0.523482 0.690098
0.523581 0.690098
0.523681 0.689487
0.523780 0.689487
0.523879 0.689487
0.523979 0.689487
0.524078 0.689487
0.524178 0.689487
0.524277 0.689487
0.524376 0.689487
0.524476 0.688264
0.524575 0.687653
0.524674 0.687653
0.524774 0.687653
0.524873 0.687653
0.524972 0.687653
0.525072 0.687653
0.525171 0.687042
0.525271 0.687042
0.525370 0.687042
0.525469 0.687042
0.525569 0.686430
0.525668 0.686430
0.525767 0.685819
0.525867 0.685819
0.525966 0.685819
0.526066 0.685819
0.526165 0.685819
0.526264 0.685819
0.526364 0.685819
0.526463 0.685819
0.526562 0.685819
0.526662 0.685819
0.526761 0.685208
0.526861 0.685208
0.526960 0.685208
0.527059 0.685208
0.527159 0.685208
0.527258 0.685208
0.527357 0.685208
0.527457 0.685208
0.527556 0.685208
0.527655 0.685208
0.527755 0.685208
0.527854 0.685208
0.527954 0.685208
0.528053 0.685208
0.528152 0.685208
0.528252 0.685208
0.528351 0.685208
0.528450 0.685208
0.528550 0.685208
0.528649 0.685208
0.528749 0.685208
0.528848 0.685208
0.528947 0.684597
0.529047 0.684597
0.529146 0.684597
0.529245 0.684597
0.529345 0.684597
0.529444 0.684597
0.529543 0.684597
0.529643 0.684597
0.529742 0.684597
0.529842 0.684597
0.529941 0.684597
0.530040 0.684597
0.530140 0.684597
0.530239 0.684597
0.530338 0.684597
0.530438 0.684597
0.530537 0.684597
0.530637 0.684597
0.530736 0.684597
0.530835 0.683985
0.530935 0.683985
0.531034 0.683985
0.531133 0.683985
0.531233 0.683985
0.531332 0.683985
0.531431 0.683985
0.531531 0.683985
0.531630 0.683985
0.531730 0.683985
0.531829 0.683374
0.531928 0.683374
0.532028 0.683374
0.532127 0.683374
0.532226 0.683374
0.532326 0.683374
0.532425 0.683374
0.532525 0.683374
0.532624 0.683374
0.532723 0.683374
0.532823 0.682763
0.532922 0.682763
0.533021 0.682763
0.533121 0.682763
0.533220 0.682763
0.533320 0.682763
0.533419 0.682763
0.533518 0.682763
0.533618 0.682763
0.533717 0.682763
0.533816 0.682763
0.533916 0.682763
0.534015 0.682152
0.534114 0.682152
0.534214 0.681540
0.534313 0.680929
0.534413 0.680929
0.534512 0.680929
0.534611 0.680318
0.534711 0.680318
0.534810 0.680318
0.534909 0.679707
0.535009 0.679707
0.535108 0.679707
0.535208 0.679095
0.535307 0.679095
0.535406 0.679095
0.535506 0.679095
0.535605 0.679095
0.535704 0.679095
0.535804 0.679095
0.535903 0.679095
0.536002 0.679095
0.536102 0.679095
0.536201 0.679095
0.536301 0.679095
0.536400 0.678484
0.536499 0.678484
0.536599 0.678484
0.536698 0.678484
0.536797 0.678484
0.536897 0.678484
0.536996 0.678484
0.537096 0.678484
0.537195 0.678484
0.537294 0.678484
0.537394 0.678484
0.537493 0.678484
0.537592 0.678484
0.537692 0.678484
0.537791 0.677873
0.537891 0.677262
0.537990 0.677262
0.538089 0.677262
0.538189 0.677262
0.538288 0.677262
0.538387 0.677262
0.538487 0.677262
0.538586 0.677262
0.538685 0.677262
0.538785 0.677262
0.538884 0.677262
0.538984 0.677262
0.539083 0.677262
0.539182 0.677262
0.539282 0.677262
0.539381 0.677262
0.539480 0.677262
0.539580 0.677262
0.539679 0.677262
0.539779 0.677262
0.539878 0.677262
0.539977 0.677262
0.540077 0.677262
0.540176 0.677262
0.540275 0.677262
0.540375 0.677262
0.540474 0.677262
0.540573 0.677262
0.540673 0.677262
0.540772 0.677262
0.540872 0.677262
0.540971 0.677262
0.541070 0.677262
0.541170 0.677262
0.541269 0.677262
0.541368 0.677262
0.541468 0.676650
0.541567 0.676650
0.541667 0.676650
0.541766 0.676650
0.541865 0.676650
0.541965 0.676039
0.542064 0.676039
0.542163 0.676039
0.542263 0.676039
0.542362 0.676039
0.542461 0.676039
0.542561 0.676039
0.542660 0.676039
0.542760 0.676039
0.542859 0.676039
0.542958 0.676039
0.543058 0.676039
0.543157 0.676039
0.543256 0.675428
0.543356 0.675428
0.543455 0.674817
0.543555 0.674817
0.543654 0.674817
0.543753 0.674817
0.543853 0.674817
0.543952 0.674817
0.544051 0.674817
0.544151 0.674817
0.544250 0.674817
0.544350 0.674817
0.544449 0.674817
0.544548 0.674817
0.544648 0.674205
0.544747 0.674205
0.544846 0.674205
0.544946 0.673594
0.545045 0.673594
0.545144 0.672983
0.545244 0.672983
0.545343 0.672983
0.545443 0.672983
0.545542 0.672983
0.545641 0.672983
0.545741 0.672983
0.545840 0.672983
0.545939 0.672983
0.546039 0.672983
0.546138 0.672983
0.546238 0.672372
0.546337 0.672372
0.546436 0.672372
0.546536 0.672372
0.546635 0.672372
0.546734 0.672372
0.546834 0.672372
0.546933 0.672372
0.547032 0.672372
0.547132 0.672372
0.547231 0.671760
0.547331 0.671760
0.547430 0.671760
0.547529 0.671760
0.547629 0.671760
0.547728 0.671760
0.547827 0.671760
0.547927 0.671149
0.548026 0.671149
0.548126 0.671149
0.548225 0.671149
0.548324 0.671149
0.548424 0.670538
0.548523 0.670538
0.548622 0.670538
0.548722 0.669927
0.548821 0.669927
0.548921 0.669927
0.549020 0.669927
0.549119 0.669927
0.549219 0.669927
0.549318 0.669927
0.549417 0.669927
0.549517 0.669927
0.549616 0.669927
0.549715 0.669927
0.549815 0.669927
0.549914 0.669927
0.550014 0.669927
0.550113 0.669927
0.550212 0.669927
0.550312 0.669927
0.550411 0.669927
0.550510 0.669927
0.550610 0.669927
0.550709 0.669927
0.550809 0.669927
0.550908 0.669927
0.551007 0.669927
0.551107 0.669927
0.551206 0.669927
0.551305 0.669315
0.551405 0.669315
0.551504 0.669315
0.551603 0.669315
0.551703 0.669315
0.551802 0.669315
0.551902 0.669315
0.552001 0.669315
0.552100 0.669315
0.552200 0.669315
0.552299 0.669315
0.552398 0.669315
0.552498 0.669315
0.552597 0.669315
0.552697 0.669315
0.552796 0.668704
0.552895 0.668093
0.552995 0.668093
0.553094 0.668093
0.553193 0.668093
0.553293 0.667482
0.553392 0.667482
0.553491 0.667482
0.553591 0.667482
0.553690 0.667482
0.553790 0.667482
0.553889 0.667482
0.553988 0.667482
0.554088 0.667482
0.554187 0.667482
0.554286 0.667482
0.554386 0.667482
0.554485 0.667482
0.554585 0.666870
0.554684 0.666870
0.554783 0.666259
0.554883 0.666259
0.554982 0.666259
0.555081 0.666259
0.555181 0.665648
0.555280 0.665648
0.555380 0.665037
0.555479 0.665037
0.555578 0.665037
0.555678 0.665037
0.555777 0.664425
0.555876 0.664425
0.555976 0.664425
0.556075 0.663203
0.556174 0.663203
0.556274 0.662592
0.556373 0.661980
0.556473 0.661980
0.556572 0.661369
0.556671 0.661369
0.556771 0.661369
0.556870 0.661369
0.556969 0.661369
0.557069 0.661369
0.557168 0.661369
0.557268 0.661369
0.557367 0.661369
0.557466 0.661369
0.557566 0.661369
0.557665 0.661369
0.557764 0.661369
0.557864 0.661369
0.557963 0.661369
0.558062 0.661369
0.558162 0.661369
0.558261 0.661369
0.558361 0.661369
0.558460 0.661369
0.558559 0.661369
0.558659 0.661369
0.558758 0.661369
0.558857 0.661369
0.558957 0.661369
0.559056 0.661369
0.559156 0.661369
0.559255 0.661369
0.559354 0.661369
0.559454 0.661369
0.559553 0.661369
0.559652 0.661369
0.559752 0.660758
0.559851 0.660147
0.559950 0.660147
0.560050 0.660147
0.560149 0.660147
0.560249 0.660147
0.560348 0.660147
0.560447 0.659535
0.560547 0.658313
0.560646 0.658313
0.560745 0.658313
0.560845 0.658313
0.560944 0.658313
0.561044 0.658313
0.561143 0.657702
0.561242 0.657702
0.561342 0.657702
0.561441 0.657702
0.561540 0.656479
0.561640 0.656479
0.561739 0.656479
0.561839 0.656479
0.561938 0.656479
0.562037 0.656479
0.562137 0.656479
0.562236 0.656479
0.562335 0.656479
0.562435 0.656479
0.562534 0.656479
0.562633 0.656479
0.562733 0.656479
0.562832 0.656479
0.562932 0.656479
0.563031 0.656479
0.563130 0.656479
0.563230 0.656479
0.563329 0.656479
0.563428 0.655868
0.563528 0.655868
0.563627 0.655868
0.563727 0.655868
0.563826 0.655257
0.563925 0.655257
0.564025 0.654645
0.564124 0.654645
0.564223 0.654645
0.564323 0.654645
0.564422 0.654645
0.564521 0.654645
0.564621 0.654645
0.564720 0.654645
0.564820 0.654645
0.564919 0.654645
0.565018 0.654645
0.565118 0.654645
0.565217 0.654034
0.565316 0.654034
0.565416 0.654034
0.565515 0.654034
0.565615 0.654034
0.565714 0.654034
0.565813 0.654034
0.565913 0.654034
0.566012 0.654034
0.566111 0.654034
0.566211 0.653423
0.566310 0.653423
0.566410 0.653423
0.566509 0.653423
0.566608 0.653423
0.566708 0.653423
0.566807 0.653423
0.566906 0.653423
0.567006 0.653423
0.567105 0.653423
0.567204 0.653423
0.567304 0.653423
0.567403 0.653423
0.567503 0.653423
0.567602 0.653423
0.567701 0.653423
0.567801 0.653423
0.567900 0.653423
0.567999 0.653423
0.568099 0.653423
0.568198 0.653423
0.568298 0.653423
0.568397 0.653423
0.568496 0.653423
0.568596 0.653423
0.568695 0.653423
0.568794 0.653423
0.568894 0.652812
0.568993 0.652812
0.569092 0.652200
0.569192 0.652200
0.569291 0.652200
0.569391 0.652200
0.569490 0.652200
0.569589 0.652200
0.569689 0.652200
0.569788 0.652200
0.569887 0.652200
0.569987 0.652200
0.570086 0.652200
0.570186 0.652200
0.570285 0.652200
0.570384 0.652200
0.570484 0.652200
0.570583 0.651589
0.570682 0.651589
0.570782 0.651589
0.570881 0.651589
0.570980 0.651589
0.571080 0.651589
0.571179 0.651589
0.571279 0.651589
0.571378 0.650978
0.571477 0.650978
0.571577 0.650978
0.571676 0.650978
0.571775 0.650978
0.571875 0.650978
0.571974 0.650978
0.572074 0.650978
0.572173 0.650978
0.572272 0.650978
0.572372 0.650978
0.572471 0.650978
0.572570 0.650978
0.572670 0.650978
0.572769 0.650978
0.572869 0.650367
0.572968 0.650367
0.573067 0.650367
0.573167 0.650367
0.573266 0.650367
0.573365 0.650367
0.573465 0.650367
0.573564 0.650367
0.573663 0.650367
0.573763 0.650367
0.573862 0.650367
0.573962 0.650367
0.574061 0.650367
0.574160 0.649756
0.574260 0.649756
0.574359 0.649756
0.574458 0.649756
0.574558 0.649756
0.574657 0.649756
0.574757 0.649756
0.574856 0.649756
0.574955 0.649756
0.575055 0.649144
0.575154 0.649144
0.575253 0.649144
0.575353 0.648533
0.575452 0.648533
0.575551 0.648533
0.575651 0.648533
0.575750 0.648533
0.575850 0.648533
0.575949 0.648533
0.576048 0.648533
0.576148 0.648533
0.576247 0.648533
0.576346 0.648533
0.576446 0.648533
0.576545 0.648533
0.576645 0.647922
0.576744 0.647922
0.576843 0.647922
0.576943 0.647922
0.577042 0.647922
0.577141 0.647922
0.577241 0.647922
0.577340 0.647922
0.577439 0.647922
0.577539 0.647922
0.577638 0.647922
0.577738 0.647922
0.577837 0.647922
0.577936 0.647922
0.578036 0.647922
0.578135 0.647922
0.578234 0.647922
0.578334 0.647922
0.578433 0.647922
0.578533 0.647922
0.578632 0.647922
0.578731 0.647922
0.578831 0.647922
0.578930 0.647922
0.579029 0.646699
0.579129 0.646699
0.579228 0.646699
0.579328 0.646699
0.579427 0.646699
0.579526 0.646699
0.579626 0.646699
0.579725 0.646699
0.579824 0.646699
0.579924 0.646088
0.580023 0.646088
0.580122 0.646088
0.580222 0.646088
0.580321 0.645477
0.580421 0.644866
0.580520 0.644866
0.580619 0.644866
0.580719 0.644866
0.580818 0.644866
0.580917 0.644866
0.581017 0.644866
0.581116 0.644866
0.581216 0.644866
0.581315 0.644866
0.581414 0.644866
0.581514 0.644866
0.581613 0.644866
0.581712 0.644866
0.581812 0.644866
0.581911 0.644866
0.582010 0.644866
0.582110 0.644254
0.582209 0.644254
0.582309 0.644254
0.582408 0.644254
0.582507 0.644254
0.582607 0.644254
0.582706 0.643643
0.582805 0.643643
0.582905 0.643643
0.583004 0.643643
0.583104 0.643643
0.583203 0.643643
0.583302 0.643643
0.583402 0.643643
0.583501 0.642421
0.583600 0.642421
0.583700 0.642421
0.583799 0.642421
0.583899 0.641809
0.583998 0.641809
0.584097 0.641809
0.584197 0.641809
0.584296 0.641809
0.584395 0.641198
0.584495 0.641198
0.584594 0.641198
0.584693 0.641198
0.584793 0.641198
0.584892 0.641198
0.584992 0.641198
0.585091 0.641198
0.585190 0.641198
0.585290 0.641198
0.585389 0.641198
0.585488 0.641198
0.585588 0.641198
0.585687 0.641198
0.585787 0.641198
0.585886 0.641198
0.585985 0.641198
0.586085 0.641198
0.586184 0.641198
0.586283 0.641198
0.586383 0.641198
0.586482 0.640587
0.586581 0.639976
0.586681 0.639976
0.586780 0.639976
0.586880 0.639976
0.586979 0.639976
0.587078 0.639976
0.587178 0.639976
0.587277 0.639976
0.587376 0.639976
0.587476 0.639976
0.587575 0.639976
0.587675 0.639976
0.587774 0.639976
0.587873 0.639364
0.587973 0.639364
0.588072 0.639364
0.588171 0.639364
0.588271 0.639364
0.588370 0.639364
0.588469 0.639364
0.588569 0.639364
0.588668 0.639364
0.588768 0.639364
0.588867 0.639364
0.588966 0.639364
0.589066 0.639364
0.589165 0.639364
0.589264 0.639364
0.589364 0.639364
0.589463 0.639364
0.589563 0.639364
0.589662 0.639364
0.589761 0.639364
0.589861 0.639364
0.589960 0.638753
0.590059 0.638753
0.590159 0.638753
0.590258 0.638753
0.590358 0.638753
0.590457 0.638753
0.590556 0.638753
0.590656 0.638753
0.590755 0.638753
0.590854 0.638753
0.590954 0.638753
0.591053 0.638753
0.591152 0.638142
0.591252 0.638142
0.591351 0.638142
0.591451 0.638142
0.591550 0.638142
0.591649 0.638142
0.591749 0.638142
0.591848 0.638142
0.591947 0.638142
0.592047 0.637531
0.592146 0.637531
0.592246 0.637531
0.592345 0.637531
0.592444 0.637531
0.592544 0.636308
0.592643 0.636308
0.592742 0.636308
0.592842 0.636308
0.592941 0.636308
0.593040 0.636308
0.593140 0.636308
0.593239 0.636308
0.593339 0.636308
0.593438 0.636308
0.593537 0.636308
0.593637 0.636308
0.593736 0.636308
0.593835 0.636308
0.593935 0.636308
0.594034 0.636308
0.594134 0.635697
0.594233 0.635697
0.594332 0.635697
0.594432 0.635697
0.594531 0.635697
0.594630 0.635697
0.594730 0.635697
0.594829 0.635697
0.594928 0.635086
0.595028 0.635086
0.595127 0.635086
0.595227 0.635086
0.595326 0.635086
0.595425 0.635086
0.595525 0.635086
0.595624 0.635086
0.595723 0.635086
0.595823 0.635086
0.595922 0.635086
0.596022 0.635086
0.596121 0.635086
0.596220 0.635086
0.596320 0.635086
0.596419 0.635086
0.596518 0.635086
0.596618 0.635086
0.596717 0.635086
0.596817 0.635086
0.596916 0.635086
0.597015 0.635086
0.597115 0.635086
0.597214 0.635086
0.597313 0.635086
0.597413 0.635086
0.597512 0.635086
0.597611 0.635086
0.597711 0.635086
0.597810 0.635086
0.597910 0.634474
0.598009 0.634474
0.598108 0.634474
0.598208 0.634474
0.598307 0.634474
0.598406 0.634474
0.598506 0.634474
0.598605 0.634474
0.598705 0.633863
0.598804 0.633863
0.598903 0.633863
0.599003 0.633863
0.599102 0.633863
0.599201 0.633252
0.599301 0.633252
0.599400 0.633252
0.599499 0.633252
0.599599 0.633252
0.599698 0.633252
0.599798 0.633252
0.599897 0.633252
0.599996 0.632641
0.600096 0.632641
0.600195 0.632641
0.600294 0.632641
0.600394 0.632641
0.600493 0.632641
0.600593 0.632641
0.600692 0.632641
0.600791 0.632641
0.600891 0.632029
0.600990 0.631418
0.601089 0.631418
0.601189 0.631418
0.601288 0.631418
0.601388 0.631418
0.601487 0.630807
0.601586 0.630807
0.601686 0.630196
0.601785 0.630196
0.601884 0.629584
0.601984 0.629584
0.602083 0.629584
0.602182 0.628973
0.602282 0.628973
0.602381 0.628973
0.602481 0.628973
0.602580 0.628973
0.602679 0.628973
0.602779 0.628973
0.602878 0.628973
0.602977 0.628362
0.603077 0.628362
0.603176 0.628362
0.603276 0.628362
0.603375 0.628362
0.603474 0.627751
0.603574 0.627751
0.603673 0.627751
0.603772 0.627751
0.603872 0.627751
0.603971 0.627751
0.604070 0.627751
0.604170 0.627751
0.604269 0.627751
0.604369 0.627751
0.604468 0.627751
0.604567 0.627751
0.604667 0.627751
0.604766 0.627751
0.604865 0.627751
0.604965 0.627751
0.605064 0.627751
0.605164 0.627751
0.605263 0.627751
0.605362 0.627139
0.605462 0.627139
0.605561 0.627139
0.605660 0.627139
0.605760 0.627139
0.605859 0.627139
0.605958 0.627139
0.606058 0.627139
0.606157 0.627139
0.606257 0.627139
0.606356 0.627139
0.606455 0.626528
0.606555 0.626528
0.606654 0.626528
0.606753 0.626528
0.606853 0.626528
0.606952 0.626528
0.607052 0.626528
0.607151 0.626528
0.607250 0.626528
0.607350 0.626528
0.607449 0.626528
0.607548 0.626528
0.607648 0.626528
0.607747 0.626528
0.607847 0.626528
0.607946 0.625917
0.608045 0.625917
0.608145 0.625917
0.608244 0.625306
0.608343 0.624694
0.608443 0.624694
0.608542 0.624694
0.608641 0.624694
0.608741 0.624694
0.608840 0.624694
0.608940 0.624694
0.609039 0.624694
0.609138 0.624694
0.609238 0.624694
0.609337 0.624694
0.609436 0.624694
0.609536 0.624694
0.609635 0.624694
0.609735 0.624083
0.609834 0.624083
0.609933 0.624083
0.610033 0.623472
0.610132 0.622861
0.610231 0.622861
0.610331 0.622861
0.610430 0.622861
0.610529 0.622861
0.610629 0.622861
0.610728 0.622249
0.610828 0.622249
0.610927 0.622249
0.611026 0.622249
0.611126 0.622249
0.611225 0.622249
0.611324 0.622249
0.611424 0.622249
0.611523 0.622249
0.611623 0.622249
0.611722 0.622249
0.611821 0.622249
0.611921 0.622249
0.612020 0.622249
0.612119 0.622249
0.612219 0.622249
0.612318 0.622249
0.612417 0.622249
0.612517 0.622249
0.612616 0.622249
0.612716 0.622249
0.612815 0.622249
0.612914 0.622249
0.613014 0.622249
0.613113 0.622249
0.613212 0.622249
0.613312 0.622249
0.613411 0.622249
0.613511 0.622249
0.613610 0.622249
0.613709 0.621638
0.613809 0.621638
0.613908 0.621638
0.614007 0.621638
0.614107 0.621638
0.614206 0.621638
0.614306 0.621638
0.614405 0.621638
0.614504 0.621027
0.614604 0.621027
0.614703 0.621027
0.614802 0.621027
0.614902 0.621027
0.615001 0.621027
0.615100 0.621027
0.615200 0.621027
0.615299 0.621027
0.615399 0.621027
0.615498 0.621027
0.615597 0.621027
0.615697 0.621027
0.615796 0.621027
0.615895 0.621027
0.615995 0.621027
0.616094 0.621027
0.616194 0.621027
0.616293 0.620416
0.616392 0.620416
0.616492 0.619804
0.616591 0.619804
0.616690 0.619804
0.616790 0.619193
0.616889 0.619193
0.616988 0.619193
0.617088 0.619193
0.617187 0.619193
0.617287 0.619193
0.617386 0.618582
0.617485 0.618582
0.617585 0.618582
0.617684 0.618582
0.617783 0.617971
0.617883 0.617359
0.617982 0.617359
0.618082 0.617359
0.618181 0.616748
0.618280 0.616748
0.618380 0.616748
0.618479 0.616748
0.618578 0.616748
0.618678 0.616748
0.618777 0.616748
0.618877 0.616748
0.618976 0.616748
0.619075 0.616748
0.619175 0.616748
0.619274 0.616748
0.619373 0.616748
0.619473 0.616748
0.619572 0.616748
0.619671 0.616748
0.619771 0.616137
0.619870 0.616137
0.619970 0.616137
0.620069 0.616137
0.620168 0.616137
0.620268 0.616137
0.620367 0.616137
0.620466 0.616137
0.620566 0.616137
0.620665 0.616137
0.620765 0.614914
0.620864 0.614914
0.620963 0.614914
0.621063 0.614914
0.621162 0.614303
0.621261 0.614303
0.621361 0.614303
0.621460 0.614303
0.621559 0.613692
0.621659 0.613692
0.621758 0.613692
0.621858 0.613692
0.621957 0.613692
0.622056 0.613692
0.622156 0.613692
0.622255 0.613692
0.622354 0.613692
0.622454 0.613692
0.622553 0.613081
0.622653 0.613081
0.622752 0.613081
0.622851 0.613081
0.622951 0.613081
0.623050 0.612469
0.623149 0.611858
0.623249 0.611858
0.623348 0.611858
0.623447 0.611858
0.623547 0.611858
0.623646 0.611247
0.623746 0.611247
0.623845 0.611247
0.623944 0.611247
0.624044 0.611247
0.624143 0.611247
0.624242 0.611247
0.624342 0.611247
0.624441 0.611247
0.624541 0.611247
0.624640 0.611247
0.624739 0.611247
0.624839 0.611247
0.624938 0.610636
0.625037 0.610636
0.625137 0.610636
0.625236 0.610024
0.625336 0.610024
0.625435 0.610024
0.625534 0.610024
0.625634 0.609413
0.625733 0.609413
0.625832 0.608802
0.625932 0.608802
0.626031 0.608802
0.626130 0.608802
0.626230 0.608191
0.626329 0.607579
0.626429 0.607579
0.626528 0.607579
0.626627 0.606968
0.626727 0.606968
0.626826 0.606968
0.626925 0.606968
0.627025 0.606968
0.627124 0.606968
0.627224 0.606968
0.627323 0.606968
0.627422 0.606968
0.627522 0.606968
0.627621 0.606968
0.627720 0.606968
0.627820 0.606968
0.627919 0.606968
0.628018 0.606968
0.628118 0.606968
0.628217 0.606968
0.628317 0.606968
0.628416 0.606968
0.628515 0.606968
0.628615 0.606968
0.628714 0.606968
0.628813 0.606968
0.628913 0.606968
0.629012 0.606968
0.629112 0.606968
0.629211 0.606357
0.629310 0.606357
0.629410 0.606357
0.629509 0.606357
0.629608 0.606357
0.629708 0.606357
0.629807 0.606357
0.629906 0.606357
0.630006 0.606357
0.630105 0.606357
0.630205 0.606357
0.630304 0.606357
0.630403 0.606357
0.630503 0.606357
0.630602 0.605746
0.630701 0.605746
0.630801 0.604523
0.630900 0.603912
0.631000 0.603912
0.631099 0.603912
0.631198 0.603912
0.631298 0.603912
0.631397 0.603912
0.631496 0.603912
0.631596 0.603912
0.631695 0.603912
0.631795 0.603301
0.631894 0.603301
0.631993 0.602689
0.632093 0.602689
0.632192 0.602689
0.632291 0.602689
0.632391 0.602689
0.632490 0.602689
0.632589 0.602078
0.632689 0.602078
0.632788 0.601467
0.632888 0.601467
0.632987 0.600856
0.633086 0.600856
0.633186 0.600856
0.633285 0.600856
0.633384 0.600856
0.633484 0.600856
0.633583 0.600244
0.633683 0.600244
0.633782 0.600244
0.633881 0.600244
0.633981 0.600244
0.634080 0.600244
0.634179 0.600244
0.634279 0.600244
0.634378 0.600244
0.634477 0.600244
0.634577 0.600244
0.634676 0.600244
0.634776 0.600244
0.634875 0.600244
0.634974 0.600244
0.635074 0.600244
0.635173 0.600244
0.635272 0.600244
0.635372 0.600244
0.635471 0.600244
0.635571 0.600244
0.635670 0.600244
0.635769 0.600244
0.635869 0.600244
0.635968 0.600244
0.636067 0.600244
0.636167 0.600244
0.636266 0.600244
0.636366 0.599633
0.636465 0.599633
0.636564 0.599633
0.636664 0.599633
0.636763 0.599633
0.636862 0.599633
0.636962 0.599633
0.637061 0.599633
0.637160 0.599633
0.637260 0.599633
0.637359 0.599633
0.637459 0.599633
0.637558 0.599633
0.637657 0.599633
0.637757 0.599633
0.637856 0.599633
0.637955 0.599022
0.638055 0.599022
0.638154 0.599022
0.638254 0.598411
0.638353 0.598411
0.638452 0.598411
0.638552 0.598411
0.638651 0.598411
0.638750 0.598411
0.638850 0.598411
0.638949 0.598411
0.639048 0.598411
0.639148 0.597800
0.639247 0.597800
0.639347 0.597800
0.639446 0.597800
0.639545 0.597800
0.639645 0.597800
0.639744 0.597800
0.639843 0.597800
0.639943 0.597800
0.640042 0.597188
0.640142 0.597188
0.640241 0.597188
0.640340 0.597188
0.640440 0.597188
0.640539 0.597188
0.640638 0.597188
0.640738 0.597188
0.640837 0.597188
0.640936 0.597188
0.641036 0.597188
0.641135 0.597188
0.641235 0.596577
0.641334 0.596577
0.641433 0.596577
0.641533 0.596577
0.641632 0.596577
0.641731 0.596577
0.641831 0.596577
0.641930 0.595966
0.642030 0.595966
0.642129 0.595966
0.642228 0.595966
0.642328 0.595966
0.642427 0.595966
0.642526 0.595966
0.642626 0.595966
0.642725 0.595966
0.642825 0.595966
0.642924 0.595966
0.643023 0.595966
0.643123 0.595966
0.643222 0.595355
0.643321 0.595355
0.643421 0.595355
0.643520 0.595355
0.643619 0.595355
0.643719 0.595355
0.643818 0.595355
0.643918 0.595355
0.644017 0.595355
0.644116 0.595355
0.644216 0.594743
0.644315 0.594743
0.644414 0.594743
0.644514 0.594743
0.644613 0.594743
0.644713 0.594743
0.644812 0.594743
0.644911 0.594132
0.645011 0.594132
0.645110 0.594132
0.645209 0.594132
0.645309 0.594132
0.645408 0.594132
0.645507 0.594132
0.645607 0.594132
0.645706 0.594132
0.645806 0.594132
0.645905 0.594132
0.646004 0.594132
0.646104 0.594132
0.646203 0.594132
0.646302 0.594132
0.646402 0.594132
0.646501 0.594132
0.646601 0.594132
0.646700 0.594132
0.646799 0.594132
0.646899 0.594132
0.646998 0.594132
0.647097 0.594132
0.647197 0.594132
0.647296 0.593521
0.647395 0.593521
0.647495 0.593521
0.647594 0.593521
0.647694 0.593521
0.647793 0.593521
0.647892 0.593521
0.647992 0.593521
0.648091 0.593521
0.648190 0.593521
0.648290 0.593521
0.648389 0.593521
0.648489 0.593521
0.648588 0.593521
0.648687 0.593521
0.648787 0.593521
0.648886 0.593521
0.648985 0.593521
0.649085 0.593521
0.649184 0.593521
0.649284 0.593521
0.649383 0.593521
0.649482 0.593521
0.649582 0.593521
0.649681 0.593521
0.649780 0.593521
0.649880 0.593521
0.649979 0.593521
0.650078 0.593521
0.650178 0.592910
0.650277 0.592910
0.650377 0.592910
0.650476 0.592910
0.650575 0.592910
0.650675 0.592910
0.650774 0.592910
0.650873 0.592910
0.650973 0.592910
0.651072 0.592910
0.651172 0.592910
0.651271 0.592910
0.651370 0.592910
0.651470 0.592910
0.651569 0.592910
0.651668 0.592910
0.651768 0.592910
0.651867 0.592910
0.651966 0.592910
0.652066 0.592910
0.652165 0.592910
0.652265 0.592910
0.652364 0.592910
0.652463 0.592910
0.652563 0.592910
0.652662 0.592910
0.652761 0.592910
0.652861 0.592298
0.652960 0.592298
0.653060 0.592298
0.653159 0.592298
0.653258 0.592298
0.653358 0.592298
0.653457 0.592298
0.653556 0.592298
0.653656 0.592298
0.653755 0.592298
0.653855 0.592298
0.653954 0.592298
0.654053 0.592298
0.654153 0.592298
0.654252 0.592298
0.654351 0.591687
0.654451 0.591687
0.654550 0.591687
0.654649 0.591687
0.654749 0.591687
0.654848 0.591687
0.654948 0.591687
0.655047 0.591687
0.655146 0.591687
0.655246 0.591687
0.655345 0.591687
0.655444 0.591687
0.655544 0.591687
0.655643 0.591687
0.655743 0.591687
0.655842 0.591076
0.655941 0.591076
0.656041 0.591076
0.656140 0.591076
0.656239 0.590465
0.656339 0.590465
0.656438 0.590465
0.656537 0.590465
0.656637 0.590465
0.656736 0.590465
0.656836 0.590465
0.656935 0.590465
0.657034 0.590465
0.657134 0.590465
0.657233 0.590465
0.657332 0.590465
0.657432 0.590465
0.657531 0.590465
0.657631 0.590465
0.657730 0.590465
0.657829 0.590465
0.657929 0.590465
0.658028 0.590465
0.658127 0.590465
0.658227 0.590465
0.658326 0.590465
0.658425 0.590465
0.658525 0.590465
0.658624 0.590465
0.658724 0.590465
0.658823 0.590465
0.658922 0.590465
0.659022 0.590465
0.659121 0.590465
0.659220 0.590465
0.659320 0.590465
0.659419 0.590465
0.659519 0.590465
0.659618 0.590465
0.659717 0.590465
0.659817 0.590465
0.659916 0.590465
0.660015 0.590465
0.660115 0.590465
0.660214 0.590465
0.660314 0.590465
0.660413 0.590465
0.660512 0.590465
0.660612 0.590465
0.660711 0.590465
0.660810 0.590465
0.660910 0.590465
0.661009 0.590465
0.661108 0.590465
0.661208 0.590465
0.661307 0.590465
0.661407 0.590465
0.661506 0.590465
0.661605 0.590465
0.661705 0.590465
0.661804 0.590465
0.661903 0.590465
0.662003 0.590465
0.662102 0.590465
0.662202 0.590465
0.662301 0.590465
0.662400 0.590465
0.662500 0.590465
0.662599 0.590465
0.662698 0.590465
0.662798 0.590465
0.662897 0.589853
0.662996 0.589853
0.663096 0.589853
0.663195 0.589853
0.663295 0.589853
0.663394 0.589853
0.663493 0.589853
0.663593 0.589853
0.663692 0.589853
0.663791 0.589853
0.663891 0.589853
0.663990 0.589242
0.664090 0.589242
0.664189 0.589242
0.664288 0.589242
0.664388 0.589242
0.664487 0.589242
0.664586 0.589242
0.664686 0.589242
0.664785 0.589242
0.664884 0.589242
0.664984 0.589242
0.665083 0.589242
0.665183 0.589242
0.665282 0.589242
0.665381 0.589242
0.665481 0.589242
0.665580 0.589242
0.665679 0.589242
0.665779 0.589242
0.665878 0.588020
0.665978 0.587408
0.666077 0.586797
0.666176 0.586797
0.666276 0.586797
0.666375 0.586797
0.666474 0.586797
0.666574 0.586797
0.666673 0.586797
0.666773 0.586797
0.666872 0.586797
0.666971 0.586797
0.667071 0.586797
0.667170 0.586797
0.667269 0.586797
0.667369 0.586797
0.667468 0.586797
0.667567 0.586186
0.667667 0.586186
0.667766 0.586186
0.667866 0.586186
0.667965 0.585575
0.668064 0.585575
0.668164 0.585575
0.668263 0.585575
0.668362 0.585575
0.668462 0.585575
0.668561 0.585575
0.668661 0.585575
0.668760 0.585575
0.668859 0.585575
0.668959 0.585575
0.669058 0.585575
0.669157 0.585575
0.669257 0.585575
0.669356 0.585575
0.669455 0.585575
0.669555 0.585575
0.669654 0.585575
0.669754 0.584963
0.669853 0.584963
0.669952 0.584963
0.670052 0.584963
0.670151 0.584963
0.670250 0.584963
0.670350 0.584963
0.670449 0.584963
0.670549 0.584963
0.670648 0.584963
0.670747 0.584963
0.670847 0.584963
0.670946 0.584963
0.671045 0.584963
0.671145 0.584963
0.671244 0.584963
0.671344 0.584963
0.671443 0.584963
0.671542 0.584963
0.671642 0.584963
0.671741 0.584963
0.671840 0.584963
0.671940 0.584963
0.672039 0.584352
0.672138 0.584352
0.672238 0.584352
0.672337 0.584352
0.672437 0.584352
0.672536 0.583741
0.672635 0.583741
0.672735 0.583741
0.672834 0.583741
0.672933 0.583741
0.673033 0.583741
0.673132 0.583741
0.673232 0.583741
0.673331 0.583741
0.673430 0.583741
0.673530 0.583130
0.673629 0.583130
0.673728 0.583130
0.673828 0.583130
0.673927 0.583130
0.674026 0.583130
0.674126 0.583130
0.674225 0.583130
0.674325 0.582518
0.674424 0.582518
0.674523 0.582518
0.674623 0.581907
0.674722 0.581907
0.674821 0.581907
0.674921 0.581907
0.675020 0.580685
0.675120 0.580073
0.675219 0.580073
0.675318 0.580073
0.675418 0.580073
0.675517 0.580073
0.675616 0.580073
0.675716 0.580073
0.675815 0.580073
0.675914 0.580073
0.676014 0.580073
0.676113 0.580073
0.676213 0.580073
0.676312 0.580073
0.676411 0.580073
0.676511 0.580073
0.676610 0.580073
0.676709 0.580073
0.676809 0.580073
0.676908 0.580073
0.677008 0.580073
0.677107 0.580073
0.677206 0.579462
0.677306 0.579462
0.677405 0.579462
0.677504 0.579462
0.677604 0.579462
0.677703 0.579462
0.677803 0.579462
0.677902 0.579462
0.678001 0.579462
0.678101 0.579462
0.678200 0.579462
0.678299 0.579462
0.678399 0.579462
0.678498 0.579462
0.678597 0.579462
0.678697 0.579462
0.678796 0.579462
0.678896 0.579462
0.678995 0.579462
0.679094 0.579462
0.679194 0.578851
0.679293 0.578851
0.679392 0.578851
0.679492 0.578851
0.679591 0.578851
0.679691 0.578851
0.679790 0.578851
0.679889 0.578851
0.679989 0.578240
0.680088 0.578240
0.680187 0.578240
0.680287 0.578240
0.680386 0.578240
0.680485 0.578240
0.680585 0.578240
0.680684 0.578240
0.680784 0.578240
0.680883 0.578240
0.680982 0.578240
0.681082 0.578240
0.681181 0.578240
0.681280 0.578240
0.681380 0.578240
0.681479 0.577628
0.681579 0.577628
0.681678 0.577628
0.681777 0.577017
0.681877 0.577017
0.681976 0.577017
0.682075 0.577017
0.682175 0.577017
0.682274 0.577017
0.682373 0.577017
0.682473 0.577017
0.682572 0.577017
0.682672 0.577017
0.682771 0.577017
0.682870 0.577017
0.682970 0.577017
0.683069 0.577017
0.683168 0.577017
0.683268 0.577017
0.683367 0.577017
0.683467 0.577017
0.683566 0.577017
0.683665 0.576406
0.683765 0.576406
0.683864 0.576406
0.683963 0.576406
0.684063 0.576406
0.684162 0.576406
0.684262 0.576406
0.684361 0.576406
0.684460 0.576406
0.684560 0.576406
0.684659 0.575795
0.684758 0.574572
0.684858 0.574572
0.684957 0.574572
0.685056 0.574572
0.685156 0.574572
0.685255 0.574572
0.685355 0.574572
0.685454 0.574572
0.685553 0.574572
0.685653 0.574572
0.685752 0.574572
0.685851 0.574572
0.685951 0.574572
0.686050 0.574572
0.686150 0.574572
0.686249 0.574572
0.686348 0.574572
0.686448 0.573961
0.686547 0.573961
0.686646 0.573961
0.686746 0.573961
0.686845 0.573961
0.686944 0.573961
0.687044 0.573350
0.687143 0.573350
0.687243 0.573350
0.687342 0.573350
0.687441 0.573350
0.687541 0.573350
0.687640 0.573350
0.687739 0.573350
0.687839 0.573350
0.687938 0.573350
0.688038 0.573350
0.688137 0.573350
0.688236 0.573350
0.688336 0.573350
0.688435 0.573350
0.688534 0.573350
0.688634 0.573350
0.688733 0.573350
0.688833 0.573350
0.688932 0.573350
0.689031 0.573350
0.689131 0.573350
0.689230 0.572738
0.689329 0.572738
0.689429 0.572738
0.689528 0.572738
0.689627 0.572738
0.689727 0.572738
0.689826 0.572738
0.689926 0.572738
0.690025 0.572738
0.690124 0.572738
0.690224 0.572738
0.690323 0.572127
0.690422 0.572127
0.690522 0.572127
0.690621 0.572127
0.690721 0.571516
0.690820 0.571516
0.690919 0.570905
0.691019 0.570293
0.691118 0.570293
0.691217 0.570293
0.691317 0.570293
0.691416 0.570293
0.691515 0.570293
0.691615 0.570293
0.691714 0.570293
0.691814 0.570293
0.691913 0.570293
0.692012 0.570293
0.692112 0.570293
0.692211 0.569682
0.692310 0.569682
0.692410 0.569682
0.692509 0.569682
0.692609 0.569682
0.692708 0.569682
0.692807 0.569682
0.692907 0.569682
0.693006 0.569682
0.693105 0.569682
0.693205 0.569682
0.693304 0.569682
0.693403 0.569682
0.693503 0.569682
0.693602 0.569682
0.693702 0.569682
0.693801 0.569682
0.693900 0.569682
0.694000 0.569682
0.694099 0.569682
0.694198 0.569682
0.694298 0.569682
0.694397 0.569682
0.694497 0.569682
0.694596 0.569682
0.694695 0.569682
0.694795 0.569682
0.694894 0.569682
0.694993 0.569682
0.695093 0.569682
0.695192 0.569682
0.695292 0.569682
0.695391 0.569682
0.695490 0.568460
0.695590 0.567237
0.695689 0.567237
0.695788 0.567237
0.695888 0.566626
0.695987 0.566626
0.696086 0.566626
0.696186 0.566626
0.696285 0.566626
0.696385 0.566015
0.696484 0.566015
0.696583 0.566015
0.696683 0.566015
0.696782 0.566015
0.696881 0.566015
0.696981 0.566015
0.697080 0.566015
0.697180 0.566015
0.697279 0.566015
0.697378 0.565403
0.697478 0.565403
0.697577 0.565403
0.697676 0.565403
0.697776 0.565403
0.697875 0.565403
0.697974 0.565403
0.698074 0.565403
0.698173 0.565403
0.698273 0.564792
0.698372 0.564792
0.698471 0.564792
0.698571 0.564792
0.698670 0.564792
0.698769 0.564792
0.698869 0.564181
0.698968 0.564181
0.699068 0.564181
0.699167 0.563570
0.699266 0.563570
0.699366 0.563570
0.699465 0.563570
0.699564 0.563570
0.699664 0.562958
0.699763 0.562958
0.699862 0.562958
0.699962 0.562958
0.700061 0.562347
0.700161 0.561736
0.700260 0.561736
0.700359 0.561736
0.700459 0.561736
0.700558 0.561736
0.700657 0.561125
0.700757 0.561125
0.700856 0.561125
0.700956 0.561125
0.701055 0.561125
0.701154 0.561125
0.701254 0.560513
0.701353 0.560513
0.701452 0.560513
0.701552 0.560513
0.701651 0.560513
0.701751 0.560513
0.701850 0.560513
0.701949 0.560513
0.702049 0.560513
0.702148 0.560513
0.702247 0.560513
0.702347 0.560513
0.702446 0.560513
0.702545 0.560513
0.702645 0.560513
0.702744 0.559291
0.702844 0.559291
0.702943 0.558680
0.703042 0.558680
0.703142 0.558680
0.703241 0.558680
0.703340 0.558680
0.703440 0.558680
0.703539 0.558680
0.703639 0.558680
0.703738 0.558068
0.703837 0.558068
0.703937 0.558068
0.704036 0.558068
0.704135 0.558068
0.704235 0.557457
0.704334 0.557457
0.704433 0.557457
0.704533 0.557457
0.704632 0.557457
0.704732 0.557457
0.704831 0.557457
0.704930 0.557457
0.705030 0.557457
0.705129 0.557457
0.705228 0.557457
0.705328 0.557457
0.705427 0.557457
0.705527 0.557457
0.705626 0.557457
0.705725 0.557457
0.705825 0.557457
0.705924 0.557457
0.706023 0.557457
0.706123 0.556846
0.706222 0.556846
0.706322 0.555623
0.706421 0.555623
0.706520 0.555623
0.706620 0.555623
0.706719 0.555623
0.706818 0.555623
0.706918 0.555623
0.707017 0.555623
0.707116 0.555623
0.707216 0.555623
0.707315 0.555623
0.707415 0.555623
0.707514 0.555623
0.707613 0.555623
0.707713 0.555623
0.707812 0.555623
0.707911 0.555623
0.708011 0.555623
0.708110 0.555623
0.708210 0.555623
0.708309 0.555623
0.708408 0.555623
0.708508 0.555623
0.708607 0.555623
0.708706 0.555623
0.708806 0.555623
0.708905 0.555623
0.709004 0.555623
0.709104 0.555623
0.709203 0.555623
0.709303 0.555623
0.709402 0.555623
0.709501 0.555623
0.709601 0.555623
0.709700 0.555623
0.709799 0.555623
0.709899 0.555623
0.709998 0.555623
0.710098 0.555012
0.710197 0.555012
0.710296 0.555012
0.710396 0.555012
0.710495 0.555012
0.710594 0.555012
0.710694 0.555012
0.710793 0.555012
0.710892 0.555012
0.710992 0.554401
0.711091 0.554401
0.711191 0.554401
0.711290 0.554401
0.711389 0.553790
0.711489 0.553790
0.711588 0.553790
0.711687 0.553790
0.711787 0.553790
0.711886 0.553790
0.711986 0.553790
0.712085 0.553178
0.712184 0.553178
0.712284 0.553178
0.712383 0.553178
0.712482 0.552567
0.712582 0.552567
0.712681 0.552567
0.712781 0.552567
0.712880 0.552567
0.712979 0.552567
0.713079 0.552567
0.713178 0.552567
0.713277 0.552567
0.713377 0.551956
0.713476 0.551345
0.713575 0.550733
0.713675 0.550122
0.713774 0.550122
0.713874 0.550122
0.713973 0.550122
0.714072 0.550122
0.714172 0.548900
0.714271 0.548900
0.714370 0.548900
0.714470 0.548900
0.714569 0.548900
0.714669 0.548289
0.714768 0.548289
0.714867 0.548289
0.714967 0.548289
0.715066 0.548289
0.715165 0.548289
0.715265 0.547677
0.715364 0.547677
0.715463 0.547677
0.715563 0.547677
0.715662 0.547677
0.715762 0.547677
0.715861 0.547677
0.715960 0.547677
0.716060 0.547677
0.716159 0.547066
0.716258 0.546455
0.716358 0.546455
0.716457 0.545844
0.716557 0.545844
0.716656 0.545844
0.716755 0.545844
0.716855 0.545844
0.716954 0.545844
0.717053 0.545844
0.717153 0.545844
0.717252 0.545844
0.717351 0.545232
0.717451 0.545232
0.717550 0.545232
0.717650 0.545232
0.717749 0.545232
0.717848 0.545232
0.717948 0.545232
0.718047 0.545232
0.718146 0.545232
0.718246 0.545232
0.718345 0.545232
0.718445 0.544621
0.718544 0.544621
0.718643 0.544621
0.718743 0.544621
0.718842 0.544621
0.718941 0.544621
0.719041 0.544621
0.719140 0.544621
0.719240 0.544621
0.719339 0.544621
0.719438 0.544010
0.719538 0.544010
0.719637 0.543399
0.719736 0.542787
0.719836 0.542176
0.719935 0.542176
0.720034 0.541565
0.720134 0.541565
0.720233 0.541565
0.720333 0.541565
0.720432 0.541565
0.720531 0.541565
0.720631 0.541565
0.720730 0.541565
0.720829 0.541565
0.720929 0.541565
0.721028 0.540954
0.721128 0.540342
0.721227 0.540342
0.721326 0.540342
0.721426 0.540342
0.721525 0.540342
0.721624 0.540342
0.721724 0.539120
0.721823 0.539120
0.721922 0.539120
0.722022 0.539120
0.722121 0.539120
0.722221 0.539120
0.722320 0.539120
0.722419 0.539120
0.722519 0.539120
0.722618 0.539120
0.722717 0.539120
0.722817 0.539120
0.722916 0.539120
0.723016 0.539120
0.723115 0.539120
0.723214 0.539120
0.723314 0.539120
0.723413 0.539120
0.723512 0.539120
0.723612 0.539120
0.723711 0.539120
0.723811 0.539120
0.723910 0.539120
0.724009 0.539120
0.724109 0.539120
0.724208 0.539120
0.724307 0.538509
0.724407 0.538509
0.724506 0.538509
0.724605 0.538509
0.724705 0.538509
0.724804 0.538509
0.724904 0.538509
0.725003 0.538509
0.725102 0.537897
0.725202 0.537897
0.725301 0.537897
0.725400 0.537897
0.725500 0.537897
0.725599 0.537897
0.725699 0.537897
0.725798 0.537897
0.725897 0.537897
0.725997 0.537897
0.726096 0.537897
0.726195 0.537897
0.726295 0.537897
0.726394 0.537897
0.726493 0.537897
0.726593 0.537897
0.726692 0.537897
0.726792 0.537897
0.726891 0.537897
0.726990 0.537897
0.727090 0.537286
0.727189 0.537286
0.727288 0.537286
0.727388 0.537286
0.727487 0.537286
0.727587 0.537286
0.727686 0.537286
0.727785 0.537286
0.727885 0.537286
0.727984 0.537286
0.728083 0.537286
0.728183 0.537286
0.728282 0.537286
0.728381 0.537286
0.728481 0.537286
0.728580 0.537286
0.728680 0.537286
0.728779 0.537286
0.728878 0.537286
0.728978 0.537286
0.729077 0.537286
0.729176 0.537286
0.729276 0.537286
0.729375 0.537286
0.729475 0.537286
0.729574 0.537286
0.729673 0.537286
0.729773 0.537286
0.729872 0.537286
0.729971 0.536675
0.730071 0.536675
0.730170 0.536675
0.730270 0.536064
0.730369 0.536064
0.730468 0.536064
0.730568 0.535452
0.730667 0.535452
0.730766 0.535452
0.730866 0.535452
0.730965 0.535452
0.731064 0.535452
0.731164 0.535452
0.731263 0.535452
0.731363 0.535452
0.731462 0.535452
0.731561 0.535452
0.731661 0.535452
0.731760 0.535452
0.731859 0.535452
0.731959 0.535452
0.732058 0.534841
0.732158 0.534841
0.732257 0.534841
0.732356 0.534841
0.732456 0.534841
0.732555 0.534230
0.732654 0.534230
0.732754 0.534230
0.732853 0.534230
0.732952 0.534230
0.733052 0.534230
0.733151 0.534230
0.733251 0.534230
0.733350 0.534230
0.733449 0.534230
0.733549 0.534230
0.733648 0.534230
0.733747 0.534230
0.733847 0.534230
0.733946 0.534230
0.734046 0.534230
0.734145 0.534230
0.734244 0.534230
0.734344 0.533619
0.734443 0.533619
0.734542 0.533619
0.734642 0.533619
0.734741 0.533619
0.734841 0.533619
0.734940 0.533619
0.735039 0.533619
0.735139 0.533619
0.735238 0.533619
0.735337 0.533619
0.735437 0.533619
0.735536 0.533619
0.735635 0.533619
0.735735 0.533619
0.735834 0.533619
0.735934 0.533619
0.736033 0.533619
0.736132 0.533619
0.736232 0.533619
0.736331 0.533619
0.736430 0.533619
0.736530 0.533619
0.736629 0.533619
0.736729 0.533007
0.736828 0.532396
0.736927 0.532396
0.737027 0.532396
0.737126 0.532396
0.737225 0.532396
0.737325 0.532396
0.737424 0.532396
0.737523 0.532396
0.737623 0.532396
0.737722 0.531785
0.737822 0.531785
0.737921 0.531785
0.738020 0.531785
0.738120 0.531785
0.738219 0.531785
0.738318 0.531785
0.738418 0.531174
0.738517 0.531174
0.738617 0.531174
0.738716 0.531174
0.738815 0.531174
0.738915 0.530562
0.739014 0.530562
0.739113 0.530562
0.739213 0.530562
0.739312 0.530562
0.739411 0.530562
0.739511 0.530562
0.739610 0.530562
0.739710 0.530562
0.739809 0.530562
0.739908 0.530562
0.740008 0.530562
0.740107 0.530562
0.740206 0.530562
0.740306 0.529951
0.740405 0.529951
0.740505 0.529340
0.740604 0.529340
0.740703 0.529340
0.740803 0.529340
0.740902 0.529340
0.741001 0.529340
0.741101 0.528729
0.741200 0.528729
0.741300 0.528729
0.741399 0.528729
0.741498 0.528729
0.741598 0.528729
0.741697 0.528729
0.741796 0.528117
0.741896 0.528117
0.741995 0.527506
0.742094 0.526895
0.742194 0.526895
0.742293 0.526895
0.742393 0.526284
0.742492 0.526284
0.742591 0.526284
0.742691 0.526284
0.742790 0.526284
0.742889 0.526284
0.742989 0.526284
0.743088 0.526284
0.743188 0.526284
0.743287 0.526284
0.743386 0.526284
0.743486 0.526284
0.743585 0.526284
0.743684 0.526284
0.743784 0.526284
0.743883 0.526284
0.743982 0.526284
0.744082 0.526284
0.744181 0.526284
0.744281 0.526284
0.744380 0.525672
0.744479 0.525672
0.744579 0.525672
0.744678 0.525672
0.744777 0.525672
0.744877 0.525672
0.744976 0.525672
0.745076 0.525672
0.745175 0.525672
0.745274 0.525061
0.745374 0.525061
0.745473 0.525061
0.745572 0.524450
0.745672 0.524450
0.745771 0.523839
0.745870 0.523839
0.745970 0.523839
0.746069 0.523839
0.746169 0.523839
0.746268 0.523839
0.746367 0.523839
0.746467 0.523839
0.746566 0.523839
0.746665 0.523839
0.746765 0.523227
0.746864 0.523227
0.746964 0.523227
0.747063 0.523227
0.747162 0.523227
0.747262 0.523227
0.747361 0.523227
0.747460 0.523227
0.747560 0.523227
0.747659 0.523227
0.747759 0.523227
0.747858 0.523227
0.747957 0.523227
0.748057 0.523227
0.748156 0.523227
0.748255 0.523227
0.748355 0.523227
0.748454 0.523227
0.748553 0.523227
0.748653 0.523227
0.748752 0.522616
0.748852 0.522616
0.748951 0.522616
0.749050 0.522616
0.749150 0.522616
0.749249 0.522616
0.749348 0.522616
0.749448 0.522616
0.749547 0.522616
0.749647 0.522616
0.749746 0.522616
0.749845 0.522616
0.749945 0.522616
0.750044 0.522616
0.750143 0.522616
0.750243 0.522616
0.750342 0.522616
0.750441 0.522005
0.750541 0.522005
0.750640 0.522005
0.750740 0.522005
0.750839 0.522005
0.750938 0.522005
0.751038 0.522005
0.751137 0.522005
0.751236 0.522005
0.751336 0.522005
0.751435 0.522005
0.751535 0.522005
0.751634 0.522005
0.751733 0.522005
0.751833 0.522005
0.751932 0.522005
0.752031 0.522005
0.752131 0.522005
0.752230 0.522005
0.752330 0.522005
0.752429 0.522005
0.752528 0.522005
0.752628 0.522005
0.752727 0.522005
0.752826 0.522005
0.752926 0.521394
0.753025 0.521394
0.753124 0.521394
0.753224 0.521394
0.753323 0.521394
0.753423 0.521394
0.753522 0.521394
0.753621 0.521394
0.753721 0.521394
0.753820 0.521394
0.753919 0.521394
0.754019 0.521394
0.754118 0.521394
0.754218 0.521394
0.754317 0.521394
0.754416 0.521394
0.754516 0.521394
0.754615 0.520782
0.754714 0.520782
0.754814 0.520782
0.754913 0.520782
0.755012 0.520782
0.755112 0.520171
0.755211 0.520171
0.755311 0.520171
0.755410 0.520171
0.755509 0.519560
0.755609 0.519560
0.755708 0.519560
0.755807 0.519560
0.755907 0.519560
0.756006 0.519560
0.756106 0.518949
0.756205 0.518949
0.756304 0.518949
0.756404 0.518949
0.756503 0.518949
0.756602 0.518949
0.756702 0.518949
0.756801 0.518949
0.756900 0.518949
0.757000 0.518949
0.757099 0.518949
0.757199 0.518949
0.757298 0.518949
0.757397 0.517726
0.757497 0.517726
0.757596 0.517726
0.757695 0.517726
0.757795 0.517726
0.757894 0.517726
0.757994 0.517726
0.758093 0.517726
0.758192 0.517726
0.758292 0.517726
0.758391 0.517726
0.758490 0.517726
0.758590 0.517726
0.758689 0.517726
0.758789 0.517726
0.758888 0.517726
0.758987 0.517726
0.759087 0.517726
0.759186 0.517726
0.759285 0.517115
0.759385 0.517115
0.759484 0.517115
0.759583 0.517115
0.759683 0.517115
0.759782 0.517115
0.759882 0.517115
0.759981 0.517115
0.760080 0.517115
0.760180 0.517115
0.760279 0.517115
0.760378 0.517115
0.760478 0.517115
0.760577 0.517115
0.760677 0.517115
0.760776 0.517115
0.760875 0.517115
0.760975 0.517115
0.761074 0.517115
0.761173 0.517115
0.761273 0.517115
0.761372 0.517115
0.761471 0.517115
0.761571 0.517115
0.761670 0.517115
0.761770 0.516504
0.761869 0.516504
0.761968 0.516504
0.762068 0.516504
0.762167 0.516504
0.762266 0.516504
0.762366 0.516504
0.762465 0.516504
0.762565 0.516504
0.762664 0.516504
0.762763 0.516504
0.762863 0.516504
0.762962 0.516504
0.763061 0.516504
0.763161 0.516504
0.763260 0.516504
0.763359 0.516504
0.763459 0.516504
0.763558 0.516504
0.763658 0.516504
0.763757 0.516504
0.763856 0.516504
0.763956 0.515892
0.764055 0.515892
0.764154 0.515892
0.764254 0.515892
0.764353 0.515892
0.764453 0.515281
0.764552 0.515281
0.764651 0.514059
0.764751 0.514059
0.764850 0.513447
0.764949 0.513447
0.765049 0.513447
0.765148 0.513447
0.765248 0.513447
0.765347 0.513447
0.765446 0.513447
0.765546 0.513447
0.765645 0.513447
0.765744 0.513447
0.765844 0.513447
0.765943 0.513447
0.766042 0.513447
0.766142 0.512836
0.766241 0.512836
0.766341 0.512836
0.766440 0.512836
0.766539 0.512836
0.766639 0.512836
0.766738 0.512836
0.766837 0.512836
0.766937 0.512836
0.767036 0.512836
0.767136 0.512836
0.767235 0.512836
0.767334 0.512225
0.767434 0.512225
0.767533 0.512225
0.767632 0.512225
0.767732 0.511614
0.767831 0.511614
0.767930 0.511614
0.768030 0.511614
0.768129 0.510391
0.768229 0.509780
0.768328 0.509780
0.768427 0.509780
0.768527 0.509780
0.768626 0.509780
0.768725 0.509780
0.768825 0.509780
0.768924 0.509780
0.769024 0.509780
0.769123 0.509780
0.769222 0.509780
0.769322 0.509780
0.769421 0.509169
0.769520 0.509169
0.769620 0.508557
0.769719 0.508557
0.769819 0.508557
0.769918 0.508557
0.770017 0.508557
0.770117 0.508557
0.770216 0.508557
0.770315 0.508557
0.770415 0.508557
0.770514 0.507946
0.770613 0.507946
0.770713 0.507946
0.770812 0.507946
0.770912 0.507946
0.771011 0.507946
0.771110 0.507946
0.771210 0.507946
0.771309 0.507946
0.771408 0.507946
0.771508 0.507946
0.771607 0.507946
0.771707 0.507946
0.771806 0.507946
0.771905 0.507946
0.772005 0.507946
0.772104 0.507946
0.772203 0.507335
0.772303 0.507335
0.772402 0.507335
0.772501 0.507335
0.772601 0.507335
0.772700 0.507335
0.772800 0.506724
0.772899 0.506724
0.772998 0.506724
0.773098 0.506724
0.773197 0.506724
0.773296 0.506724
0.773396 0.506724
0.773495 0.506112
0.773595 0.506112
0.773694 0.504279
0.773793 0.504279
0.773893 0.504279
0.773992 0.504279
0.774091 0.504279
0.774191 0.503667
0.774290 0.503667
0.774389 0.503667
0.774489 0.503667
0.774588 0.503667
0.774688 0.503667
0.774787 0.503667
0.774886 0.503056
0.774986 0.503056
0.775085 0.503056
0.775184 0.503056
0.775284 0.503056
0.775383 0.503056
0.775483 0.503056
0.775582 0.503056
0.775681 0.503056
0.775781 0.503056
0.775880 0.503056
0.775979 0.503056
0.776079 0.503056
0.776178 0.503056
0.776278 0.503056
0.776377 0.503056
0.776476 0.503056
0.776576 0.503056
0.776675 0.503056
0.776774 0.503056
0.776874 0.503056
0.776973 0.503056
0.777072 0.503056
0.777172 0.503056
0.777271 0.503056
0.777371 0.503056
0.777470 0.503056
0.777569 0.503056
0.777669 0.503056
0.777768 0.502445
0.777867 0.502445
0.777967 0.502445
0.778066 0.502445
0.778166 0.502445
0.778265 0.501834
0.778364 0.501834
0.778464 0.501834
0.778563 0.501834
0.778662 0.501834
0.778762 0.501834
0.778861 0.501834
0.778960 0.501222
0.779060 0.501222
0.779159 0.501222
0.779259 0.501222
0.779358 0.501222
0.779457 0.501222
0.779557 0.501222
0.779656 0.500000
0.779755 0.499389
0.779855 0.499389
0.779954 0.499389
0.780054 0.499389
0.780153 0.499389
0.780252 0.499389
0.780352 0.499389
0.780451 0.499389
0.780550 0.499389
0.780650 0.499389
0.780749 0.499389
0.780848 0.499389
0.780948 0.499389
0.781047 0.499389
0.781147 0.499389
0.781246 0.499389
0.781345 0.499389
0.781445 0.499389
0.781544 0.498778
0.781643 0.498778
0.781743 0.498778
0.781842 0.498778
0.781942 0.498166
0.782041 0.498166
0.782140 0.498166
0.782240 0.498166
0.782339 0.498166
0.782438 0.497555
0.782538 0.497555
0.782637 0.497555
0.782737 0.497555
0.782836 0.497555
0.782935 0.497555
0.783035 0.497555
0.783134 0.497555
0.783233 0.497555
0.783333 0.497555
0.783432 0.497555
0.783531 0.497555
0.783631 0.497555
0.783730 0.497555
0.783830 0.497555
0.783929 0.497555
0.784028 0.497555
0.784128 0.496944
0.784227 0.496944
0.784326 0.496944
0.784426 0.496944
0.784525 0.496944
0.784625 0.496944
0.784724 0.496944
0.784823 0.496944
0.784923 0.496333
0.785022 0.496333
0.785121 0.496333
0.785221 0.496333
0.785320 0.495721
0.785419 0.495110
0.785519 0.495110
0.785618 0.495110
0.785718 0.495110
0.785817 0.495110
0.785916 0.495110
0.786016 0.494499
0.786115 0.494499
0.786214 0.493888
0.786314 0.493276
0.786413 0.492665
0.786513 0.492665
0.786612 0.492665
0.786711 0.492665
0.786811 0.492054
0.786910 0.492054
0.787009 0.492054
0.787109 0.492054
0.787208 0.491443
0.787308 0.491443
0.787407 0.491443
0.787506 0.491443
0.787606 0.491443
0.787705 0.491443
0.787804 0.491443
0.787904 0.491443
0.788003 0.491443
0.788102 0.490831
0.788202 0.490831
0.788301 0.490220
0.788401 0.490220
0.788500 0.490220
0.788599 0.490220
0.788699 0.490220
0.788798 0.490220
0.788897 0.490220
0.788997 0.490220
0.789096 0.490220
0.789196 0.490220
0.789295 0.490220
0.789394 0.489609
0.789494 0.488998
0.789593 0.488386
0.789692 0.488386
0.789792 0.488386
0.789891 0.488386
0.789990 0.488386
0.790090 0.488386
0.790189 0.488386
0.790289 0.488386
0.790388 0.488386
0.790487 0.488386
0.790587 0.488386
0.790686 0.487775
0.790785 0.487775
0.790885 0.487775
0.790984 0.487775
0.791084 0.487775
0.791183 0.487775
0.791282 0.487775
0.791382 0.487775
0.791481 0.487775
0.791580 0.487775
0.791680 0.487775
0.791779 0.487775
0.791878 0.487775
0.791978 0.487775
0.792077 0.487775
0.792177 0.487775
0.792276 0.487775
0.792375 0.487775
0.792475 0.487775
0.792574 0.487775
0.792673 0.487164
0.792773 0.487164
0.792872 0.487164
0.792972 0.487164
0.793071 0.487164
0.793170 0.487164
0.793270 0.487164
0.793369 0.487164
0.793468 0.487164
0.793568 0.487164
0.793667 0.486553
0.793767 0.486553
0.793866 0.486553
0.793965 0.486553
0.794065 0.486553
0.794164 0.486553
0.794263 0.486553
0.794363 0.486553
0.794462 0.486553
0.794561 0.486553
0.794661 0.486553
0.794760 0.486553
0.794860 0.486553
0.794959 0.486553
0.795058 0.485941
0.795158 0.485941
0.795257 0.485941
0.795356 0.484719
0.795456 0.484719
0.795555 0.484719
0.795655 0.484719
0.795754 0.484719
0.795853 0.484719
0.795953 0.484719
0.796052 0.484108
0.796151 0.484108
0.796251 0.484108
0.796350 0.484108
0.796449 0.484108
0.796549 0.484108
0.796648 0.484108
0.796748 0.484108
0.796847 0.484108
0.796946 0.483496
0.797046 0.483496
0.797145 0.483496
0.797244 0.483496
0.797344 0.483496
0.797443 0.482885
0.797543 0.482885
0.797642 0.482885
0.797741 0.482885
0.797841 0.482885
0.797940 0.482885
0.798039 0.482885
0.798139 0.482885
0.798238 0.481663
0.798337 0.481663
0.798437 0.481663
0.798536 0.481663
0.798636 0.481663
0.798735 0.481663
0.798834 0.481663
0.798934 0.481663
0.799033 0.481663
0.799132 0.481051
0.799232 0.481051
0.799331 0.481051
0.799431 0.481051
0.799530 0.481051
0.799629 0.481051
0.799729 0.481051
0.799828 0.481051
0.799927 0.481051
0.800027 0.481051
0.800126 0.481051
0.800226 0.481051
0.800325 0.481051
0.800424 0.480440
0.800524 0.480440
0.800623 0.480440
0.800722 0.480440
0.800822 0.480440
0.800921 0.480440
0.801020 0.480440
0.801120 0.480440
0.801219 0.479829
0.801319 0.479829
0.801418 0.479829
0.801517 0.479829
0.801617 0.479829
0.801716 0.479829
0.801815 0.479829
0.801915 0.479829
0.802014 0.479829
0.802114 0.479829
0.802213 0.479829
0.802312 0.479829
0.802412 0.479829
0.802511 0.479829
0.802610 0.479829
0.802710 0.479829
0.802809 0.479829
0.802908 0.479829
0.803008 0.479829
0.803107 0.479829
0.803207 0.479829
0.803306 0.479829
0.803405 0.479829
0.803505 0.479829
0.803604 0.479829
0.803703 0.479829
0.803803 0.479829
0.803902 0.479829
0.804002 0.479829
0.804101 0.479829
0.804200 0.479829
0.804300 0.479829
0.804399 0.479829
0.804498 0.479829
0.804598 0.479829
0.804697 0.479829
0.804797 0.479829
0.804896 0.479829
0.804995 0.479829
0.805095 0.479829
0.805194 0.479829
0.805293 0.479829
0.805393 0.479829
0.805492 0.479829
0.805591 0.479829
0.805691 0.479829
0.805790 0.479829
0.805890 0.479829
0.805989 0.479829
0.806088 0.479829
0.806188 0.479829
0.806287 0.479829
0.806386 0.479218
0.806486 0.479218
0.806585 0.479218
0.806685 0.479218
0.806784 0.479218
0.806883 0.479218
0.806983 0.479218
0.807082 0.479218
0.807181 0.478606
0.807281 0.478606
0.807380 0.478606
0.807479 0.478606
0.807579 0.477995
0.807678 0.477384
0.807778 0.476773
0.807877 0.476773
0.807976 0.476773
0.808076 0.476773
0.808175 0.475550
0.808274 0.475550
0.808374 0.475550
0.808473 0.475550
0.808573 0.474939
0.808672 0.474939
0.808771 0.474939
0.808871 0.474939
0.808970 0.474939
0.809069 0.474939
0.809169 0.474939
0.809268 0.474939
0.809367 0.474939
0.809467 0.474939
0.809566 0.474939
0.809666 0.474939
0.809765 0.474939
0.809864 0.474939
0.809964 0.474939
0.810063 0.474939
0.810162 0.474939
0.810262 0.474939
0.810361 0.474939
0.810461 0.474939
0.810560 0.474939
0.810659 0.474939
0.810759 0.474939
0.810858 0.474939
0.810957 0.474939
0.811057 0.474939
0.811156 0.474939
0.811256 0.474939
0.811355 0.474939
0.811454 0.474939
0.811554 0.474939
0.811653 0.474939
0.811752 0.474939
0.811852 0.474939
0.811951 0.474328
0.812050 0.474328
0.812150 0.474328
0.812249 0.474328
0.812349 0.474328
0.812448 0.474328
0.812547 0.474328
0.812647 0.474328
0.812746 0.473716
0.812845 0.473716
0.812945 0.473716
0.813044 0.473716
0.813144 0.473105
0.813243 0.473105
0.813342 0.473105
0.813442 0.473105
0.813541 0.473105
0.813640 0.473105
0.813740 0.473105
0.813839 0.473105
0.813938 0.473105
0.814038 0.472494
0.814137 0.471883
0.814237 0.471271
0.814336 0.471271
0.814435 0.471271
0.814535 0.471271
0.814634 0.471271
0.814733 0.471271
0.814833 0.471271
0.814932 0.471271
0.815032 0.471271
0.815131 0.471271
0.815230 0.471271
0.815330 0.471271
0.815429 0.471271
0.815528 0.471271
0.815628 0.471271
0.815727 0.471271
0.815826 0.471271
0.815926 0.471271
0.816025 0.471271
0.816125 0.471271
0.816224 0.471271
0.816323 0.471271
0.816423 0.471271
0.816522 0.471271
0.816621 0.471271
0.816721 0.471271
0.816820 0.471271
0.816920 0.471271
0.817019 0.471271
0.817118 0.471271
0.817218 0.471271
0.817317 0.471271
0.817416 0.471271
0.817516 0.471271
0.817615 0.471271
0.817715 0.471271
0.817814 0.471271
0.817913 0.471271
0.818013 0.471271
0.818112 0.470660
0.818211 0.470660
0.818311 0.470660
0.818410 0.470660
0.818509 0.470660
0.818609 0.470660
0.818708 0.470660
0.818808 0.470660
0.818907 0.470660
0.819006 0.470660
0.819106 0.470660
0.819205 0.470049
0.819304 0.470049
0.819404 0.469438
0.819503 0.469438
0.819603 0.469438
0.819702 0.469438
0.819801 0.469438
0.819901 0.469438
0.820000 0.469438
0.820099 0.469438
0.820199 0.469438
0.820298 0.469438
0.820397 0.469438
0.820497 0.469438
0.820596 0.469438
0.820696 0.469438
0.820795 0.469438
0.820894 0.469438
0.820994 0.469438
0.821093 0.469438
0.821192 0.468826
0.821292 0.468215
0.821391 0.468215
0.821491 0.468215
0.821590 0.468215
0.821689 0.467604
0.821789 0.467604
0.821888 0.466381
0.821987 0.466381
0.822087 0.465770
0.822186 0.465770
0.822286 0.465770
0.822385 0.465770
0.822484 0.465770
0.822584 0.465770
0.822683 0.465770
0.822782 0.465770
0.822882 0.465159
0.822981 0.465159
0.823080 0.463936
0.823180 0.463936
0.823279 0.463936
0.823379 0.463936
0.823478 0.463936
0.823577 0.463325
0.823677 0.463325
0.823776 0.463325
0.823875 0.463325
0.823975 0.463325
0.824074 0.463325
0.824174 0.463325
0.824273 0.462714
0.824372 0.462103
0.824472 0.462103
0.824571 0.462103
0.824670 0.462103
0.824770 0.462103
0.824869 0.462103
0.824968 0.462103
0.825068 0.462103
0.825167 0.462103
0.825267 0.462103
0.825366 0.462103
0.825465 0.462103
0.825565 0.461491
0.825664 0.461491
0.825763 0.461491
0.825863 0.461491
0.825962 0.461491
0.826062 0.461491
0.826161 0.461491
0.826260 0.460880
0.826360 0.460880
0.826459 0.460880
0.826558 0.460880
0.826658 0.460880
0.826757 0.460269
0.826856 0.460269
0.826956 0.460269
0.827055 0.460269
0.827155 0.460269
0.827254 0.460269
0.827353 0.459658
0.827453 0.459658
0.827552 0.459046
0.827651 0.459046
0.827751 0.459046
0.827850 0.459046
0.827950 0.459046
0.828049 0.459046
0.828148 0.459046
0.828248 0.459046
0.828347 0.459046
0.828446 0.459046
0.828546 0.459046
0.828645 0.459046
0.828745 0.459046
0.828844 0.459046
0.828943 0.458435
0.829043 0.457824
0.829142 0.457824
0.829241 0.457824
0.829341 0.457824
0.829440 0.457824
0.829539 0.457824
0.829639 0.457824
0.829738 0.457213
0.829838 0.457213
0.829937 0.457213
0.830036 0.457213
0.830136 0.457213
0.830235 0.457213
0.830334 0.457213
0.830434 0.457213
0.830533 0.457213
0.830633 0.457213
0.830732 0.457213
0.830831 0.457213
0.830931 0.456601
0.831030 0.455990
0.831129 0.455990
0.831229 0.455990
0.831328 0.455990
0.831427 0.455990
0.831527 0.455990
0.831626 0.455990
0.831726 0.455990
0.831825 0.455379
0.831924 0.455379
0.832024 0.455379
0.832123 0.455379
0.832222 0.455379
0.832322 0.455379
0.832421 0.455379
0.832521 0.455379
0.832620 0.454768
0.832719 0.454768
0.832819 0.453545
0.832918 0.453545
0.833017 0.453545
0.833117 0.453545
0.833216 0.453545
0.833315 0.453545
0.833415 0.453545
0.833514 0.453545
0.833614 0.452934
0.833713 0.452323
0.833812 0.452323
0.833912 0.452323
0.834011 0.452323
0.834110 0.452323
0.834210 0.451711
0.834309 0.451711
0.834409 0.451711
0.834508 0.451711
0.834607 0.451711
0.834707 0.451711
0.834806 0.451711
0.834905 0.451100
0.835005 0.450489
0.835104 0.449878
0.835204 0.449878
0.835303 0.449878
0.835402 0.449267
0.835502 0.448655
0.835601 0.448655
0.835700 0.448655
0.835800 0.448655
0.835899 0.448655
0.835998 0.448655
0.836098 0.448655
0.836197 0.448655
0.836297 0.448655
0.836396 0.448655
0.836495 0.448655
0.836595 0.448044
0.836694 0.448044
0.836793 0.448044
0.836893 0.448044
0.836992 0.448044
0.837092 0.448044
0.837191 0.448044
0.837290 0.448044
0.837390 0.448044
0.837489 0.448044
0.837588 0.448044
0.837688 0.448044
0.837787 0.448044
0.837886 0.448044
0.837986 0.448044
0.838085 0.448044
0.838185 0.448044
0.838284 0.448044
0.838383 0.447433
0.838483 0.447433
0.838582 0.446822
0.838681 0.446822
0.838781 0.446822
0.838880 0.446822
0.838980 0.446822
0.839079 0.446822
0.839178 0.446210
0.839278 0.446210
0.839377 0.446210
0.839476 0.446210
0.839576 0.446210
0.839675 0.446210
0.839775 0.446210
0.839874 0.446210
0.839973 0.446210
0.840073 0.446210
0.840172 0.446210
0.840271 0.446210
0.840371 0.446210
0.840470 0.446210
0.840569 0.446210
0.840669 0.445599
0.840768 0.445599
0.840868 0.445599
0.840967 0.445599
0.841066 0.445599
0.841166 0.445599
0.841265 0.445599
0.841364 0.445599
0.841464 0.444988
0.841563 0.444988
0.841663 0.444988
0.841762 0.444377
0.841861 0.444377
0.841961 0.444377
0.842060 0.444377
0.842159 0.444377
0.842259 0.444377
0.842358 0.444377
0.842457 0.443765
0.842557 0.443765
0.842656 0.443765
0.842756 0.443154
0.842855 0.443154
0.842954 0.442543
0.843054 0.442543
0.843153 0.442543
0.843252 0.442543
0.843352 0.442543
0.843451 0.442543
0.843551 0.442543
0.843650 0.441932
0.843749 0.441320
0.843849 0.441320
0.843948 0.441320
0.844047 0.441320
0.844147 0.441320
0.844246 0.441320
0.844345 0.441320
0.844445 0.441320
0.844544 0.441320
0.844644 0.441320
0.844743 0.441320
0.844842 0.441320
0.844942 0.441320
0.845041 0.441320
0.845140 0.440709
0.845240 0.440709
0.845339 0.440098
0.845439 0.440098
0.845538 0.440098
0.845637 0.439487
0.845737 0.439487
0.845836 0.439487
0.845935 0.439487
0.846035 0.438875
0.846134 0.438875
0.846234 0.438875
0.846333 0.438875
0.846432 0.438875
0.846532 0.438875
0.846631 0.438875
0.846730 0.438875
0.846830 0.438875
0.846929 0.438875
0.847028 0.438875
0.847128 0.438264
0.847227 0.438264
0.847327 0.438264
0.847426 0.438264
0.847525 0.438264
0.847625 0.438264
0.847724 0.438264
0.847823 0.438264
0.847923 0.438264
0.848022 0.437653
0.848122 0.437653
0.848221 0.437653
0.848320 0.437653
0.848420 0.437653
0.848519 0.437653
0.848618 0.437042
0.848718 0.437042
0.848817 0.437042
0.848916 0.437042
0.849016 0.437042
0.849115 0.436430
0.849215 0.436430
0.849314 0.436430
0.849413 0.436430
0.849513 0.435819
0.849612 0.435819
0.849711 0.435819
0.849811 0.435819
0.849910 0.435819
0.850010 0.435819
0.850109 0.435819
0.850208 0.435819
0.850308 0.435819
0.850407 0.435819
0.850506 0.435819
0.850606 0.435819
0.850705 0.435819
0.850804 0.435819
0.850904 0.435819
0.851003 0.435819
0.851103 0.435208
0.851202 0.435208
0.851301 0.435208
0.851401 0.435208
0.851500 0.435208
0.851599 0.435208
0.851699 0.434597
0.851798 0.434597
0.851898 0.434597
0.851997 0.434597
0.852096 0.434597
0.852196 0.433985
0.852295 0.433985
0.852394 0.433985
0.852494 0.433985
0.852593 0.433374
0.852693 0.433374
0.852792 0.433374
0.852891 0.433374
0.852991 0.433374
0.853090 0.433374
0.853189 0.433374
0.853289 0.433374
0.853388 0.433374
0.853487 0.432763
0.853587 0.432763
0.853686 0.432152
0.853786 0.432152
0.853885 0.432152
0.853984 0.432152
0.854084 0.432152
0.854183 0.431540
0.854282 0.431540
0.854382 0.431540
0.854481 0.431540
0.854581 0.431540
0.854680 0.431540
0.854779 0.431540
0.854879 0.431540
0.854978 0.431540
0.855077 0.431540
0.855177 0.431540
0.855276 0.431540
0.855375 0.430929
0.855475 0.430318
0.855574 0.429707
0.855674 0.429707
0.855773 0.429707
0.855872 0.429707
0.855972 0.429095
0.856071 0.429095
0.856170 0.429095
0.856270 0.429095
0.856369 0.429095
0.856469 0.429095
0.856568 0.429095
0.856667 0.429095
0.856767 0.429095
0.856866 0.429095
0.856965 0.428484
0.857065 0.428484
0.857164 0.427873
0.857264 0.427873
0.857363 0.427873
0.857462 0.427262
0.857562 0.427262
0.857661 0.427262
0.857760 0.426650
0.857860 0.426650
0.857959 0.426650
0.858058 0.426650
0.858158 0.426650
0.858257 0.426650
0.858357 0.426650
0.858456 0.426039
0.858555 0.426039
0.858655 0.426039
0.858754 0.426039
0.858853 0.426039
0.858953 0.426039
0.859052 0.426039
0.859152 0.426039
0.859251 0.426039
0.859350 0.426039
0.859450 0.426039
0.859549 0.426039
0.859648 0.426039
0.859748 0.426039
0.859847 0.426039
0.859946 0.426039
0.860046 0.426039
0.860145 0.426039
0.860245 0.425428
0.860344 0.425428
0.860443 0.425428
0.860543 0.425428
0.860642 0.425428
0.860741 0.425428
0.860841 0.425428
0.860940 0.425428
0.861040 0.425428
0.861139 0.424205
0.861238 0.424205
0.861338 0.424205
0.861437 0.424205
0.861536 0.424205
0.861636 0.423594
0.861735 0.423594
0.861834 0.423594
0.861934 0.423594
0.862033 0.423594
0.862133 0.423594
0.862232 0.423594
0.862331 0.422372
0.862431 0.422372
0.862530 0.422372
0.862629 0.422372
0.862729 0.422372
0.862828 0.422372
0.862928 0.422372
0.863027 0.421149
0.863126 0.421149
0.863226 0.421149
0.863325 0.421149
0.863424 0.420538
0.863524 0.419927
0.863623 0.419315
0.863723 0.419315
0.863822 0.419315
0.863921 0.419315
0.864021 0.419315
0.864120 0.418704
0.864219 0.418704
0.864319 0.418704
0.864418 0.418704
0.864517 0.418704
0.864617 0.418704
0.864716 0.418704
0.864816 0.418093
0.864915 0.418093
0.865014 0.416870
0.865114 0.416870
0.865213 0.416870
0.865312 0.416870
0.865412 0.416259
0.865511 0.416259
0.865611 0.416259
0.865710 0.416259
0.865809 0.416259
0.865909 0.416259
0.866008 0.416259
0.866107 0.416259
0.866207 0.416259
0.866306 0.416259
0.866405 0.416259
0.866505 0.415648
0.866604 0.415037
0.866704 0.415037
0.866803 0.415037
0.866902 0.414425
0.867002 0.414425
0.867101 0.414425
0.867200 0.414425
0.867300 0.414425
0.867399 0.414425
0.867499 0.414425
0.867598 0.414425
0.867697 0.414425
0.867797 0.414425
0.867896 0.413814
0.867995 0.413814
0.868095 0.413814
0.868194 0.413814
0.868293 0.413203
0.868393 0.412592
0.868492 0.412592
0.868592 0.412592
0.868691 0.412592
0.868790 0.412592
0.868890 0.412592
0.868989 0.412592
0.869088 0.412592
0.869188 0.412592
0.869287 0.412592
0.869387 0.411980
0.869486 0.411369
0.869585 0.411369
0.869685 0.410758
0.869784 0.410758
0.869883 0.410758
0.869983 0.410147
0.870082 0.410147
0.870182 0.410147
0.870281 0.410147
0.870380 0.410147
0.870480 0.409535
0.870579 0.408924
0.870678 0.408924
0.870778 0.408924
0.870877 0.408924
0.870976 0.408924
0.871076 0.408924
0.871175 0.408924
0.871275 0.408924
0.871374 0.408924
0.871473 0.408924
0.871573 0.408313
0.871672 0.407702
0.871771 0.407090
0.871871 0.407090
0.871970 0.407090
0.872070 0.407090
0.872169 0.407090
0.872268 0.407090
0.872368 0.407090
0.872467 0.405868
0.872566 0.405868
0.872666 0.405868
0.872765 0.405868
0.872864 0.405868
0.872964 0.405868
0.873063 0.405868
0.873163 0.405868
0.873262 0.405868
0.873361 0.405868
0.873461 0.405868
0.873560 0.405868
0.873659 0.405868
0.873759 0.405868
0.873858 0.405868
0.873958 0.405257
0.874057 0.404645
0.874156 0.404645
0.874256 0.404645
0.874355 0.404034
0.874454 0.402812
0.874554 0.401589
0.874653 0.401589
0.874753 0.401589
0.874852 0.400978
0.874951 0.400978
0.875051 0.400978
0.875150 0.400978
0.875249 0.400978
0.875349 0.400978
0.875448 0.400978
0.875547 0.400978
0.875647 0.400978
0.875746 0.400367
0.875846 0.400367
0.875945 0.400367
0.876044 0.400367
0.876144 0.400367
0.876243 0.399756
0.876342 0.399144
0.876442 0.399144
0.876541 0.399144
0.876641 0.399144
0.876740 0.399144
0.876839 0.399144
0.876939 0.399144
0.877038 0.399144
0.877137 0.399144
0.877237 0.398533
0.877336 0.398533
0.877435 0.397922
0.877535 0.397922
0.877634 0.397922
0.877734 0.397922
0.877833 0.397922
0.877932 0.397922
0.878032 0.397311
0.878131 0.397311
0.878230 0.397311
0.878330 0.397311
0.878429 0.397311
0.878529 0.396699
0.878628 0.396699
0.878727 0.396088
0.878827 0.396088
0.878926 0.395477
0.879025 0.395477
0.879125 0.393643
0.879224 0.393643
0.879323 0.393643
0.879423 0.393643
0.879522 0.393643
0.879622 0.393643
0.879721 0.393643
0.879820 0.393643
0.879920 0.393643
0.880019 0.393643
0.880118 0.393643
0.880218 0.393032
0.880317 0.392421
0.880417 0.392421
0.880516 0.391809
0.880615 0.391809
0.880715 0.391809
0.880814 0.391809
0.880913 0.391809
0.881013 0.391809
0.881112 0.391809
0.881212 0.391809
0.881311 0.391809
0.881410 0.391809
0.881510 0.391809
0.881609 0.391809
0.881708 0.391809
0.881808 0.391198
0.881907 0.391198
0.882006 0.390587
0.882106 0.390587
0.882205 0.389976
0.882305 0.389976
0.882404 0.389976
0.882503 0.389976
0.882603 0.389976
0.882702 0.389976
0.882801 0.389976
0.882901 0.389364
0.883000 0.389364
0.883100 0.389364
0.883199 0.389364
0.883298 0.389364
0.883398 0.389364
0.883497 0.389364
0.883596 0.389364
0.883696 0.389364
0.883795 0.389364
0.883894 0.389364
0.883994 0.389364
0.884093 0.389364
0.884193 0.389364
0.884292 0.389364
0.884391 0.389364
0.884491 0.389364
0.884590 0.389364
0.884689 0.389364
0.884789 0.389364
0.884888 0.389364
0.884988 0.389364
0.885087 0.389364
0.885186 0.389364
0.885286 0.389364
0.885385 0.389364
0.885484 0.389364
0.885584 0.389364
0.885683 0.387531
0.885782 0.387531
0.885882 0.386919
0.885981 0.386919
0.886081 0.385697
0.886180 0.385697
0.886279 0.385697
0.886379 0.385697
0.886478 0.385697
0.886577 0.385697
0.886677 0.385086
0.886776 0.385086
0.886876 0.385086
0.886975 0.385086
0.887074 0.385086
0.887174 0.385086
0.887273 0.383863
0.887372 0.383863
0.887472 0.383252
0.887571 0.383252
0.887671 0.383252
0.887770 0.382029
0.887869 0.381418
0.887969 0.381418
0.888068 0.381418
0.888167 0.381418
0.888267 0.380807
0.888366 0.380196
0.888465 0.379584
0.888565 0.379584
0.888664 0.377751
0.888764 0.377751
0.888863 0.377139
0.888962 0.377139
0.889062 0.377139
0.889161 0.377139
0.889260 0.377139
0.889360 0.376528
0.889459 0.375306
0.889559 0.375306
0.889658 0.375306
0.889757 0.375306
0.889857 0.374694
0.889956 0.374083
0.890055 0.374083
0.890155 0.374083
0.890254 0.374083
0.890353 0.374083
0.890453 0.372249
0.890552 0.372249
0.890652 0.372249
0.890751 0.372249
0.890850 0.372249
0.890950 0.372249
0.891049 0.372249
0.891148 0.372249
0.891248 0.371638
0.891347 0.370416
0.891447 0.370416
0.891546 0.370416
0.891645 0.370416
0.891745 0.370416
0.891844 0.370416
0.891943 0.370416
0.892043 0.370416
0.892142 0.370416
0.892242 0.370416
0.892341 0.370416
0.892440 0.369804
0.892540 0.369193
0.892639 0.369193
0.892738 0.369193
0.892838 0.369193
0.892937 0.368582
0.893036 0.367971
0.893136 0.367971
0.893235 0.367971
0.893335 0.367971
0.893434 0.367971
0.893533 0.367359
0.893633 0.367359
0.893732 0.367359
0.893831 0.367359
0.893931 0.367359
0.894030 0.367359
0.894130 0.367359
0.894229 0.367359
0.894328 0.367359
0.894428 0.367359
0.894527 0.367359
0.894626 0.366748
0.894726 0.366748
0.894825 0.366748
0.894924 0.366748
0.895024 0.366748
0.895123 0.366748
0.895223 0.366748
0.895322 0.366748
0.895421 0.366748
0.895521 0.366137
0.895620 0.366137
0.895719 0.366137
0.895819 0.366137
0.895918 0.366137
0.896018 0.366137
0.896117 0.366137
0.896216 0.366137
0.896316 0.366137
0.896415 0.366137
0.896514 0.366137
0.896614 0.365526
0.896713 0.365526
0.896812 0.365526
0.896912 0.365526
0.897011 0.365526
0.897111 0.364303
0.897210 0.363692
0.897309 0.363692
0.897409 0.363692
0.897508 0.363692
0.897607 0.363692
0.897707 0.363692
0.897806 0.363692
0.897906 0.363692
0.898005 0.363692
0.898104 0.363692
0.898204 0.363081
0.898303 0.363081
0.898402 0.363081
0.898502 0.363081
0.898601 0.362469
0.898701 0.362469
0.898800 0.362469
0.898899 0.362469
0.898999 0.361858
0.899098 0.361858
0.899197 0.361858
0.899297 0.361858
0.899396 0.361858
0.899495 0.361858
0.899595 0.361858
0.899694 0.361858
0.899794 0.361858
0.899893 0.361858
0.899992 0.360636
0.900092 0.360636
0.900191 0.359413
0.900290 0.358802
0.900390 0.358802
0.900489 0.358802
0.900589 0.358802
0.900688 0.358802
0.900787 0.358191
0.900887 0.357579
0.900986 0.357579
0.901085 0.357579
0.901185 0.356968
0.901284 0.356968
0.901383 0.356968
0.901483 0.356968
0.901582 0.356968
0.901682 0.356968
0.901781 0.356357
0.901880 0.355746
0.901980 0.355746
0.902079 0.355134
0.902178 0.355134
0.902278 0.355134
0.902377 0.355134
0.902477 0.355134
0.902576 0.355134
0.902675 0.354523
0.902775 0.353912
0.902874 0.353912
0.902973 0.353912
0.903073 0.353912
0.903172 0.353301
0.903271 0.353301
0.903371 0.353301
0.903470 0.352689
0.903570 0.352078
0.903669 0.352078
0.903768 0.352078
0.903868 0.352078
0.903967 0.351467
0.904066 0.351467
0.904166 0.351467
0.904265 0.351467
0.904365 0.351467
0.904464 0.351467
0.904563 0.351467
0.904663 0.351467
0.904762 0.350244
0.904861 0.350244
0.904961 0.349633
0.905060 0.349633
0.905160 0.349633
0.905259 0.349633
0.905358 0.349633
0.905458 0.349633
0.905557 0.349633
0.905656 0.349633
0.905756 0.349633
0.905855 0.349022
0.905954 0.348411
0.906054 0.348411
0.906153 0.347800
0.906253 0.347800
0.906352 0.346577
0.906451 0.346577
0.906551 0.346577
0.906650 0.346577
0.906749 0.345966
0.906849 0.345966
0.906948 0.345966
0.907048 0.345966
0.907147 0.345966
0.907246 0.345966
0.907346 0.345966
0.907445 0.345966
0.907544 0.345966
0.907644 0.345966
0.907743 0.345966
0.907842 0.345966
0.907942 0.345966
0.908041 0.345355
0.908141 0.345355
0.908240 0.345355
0.908339 0.344743
0.908439 0.344743
0.908538 0.344132
0.908637 0.344132
0.908737 0.344132
0.908836 0.344132
0.908936 0.344132
0.909035 0.343521
0.909134 0.343521
0.909234 0.343521
0.909333 0.343521
0.909432 0.343521
0.909532 0.343521
0.909631 0.343521
0.909731 0.343521
0.909830 0.343521
0.909929 0.342910
0.910029 0.342910
0.910128 0.342910
0.910227 0.342298
0.910327 0.341687
0.910426 0.341687
0.910525 0.341687
0.910625 0.341687
0.910724 0.341687
0.910824 0.341076
0.910923 0.340465
0.911022 0.340465
0.911122 0.339853
0.911221 0.339853
0.911320 0.339853
0.911420 0.339853
0.911519 0.339853
0.911619 0.339853
0.911718 0.339853
0.911817 0.339853
0.911917 0.339853
0.912016 0.339853
0.912115 0.339853
0.912215 0.339853
0.912314 0.339242
0.912413 0.338631
0.912513 0.338631
0.912612 0.338020
0.912712 0.338020
0.912811 0.338020
0.912910 0.338020
0.913010 0.338020
0.913109 0.338020
0.913208 0.338020
0.913308 0.338020
0.913407 0.338020
0.913507 0.338020
0.913606 0.337408
0.913705 0.337408
0.913805 0.337408
0.913904 0.336797
0.914003 0.336797
0.914103 0.335575
0.914202 0.335575
0.914301 0.335575
0.914401 0.335575
0.914500 0.335575
0.914600 0.335575
0.914699 0.335575
0.914798 0.334963
0.914898 0.334963
0.914997 0.334963
0.915096 0.334352
0.915196 0.333741
0.915295 0.333741
0.915395 0.333130
0.915494 0.333130
0.915593 0.333130
0.915693 0.333130
0.915792 0.333130
0.915891 0.333130
0.915991 0.333130
0.916090 0.332518
0.916190 0.331907
0.916289 0.331907
0.916388 0.331296
0.916488 0.331296
0.916587 0.331296
0.916686 0.330685
0.916786 0.330685
0.916885 0.330685
0.916984 0.330685
0.917084 0.330685
0.917183 0.330685
0.917283 0.330685
0.917382 0.330685
0.917481 0.329462
0.917581 0.328851
0.917680 0.328851
0.917779 0.328851
0.917879 0.328851
0.917978 0.328851
0.918078 0.328851
0.918177 0.328851
0.918276 0.328240
0.918376 0.328240
0.918475 0.327628
0.918574 0.327017
0.918674 0.327017
0.918773 0.326406
0.918872 0.326406
0.918972 0.326406
0.919071 0.326406
0.919171 0.326406
0.919270 0.326406
0.919369 0.326406
0.919469 0.326406
0.919568 0.325795
0.919667 0.325795
0.919767 0.325795
0.919866 0.325795
0.919966 0.324572
0.920065 0.324572
0.920164 0.323961
0.920264 0.323961
0.920363 0.323961
0.920462 0.323961
0.920562 0.323961
0.920661 0.322738
0.920761 0.322738
0.920860 0.322738
0.920959 0.321516
0.921059 0.321516
0.921158 0.321516
0.921257 0.321516
0.921357 0.320905
0.921456 0.320293
0.921555 0.320293
0.921655 0.320293
0.921754 0.320293
0.921854 0.319682
0.921953 0.319682
0.922052 0.319682
0.922152 0.319682
0.922251 0.319682
0.922350 0.319071
0.922450 0.318460
0.922549 0.317237
0.922649 0.317237
0.922748 0.317237
0.922847 0.317237
0.922947 0.317237
0.923046 0.316626
0.923145 0.316626
0.923245 0.316626
0.923344 0.316626
0.923443 0.316626
0.923543 0.316626
0.923642 0.316015
0.923742 0.315403
0.923841 0.314792
0.923940 0.314792
0.924040 0.314792
0.924139 0.314792
0.924238 0.314181
0.924338 0.313570
0.924437 0.313570
0.924537 0.313570
0.924636 0.313570
0.924735 0.312958
0.924835 0.312958
0.924934 0.312958
0.925033 0.312958
0.925133 0.312958
0.925232 0.312958
0.925331 0.312958
0.925431 0.312958
0.925530 0.312347
0.925630 0.312347
0.925729 0.312347
0.925828 0.312347
0.925928 0.312347
0.926027 0.312347
0.926126 0.312347
0.926226 0.312347
0.926325 0.311736
0.926425 0.311736
0.926524 0.311736
0.926623 0.311736
0.926723 0.311736
0.926822 0.311736
0.926921 0.311736
0.927021 0.311736
0.927120 0.311125
0.927220 0.311125
0.927319 0.310513
0.927418 0.310513
0.927518 0.310513
0.927617 0.310513
0.927716 0.310513
0.927816 0.310513
0.927915 0.309902
0.928014 0.309902
0.928114 0.309291
0.928213 0.309291
0.928313 0.309291
0.928412 0.308680
0.928511 0.308068
0.928611 0.308068
0.928710 0.308068
0.928809 0.308068
0.928909 0.308068
0.929008 0.308068
0.929108 0.308068
0.929207 0.308068
0.929306 0.308068
0.929406 0.306846
0.929505 0.306846
0.929604 0.305623
0.929704 0.305623
0.929803 0.305623
0.929902 0.305012
0.930002 0.305012
0.930101 0.304401
0.930201 0.303790
0.930300 0.303790
0.930399 0.303178
0.930499 0.303178
0.930598 0.303178
0.930697 0.303178
0.930797 0.303178
0.930896 0.302567
0.930996 0.302567
0.931095 0.301956
0.931194 0.301956
0.931294 0.301345
0.931393 0.301345
0.931492 0.300733
0.931592 0.300122
0.931691 0.300122
0.931790 0.300122
0.931890 0.300122
0.931989 0.300122
0.932089 0.300122
0.932188 0.299511
0.932287 0.298900
0.932387 0.298900
0.932486 0.298900
0.932585 0.298900
0.932685 0.298289
0.932784 0.298289
0.932884 0.298289
0.932983 0.298289
0.933082 0.297677
0.933182 0.297677
0.933281 0.297066
0.933380 0.297066
0.933480 0.296455
0.933579 0.295232
0.933679 0.294621
0.933778 0.294010
0.933877 0.294010
0.933977 0.294010
0.934076 0.294010
0.934175 0.294010
0.934275 0.294010
0.934374 0.294010
0.934473 0.294010
0.934573 0.294010
0.934672 0.294010
0.934772 0.293399
0.934871 0.292176
0.934970 0.292176
0.935070 0.291565
0.935169 0.291565
0.935268 0.291565
0.935368 0.290954
0.935467 0.290342
0.935567 0.290342
0.935666 0.290342
0.935765 0.290342
0.935865 0.290342
0.935964 0.290342
0.936063 0.289731
0.936163 0.289120
0.936262 0.289120
0.936361 0.289120
0.936461 0.289120
0.936560 0.289120
0.936660 0.289120
0.936759 0.289120
0.936858 0.289120
0.936958 0.289120
0.937057 0.289120
0.937156 0.289120
0.937256 0.289120
0.937355 0.289120
0.937455 0.289120
0.937554 0.289120
0.937653 0.289120
0.937753 0.289120
0.937852 0.289120
0.937951 0.288509
0.938051 0.288509
0.938150 0.287286
0.938250 0.287286
0.938349 0.287286
0.938448 0.287286
0.938548 0.287286
0.938647 0.286675
0.938746 0.286064
0.938846 0.285452
0.938945 0.285452
0.939044 0.285452
0.939144 0.284841
0.939243 0.284841
0.939343 0.284230
0.939442 0.284230
0.939541 0.283007
0.939641 0.283007
0.939740 0.282396
0.939839 0.282396
0.939939 0.282396
0.940038 0.282396
0.940138 0.281785
0.940237 0.281785
0.940336 0.280562
0.940436 0.280562
0.940535 0.280562
0.940634 0.280562
0.940734 0.280562
0.940833 0.279951
0.940932 0.279340
0.941032 0.279340
0.941131 0.278117
0.941231 0.278117
0.941330 0.278117
0.941429 0.277506
0.941529 0.277506
0.941628 0.276895
0.941727 0.276284
0.941827 0.275672
0.941926 0.275672
0.942026 0.275672
0.942125 0.275672
0.942224 0.275672
0.942324 0.275672
0.942423 0.275061
0.942522 0.275061
0.942622 0.274450
0.942721 0.274450
0.942820 0.274450
0.942920 0.274450
0.943019 0.274450
0.943119 0.274450
0.943218 0.274450
0.943317 0.274450
0.943417 0.273839
0.943516 0.273839
0.943615 0.273839
0.943715 0.273839
0.943814 0.273839
0.943914 0.273839
0.944013 0.273839
0.944112 0.273839
0.944212 0.273839
0.944311 0.273227
0.944410 0.273227
0.944510 0.273227
0.944609 0.273227
0.944709 0.272616
0.944808 0.272005
0.944907 0.272005
0.945007 0.272005
0.945106 0.271394
0.945205 0.271394
0.945305 0.270782
0.945404 0.270782
0.945503 0.270782
0.945603 0.270782
0.945702 0.270782
0.945802 0.270171
0.945901 0.270171
0.946000 0.269560
0.946100 0.269560
0.946199 0.269560
0.946298 0.269560
0.946398 0.269560
0.946497 0.269560
0.946597 0.269560
0.946696 0.268949
0.946795 0.268949
0.946895 0.267726
0.946994 0.267726
0.947093 0.267115
0.947193 0.267115
0.947292 0.266504
0.947391 0.266504
0.947491 0.266504
0.947590 0.265892
0.947690 0.265892
0.947789 0.265892
0.947888 0.265892
0.947988 0.265892
0.948087 0.265892
0.948186 0.265892
0.948286 0.265892
0.948385 0.265892
0.948485 0.265892
0.948584 0.265281
0.948683 0.265281
0.948783 0.265281
0.948882 0.264670
0.948981 0.264670
0.949081 0.264670
0.949180 0.264670
0.949279 0.264670
0.949379 0.264670
0.949478 0.264670
0.949578 0.264059
0.949677 0.263447
0.949776 0.262836
0.949876 0.262836
0.949975 0.262225
0.950074 0.261614
0.950174 0.261614
0.950273 0.261614
0.950373 0.261614
0.950472 0.261614
0.950571 0.260391
0.950671 0.260391
0.950770 0.260391
0.950869 0.260391
0.950969 0.260391
0.951068 0.259780
0.951168 0.259780
0.951267 0.258557
0.951366 0.257946
0.951466 0.257946
0.951565 0.257946
0.951664 0.257946
0.951764 0.257946
0.951863 0.257946
0.951962 0.256724
0.952062 0.256112
0.952161 0.256112
0.952261 0.255501
0.952360 0.255501
0.952459 0.255501
0.952559 0.255501
0.952658 0.255501
0.952757 0.255501
0.952857 0.255501
0.952956 0.255501
0.953056 0.254890
0.953155 0.254890
0.953254 0.254279
0.953354 0.253667
0.953453 0.253667
0.953552 0.253667
0.953652 0.253667
0.953751 0.253056
0.953850 0.252445
0.953950 0.252445
0.954049 0.251222
0.954149 0.250611
0.954248 0.250000
0.954347 0.250000
0.954447 0.249389
0.954546 0.248778
0.954645 0.248166
0.954745 0.248166
0.954844 0.248166
0.954944 0.248166
0.955043 0.248166
0.955142 0.248166
0.955242 0.248166
0.955341 0.248166
0.955440 0.247555
0.955540 0.246944
0.955639 0.246944
0.955739 0.245721
0.955838 0.245110
0.955937 0.245110
0.956037 0.245110
0.956136 0.244499
0.956235 0.244499
0.956335 0.244499
0.956434 0.244499
0.956533 0.244499
0.956633 0.244499
0.956732 0.244499
0.956832 0.243888
0.956931 0.243276
0.957030 0.243276
0.957130 0.243276
0.957229 0.242665
0.957328 0.241443
0.957428 0.241443
0.957527 0.241443
0.957627 0.241443
0.957726 0.241443
0.957825 0.241443
0.957925 0.241443
0.958024 0.241443
0.958123 0.241443
0.958223 0.241443
0.958322 0.241443
0.958421 0.241443
0.958521 0.241443
0.958620 0.241443
0.958720 0.241443
0.958819 0.241443
0.958918 0.241443
0.959018 0.241443
0.959117 0.241443
0.959216 0.241443
0.959316 0.241443
0.959415 0.241443
0.959515 0.241443
0.959614 0.241443
0.959713 0.241443
0.959813 0.241443
0.959912 0.240220
0.960011 0.239609
0.960111 0.239609
0.960210 0.239609
0.960309 0.238998
0.960409 0.237775
0.960508 0.237164
0.960608 0.237164
0.960707 0.237164
0.960806 0.236553
0.960906 0.235941
0.961005 0.235941
0.961104 0.234719
0.961204 0.234719
0.961303 0.234719
0.961403 0.234108
0.961502 0.234108
0.961601 0.234108
0.961701 0.234108
0.961800 0.233496
0.961899 0.232885
0.961999 0.232885
0.962098 0.232885
0.962198 0.232274
0.962297 0.232274
0.962396 0.231663
0.962496 0.229829
0.962595 0.229829
0.962694 0.229218
0.962794 0.229218
0.962893 0.229218
0.962992 0.229218
0.963092 0.228606
0.963191 0.228606
0.963291 0.228606
0.963390 0.227995
0.963489 0.227384
0.963589 0.227384
0.963688 0.227384
0.963787 0.227384
0.963887 0.227384
0.963986 0.227384
0.964086 0.226773
0.964185 0.226773
0.964284 0.226773
0.964384 0.224939
0.964483 0.224328
0.964582 0.224328
0.964682 0.224328
0.964781 0.223105
0.964880 0.223105
0.964980 0.223105
0.965079 0.223105
0.965179 0.223105
0.965278 0.223105
0.965377 0.222494
0.965477 0.221883
0.965576 0.221883
0.965675 0.221883
0.965775 0.221883
0.965874 0.221271
0.965974 0.221271
0.966073 0.221271
0.966172 0.220660
0.966272 0.220049
0.966371 0.219438
0.966470 0.219438
0.966570 0.219438
0.966669 0.219438
0.966768 0.218215
0.966868 0.217604
0.966967 0.216993
0.967067 0.216993
0.967166 0.216381
0.967265 0.214548
0.967365 0.213936
0.967464 0.212714
0.967563 0.210880
0.967663 0.210269
0.967762 0.209658
0.967862 0.209658
0.967961 0.209658
0.968060 0.209046
0.968160 0.209046
0.968259 0.209046
0.968358 0.207824
0.968458 0.207824
0.968557 0.207824
0.968657 0.207824
0.968756 0.207213
0.968855 0.207213
0.968955 0.207213
0.969054 0.207213
0.969153 0.207213
0.969253 0.207213
0.969352 0.207213
0.969451 0.206601
0.969551 0.205990
0.969650 0.205990
0.969750 0.204156
0.969849 0.204156
0.969948 0.202934
0.970048 0.202934
0.970147 0.202934
0.970246 0.202934
0.970346 0.202323
0.970445 0.201711
0.970545 0.201711
0.970644 0.201100
0.970743 0.201100
0.970843 0.201100
0.970942 0.201100
0.971041 0.201100
0.971141 0.200489
0.971240 0.199878
0.971339 0.199878
0.971439 0.199267
0.971538 0.198655
0.971638 0.198044
0.971737 0.198044
0.971836 0.198044
0.971936 0.197433
0.972035 0.197433
0.972134 0.196822
0.972234 0.196210
0.972333 0.196210
0.972433 0.196210
0.972532 0.196210
0.972631 0.194988
0.972731 0.194377
0.972830 0.194377
0.972929 0.194377
0.973029 0.194377
0.973128 0.193765
0.973228 0.193154
0.973327 0.193154
0.973426 0.193154
0.973526 0.193154
0.973625 0.192543
0.973724 0.192543
0.973824 0.192543
0.973923 0.191932
0.974022 0.191320
0.974122 0.191320
0.974221 0.190709
0.974321 0.190709
0.974420 0.190098
0.974519 0.190098
0.974619 0.190098
0.974718 0.188875
0.974817 0.188875
0.974917 0.188875
0.975016 0.188264
0.975116 0.188264
0.975215 0.188264
0.975314 0.187042
0.975414 0.187042
0.975513 0.187042
0.975612 0.187042
0.975712 0.187042
0.975811 0.186430
0.975910 0.186430
0.976010 0.185819
0.976109 0.184597
0.976209 0.184597
0.976308 0.183985
0.976407 0.183985
0.976507 0.183374
0.976606 0.182152
0.976705 0.181540
0.976805 0.181540
0.976904 0.179707
0.977004 0.178484
0.977103 0.177262
0.977202 0.177262
0.977302 0.176650
0.977401 0.176039
0.977500 0.175428
0.977600 0.174817
0.977699 0.174205
0.977798 0.172983
0.977898 0.172372
0.977997 0.172372
0.978097 0.172372
0.978196 0.170538
0.978295 0.169315
0.978395 0.169315
0.978494 0.168093
0.978593 0.166870
0.978693 0.166259
0.978792 0.166259
0.978892 0.165648
0.978991 0.164425
0.979090 0.163814
0.979190 0.163203
0.979289 0.163203
0.979388 0.162592
0.979488 0.162592
0.979587 0.161369
0.979687 0.161369
0.979786 0.161369
0.979885 0.161369
0.979985 0.161369
0.980084 0.161369
0.980183 0.161369
0.980283 0.160758
0.980382 0.160147
0.980481 0.158924
0.980581 0.158924
0.980680 0.158313
0.980780 0.157702
0.980879 0.156479
0.980978 0.155868
0.981078 0.155868
0.981177 0.155868
0.981276 0.154645
0.981376 0.154034
0.981475 0.154034
0.981575 0.154034
0.981674 0.154034
0.981773 0.153423
0.981873 0.152812
0.981972 0.152200
0.982071 0.150978
0.982171 0.150367
0.982270 0.149756
0.982369 0.149756
0.982469 0.149144
0.982568 0.148533
0.982668 0.147311
0.982767 0.146699
0.982866 0.146699
0.982966 0.146699
0.983065 0.145477
0.983164 0.144254
0.983264 0.143032
0.983363 0.140587
0.983463 0.138753
0.983562 0.137531
0.983661 0.136919
0.983761 0.135086
0.983860 0.134474
0.983959 0.134474
0.984059 0.134474
0.984158 0.133252
0.984257 0.132641
0.984357 0.132641
0.984456 0.132029
0.984556 0.130807
0.984655 0.130196
0.984754 0.130196
0.984854 0.127751
0.984953 0.125306
0.985052 0.124083
0.985152 0.122861
0.985251 0.122861
0.985351 0.122249
0.985450 0.121638
0.985549 0.121638
0.985649 0.120416
0.985748 0.119804
0.985847 0.117971
0.985947 0.116748
0.986046 0.116748
0.986146 0.116137
0.986245 0.115526
0.986344 0.114914
0.986444 0.113692
0.986543 0.113692
0.986642 0.113692
0.986742 0.113081
0.986841 0.112469
0.986940 0.111247
0.987040 0.110636
0.987139 0.107579
0.987239 0.106357
0.987338 0.105134
0.987437 0.103912
0.987537 0.103301
0.987636 0.102078
0.987735 0.102078
0.987835 0.102078
0.987934 0.100856
0.988034 0.100244
0.988133 0.099022
0.988232 0.097188
0.988332 0.095966
0.988431 0.095966
0.988530 0.094743
0.988630 0.092910
0.988729 0.091687
0.988828 0.089853
0.988928 0.089853
0.989027 0.088631
0.989127 0.087408
0.989226 0.086186
0.989325 0.086186
0.989425 0.085575
0.989524 0.084352
0.989623 0.083741
0.989723 0.082518
0.989822 0.081907
0.989922 0.081296
0.990021 0.080073
0.990120 0.079462
0.990220 0.079462
0.990319 0.078851
0.990418 0.078240
0.990518 0.078240
0.990617 0.078240
0.990717 0.077017
0.990816 0.077017
0.990915 0.075795
0.991015 0.075183
0.991114 0.073961
0.991213 0.073350
0.991313 0.072127
0.991412 0.072127
0.991511 0.071516
0.991611 0.070293
0.991710 0.070293
0.991810 0.068460
0.991909 0.066626
0.992008 0.065403
0.992108 0.064181
0.992207 0.062958
0.992306 0.061736
0.992406 0.061125
0.992505 0.061125
0.992605 0.060513
0.992704 0.060513
0.992803 0.059902
0.992903 0.058068
0.993002 0.058068
0.993101 0.057457
0.993201 0.055623
0.993300 0.054401
0.993399 0.052567
0.993499 0.051956
0.993598 0.051956
0.993698 0.051345
0.993797 0.050122
0.993896 0.049511
0.993996 0.049511
0.994095 0.048900
0.994194 0.048289
0.994294 0.047677
0.994393 0.047066
0.994493 0.047066
0.994592 0.046455
0.994691 0.045844
0.994791 0.044621
0.994890 0.043399
0.994989 0.042787
0.995089 0.041565
0.995188 0.041565
0.995287 0.040342
0.995387 0.039120
0.995486 0.037897
0.995586 0.037286
0.995685 0.035452
0.995784 0.034841
0.995884 0.033007
0.995983 0.032396
0.996082 0.029951
0.996182 0.028729
0.996281 0.028729
0.996381 0.028117
0.996480 0.026284
0.996579 0.025061
0.996679 0.025061
0.996778 0.024450
0.996877 0.023227
0.996977 0.021394
0.997076 0.019560
0.997176 0.017726
0.997275 0.017115
0.997374 0.017115
0.997474 0.015281
0.997573 0.014670
0.997672 0.012836
0.997772 0.011002
0.997871 0.007946
0.997970 0.007946
0.998070 0.007335
0.998169 0.004890
0.998269 0.004279
0.998368 0.003056
0.998467 0.003056
0.998567 0.002445
0.998666 0.000000
