# Threshold Efficiency
0.004174 1.000000
0.004273 1.000000
0.004373 1.000000
0.004472 1.000000
0.004572 1.000000
0.004672 1.000000
0.004771 1.000000
0.004871 1.000000
0.004970 1.000000
0.005070 1.000000
0.005169 1.000000
0.005269 1.000000
0.005369 1.000000
0.005468 1.000000
0.005568 1.000000
0.005667 1.000000
0.005767 1.000000
0.005866 1.000000
0.005966 1.000000
0.006066 1.000000
0.006165 1.000000
0.006265 1.000000
0.006364 1.000000
0.006464 1.000000
0.006563 1.000000
0.006663 1.000000
0.006762 1.000000
0.006862 1.000000
0.006962 1.000000
0.007061 1.000000
0.007161 1.000000
0.007260 1.000000
0.007360 1.000000
0.007459 1.000000
0.007559 1.000000
0.007659 1.000000
0.007758 1.000000
0.007858 1.000000
0.007957 1.000000
0.008057 1.000000
0.008156 1.000000
0.008256 1.000000
0.008355 1.000000
0.008455 1.000000
0.008555 1.000000
0.008654 1.000000
0.008754 1.000000
0.008853 1.000000
0.008953 1.000000
0.009052 1.000000
0.009152 1.000000
0.009252 1.000000
0.009351 1.000000
0.009451 1.000000
0.009550 1.000000
0.009650 1.000000
0.009749 1.000000
0.009849 1.000000
0.009948 1.000000
0.010048 1.000000
0.010148 1.000000
0.010247 1.000000
0.010347 1.000000
0.010446 1.000000
0.010546 1.000000
0.010645 1.000000
0.010745 1.000000
0.010845 1.000000
0.010944 1.000000
0.011044 1.000000
0.011143 1.000000
0.011243 1.000000
0.011342 1.000000
0.011442 1.000000
0.011542 1.000000
0.011641 1.000000
0.011741 1.000000
0.011840 1.000000
0.011940 1.000000
0.012039 1.000000
0.012139 1.000000
0.012238 1.000000
0.012338 1.000000
0.012438 1.000000
0.012537 1.000000
0.012637 1.000000
0.012736 1.000000
0.012836 1.000000
0.012935 1.000000
0.013035 1.000000
0.013135 1.000000
0.013234 1.000000
0.013334 1.000000
0.013433 1.000000
0.013533 1.000000
0.013632 1.000000
0.013732 1.000000
0.013831 1.000000
0.013931 1.000000
0.014031 1.000000
0.014130 1.000000
0.014230 1.000000
0.014329 1.000000
0.014429 1.000000
0.014528 1.000000
0.014628 1.000000
0.014728 1.000000
0.014827 1.000000
0.014927 1.000000
0.015026 1.000000
0.015126 1.000000
0.015225 1.000000
0.015325 1.000000
0.015424 1.000000
0.015524 1.000000
0.015624 1.000000
0.015723 1.000000
0.015823 1.000000
0.015922 1.000000
0.016022 1.000000
0.016121 1.000000
0.016221 1.000000
0.016321 1.000000
0.016420 1.000000
0.016520 1.000000
0.016619 1.000000
0.016719 1.000000
0.016818 1.000000
0.016918 1.000000
0.017018 1.000000
0.017117 1.000000
0.017217 1.000000
0.017316 1.000000
0.017416 1.000000
0.017515 1.000000
0.017615 1.000000
0.017714 1.000000
0.017814 1.000000
0.017914 1.000000
0.018013 1.000000
0.018113 1.000000
0.018212 1.000000
0.018312 1.000000
0.018411 1.000000
0.018511 1.000000
0.018611 1.000000
0.018710 1.000000
0.018810 1.000000
0.018909 1.000000
0.019009 1.000000
0.019108 1.000000
0.019208 1.000000
0.019307 1.000000
0.019407 1.000000
0.019507 1.000000
0.019606 1.000000
0.019706 1.000000
0.019805 1.000000
0.019905 1.000000
0.020004 1.000000
0.020104 1.000000
0.020204 1.000000
0.020303 1.000000
0.020403 1.000000
0.020502 1.000000
0.020602 1.000000
0.020701 1.000000
0.020801 1.000000
0.020900 1.000000
0.021000 1.000000
0.021100 1.000000
0.021199 1.000000
0.021299 1.000000
0.021398 1.000000
0.021498 1.000000
0.021597 1.000000
0.021697 1.000000
0.021797 1.000000
0.021896 1.000000
0.021996 1.000000
0.022095 1.000000
0.022195 1.000000
0.022294 1.000000
0.022394 1.000000
0.022494 1.000000
0.022593 0.999856
0.022693 0.999856
0.022792 0.999856
0.022892 0.999856
0.022991 0.999856
0.023091 0.999856
0.023190 0.999856
0.023290 0.999856
0.023390 0.999856
0.023489 0.999856
0.023589 0.999856
0.023688 0.999856
0.023788 0.999856
0.023887 0.999856
0.023987 0.999856
0.024087 0.999856
0.024186 0.999856
0.024286 0.999856
0.024385 0.999856
0.024485 0.999856
0.024584 0.999856
0.024684 0.999856
0.024783 0.999856
0.024883 0.999856
0.024983 0.999856
0.025082 0.999856
0.025182 0.999856
0.025281 0.999856
0.025381 0.999856
0.025480 0.999856
0.025580 0.999856
0.025680 0.999856
0.025779 0.999856
0.025879 0.999856
0.025978 0.999856
0.026078 0.999856
0.026177 0.999856
0.026277 0.999856
0.026376 0.999856
0.026476 0.999856
0.026576 0.999856
0.026675 0.999856
0.026775 0.999856
0.026874 0.999712
0.026974 0.999712
0.027073 0.999712
0.027173 0.999712
0.027273 0.999712
0.027372 0.999712
0.027472 0.999712
0.027571 0.999712
0.027671 0.999712
0.027770 0.999712
0.027870 0.999712
0.027969 0.999712
0.028069 0.999712
0.028169 0.999712
0.028268 0.999712
0.028368 0.999712
0.028467 0.999712
0.028567 0.999712
0.028666 0.999712
0.028766 0.999712
0.028866 0.999712
0.028965 0.999712
0.029065 0.999712
0.029164 0.999712
0.029264 0.999712
0.029363 0.999712
0.029463 0.999712
0.029563 0.999712
0.029662 0.999712
0.029762 0.999712
0.029861 0.999712
0.029961 0.999712
0.030060 0.999712
0.030160 0.999712
0.030259 0.999712
0.030359 0.999712
0.030459 0.999712
0.030558 0.999712
0.030658 0.999712
0.030757 0.999712
0.030857 0.999712
0.030956 0.999712
0.031056 0.999712
0.031156 0.999712
0.031255 0.999712
0.031355 0.999712
0.031454 0.999712
0.031554 0.999712
0.031653 0.999712
0.031753 0.999712
0.031852 0.999712
0.031952 0.999712
0.032052 0.999712
0.032151 0.999712
0.032251 0.999712
0.032350 0.999712
0.032450 0.999712
0.032549 0.999712
0.032649 0.999712
0.032749 0.999712
0.032848 0.999712
0.032948 0.999712
0.033047 0.999712
0.033147 0.999712
0.033246 0.999712
0.033346 0.999712
0.033445 0.999712
0.033545 0.999568
0.033645 0.999568
0.033744 0.999568
0.033844 0.999568
0.033943 0.999568
0.034043 0.999568
0.034142 0.999568
0.034242 0.999424
0.034342 0.999424
0.034441 0.999424
0.034541 0.999424
0.034640 0.999424
0.034740 0.999424
0.034839 0.999424
0.034939 0.999424
0.035039 0.999424
0.035138 0.999424
0.035238 0.999424
0.035337 0.999424
0.035437 0.999424
0.035536 0.999424
0.035636 0.999424
0.035735 0.999424
0.035835 0.999424
0.035935 0.999424
0.036034 0.999424
0.036134 0.999424
0.036233 0.999424
0.036333 0.999424
0.036432 0.999424
0.036532 0.999424
0.036632 0.999424
0.036731 0.999424
0.036831 0.999424
0.036930 0.999424
0.037030 0.999424
0.037129 0.999424
0.037229 0.999424
0.037328 0.999424
0.037428 0.999424
0.037528 0.999280
0.037627 0.999280
0.037727 0.999280
0.037826 0.999280
0.037926 0.999280
0.038025 0.999280
0.038125 0.999280
0.038225 0.999280
0.038324 0.999280
0.038424 0.999280
0.038523 0.999280
0.038623 0.999280
0.038722 0.999280
0.038822 0.999280
0.038921 0.999280
0.039021 0.999280
0.039121 0.999280
0.039220 0.999280
0.039320 0.999280
0.039419 0.999280
0.039519 0.999280
0.039618 0.999280
0.039718 0.999280
0.039818 0.999280
0.039917 0.999280
0.040017 0.999280
0.040116 0.999280
0.040216 0.999280
0.040315 0.999280
0.040415 0.999280
0.040515 0.999280
0.040614 0.999280
0.040714 0.999280
0.040813 0.999280
0.040913 0.999280
0.041012 0.999280
0.041112 0.999280
0.041211 0.999280
0.041311 0.999280
0.041411 0.999280
0.041510 0.999280
0.041610 0.999280
0.041709 0.999280
0.041809 0.999280
0.041908 0.999280
0.042008 0.999280
0.042108 0.999280
0.042207 0.999280
0.042307 0.999280
0.042406 0.999280
0.042506 0.999280
0.042605 0.999280
0.042705 0.999280
0.042804 0.999280
0.042904 0.999280
0.043004 0.999280
0.043103 0.999280
0.043203 0.999280
0.043302 0.999280
0.043402 0.999280
0.043501 0.999280
0.043601 0.999280
0.043701 0.999136
0.043800 0.999136
0.043900 0.999136
0.043999 0.999136
0.044099 0.999136
0.044198 0.999136
0.044298 0.999136
0.044397 0.999136
0.044497 0.999136
0.044597 0.999136
0.044696 0.999136
0.044796 0.999136
0.044895 0.999136
0.044995 0.999136
0.045094 0.999136
0.045194 0.999136
0.045294 0.999136
0.045393 0.999136
0.045493 0.999136
0.045592 0.999136
0.045692 0.999136
0.045791 0.999136
0.045891 0.999136
0.045991 0.999136
0.046090 0.999136
0.046190 0.999136
0.046289 0.999136
0.046389 0.999136
0.046488 0.999136
0.046588 0.999136
0.046687 0.998992
0.046787 0.998992
0.046887 0.998992
0.046986 0.998992
0.047086 0.998992
0.047185 0.998992
0.047285 0.998992
0.047384 0.998992
0.047484 0.998992
0.047584 0.998992
0.047683 0.998992
0.047783 0.998992
0.047882 0.998992
0.047982 0.998992
0.048081 0.998992
0.048181 0.998992
0.048280 0.998992
0.048380 0.998992
0.048480 0.998992
0.048579 0.998992
0.048679 0.998992
0.048778 0.998992
0.048878 0.998992
0.048977 0.998992
0.049077 0.998992
0.049177 0.998992
0.049276 0.998992
0.049376 0.998992
0.049475 0.998992
0.049575 0.998992
0.049674 0.998992
0.049774 0.998992
0.049873 0.998992
0.049973 0.998848
0.050073 0.998848
0.050172 0.998848
0.050272 0.998848
0.050371 0.998848
0.050471 0.998848
0.050570 0.998848
0.050670 0.998848
0.050770 0.998848
0.050869 0.998848
0.050969 0.998848
0.051068 0.998848
0.051168 0.998848
0.051267 0.998848
0.051367 0.998848
0.051467 0.998848
0.051566 0.998848
0.051666 0.998848
0.051765 0.998848
0.051865 0.998848
0.051964 0.998848
0.052064 0.998848
0.052163 0.998848
0.052263 0.998848
0.052363 0.998848
0.052462 0.998848
0.052562 0.998848
0.052661 0.998848
0.052761 0.998704
0.052860 0.998704
0.052960 0.998704
0.053060 0.998704
0.053159 0.998704
0.053259 0.998704
0.053358 0.998704
0.053458 0.998704
0.053557 0.998704
0.053657 0.998704
0.053756 0.998704
0.053856 0.998704
0.053956 0.998704
0.054055 0.998704
0.054155 0.998704
0.054254 0.998704
0.054354 0.998704
0.054453 0.998704
0.054553 0.998704
0.054653 0.998704
0.054752 0.998704
0.054852 0.998704
0.054951 0.998561
0.055051 0.998561
0.055150 0.998561
0.055250 0.998561
0.055349 0.998561
0.055449 0.998561
0.055549 0.998561
0.055648 0.998417
0.055748 0.998417
0.055847 0.998273
0.055947 0.998129
0.056046 0.998129
0.056146 0.998129
0.056246 0.998129
0.056345 0.998129
0.056445 0.998129
0.056544 0.998129
0.056644 0.998129
0.056743 0.998129
0.056843 0.998129
0.056943 0.998129
0.057042 0.998129
0.057142 0.998129
0.057241 0.997985
0.057341 0.997985
0.057440 0.997841
0.057540 0.997697
0.057639 0.997697
0.057739 0.997697
0.057839 0.997697
0.057938 0.997697
0.058038 0.997697
0.058137 0.997697
0.058237 0.997697
0.058336 0.997553
0.058436 0.997409
0.058536 0.997409
0.058635 0.997409
0.058735 0.997409
0.058834 0.997409
0.058934 0.997409
0.059033 0.997409
0.059133 0.997409
0.059232 0.997409
0.059332 0.997409
0.059432 0.997409
0.059531 0.997409
0.059631 0.997409
0.059730 0.997409
0.059830 0.997409
0.059929 0.997409
0.060029 0.997409
0.060129 0.997409
0.060228 0.997265
0.060328 0.997265
0.060427 0.997265
0.060527 0.997265
0.060626 0.997265
0.060726 0.997265
0.060825 0.997265
0.060925 0.997265
0.061025 0.997265
0.061124 0.997265
0.061224 0.996977
0.061323 0.996977
0.061423 0.996977
0.061522 0.996977
0.061622 0.996977
0.061722 0.996977
0.061821 0.996977
0.061921 0.996977
0.062020 0.996833
0.062120 0.996689
0.062219 0.996689
0.062319 0.996689
0.062419 0.996689
0.062518 0.996689
0.062618 0.996689
0.062717 0.996689
0.062817 0.996689
0.062916 0.996689
0.063016 0.996689
0.063115 0.996689
0.063215 0.996689
0.063315 0.996689
0.063414 0.996689
0.063514 0.996689
0.063613 0.996689
0.063713 0.996689
0.063812 0.996689
0.063912 0.996689
0.064012 0.996689
0.064111 0.996689
0.064211 0.996689
0.064310 0.996545
0.064410 0.996545
0.064509 0.996545
0.064609 0.996401
0.064708 0.996401
0.064808 0.996257
0.064908 0.996257
0.065007 0.996113
0.065107 0.996113
0.065206 0.996113
0.065306 0.996113
0.065405 0.996113
0.065505 0.996113
0.065605 0.996113
0.065704 0.996113
0.065804 0.996113
0.065903 0.996113
0.066003 0.996113
0.066102 0.996113
0.066202 0.996113
0.066301 0.996113
0.066401 0.996113
0.066501 0.996113
0.066600 0.996113
0.066700 0.996113
0.066799 0.996113
0.066899 0.996113
0.066998 0.996113
0.067098 0.996113
0.067198 0.996113
0.067297 0.996113
0.067397 0.996113
0.067496 0.996113
0.067596 0.995826
0.067695 0.995826
0.067795 0.995682
0.067894 0.995538
0.067994 0.995538
0.068094 0.995538
0.068193 0.995538
0.068293 0.995538
0.068392 0.995538
0.068492 0.995538
0.068591 0.995394
0.068691 0.995394
0.068791 0.995394
0.068890 0.995394
0.068990 0.995394
0.069089 0.995394
0.069189 0.995394
0.069288 0.995394
0.069388 0.995394
0.069488 0.995250
0.069587 0.995250
0.069687 0.995250
0.069786 0.995250
0.069886 0.995250
0.069985 0.995250
0.070085 0.995250
0.070184 0.995250
0.070284 0.995250
0.070384 0.995250
0.070483 0.995106
0.070583 0.995106
0.070682 0.995106
0.070782 0.995106
0.070881 0.994962
0.070981 0.994962
0.071081 0.994818
0.071180 0.994818
0.071280 0.994818
0.071379 0.994818
0.071479 0.994818
0.071578 0.994818
0.071678 0.994818
0.071777 0.994674
0.071877 0.994674
0.071977 0.994674
0.072076 0.994674
0.072176 0.994674
0.072275 0.994674
0.072375 0.994674
0.072474 0.994674
0.072574 0.994674
0.072674 0.994674
0.072773 0.994674
0.072873 0.994674
0.072972 0.994674
0.073072 0.994674
0.073171 0.994674
0.073271 0.994674
0.073370 0.994674
0.073470 0.994674
0.073570 0.994674
0.073669 0.994674
0.073769 0.994674
0.073868 0.994674
0.073968 0.994674
0.074067 0.994674
0.074167 0.994674
0.074267 0.994674
0.074366 0.994674
0.074466 0.994674
0.074565 0.994674
0.074665 0.994674
0.074764 0.994674
0.074864 0.994674
0.074964 0.994674
0.075063 0.994674
0.075163 0.994674
0.075262 0.994674
0.075362 0.994674
0.075461 0.994674
0.075561 0.994674
0.075660 0.994674
0.075760 0.994674
0.075860 0.994674
0.075959 0.994674
0.076059 0.994674
0.076158 0.994674
0.076258 0.994674
0.076357 0.994674
0.076457 0.994674
0.076557 0.994674
0.076656 0.994674
0.076756 0.994674
0.076855 0.994674
0.076955 0.994674
0.077054 0.994674
0.077154 0.994674
0.077253 0.994674
0.077353 0.994674
0.077453 0.994674
0.077552 0.994674
0.077652 0.994674
0.077751 0.994674
0.077851 0.994674
0.077950 0.994674
0.078050 0.994674
0.078150 0.994674
0.078249 0.994674
0.078349 0.994674
0.078448 0.994674
0.078548 0.994674
0.078647 0.994674
0.078747 0.994674
0.078846 0.994674
0.078946 0.994674
0.079046 0.994530
0.079145 0.994530
0.079245 0.994530
0.079344 0.994530
0.079444 0.994530
0.079543 0.994530
0.079643 0.994530
0.079743 0.994530
0.079842 0.994530
0.079942 0.994530
0.080041 0.994530
0.080141 0.994530
0.080240 0.994530
0.080340 0.994530
0.080440 0.994530
0.080539 0.994530
0.080639 0.994530
0.080738 0.994530
0.080838 0.994386
0.080937 0.994386
0.081037 0.994386
0.081136 0.994386
0.081236 0.994386
0.081336 0.994386
0.081435 0.994386
0.081535 0.994386
0.081634 0.994386
0.081734 0.994386
0.081833 0.994386
0.081933 0.994386
0.082033 0.994386
0.082132 0.994386
0.082232 0.994386
0.082331 0.994386
0.082431 0.994386
0.082530 0.994386
0.082630 0.994386
0.082729 0.994386
0.082829 0.994386
0.082929 0.994386
0.083028 0.994242
0.083128 0.993954
0.083227 0.993954
0.083327 0.993954
0.083426 0.993954
0.083526 0.993954
0.083626 0.993954
0.083725 0.993810
0.083825 0.993666
0.083924 0.993666
0.084024 0.993666
0.084123 0.993666
0.084223 0.993666
0.084322 0.993666
0.084422 0.993666
0.084522 0.993666
0.084621 0.993666
0.084721 0.993666
0.084820 0.993666
0.084920 0.993666
0.085019 0.993666
0.085119 0.993666
0.085219 0.993666
0.085318 0.993666
0.085418 0.993666
0.085517 0.993666
0.085617 0.993522
0.085716 0.993522
0.085816 0.993522
0.085916 0.993522
0.086015 0.993522
0.086115 0.993522
0.086214 0.993522
0.086314 0.993522
0.086413 0.993522
0.086513 0.993522
0.086612 0.993522
0.086712 0.993522
0.086812 0.993522
0.086911 0.993522
0.087011 0.993522
0.087110 0.993378
0.087210 0.993234
0.087309 0.993234
0.087409 0.993234
0.087509 0.993234
0.087608 0.993234
0.087708 0.993091
0.087807 0.992947
0.087907 0.992947
0.088006 0.992947
0.088106 0.992947
0.088205 0.992947
0.088305 0.992947
0.088405 0.992947
0.088504 0.992947
0.088604 0.992947
0.088703 0.992947
0.088803 0.992947
0.088902 0.992947
0.089002 0.992947
0.089102 0.992947
0.089201 0.992947
0.089301 0.992947
0.089400 0.992947
0.089500 0.992947
0.089599 0.992947
0.089699 0.992947
0.089798 0.992947
0.089898 0.992803
0.089998 0.992803
0.090097 0.992803
0.090197 0.992803
0.090296 0.992803
0.090396 0.992803
0.090495 0.992803
0.090595 0.992803
0.090695 0.992803
0.090794 0.992803
0.090894 0.992659
0.090993 0.992659
0.091093 0.992659
0.091192 0.992659
0.091292 0.992515
0.091392 0.992515
0.091491 0.992515
0.091591 0.992515
0.091690 0.992515
0.091790 0.992371
0.091889 0.992227
0.091989 0.992083
0.092088 0.991939
0.092188 0.991939
0.092288 0.991939
0.092387 0.991939
0.092487 0.991939
0.092586 0.991939
0.092686 0.991939
0.092785 0.991939
0.092885 0.991939
0.092985 0.991939
0.093084 0.991939
0.093184 0.991939
0.093283 0.991939
0.093383 0.991939
0.093482 0.991939
0.093582 0.991939
0.093681 0.991939
0.093781 0.991939
0.093881 0.991939
0.093980 0.991939
0.094080 0.991939
0.094179 0.991939
0.094279 0.991939
0.094378 0.991939
0.094478 0.991795
0.094578 0.991795
0.094677 0.991795
0.094777 0.991795
0.094876 0.991795
0.094976 0.991795
0.095075 0.991795
0.095175 0.991795
0.095274 0.991795
0.095374 0.991795
0.095474 0.991795
0.095573 0.991795
0.095673 0.991795
0.095772 0.991795
0.095872 0.991795
0.095971 0.991795
0.096071 0.991795
0.096171 0.991795
0.096270 0.991795
0.096370 0.991795
0.096469 0.991795
0.096569 0.991795
0.096668 0.991795
0.096768 0.991795
0.096868 0.991795
0.096967 0.991651
0.097067 0.991651
0.097166 0.991651
0.097266 0.991363
0.097365 0.991363
0.097465 0.991363
0.097564 0.991363
0.097664 0.991219
0.097764 0.991219
0.097863 0.991219
0.097963 0.991219
0.098062 0.991219
0.098162 0.991219
0.098261 0.991219
0.098361 0.991219
0.098461 0.991219
0.098560 0.991219
0.098660 0.991219
0.098759 0.991219
0.098859 0.990931
0.098958 0.990931
0.099058 0.990931
0.099157 0.990931
0.099257 0.990931
0.099357 0.990931
0.099456 0.990931
0.099556 0.990931
0.099655 0.990931
0.099755 0.990931
0.099854 0.990787
0.099954 0.990787
0.100054 0.990787
0.100153 0.990787
0.100253 0.990787
0.100352 0.990787
0.100452 0.990787
0.100551 0.990643
0.100651 0.990643
0.100750 0.990643
0.100850 0.990499
0.100950 0.990356
0.101049 0.990356
0.101149 0.990356
0.101248 0.990356
0.101348 0.990356
0.101447 0.990356
0.101547 0.990356
0.101647 0.990068
0.101746 0.990068
0.101846 0.990068
0.101945 0.990068
0.102045 0.990068
0.102144 0.990068
0.102244 0.989924
0.102344 0.989924
0.102443 0.989924
0.102543 0.989924
0.102642 0.989924
0.102742 0.989924
0.102841 0.989924
0.102941 0.989924
0.103040 0.989780
0.103140 0.989780
0.103240 0.989780
0.103339 0.989780
0.103439 0.989780
0.103538 0.989780
0.103638 0.989780
0.103737 0.989780
0.103837 0.989636
0.103937 0.989636
0.104036 0.989636
0.104136 0.989636
0.104235 0.989636
0.104335 0.989636
0.104434 0.989636
0.104534 0.989636
0.104633 0.989636
0.104733 0.989636
0.104833 0.989636
0.104932 0.989636
0.105032 0.989636
0.105131 0.989636
0.105231 0.989636
0.105330 0.989636
0.105430 0.989636
0.105530 0.989492
0.105629 0.989492
0.105729 0.989492
0.105828 0.989492
0.105928 0.989492
0.106027 0.989348
0.106127 0.989348
0.106226 0.989348
0.106326 0.989348
0.106426 0.989204
0.106525 0.989204
0.106625 0.989204
0.106724 0.989204
0.106824 0.989060
0.106923 0.989060
0.107023 0.989060
0.107123 0.989060
0.107222 0.989060
0.107322 0.989060
0.107421 0.989060
0.107521 0.989060
0.107620 0.988916
0.107720 0.988772
0.107819 0.988772
0.107919 0.988772
0.108019 0.988772
0.108118 0.988772
0.108218 0.988772
0.108317 0.988772
0.108417 0.988772
0.108516 0.988772
0.108616 0.988772
0.108716 0.988772
0.108815 0.988772
0.108915 0.988772
0.109014 0.988772
0.109114 0.988772
0.109213 0.988772
0.109313 0.988772
0.109413 0.988772
0.109512 0.988772
0.109612 0.988772
0.109711 0.988628
0.109811 0.988484
0.109910 0.988484
0.110010 0.988340
0.110109 0.988340
0.110209 0.988340
0.110309 0.988340
0.110408 0.988340
0.110508 0.988196
0.110607 0.988052
0.110707 0.988052
0.110806 0.988052
0.110906 0.988052
0.111006 0.988052
0.111105 0.987908
0.111205 0.987908
0.111304 0.987765
0.111404 0.987621
0.111503 0.987621
0.111603 0.987621
0.111702 0.987477
0.111802 0.987477
0.111902 0.987477
0.112001 0.987477
0.112101 0.987477
0.112200 0.987477
0.112300 0.987333
0.112399 0.987333
0.112499 0.987333
0.112599 0.987333
0.112698 0.987333
0.112798 0.987333
0.112897 0.987333
0.112997 0.987045
0.113096 0.987045
0.113196 0.987045
0.113295 0.986901
0.113395 0.986901
0.113495 0.986757
0.113594 0.986757
0.113694 0.986613
0.113793 0.986613
0.113893 0.986613
0.113992 0.986613
0.114092 0.986613
0.114192 0.986613
0.114291 0.986469
0.114391 0.986469
0.114490 0.986469
0.114590 0.986469
0.114689 0.986469
0.114789 0.986469
0.114889 0.986325
0.114988 0.986181
0.115088 0.986037
0.115187 0.986037
0.115287 0.986037
0.115386 0.986037
0.115486 0.985893
0.115585 0.985893
0.115685 0.985893
0.115785 0.985893
0.115884 0.985893
0.115984 0.985749
0.116083 0.985749
0.116183 0.985749
0.116282 0.985749
0.116382 0.985749
0.116482 0.985749
0.116581 0.985749
0.116681 0.985605
0.116780 0.985317
0.116880 0.985317
0.116979 0.985317
0.117079 0.985173
0.117178 0.985173
0.117278 0.985173
0.117378 0.985173
0.117477 0.985173
0.117577 0.985173
0.117676 0.985173
0.117776 0.985173
0.117875 0.985173
0.117975 0.985030
0.118075 0.985030
0.118174 0.985030
0.118274 0.985030
0.118373 0.985030
0.118473 0.985030
0.118572 0.985030
0.118672 0.985030
0.118771 0.984886
0.118871 0.984886
0.118971 0.984886
0.119070 0.984886
0.119170 0.984886
0.119269 0.984742
0.119369 0.984742
0.119468 0.984742
0.119568 0.984742
0.119668 0.984742
0.119767 0.984742
0.119867 0.984742
0.119966 0.984598
0.120066 0.984598
0.120165 0.984598
0.120265 0.984454
0.120365 0.984454
0.120464 0.984454
0.120564 0.984454
0.120663 0.984454
0.120763 0.984454
0.120862 0.984310
0.120962 0.984310
0.121061 0.984166
0.121161 0.984166
0.121261 0.984166
0.121360 0.984166
0.121460 0.984166
0.121559 0.984166
0.121659 0.984166
0.121758 0.984022
0.121858 0.984022
0.121958 0.983734
0.122057 0.983590
0.122157 0.983590
0.122256 0.983590
0.122356 0.983590
0.122455 0.983590
0.122555 0.983590
0.122654 0.983590
0.122754 0.983590
0.122854 0.983590
0.122953 0.983590
0.123053 0.983590
0.123152 0.983590
0.123252 0.983590
0.123351 0.983590
0.123451 0.983590
0.123551 0.983590
0.123650 0.983590
0.123750 0.983590
0.123849 0.983446
0.123949 0.983302
0.124048 0.983158
0.124148 0.983158
0.124247 0.983158
0.124347 0.983158
0.124447 0.983158
0.124546 0.983158
0.124646 0.982870
0.124745 0.982870
0.124845 0.982870
0.124944 0.982870
0.125044 0.982870
0.125144 0.982870
0.125243 0.982726
0.125343 0.982726
0.125442 0.982726
0.125542 0.982582
0.125641 0.982582
0.125741 0.982582
0.125841 0.982582
0.125940 0.982582
0.126040 0.982582
0.126139 0.982582
0.126239 0.982582
0.126338 0.982438
0.126438 0.982438
0.126537 0.982438
0.126637 0.982438
0.126737 0.982438
0.126836 0.982295
0.126936 0.982295
0.127035 0.982295
0.127135 0.982295
0.127234 0.982295
0.127334 0.982007
0.127434 0.982007
0.127533 0.982007
0.127633 0.982007
0.127732 0.982007
0.127832 0.981863
0.127931 0.981863
0.128031 0.981863
0.128130 0.981863
0.128230 0.981863
0.128330 0.981863
0.128429 0.981863
0.128529 0.981863
0.128628 0.981863
0.128728 0.981719
0.128827 0.981719
0.128927 0.981719
0.129027 0.981719
0.129126 0.981719
0.129226 0.981719
0.129325 0.981719
0.129425 0.981719
0.129524 0.981719
0.129624 0.981719
0.129723 0.981575
0.129823 0.981575
0.129923 0.981575
0.130022 0.981575
0.130122 0.981575
0.130221 0.981575
0.130321 0.981575
0.130420 0.981575
0.130520 0.981575
0.130620 0.981575
0.130719 0.981431
0.130819 0.981431
0.130918 0.981431
0.131018 0.981431
0.131117 0.981431
0.131217 0.981287
0.131317 0.981287
0.131416 0.981143
0.131516 0.981143
0.131615 0.980999
0.131715 0.980999
0.131814 0.980999
0.131914 0.980711
0.132013 0.980711
0.132113 0.980711
0.132213 0.980567
0.132312 0.980279
0.132412 0.980279
0.132511 0.980279
0.132611 0.980279
0.132710 0.980279
0.132810 0.980279
0.132910 0.980279
0.133009 0.980279
0.133109 0.980135
0.133208 0.980135
0.133308 0.980135
0.133407 0.980135
0.133507 0.980135
0.133606 0.980135
0.133706 0.980135
0.133806 0.980135
0.133905 0.980135
0.134005 0.980135
0.134104 0.980135
0.134204 0.979991
0.134303 0.979991
0.134403 0.979847
0.134503 0.979847
0.134602 0.979847
0.134702 0.979703
0.134801 0.979703
0.134901 0.979703
0.135000 0.979703
0.135100 0.979703
0.135199 0.979703
0.135299 0.979703
0.135399 0.979703
0.135498 0.979703
0.135598 0.979703
0.135697 0.979703
0.135797 0.979560
0.135896 0.979560
0.135996 0.979560
0.136096 0.979560
0.136195 0.979560
0.136295 0.979560
0.136394 0.979560
0.136494 0.979272
0.136593 0.979272
0.136693 0.979272
0.136793 0.979272
0.136892 0.979272
0.136992 0.979272
0.137091 0.979272
0.137191 0.979272
0.137290 0.979272
0.137390 0.979128
0.137489 0.979128
0.137589 0.979128
0.137689 0.978984
0.137788 0.978984
0.137888 0.978840
0.137987 0.978840
0.138087 0.978840
0.138186 0.978840
0.138286 0.978840
0.138386 0.978840
0.138485 0.978840
0.138585 0.978840
0.138684 0.978840
0.138784 0.978840
0.138883 0.978696
0.138983 0.978552
0.139082 0.978552
0.139182 0.978552
0.139282 0.978552
0.139381 0.978408
0.139481 0.978408
0.139580 0.978408
0.139680 0.978408
0.139779 0.978408
0.139879 0.978264
0.139979 0.978264
0.140078 0.978264
0.140178 0.978120
0.140277 0.978120
0.140377 0.977976
0.140476 0.977832
0.140576 0.977832
0.140675 0.977832
0.140775 0.977832
0.140875 0.977832
0.140974 0.977832
0.141074 0.977688
0.141173 0.977688
0.141273 0.977688
0.141372 0.977688
0.141472 0.977688
0.141572 0.977544
0.141671 0.977400
0.141771 0.977400
0.141870 0.977256
0.141970 0.977256
0.142069 0.977112
0.142169 0.977112
0.142269 0.977112
0.142368 0.977112
0.142468 0.977112
0.142567 0.977112
0.142667 0.977112
0.142766 0.977112
0.142866 0.977112
0.142965 0.977112
0.143065 0.977112
0.143165 0.977112
0.143264 0.977112
0.143364 0.977112
0.143463 0.976968
0.143563 0.976968
0.143662 0.976968
0.143762 0.976968
0.143862 0.976968
0.143961 0.976968
0.144061 0.976968
0.144160 0.976968
0.144260 0.976825
0.144359 0.976825
0.144459 0.976681
0.144558 0.976681
0.144658 0.976681
0.144758 0.976681
0.144857 0.976681
0.144957 0.976537
0.145056 0.976537
0.145156 0.976393
0.145255 0.976393
0.145355 0.976249
0.145455 0.976249
0.145554 0.976249
0.145654 0.976249
0.145753 0.976249
0.145853 0.976249
0.145952 0.976249
0.146052 0.976249
0.146151 0.976249
0.146251 0.976249
0.146351 0.976105
0.146450 0.975961
0.146550 0.975961
0.146649 0.975961
0.146749 0.975817
0.146848 0.975673
0.146948 0.975673
0.147048 0.975529
0.147147 0.975385
0.147247 0.975385
0.147346 0.975385
0.147446 0.975385
0.147545 0.975385
0.147645 0.975385
0.147744 0.975385
0.147844 0.975385
0.147944 0.975385
0.148043 0.975241
0.148143 0.975097
0.148242 0.974953
0.148342 0.974953
0.148441 0.974953
0.148541 0.974953
0.148641 0.974953
0.148740 0.974953
0.148840 0.974953
0.148939 0.974953
0.149039 0.974953
0.149138 0.974953
0.149238 0.974953
0.149338 0.974809
0.149437 0.974809
0.149537 0.974809
0.149636 0.974665
0.149736 0.974521
0.149835 0.974521
0.149935 0.974521
0.150034 0.974521
0.150134 0.974521
0.150234 0.974521
0.150333 0.974521
0.150433 0.974521
0.150532 0.974521
0.150632 0.974521
0.150731 0.974521
0.150831 0.974521
0.150931 0.974377
0.151030 0.974377
0.151130 0.974377
0.151229 0.974377
0.151329 0.974377
0.151428 0.974377
0.151528 0.974377
0.151627 0.974377
0.151727 0.974377
0.151827 0.974233
0.151926 0.974233
0.152026 0.974233
0.152125 0.974233
0.152225 0.974233
0.152324 0.974090
0.152424 0.974090
0.152524 0.974090
0.152623 0.973946
0.152723 0.973802
0.152822 0.973802
0.152922 0.973658
0.153021 0.973658
0.153121 0.973658
0.153220 0.973514
0.153320 0.973514
0.153420 0.973370
0.153519 0.973370
0.153619 0.973370
0.153718 0.973082
0.153818 0.973082
0.153917 0.973082
0.154017 0.973082
0.154117 0.973082
0.154216 0.973082
0.154316 0.972938
0.154415 0.972938
0.154515 0.972938
0.154614 0.972938
0.154714 0.972938
0.154814 0.972938
0.154913 0.972938
0.155013 0.972938
0.155112 0.972938
0.155212 0.972938
0.155311 0.972938
0.155411 0.972938
0.155510 0.972938
0.155610 0.972938
0.155710 0.972794
0.155809 0.972650
0.155909 0.972506
0.156008 0.972506
0.156108 0.972506
0.156207 0.972362
0.156307 0.972362
0.156407 0.972362
0.156506 0.972362
0.156606 0.972362
0.156705 0.972362
0.156805 0.972218
0.156904 0.972074
0.157004 0.972074
0.157103 0.972074
0.157203 0.972074
0.157303 0.972074
0.157402 0.972074
0.157502 0.972074
0.157601 0.972074
0.157701 0.972074
0.157800 0.972074
0.157900 0.971930
0.158000 0.971930
0.158099 0.971930
0.158199 0.971930
0.158298 0.971930
0.158398 0.971930
0.158497 0.971930
0.158597 0.971930
0.158696 0.971930
0.158796 0.971930
0.158896 0.971786
0.158995 0.971642
0.159095 0.971642
0.159194 0.971642
0.159294 0.971642
0.159393 0.971642
0.159493 0.971498
0.159593 0.971498
0.159692 0.971498
0.159792 0.971498
0.159891 0.971498
0.159991 0.971498
0.160090 0.971498
0.160190 0.971498
0.160290 0.971498
0.160389 0.971498
0.160489 0.971498
0.160588 0.971355
0.160688 0.971355
0.160787 0.971211
0.160887 0.971067
0.160986 0.970923
0.161086 0.970923
0.161186 0.970923
0.161285 0.970923
0.161385 0.970923
0.161484 0.970923
0.161584 0.970923
0.161683 0.970923
0.161783 0.970923
0.161883 0.970923
0.161982 0.970779
0.162082 0.970779
0.162181 0.970635
0.162281 0.970635
0.162380 0.970491
0.162480 0.970491
0.162579 0.970347
0.162679 0.970347
0.162779 0.970347
0.162878 0.970203
0.162978 0.970203
0.163077 0.970203
0.163177 0.970203
0.163276 0.970203
0.163376 0.970059
0.163476 0.970059
0.163575 0.970059
0.163675 0.970059
0.163774 0.970059
0.163874 0.969915
0.163973 0.969915
0.164073 0.969915
0.164172 0.969915
0.164272 0.969915
0.164372 0.969915
0.164471 0.969915
0.164571 0.969915
0.164670 0.969915
0.164770 0.969915
0.164869 0.969771
0.164969 0.969771
0.165069 0.969771
0.165168 0.969771
0.165268 0.969771
0.165367 0.969771
0.165467 0.969771
0.165566 0.969771
0.165666 0.969627
0.165766 0.969627
0.165865 0.969483
0.165965 0.969483
0.166064 0.969483
0.166164 0.969483
0.166263 0.969483
0.166363 0.969483
0.166462 0.969483
0.166562 0.969483
0.166662 0.969339
0.166761 0.969339
0.166861 0.969051
0.166960 0.969051
0.167060 0.969051
0.167159 0.969051
0.167259 0.969051
0.167359 0.969051
0.167458 0.969051
0.167558 0.968907
0.167657 0.968763
0.167757 0.968620
0.167856 0.968620
0.167956 0.968476
0.168055 0.968476
0.168155 0.968476
0.168255 0.968476
0.168354 0.968188
0.168454 0.968044
0.168553 0.968044
0.168653 0.967900
0.168752 0.967900
0.168852 0.967756
0.168952 0.967756
0.169051 0.967756
0.169151 0.967756
0.169250 0.967756
0.169350 0.967756
0.169449 0.967612
0.169549 0.967612
0.169648 0.967612
0.169748 0.967612
0.169848 0.967612
0.169947 0.967612
0.170047 0.967324
0.170146 0.967324
0.170246 0.967324
0.170345 0.967180
0.170445 0.967180
0.170545 0.967180
0.170644 0.967180
0.170744 0.967180
0.170843 0.967180
0.170943 0.967180
0.171042 0.967036
0.171142 0.966892
0.171242 0.966892
0.171341 0.966892
0.171441 0.966892
0.171540 0.966892
0.171640 0.966892
0.171739 0.966892
0.171839 0.966892
0.171938 0.966892
0.172038 0.966892
0.172138 0.966892
0.172237 0.966748
0.172337 0.966604
0.172436 0.966604
0.172536 0.966604
0.172635 0.966604
0.172735 0.966604
0.172835 0.966604
0.172934 0.966460
0.173034 0.966460
0.173133 0.966460
0.173233 0.966460
0.173332 0.966460
0.173432 0.966316
0.173531 0.966316
0.173631 0.966316
0.173731 0.966316
0.173830 0.966316
0.173930 0.966316
0.174029 0.966316
0.174129 0.966316
0.174228 0.966316
0.174328 0.966316
0.174428 0.966316
0.174527 0.966172
0.174627 0.966172
0.174726 0.966172
0.174826 0.966172
0.174925 0.966029
0.175025 0.966029
0.175124 0.965885
0.175224 0.965741
0.175324 0.965741
0.175423 0.965597
0.175523 0.965597
0.175622 0.965597
0.175722 0.965597
0.175821 0.965309
0.175921 0.965309
0.176021 0.965165
0.176120 0.965165
0.176220 0.965165
0.176319 0.965165
0.176419 0.965165
0.176518 0.965165
0.176618 0.965165
0.176718 0.965165
0.176817 0.965165
0.176917 0.965165
0.177016 0.965165
0.177116 0.965021
0.177215 0.964877
0.177315 0.964877
0.177414 0.964877
0.177514 0.964733
0.177614 0.964589
0.177713 0.964589
0.177813 0.964589
0.177912 0.964589
0.178012 0.964589
0.178111 0.964589
0.178211 0.964589
0.178311 0.964589
0.178410 0.964445
0.178510 0.964445
0.178609 0.964445
0.178709 0.964445
0.178808 0.964301
0.178908 0.964301
0.179007 0.964301
0.179107 0.964301
0.179207 0.964157
0.179306 0.964157
0.179406 0.964157
0.179505 0.964157
0.179605 0.964157
0.179704 0.964013
0.179804 0.964013
0.179904 0.963869
0.180003 0.963869
0.180103 0.963869
0.180202 0.963725
0.180302 0.963581
0.180401 0.963581
0.180501 0.963581
0.180600 0.963581
0.180700 0.963581
0.180800 0.963581
0.180899 0.963581
0.180999 0.963581
0.181098 0.963437
0.181198 0.963437
0.181297 0.963437
0.181397 0.963437
0.181497 0.963437
0.181596 0.963437
0.181696 0.963437
0.181795 0.963437
0.181895 0.963437
0.181994 0.963437
0.182094 0.963437
0.182194 0.963437
0.182293 0.963294
0.182393 0.963294
0.182492 0.963294
0.182592 0.963294
0.182691 0.963294
0.182791 0.963150
0.182890 0.963150
0.182990 0.963150
0.183090 0.963006
0.183189 0.963006
0.183289 0.963006
0.183388 0.962862
0.183488 0.962862
0.183587 0.962862
0.183687 0.962718
0.183787 0.962718
0.183886 0.962574
0.183986 0.962430
0.184085 0.962430
0.184185 0.962430
0.184284 0.962430
0.184384 0.962430
0.184483 0.962430
0.184583 0.962430
0.184683 0.962430
0.184782 0.962286
0.184882 0.962142
0.184981 0.962142
0.185081 0.962142
0.185180 0.961998
0.185280 0.961854
0.185380 0.961710
0.185479 0.961566
0.185579 0.961566
0.185678 0.961566
0.185778 0.961566
0.185877 0.961422
0.185977 0.961422
0.186076 0.961422
0.186176 0.961422
0.186276 0.961278
0.186375 0.961134
0.186475 0.961134
0.186574 0.960990
0.186674 0.960846
0.186773 0.960846
0.186873 0.960846
0.186973 0.960846
0.187072 0.960846
0.187172 0.960846
0.187271 0.960846
0.187371 0.960846
0.187470 0.960846
0.187570 0.960846
0.187669 0.960846
0.187769 0.960846
0.187869 0.960846
0.187968 0.960846
0.188068 0.960846
0.188167 0.960702
0.188267 0.960559
0.188366 0.960559
0.188466 0.960559
0.188566 0.960559
0.188665 0.960559
0.188765 0.960559
0.188864 0.960415
0.188964 0.960415
0.189063 0.960415
0.189163 0.960415
0.189263 0.960415
0.189362 0.960415
0.189462 0.960415
0.189561 0.960271
0.189661 0.960271
0.189760 0.960127
0.189860 0.960127
0.189959 0.960127
0.190059 0.960127
0.190159 0.960127
0.190258 0.960127
0.190358 0.959983
0.190457 0.959839
0.190557 0.959839
0.190656 0.959839
0.190756 0.959839
0.190856 0.959839
0.190955 0.959839
0.191055 0.959839
0.191154 0.959839
0.191254 0.959839
0.191353 0.959839
0.191453 0.959839
0.191552 0.959839
0.191652 0.959839
0.191752 0.959839
0.191851 0.959839
0.191951 0.959839
0.192050 0.959839
0.192150 0.959839
0.192249 0.959839
0.192349 0.959839
0.192449 0.959839
0.192548 0.959839
0.192648 0.959695
0.192747 0.959695
0.192847 0.959695
0.192946 0.959695
0.193046 0.959551
0.193145 0.959551
0.193245 0.959551
0.193345 0.959551
0.193444 0.959551
0.193544 0.959551
0.193643 0.959551
0.193743 0.959551
0.193842 0.959551
0.193942 0.959551
0.194042 0.959551
0.194141 0.959551
0.194241 0.959551
0.194340 0.959551
0.194440 0.959551
0.194539 0.959551
0.194639 0.959551
0.194739 0.959551
0.194838 0.959551
0.194938 0.959551
0.195037 0.959551
0.195137 0.959551
0.195236 0.959551
0.195336 0.959551
0.195435 0.959551
0.195535 0.959551
0.195635 0.959551
0.195734 0.959551
0.195834 0.959551
0.195933 0.959407
0.196033 0.959263
0.196132 0.959263
0.196232 0.959119
0.196332 0.958831
0.196431 0.958831
0.196531 0.958687
0.196630 0.958687
0.196730 0.958543
0.196829 0.958543
0.196929 0.958543
0.197028 0.958255
0.197128 0.958255
0.197228 0.958255
0.197327 0.958255
0.197427 0.958255
0.197526 0.958255
0.197626 0.958255
0.197725 0.958255
0.197825 0.958255
0.197925 0.958111
0.198024 0.957967
0.198124 0.957967
0.198223 0.957967
0.198323 0.957967
0.198422 0.957967
0.198522 0.957824
0.198621 0.957824
0.198721 0.957824
0.198821 0.957680
0.198920 0.957680
0.199020 0.957536
0.199119 0.957248
0.199219 0.957248
0.199318 0.957104
0.199418 0.957104
0.199518 0.956960
0.199617 0.956960
0.199717 0.956816
0.199816 0.956816
0.199916 0.956816
0.200015 0.956816
0.200115 0.956816
0.200215 0.956816
0.200314 0.956816
0.200414 0.956672
0.200513 0.956672
0.200613 0.956528
0.200712 0.956528
0.200812 0.956528
0.200911 0.956240
0.201011 0.956096
0.201111 0.955952
0.201210 0.955808
0.201310 0.955808
0.201409 0.955808
0.201509 0.955808
0.201608 0.955808
0.201708 0.955808
0.201808 0.955808
0.201907 0.955664
0.202007 0.955664
0.202106 0.955664
0.202206 0.955664
0.202305 0.955664
0.202405 0.955664
0.202504 0.955664
0.202604 0.955664
0.202704 0.955664
0.202803 0.955664
0.202903 0.955664
0.203002 0.955664
0.203102 0.955664
0.203201 0.955520
0.203301 0.955520
0.203401 0.955520
0.203500 0.955376
0.203600 0.955376
0.203699 0.955376
0.203799 0.955376
0.203898 0.955376
0.203998 0.955232
0.204097 0.955232
0.204197 0.955089
0.204297 0.955089
0.204396 0.955089
0.204496 0.955089
0.204595 0.954945
0.204695 0.954945
0.204794 0.954801
0.204894 0.954657
0.204994 0.954657
0.205093 0.954657
0.205193 0.954657
0.205292 0.954513
0.205392 0.954369
0.205491 0.954369
0.205591 0.954225
0.205691 0.954225
0.205790 0.954081
0.205890 0.954081
0.205989 0.954081
0.206089 0.954081
0.206188 0.954081
0.206288 0.954081
0.206387 0.954081
0.206487 0.954081
0.206587 0.954081
0.206686 0.954081
0.206786 0.954081
0.206885 0.954081
0.206985 0.954081
0.207084 0.954081
0.207184 0.954081
0.207284 0.954081
0.207383 0.954081
0.207483 0.954081
0.207582 0.954081
0.207682 0.954081
0.207781 0.954081
0.207881 0.954081
0.207980 0.954081
0.208080 0.954081
0.208180 0.954081
0.208279 0.953937
0.208379 0.953937
0.208478 0.953937
0.208578 0.953937
0.208677 0.953937
0.208777 0.953937
0.208877 0.953937
0.208976 0.953649
0.209076 0.953505
0.209175 0.953505
0.209275 0.953361
0.209374 0.953361
0.209474 0.953361
0.209573 0.953361
0.209673 0.953361
0.209773 0.953361
0.209872 0.953361
0.209972 0.953361
0.210071 0.953361
0.210171 0.953361
0.210270 0.953361
0.210370 0.953073
0.210470 0.953073
0.210569 0.952929
0.210669 0.952929
0.210768 0.952929
0.210868 0.952929
0.210967 0.952641
0.211067 0.952497
0.211167 0.952497
0.211266 0.952497
0.211366 0.952497
0.211465 0.952497
0.211565 0.952497
0.211664 0.952497
0.211764 0.952497
0.211863 0.952497
0.211963 0.952497
0.212063 0.952497
0.212162 0.952497
0.212262 0.952354
0.212361 0.952210
0.212461 0.952210
0.212560 0.952066
0.212660 0.952066
0.212760 0.952066
0.212859 0.952066
0.212959 0.951922
0.213058 0.951922
0.213158 0.951922
0.213257 0.951922
0.213357 0.951778
0.213456 0.951778
0.213556 0.951778
0.213656 0.951778
0.213755 0.951778
0.213855 0.951778
0.213954 0.951778
0.214054 0.951778
0.214153 0.951778
0.214253 0.951778
0.214353 0.951778
0.214452 0.951778
0.214552 0.951778
0.214651 0.951634
0.214751 0.951634
0.214850 0.951634
0.214950 0.951490
0.215049 0.951490
0.215149 0.951346
0.215249 0.951346
0.215348 0.951202
0.215448 0.951202
0.215547 0.951202
0.215647 0.950914
0.215746 0.950770
0.215846 0.950626
0.215946 0.950482
0.216045 0.950194
0.216145 0.950194
0.216244 0.949906
0.216344 0.949906
0.216443 0.949906
0.216543 0.949762
0.216643 0.949762
0.216742 0.949619
0.216842 0.949619
0.216941 0.949619
0.217041 0.949475
0.217140 0.949475
0.217240 0.949475
0.217339 0.949475
0.217439 0.949475
0.217539 0.949475
0.217638 0.949331
0.217738 0.949187
0.217837 0.949043
0.217937 0.948899
0.218036 0.948899
0.218136 0.948323
0.218236 0.948179
0.218335 0.948179
0.218435 0.948035
0.218534 0.947891
0.218634 0.947891
0.218733 0.947747
0.218833 0.947747
0.218932 0.947603
0.219032 0.947603
0.219132 0.947603
0.219231 0.947603
0.219331 0.947603
0.219430 0.947603
0.219530 0.947603
0.219629 0.947603
0.219729 0.947603
0.219829 0.947603
0.219928 0.947603
0.220028 0.947603
0.220127 0.947459
0.220227 0.947459
0.220326 0.947459
0.220426 0.947171
0.220525 0.947171
0.220625 0.947171
0.220725 0.947171
0.220824 0.947171
0.220924 0.947171
0.221023 0.947027
0.221123 0.947027
0.221222 0.947027
0.221322 0.946884
0.221422 0.946596
0.221521 0.946596
0.221621 0.946596
0.221720 0.946452
0.221820 0.946452
0.221919 0.946452
0.222019 0.946308
0.222119 0.946308
0.222218 0.946164
0.222318 0.946164
0.222417 0.946164
0.222517 0.946020
0.222616 0.946020
0.222716 0.945876
0.222815 0.945876
0.222915 0.945732
0.223015 0.945732
0.223114 0.945732
0.223214 0.945732
0.223313 0.945732
0.223413 0.945732
0.223512 0.945732
0.223612 0.945732
0.223712 0.945732
0.223811 0.945732
0.223911 0.945732
0.224010 0.945444
0.224110 0.945156
0.224209 0.945156
0.224309 0.945156
0.224408 0.945012
0.224508 0.944868
0.224608 0.944724
0.224707 0.944724
0.224807 0.944724
0.224906 0.944724
0.225006 0.944724
0.225105 0.944724
0.225205 0.944724
0.225305 0.944724
0.225404 0.944724
0.225504 0.944580
0.225603 0.944580
0.225703 0.944436
0.225802 0.944149
0.225902 0.944149
0.226001 0.944005
0.226101 0.943861
0.226201 0.943717
0.226300 0.943717
0.226400 0.943717
0.226499 0.943573
0.226599 0.943429
0.226698 0.943285
0.226798 0.943285
0.226898 0.943285
0.226997 0.943141
0.227097 0.943141
0.227196 0.943141
0.227296 0.943141
0.227395 0.943141
0.227495 0.943141
0.227594 0.943141
0.227694 0.943141
0.227794 0.942997
0.227893 0.942997
0.227993 0.942997
0.228092 0.942997
0.228192 0.942997
0.228291 0.942997
0.228391 0.942853
0.228491 0.942853
0.228590 0.942853
0.228690 0.942853
0.228789 0.942853
0.228889 0.942853
0.228988 0.942709
0.229088 0.942709
0.229188 0.942709
0.229287 0.942709
0.229387 0.942709
0.229486 0.942565
0.229586 0.942421
0.229685 0.942421
0.229785 0.942277
0.229884 0.942277
0.229984 0.942277
0.230084 0.942277
0.230183 0.942277
0.230283 0.942133
0.230382 0.942133
0.230482 0.942133
0.230581 0.941989
0.230681 0.941701
0.230781 0.941701
0.230880 0.941701
0.230980 0.941701
0.231079 0.941701
0.231179 0.941701
0.231278 0.941701
0.231378 0.941558
0.231477 0.941414
0.231577 0.941414
0.231677 0.941414
0.231776 0.941270
0.231876 0.941270
0.231975 0.941126
0.232075 0.940982
0.232174 0.940982
0.232274 0.940982
0.232374 0.940982
0.232473 0.940982
0.232573 0.940982
0.232672 0.940982
0.232772 0.940982
0.232871 0.940982
0.232971 0.940982
0.233070 0.940982
0.233170 0.940982
0.233270 0.940982
0.233369 0.940982
0.233469 0.940982
0.233568 0.940982
0.233668 0.940982
0.233767 0.940982
0.233867 0.940838
0.233967 0.940694
0.234066 0.940694
0.234166 0.940694
0.234265 0.940694
0.234365 0.940694
0.234464 0.940550
0.234564 0.940550
0.234664 0.940406
0.234763 0.940406
0.234863 0.940406
0.234962 0.940406
0.235062 0.940406
0.235161 0.940406
0.235261 0.940406
0.235360 0.940406
0.235460 0.940406
0.235560 0.940406
0.235659 0.940262
0.235759 0.940262
0.235858 0.940262
0.235958 0.940262
0.236057 0.940262
0.236157 0.940118
0.236257 0.940118
0.236356 0.940118
0.236456 0.940118
0.236555 0.939974
0.236655 0.939974
0.236754 0.939830
0.236854 0.939542
0.236953 0.939542
0.237053 0.939542
0.237153 0.939542
0.237252 0.939398
0.237352 0.939254
0.237451 0.938966
0.237551 0.938823
0.237650 0.938679
0.237750 0.938679
0.237850 0.938535
0.237949 0.938535
0.238049 0.938535
0.238148 0.938247
0.238248 0.938247
0.238347 0.938247
0.238447 0.938247
0.238546 0.938247
0.238646 0.938247
0.238746 0.938103
0.238845 0.938103
0.238945 0.938103
0.239044 0.938103
0.239144 0.938103
0.239243 0.938103
0.239343 0.937959
0.239443 0.937815
0.239542 0.937815
0.239642 0.937815
0.239741 0.937815
0.239841 0.937815
0.239940 0.937815
0.240040 0.937815
0.240140 0.937815
0.240239 0.937815
0.240339 0.937671
0.240438 0.937671
0.240538 0.937671
0.240637 0.937671
0.240737 0.937527
0.240836 0.937527
0.240936 0.937527
0.241036 0.937527
0.241135 0.937527
0.241235 0.937527
0.241334 0.937527
0.241434 0.937527
0.241533 0.937527
0.241633 0.937527
0.241733 0.937527
0.241832 0.937527
0.241932 0.937383
0.242031 0.937383
0.242131 0.937239
0.242230 0.937239
0.242330 0.937239
0.242429 0.937239
0.242529 0.937239
0.242629 0.937239
0.242728 0.937239
0.242828 0.937239
0.242927 0.937095
0.243027 0.937095
0.243126 0.937095
0.243226 0.936951
0.243326 0.936807
0.243425 0.936807
0.243525 0.936807
0.243624 0.936519
0.243724 0.936519
0.243823 0.936519
0.243923 0.936519
0.244022 0.936375
0.244122 0.936375
0.244222 0.936375
0.244321 0.936375
0.244421 0.936375
0.244520 0.936375
0.244620 0.936231
0.244719 0.936231
0.244819 0.936231
0.244919 0.936231
0.245018 0.936088
0.245118 0.936088
0.245217 0.936088
0.245317 0.936088
0.245416 0.936088
0.245516 0.936088
0.245616 0.936088
0.245715 0.936088
0.245815 0.936088
0.245914 0.936088
0.246014 0.936088
0.246113 0.935944
0.246213 0.935944
0.246312 0.935656
0.246412 0.935656
0.246512 0.935656
0.246611 0.935656
0.246711 0.935656
0.246810 0.935656
0.246910 0.935512
0.247009 0.935368
0.247109 0.935368
0.247209 0.935368
0.247308 0.935368
0.247408 0.935368
0.247507 0.935368
0.247607 0.935224
0.247706 0.935080
0.247806 0.935080
0.247905 0.935080
0.248005 0.934792
0.248105 0.934792
0.248204 0.934792
0.248304 0.934504
0.248403 0.934504
0.248503 0.934360
0.248602 0.934216
0.248702 0.934216
0.248802 0.934216
0.248901 0.934072
0.249001 0.934072
0.249100 0.934072
0.249200 0.934072
0.249299 0.934072
0.249399 0.934072
0.249498 0.934072
0.249598 0.933928
0.249698 0.933784
0.249797 0.933784
0.249897 0.933640
0.249996 0.933496
0.250096 0.933353
0.250195 0.933209
0.250295 0.933209
0.250395 0.933209
0.250494 0.933209
0.250594 0.933209
0.250693 0.933209
0.250793 0.933209
0.250892 0.933209
0.250992 0.933065
0.251092 0.933065
0.251191 0.933065
0.251291 0.933065
0.251390 0.932921
0.251490 0.932921
0.251589 0.932921
0.251689 0.932777
0.251788 0.932777
0.251888 0.932777
0.251988 0.932633
0.252087 0.932633
0.252187 0.932633
0.252286 0.932345
0.252386 0.932345
0.252485 0.932345
0.252585 0.932345
0.252685 0.932345
0.252784 0.932345
0.252884 0.932345
0.252983 0.932345
0.253083 0.932201
0.253182 0.932057
0.253282 0.932057
0.253381 0.931913
0.253481 0.931913
0.253581 0.931769
0.253680 0.931769
0.253780 0.931769
0.253879 0.931769
0.253979 0.931769
0.254078 0.931769
0.254178 0.931769
0.254278 0.931769
0.254377 0.931769
0.254477 0.931769
0.254576 0.931769
0.254676 0.931769
0.254775 0.931769
0.254875 0.931769
0.254974 0.931769
0.255074 0.931625
0.255174 0.931481
0.255273 0.931481
0.255373 0.931481
0.255472 0.931481
0.255572 0.931481
0.255671 0.931481
0.255771 0.931337
0.255871 0.931193
0.255970 0.931193
0.256070 0.931193
0.256169 0.931193
0.256269 0.931049
0.256368 0.931049
0.256468 0.931049
0.256568 0.931049
0.256667 0.930761
0.256767 0.930761
0.256866 0.930761
0.256966 0.930761
0.257065 0.930761
0.257165 0.930761
0.257264 0.930761
0.257364 0.930761
0.257464 0.930761
0.257563 0.930761
0.257663 0.930761
0.257762 0.930761
0.257862 0.930761
0.257961 0.930618
0.258061 0.930618
0.258161 0.930618
0.258260 0.930618
0.258360 0.930618
0.258459 0.930618
0.258559 0.930618
0.258658 0.930618
0.258758 0.930618
0.258857 0.930618
0.258957 0.930330
0.259057 0.930330
0.259156 0.930330
0.259256 0.930186
0.259355 0.930042
0.259455 0.930042
0.259554 0.929898
0.259654 0.929466
0.259754 0.929322
0.259853 0.929322
0.259953 0.929322
0.260052 0.929322
0.260152 0.929178
0.260251 0.929034
0.260351 0.929034
0.260450 0.929034
0.260550 0.928890
0.260650 0.928890
0.260749 0.928890
0.260849 0.928890
0.260948 0.928890
0.261048 0.928746
0.261147 0.928746
0.261247 0.928746
0.261347 0.928602
0.261446 0.928458
0.261546 0.928458
0.261645 0.928314
0.261745 0.928314
0.261844 0.928170
0.261944 0.928170
0.262043 0.928170
0.262143 0.928170
0.262243 0.928026
0.262342 0.928026
0.262442 0.928026
0.262541 0.928026
0.262641 0.928026
0.262740 0.928026
0.262840 0.927883
0.262940 0.927883
0.263039 0.927595
0.263139 0.927451
0.263238 0.927451
0.263338 0.927451
0.263437 0.927451
0.263537 0.927451
0.263637 0.927451
0.263736 0.927451
0.263836 0.927451
0.263935 0.927451
0.264035 0.927451
0.264134 0.927451
0.264234 0.927451
0.264333 0.927307
0.264433 0.927163
0.264533 0.927019
0.264632 0.927019
0.264732 0.927019
0.264831 0.927019
0.264931 0.926875
0.265030 0.926731
0.265130 0.926587
0.265230 0.926587
0.265329 0.926587
0.265429 0.926443
0.265528 0.926299
0.265628 0.926299
0.265727 0.926299
0.265827 0.926155
0.265926 0.926155
0.266026 0.926155
0.266126 0.926011
0.266225 0.926011
0.266325 0.926011
0.266424 0.926011
0.266524 0.925867
0.266623 0.925867
0.266723 0.925723
0.266823 0.925723
0.266922 0.925723
0.267022 0.925723
0.267121 0.925723
0.267221 0.925579
0.267320 0.925579
0.267420 0.925435
0.267519 0.925435
0.267619 0.925435
0.267719 0.925435
0.267818 0.925291
0.267918 0.925291
0.268017 0.925291
0.268117 0.925148
0.268216 0.925004
0.268316 0.924860
0.268416 0.924860
0.268515 0.924716
0.268615 0.924572
0.268714 0.924428
0.268814 0.924428
0.268913 0.924284
0.269013 0.924284
0.269113 0.924140
0.269212 0.924140
0.269312 0.924140
0.269411 0.923996
0.269511 0.923996
0.269610 0.923852
0.269710 0.923852
0.269809 0.923708
0.269909 0.923708
0.270009 0.923708
0.270108 0.923708
0.270208 0.923708
0.270307 0.923708
0.270407 0.923708
0.270506 0.923708
0.270606 0.923708
0.270706 0.923708
0.270805 0.923708
0.270905 0.923708
0.271004 0.923564
0.271104 0.923564
0.271203 0.923564
0.271303 0.923564
0.271402 0.923420
0.271502 0.922988
0.271602 0.922988
0.271701 0.922988
0.271801 0.922988
0.271900 0.922988
0.272000 0.922988
0.272099 0.922844
0.272199 0.922700
0.272299 0.922700
0.272398 0.922700
0.272498 0.922700
0.272597 0.922700
0.272697 0.922700
0.272796 0.922700
0.272896 0.922700
0.272995 0.922413
0.273095 0.922269
0.273195 0.922269
0.273294 0.922269
0.273394 0.922269
0.273493 0.922269
0.273593 0.922269
0.273692 0.922269
0.273792 0.922269
0.273892 0.922125
0.273991 0.922125
0.274091 0.921981
0.274190 0.921981
0.274290 0.921981
0.274389 0.921549
0.274489 0.921549
0.274589 0.921549
0.274688 0.921549
0.274788 0.921405
0.274887 0.921261
0.274987 0.921261
0.275086 0.921261
0.275186 0.921261
0.275285 0.921261
0.275385 0.921261
0.275485 0.921261
0.275584 0.921261
0.275684 0.921261
0.275783 0.921261
0.275883 0.921261
0.275982 0.921117
0.276082 0.921117
0.276182 0.921117
0.276281 0.921117
0.276381 0.921117
0.276480 0.920829
0.276580 0.920829
0.276679 0.920829
0.276779 0.920829
0.276878 0.920829
0.276978 0.920829
0.277078 0.920829
0.277177 0.920829
0.277277 0.920829
0.277376 0.920829
0.277476 0.920829
0.277575 0.920685
0.277675 0.920541
0.277775 0.920541
0.277874 0.920541
0.277974 0.920541
0.278073 0.920541
0.278173 0.920397
0.278272 0.920253
0.278372 0.919965
0.278471 0.919965
0.278571 0.919965
0.278671 0.919965
0.278770 0.919965
0.278870 0.919965
0.278969 0.919822
0.279069 0.919822
0.279168 0.919678
0.279268 0.919678
0.279368 0.919390
0.279467 0.919102
0.279567 0.919102
0.279666 0.918958
0.279766 0.918958
0.279865 0.918958
0.279965 0.918958
0.280065 0.918958
0.280164 0.918958
0.280264 0.918958
0.280363 0.918958
0.280463 0.918958
0.280562 0.918958
0.280662 0.918958
0.280761 0.918958
0.280861 0.918958
0.280961 0.918958
0.281060 0.918958
0.281160 0.918814
0.281259 0.918670
0.281359 0.918670
0.281458 0.918526
0.281558 0.918526
0.281658 0.918526
0.281757 0.918382
0.281857 0.918382
0.281956 0.918382
0.282056 0.918382
0.282155 0.918382
0.282255 0.918238
0.282354 0.917950
0.282454 0.917950
0.282554 0.917950
0.282653 0.917950
0.282753 0.917950
0.282852 0.917950
0.282952 0.917950
0.283051 0.917806
0.283151 0.917806
0.283251 0.917806
0.283350 0.917806
0.283450 0.917806
0.283549 0.917518
0.283649 0.917518
0.283748 0.917374
0.283848 0.917374
0.283947 0.917374
0.284047 0.917087
0.284147 0.916943
0.284246 0.916655
0.284346 0.916655
0.284445 0.916511
0.284545 0.916511
0.284644 0.916367
0.284744 0.916367
0.284844 0.916223
0.284943 0.916223
0.285043 0.916079
0.285142 0.916079
0.285242 0.915935
0.285341 0.915935
0.285441 0.915935
0.285541 0.915935
0.285640 0.915935
0.285740 0.915935
0.285839 0.915935
0.285939 0.915935
0.286038 0.915935
0.286138 0.915935
0.286237 0.915791
0.286337 0.915647
0.286437 0.915647
0.286536 0.915647
0.286636 0.915503
0.286735 0.915503
0.286835 0.915503
0.286934 0.915503
0.287034 0.915503
0.287134 0.915503
0.287233 0.915503
0.287333 0.915359
0.287432 0.915359
0.287532 0.915359
0.287631 0.915359
0.287731 0.915359
0.287830 0.915359
0.287930 0.915359
0.288030 0.915359
0.288129 0.915359
0.288229 0.915215
0.288328 0.915215
0.288428 0.915215
0.288527 0.915071
0.288627 0.915071
0.288727 0.915071
0.288826 0.915071
0.288926 0.915071
0.289025 0.915071
0.289125 0.915071
0.289224 0.915071
0.289324 0.915071
0.289423 0.915071
0.289523 0.915071
0.289623 0.915071
0.289722 0.914927
0.289822 0.914783
0.289921 0.914783
0.290021 0.914783
0.290120 0.914639
0.290220 0.914639
0.290320 0.914639
0.290419 0.914639
0.290519 0.914639
0.290618 0.914639
0.290718 0.914495
0.290817 0.914352
0.290917 0.914352
0.291017 0.914352
0.291116 0.914208
0.291216 0.914064
0.291315 0.913920
0.291415 0.913920
0.291514 0.913776
0.291614 0.913776
0.291713 0.913776
0.291813 0.913776
0.291913 0.913776
0.292012 0.913632
0.292112 0.913632
0.292211 0.913632
0.292311 0.913632
0.292410 0.913632
0.292510 0.913488
0.292610 0.913488
0.292709 0.913344
0.292809 0.913200
0.292908 0.912912
0.293008 0.912912
0.293107 0.912768
0.293207 0.912768
0.293306 0.912768
0.293406 0.912768
0.293506 0.912768
0.293605 0.912768
0.293705 0.912624
0.293804 0.912624
0.293904 0.912192
0.294003 0.912192
0.294103 0.912192
0.294203 0.912048
0.294302 0.912048
0.294402 0.912048
0.294501 0.912048
0.294601 0.912048
0.294700 0.911760
0.294800 0.911760
0.294899 0.911617
0.294999 0.911329
0.295099 0.911329
0.295198 0.911185
0.295298 0.911185
0.295397 0.911185
0.295497 0.911185
0.295596 0.911185
0.295696 0.911041
0.295796 0.911041
0.295895 0.911041
0.295995 0.910897
0.296094 0.910609
0.296194 0.910321
0.296293 0.910321
0.296393 0.910321
0.296493 0.910177
0.296592 0.909889
0.296692 0.909889
0.296791 0.909889
0.296891 0.909889
0.296990 0.909889
0.297090 0.909889
0.297189 0.909889
0.297289 0.909889
0.297389 0.909745
0.297488 0.909457
0.297588 0.909457
0.297687 0.909457
0.297787 0.909457
0.297886 0.909457
0.297986 0.909313
0.298086 0.909313
0.298185 0.909169
0.298285 0.909169
0.298384 0.909169
0.298484 0.909169
0.298583 0.909169
0.298683 0.909169
0.298782 0.909169
0.298882 0.909169
0.298982 0.909169
0.299081 0.909025
0.299181 0.909025
0.299280 0.909025
0.299380 0.909025
0.299479 0.909025
0.299579 0.908738
0.299679 0.908738
0.299778 0.908738
0.299878 0.908738
0.299977 0.908306
0.300077 0.908306
0.300176 0.908306
0.300276 0.908306
0.300375 0.908306
0.300475 0.908162
0.300575 0.908162
0.300674 0.908162
0.300774 0.908162
0.300873 0.908162
0.300973 0.908018
0.301072 0.908018
0.301172 0.907874
0.301272 0.907586
0.301371 0.907586
0.301471 0.907586
0.301570 0.907586
0.301670 0.907586
0.301769 0.907442
0.301869 0.907298
0.301968 0.907010
0.302068 0.907010
0.302168 0.907010
0.302267 0.907010
0.302367 0.907010
0.302466 0.907010
0.302566 0.907010
0.302665 0.907010
0.302765 0.907010
0.302865 0.906722
0.302964 0.906434
0.303064 0.906434
0.303163 0.906290
0.303263 0.906290
0.303362 0.906290
0.303462 0.906290
0.303562 0.906003
0.303661 0.906003
0.303761 0.906003
0.303860 0.905859
0.303960 0.905859
0.304059 0.905571
0.304159 0.905571
0.304258 0.905571
0.304358 0.905571
0.304458 0.905571
0.304557 0.905571
0.304657 0.905571
0.304756 0.905427
0.304856 0.905427
0.304955 0.905427
0.305055 0.905427
0.305155 0.905283
0.305254 0.905283
0.305354 0.905139
0.305453 0.904851
0.305553 0.904851
0.305652 0.904707
0.305752 0.904707
0.305851 0.904563
0.305951 0.904563
0.306051 0.904419
0.306150 0.904419
0.306250 0.904419
0.306349 0.904419
0.306449 0.904419
0.306548 0.904419
0.306648 0.904275
0.306748 0.904275
0.306847 0.904275
0.306947 0.904131
0.307046 0.904131
0.307146 0.903987
0.307245 0.903699
0.307345 0.903555
0.307444 0.903412
0.307544 0.903412
0.307644 0.903412
0.307743 0.903268
0.307843 0.902980
0.307942 0.902836
0.308042 0.902836
0.308141 0.902692
0.308241 0.902692
0.308341 0.902548
0.308440 0.902548
0.308540 0.902404
0.308639 0.902404
0.308739 0.902404
0.308838 0.902260
0.308938 0.901972
0.309038 0.901828
0.309137 0.901396
0.309237 0.901252
0.309336 0.901252
0.309436 0.901108
0.309535 0.900820
0.309635 0.900820
0.309734 0.900820
0.309834 0.900820
0.309934 0.900820
0.310033 0.900820
0.310133 0.900533
0.310232 0.900533
0.310332 0.900389
0.310431 0.900245
0.310531 0.900245
0.310631 0.900245
0.310730 0.900245
0.310830 0.900245
0.310929 0.899957
0.311029 0.899957
0.311128 0.899957
0.311228 0.899957
0.311327 0.899957
0.311427 0.899813
0.311527 0.899813
0.311626 0.899813
0.311726 0.899813
0.311825 0.899813
0.311925 0.899813
0.312024 0.899813
0.312124 0.899813
0.312224 0.899813
0.312323 0.899813
0.312423 0.899813
0.312522 0.899669
0.312622 0.899669
0.312721 0.899669
0.312821 0.899669
0.312920 0.899669
0.313020 0.899237
0.313120 0.899237
0.313219 0.899237
0.313319 0.899237
0.313418 0.899237
0.313518 0.899237
0.313617 0.899237
0.313717 0.898949
0.313817 0.898805
0.313916 0.898805
0.314016 0.898805
0.314115 0.898805
0.314215 0.898805
0.314314 0.898805
0.314414 0.898661
0.314514 0.898661
0.314613 0.898661
0.314713 0.898661
0.314812 0.898661
0.314912 0.898661
0.315011 0.898661
0.315111 0.898517
0.315210 0.898373
0.315310 0.898373
0.315410 0.898229
0.315509 0.898229
0.315609 0.898229
0.315708 0.898086
0.315808 0.898086
0.315907 0.898086
0.316007 0.897942
0.316107 0.897942
0.316206 0.897942
0.316306 0.897942
0.316405 0.897942
0.316505 0.897942
0.316604 0.897942
0.316704 0.897798
0.316803 0.897798
0.316903 0.897654
0.317003 0.897654
0.317102 0.897222
0.317202 0.897222
0.317301 0.897222
0.317401 0.897078
0.317500 0.896934
0.317600 0.896790
0.317700 0.896646
0.317799 0.896358
0.317899 0.896214
0.317998 0.896214
0.318098 0.896070
0.318197 0.895926
0.318297 0.895926
0.318396 0.895782
0.318496 0.895782
0.318596 0.895494
0.318695 0.895494
0.318795 0.895494
0.318894 0.895494
0.318994 0.895494
0.319093 0.895494
0.319193 0.895494
0.319293 0.895494
0.319392 0.895207
0.319492 0.895207
0.319591 0.894919
0.319691 0.894919
0.319790 0.894919
0.319890 0.894919
0.319990 0.894775
0.320089 0.894631
0.320189 0.894343
0.320288 0.894343
0.320388 0.894343
0.320487 0.894343
0.320587 0.894343
0.320686 0.894343
0.320786 0.894343
0.320886 0.894199
0.320985 0.894199
0.321085 0.894055
0.321184 0.894055
0.321284 0.894055
0.321383 0.893911
0.321483 0.893911
0.321583 0.893911
0.321682 0.893911
0.321782 0.893911
0.321881 0.893767
0.321981 0.893767
0.322080 0.893623
0.322180 0.893623
0.322279 0.893623
0.322379 0.893623
0.322479 0.893623
0.322578 0.893479
0.322678 0.893335
0.322777 0.893047
0.322877 0.893047
0.322976 0.893047
0.323076 0.893047
0.323176 0.893047
0.323275 0.893047
0.323375 0.892759
0.323474 0.892759
0.323574 0.892759
0.323673 0.892328
0.323773 0.892328
0.323872 0.892184
0.323972 0.892184
0.324072 0.892040
0.324171 0.892040
0.324271 0.892040
0.324370 0.892040
0.324470 0.891752
0.324569 0.891752
0.324669 0.891752
0.324769 0.891752
0.324868 0.891608
0.324968 0.891608
0.325067 0.891608
0.325167 0.891608
0.325266 0.891464
0.325366 0.891464
0.325466 0.891464
0.325565 0.891464
0.325665 0.891464
0.325764 0.891464
0.325864 0.891464
0.325963 0.891320
0.326063 0.891320
0.326162 0.891176
0.326262 0.891032
0.326362 0.890888
0.326461 0.890888
0.326561 0.890888
0.326660 0.890888
0.326760 0.890888
0.326859 0.890888
0.326959 0.890744
0.327059 0.890744
0.327158 0.890744
0.327258 0.890456
0.327357 0.890456
0.327457 0.890456
0.327556 0.890312
0.327656 0.890168
0.327755 0.890168
0.327855 0.890168
0.327955 0.890168
0.328054 0.890024
0.328154 0.889881
0.328253 0.889737
0.328353 0.889449
0.328452 0.889449
0.328552 0.889449
0.328652 0.889449
0.328751 0.889161
0.328851 0.889161
0.328950 0.889161
0.329050 0.889161
0.329149 0.888873
0.329249 0.888873
0.329348 0.888729
0.329448 0.888585
0.329548 0.888585
0.329647 0.888441
0.329747 0.888441
0.329846 0.888441
0.329946 0.888297
0.330045 0.888153
0.330145 0.887865
0.330245 0.887865
0.330344 0.887865
0.330444 0.887865
0.330543 0.887721
0.330643 0.887721
0.330742 0.887577
0.330842 0.887433
0.330942 0.887433
0.331041 0.887433
0.331141 0.887433
0.331240 0.887289
0.331340 0.887289
0.331439 0.887002
0.331539 0.887002
0.331638 0.887002
0.331738 0.886858
0.331838 0.886858
0.331937 0.886858
0.332037 0.886858
0.332136 0.886858
0.332236 0.886714
0.332335 0.886714
0.332435 0.886714
0.332535 0.886570
0.332634 0.886426
0.332734 0.886282
0.332833 0.886282
0.332933 0.886282
0.333032 0.886138
0.333132 0.886138
0.333231 0.885994
0.333331 0.885706
0.333431 0.885562
0.333530 0.885562
0.333630 0.885418
0.333729 0.885418
0.333829 0.885274
0.333928 0.885274
0.334028 0.884986
0.334128 0.884986
0.334227 0.884842
0.334327 0.884698
0.334426 0.884698
0.334526 0.884267
0.334625 0.883979
0.334725 0.883835
0.334824 0.883691
0.334924 0.883691
0.335024 0.883691
0.335123 0.883547
0.335223 0.883403
0.335322 0.883403
0.335422 0.883403
0.335521 0.883259
0.335621 0.883115
0.335721 0.883115
0.335820 0.883115
0.335920 0.882683
0.336019 0.882683
0.336119 0.882539
0.336218 0.882539
0.336318 0.882539
0.336418 0.882539
0.336517 0.882539
0.336617 0.882539
0.336716 0.882539
0.336816 0.882251
0.336915 0.882251
0.337015 0.882251
0.337114 0.882107
0.337214 0.881963
0.337314 0.881963
0.337413 0.881963
0.337513 0.881963
0.337612 0.881819
0.337712 0.881819
0.337811 0.881819
0.337911 0.881676
0.338011 0.881532
0.338110 0.881532
0.338210 0.881244
0.338309 0.880956
0.338409 0.880956
0.338508 0.880812
0.338608 0.880812
0.338707 0.880524
0.338807 0.880524
0.338907 0.880524
0.339006 0.880524
0.339106 0.880524
0.339205 0.880524
0.339305 0.880380
0.339404 0.880380
0.339504 0.880236
0.339604 0.880092
0.339703 0.879948
0.339803 0.879948
0.339902 0.879516
0.340002 0.879516
0.340101 0.879516
0.340201 0.879516
0.340300 0.879372
0.340400 0.879228
0.340500 0.879228
0.340599 0.878941
0.340699 0.878797
0.340798 0.878797
0.340898 0.878797
0.340997 0.878653
0.341097 0.878509
0.341197 0.878509
0.341296 0.878509
0.341396 0.878509
0.341495 0.878509
0.341595 0.878509
0.341694 0.878509
0.341794 0.878509
0.341893 0.878221
0.341993 0.878221
0.342093 0.878221
0.342192 0.878221
0.342292 0.878221
0.342391 0.878221
0.342491 0.878221
0.342590 0.877933
0.342690 0.877933
0.342790 0.877933
0.342889 0.877645
0.342989 0.877501
0.343088 0.877501
0.343188 0.877213
0.343287 0.877213
0.343387 0.877069
0.343487 0.877069
0.343586 0.877069
0.343686 0.877069
0.343785 0.877069
0.343885 0.877069
0.343984 0.877069
0.344084 0.877069
0.344183 0.876925
0.344283 0.876781
0.344383 0.876781
0.344482 0.876781
0.344582 0.876781
0.344681 0.876781
0.344781 0.876493
0.344880 0.876493
0.344980 0.876493
0.345080 0.876062
0.345179 0.875918
0.345279 0.875918
0.345378 0.875774
0.345478 0.875630
0.345577 0.875486
0.345677 0.875486
0.345776 0.875486
0.345876 0.875486
0.345976 0.875486
0.346075 0.875486
0.346175 0.875198
0.346274 0.875198
0.346374 0.875054
0.346473 0.875054
0.346573 0.875054
0.346673 0.875054
0.346772 0.874910
0.346872 0.874910
0.346971 0.874910
0.347071 0.874910
0.347170 0.874910
0.347270 0.874910
0.347369 0.874910
0.347469 0.874766
0.347569 0.874766
0.347668 0.874766
0.347768 0.874622
0.347867 0.874334
0.347967 0.874046
0.348066 0.874046
0.348166 0.873902
0.348266 0.873902
0.348365 0.873758
0.348465 0.873615
0.348564 0.873471
0.348664 0.873327
0.348763 0.873327
0.348863 0.873327
0.348963 0.873183
0.349062 0.873039
0.349162 0.873039
0.349261 0.873039
0.349361 0.872895
0.349460 0.872895
0.349560 0.872751
0.349659 0.872463
0.349759 0.872319
0.349859 0.872319
0.349958 0.872031
0.350058 0.872031
0.350157 0.872031
0.350257 0.871887
0.350356 0.871887
0.350456 0.871887
0.350556 0.871599
0.350655 0.871599
0.350755 0.871455
0.350854 0.871311
0.350954 0.871311
0.351053 0.871311
0.351153 0.871167
0.351252 0.871167
0.351352 0.871023
0.351452 0.870736
0.351551 0.870592
0.351651 0.870448
0.351750 0.870448
0.351850 0.870448
0.351949 0.870448
0.352049 0.870448
0.352149 0.870448
0.352248 0.870448
0.352348 0.870304
0.352447 0.870304
0.352547 0.870016
0.352646 0.870016
0.352746 0.869728
0.352845 0.869728
0.352945 0.869728
0.353045 0.869728
0.353144 0.869728
0.353244 0.869584
0.353343 0.869440
0.353443 0.869296
0.353542 0.869008
0.353642 0.869008
0.353742 0.868864
0.353841 0.868864
0.353941 0.868720
0.354040 0.868576
0.354140 0.868432
0.354239 0.868432
0.354339 0.868432
0.354439 0.868001
0.354538 0.867857
0.354638 0.867857
0.354737 0.867713
0.354837 0.867713
0.354936 0.867569
0.355036 0.867569
0.355135 0.867425
0.355235 0.867281
0.355335 0.867281
0.355434 0.867281
0.355534 0.867137
0.355633 0.866993
0.355733 0.866705
0.355832 0.866705
0.355932 0.866705
0.356032 0.866705
0.356131 0.866561
0.356231 0.866561
0.356330 0.866273
0.356430 0.866129
0.356529 0.865985
0.356629 0.865697
0.356728 0.865410
0.356828 0.865266
0.356928 0.865122
0.357027 0.865122
0.357127 0.865122
0.357226 0.864834
0.357326 0.864834
0.357425 0.864546
0.357525 0.864258
0.357625 0.864258
0.357724 0.864114
0.357824 0.864114
0.357923 0.864114
0.358023 0.863970
0.358122 0.863826
0.358222 0.863538
0.358321 0.863538
0.358421 0.863394
0.358521 0.863394
0.358620 0.863394
0.358720 0.863250
0.358819 0.863106
0.358919 0.863106
0.359018 0.863106
0.359118 0.863106
0.359218 0.863106
0.359317 0.862675
0.359417 0.862243
0.359516 0.862243
0.359616 0.862099
0.359715 0.862099
0.359815 0.861955
0.359915 0.861955
0.360014 0.861955
0.360114 0.861811
0.360213 0.861523
0.360313 0.861379
0.360412 0.861235
0.360512 0.861235
0.360611 0.861235
0.360711 0.861235
0.360811 0.861235
0.360910 0.861235
0.361010 0.861091
0.361109 0.860947
0.361209 0.860947
0.361308 0.860947
0.361408 0.860947
0.361508 0.860947
0.361607 0.860803
0.361707 0.860803
0.361806 0.860515
0.361906 0.860515
0.362005 0.860515
0.362105 0.860515
0.362204 0.860515
0.362304 0.860371
0.362404 0.860371
0.362503 0.860083
0.362603 0.860083
0.362702 0.860083
0.362802 0.860083
0.362901 0.860083
0.363001 0.859796
0.363101 0.859796
0.363200 0.859652
0.363300 0.859652
0.363399 0.859364
0.363499 0.859364
0.363598 0.859364
0.363698 0.859364
0.363797 0.859076
0.363897 0.859076
0.363997 0.859076
0.364096 0.859076
0.364196 0.858932
0.364295 0.858932
0.364395 0.858500
0.364494 0.858356
0.364594 0.858356
0.364694 0.858356
0.364793 0.858356
0.364893 0.858356
0.364992 0.858212
0.365092 0.857924
0.365191 0.857924
0.365291 0.857924
0.365391 0.857492
0.365490 0.857492
0.365590 0.857492
0.365689 0.857348
0.365789 0.857348
0.365888 0.857205
0.365988 0.857061
0.366087 0.857061
0.366187 0.856917
0.366287 0.856917
0.366386 0.856917
0.366486 0.856773
0.366585 0.856773
0.366685 0.856773
0.366784 0.856485
0.366884 0.856341
0.366984 0.856197
0.367083 0.856197
0.367183 0.856053
0.367282 0.856053
0.367382 0.855909
0.367481 0.855765
0.367581 0.855765
0.367680 0.855765
0.367780 0.855765
0.367880 0.855765
0.367979 0.855765
0.368079 0.855621
0.368178 0.855477
0.368278 0.855477
0.368377 0.855333
0.368477 0.855189
0.368577 0.855045
0.368676 0.855045
0.368776 0.855045
0.368875 0.855045
0.368975 0.854901
0.369074 0.854757
0.369174 0.854757
0.369273 0.854757
0.369373 0.854470
0.369473 0.854470
0.369572 0.854470
0.369672 0.854470
0.369771 0.854470
0.369871 0.854470
0.369970 0.854326
0.370070 0.853894
0.370170 0.853894
0.370269 0.853750
0.370369 0.853750
0.370468 0.853606
0.370568 0.853462
0.370667 0.853318
0.370767 0.853318
0.370867 0.853318
0.370966 0.853318
0.371066 0.853318
0.371165 0.853174
0.371265 0.853030
0.371364 0.853030
0.371464 0.852886
0.371563 0.852886
0.371663 0.852742
0.371763 0.852742
0.371862 0.852598
0.371962 0.852598
0.372061 0.852454
0.372161 0.852454
0.372260 0.852454
0.372360 0.852454
0.372460 0.852454
0.372559 0.852454
0.372659 0.852454
0.372758 0.852310
0.372858 0.852310
0.372957 0.852166
0.373057 0.852022
0.373156 0.852022
0.373256 0.851879
0.373356 0.851735
0.373455 0.851591
0.373555 0.851591
0.373654 0.851447
0.373754 0.851303
0.373853 0.851015
0.373953 0.850871
0.374053 0.850727
0.374152 0.850727
0.374252 0.850727
0.374351 0.850727
0.374451 0.850727
0.374550 0.850727
0.374650 0.850439
0.374749 0.850439
0.374849 0.850295
0.374949 0.850151
0.375048 0.850151
0.375148 0.850151
0.375247 0.850007
0.375347 0.850007
0.375446 0.850007
0.375546 0.850007
0.375646 0.850007
0.375745 0.850007
0.375845 0.850007
0.375944 0.850007
0.376044 0.850007
0.376143 0.850007
0.376243 0.850007
0.376343 0.850007
0.376442 0.850007
0.376542 0.849863
0.376641 0.849863
0.376741 0.849719
0.376840 0.849719
0.376940 0.849719
0.377039 0.849719
0.377139 0.849575
0.377239 0.849575
0.377338 0.849431
0.377438 0.849287
0.377537 0.849287
0.377637 0.849287
0.377736 0.849287
0.377836 0.849287
0.377936 0.849287
0.378035 0.849144
0.378135 0.849000
0.378234 0.849000
0.378334 0.849000
0.378433 0.849000
0.378533 0.848856
0.378632 0.848712
0.378732 0.848712
0.378832 0.848712
0.378931 0.848712
0.379031 0.848712
0.379130 0.848712
0.379230 0.848568
0.379329 0.848568
0.379429 0.848568
0.379529 0.848568
0.379628 0.848424
0.379728 0.848280
0.379827 0.847848
0.379927 0.847848
0.380026 0.847704
0.380126 0.847704
0.380225 0.847560
0.380325 0.847560
0.380425 0.847560
0.380524 0.847560
0.380624 0.847416
0.380723 0.847128
0.380823 0.846984
0.380922 0.846984
0.381022 0.846840
0.381122 0.846840
0.381221 0.846840
0.381321 0.846840
0.381420 0.846840
0.381520 0.846840
0.381619 0.846409
0.381719 0.846409
0.381818 0.846265
0.381918 0.845977
0.382018 0.845977
0.382117 0.845977
0.382217 0.845833
0.382316 0.845833
0.382416 0.845833
0.382515 0.845833
0.382615 0.845689
0.382715 0.845689
0.382814 0.845545
0.382914 0.845401
0.383013 0.845257
0.383113 0.845257
0.383212 0.845113
0.383312 0.844825
0.383412 0.844825
0.383511 0.844825
0.383611 0.844825
0.383710 0.844825
0.383810 0.844825
0.383909 0.844681
0.384009 0.844393
0.384108 0.844393
0.384208 0.844105
0.384308 0.843961
0.384407 0.843961
0.384507 0.843961
0.384606 0.843961
0.384706 0.843961
0.384805 0.843817
0.384905 0.843817
0.385005 0.843530
0.385104 0.843530
0.385204 0.843530
0.385303 0.843530
0.385403 0.843386
0.385502 0.843386
0.385602 0.843386
0.385701 0.843386
0.385801 0.843098
0.385901 0.842810
0.386000 0.842810
0.386100 0.842810
0.386199 0.842666
0.386299 0.842522
0.386398 0.842522
0.386498 0.842378
0.386598 0.842378
0.386697 0.842090
0.386797 0.841946
0.386896 0.841802
0.386996 0.841802
0.387095 0.841802
0.387195 0.841802
0.387294 0.841802
0.387394 0.841802
0.387494 0.841658
0.387593 0.841658
0.387693 0.841658
0.387792 0.841658
0.387892 0.841658
0.387991 0.841658
0.388091 0.841658
0.388191 0.841514
0.388290 0.841514
0.388390 0.841514
0.388489 0.841370
0.388589 0.841370
0.388688 0.841370
0.388788 0.841370
0.388888 0.841226
0.388987 0.841226
0.389087 0.840795
0.389186 0.840795
0.389286 0.840795
0.389385 0.840795
0.389485 0.840795
0.389584 0.840795
0.389684 0.840795
0.389784 0.840795
0.389883 0.840795
0.389983 0.840651
0.390082 0.840651
0.390182 0.840651
0.390281 0.840507
0.390381 0.840507
0.390481 0.840507
0.390580 0.840363
0.390680 0.840363
0.390779 0.840363
0.390879 0.840219
0.390978 0.840075
0.391078 0.839931
0.391177 0.839355
0.391277 0.839355
0.391377 0.839067
0.391476 0.838923
0.391576 0.838923
0.391675 0.838923
0.391775 0.838923
0.391874 0.838923
0.391974 0.838491
0.392074 0.838491
0.392173 0.838347
0.392273 0.838347
0.392372 0.838347
0.392472 0.838204
0.392571 0.838060
0.392671 0.838060
0.392770 0.838060
0.392870 0.837916
0.392970 0.837916
0.393069 0.837772
0.393169 0.837484
0.393268 0.837340
0.393368 0.837340
0.393467 0.837340
0.393567 0.837340
0.393667 0.837340
0.393766 0.837340
0.393866 0.837340
0.393965 0.837340
0.394065 0.837196
0.394164 0.837052
0.394264 0.837052
0.394364 0.837052
0.394463 0.837052
0.394563 0.836764
0.394662 0.836476
0.394762 0.836044
0.394861 0.836044
0.394961 0.835900
0.395060 0.835900
0.395160 0.835900
0.395260 0.835900
0.395359 0.835900
0.395459 0.835900
0.395558 0.835756
0.395658 0.835325
0.395757 0.835325
0.395857 0.835325
0.395957 0.835325
0.396056 0.835325
0.396156 0.835325
0.396255 0.835325
0.396355 0.835325
0.396454 0.835181
0.396554 0.834893
0.396653 0.834893
0.396753 0.834749
0.396853 0.834317
0.396952 0.834173
0.397052 0.834173
0.397151 0.833885
0.397251 0.833885
0.397350 0.833885
0.397450 0.833885
0.397550 0.833741
0.397649 0.833741
0.397749 0.833741
0.397848 0.833741
0.397948 0.833741
0.398047 0.833597
0.398147 0.833597
0.398246 0.833453
0.398346 0.833309
0.398446 0.833309
0.398545 0.833309
0.398645 0.833309
0.398744 0.833309
0.398844 0.833165
0.398943 0.833021
0.399043 0.833021
0.399143 0.833021
0.399242 0.832878
0.399342 0.832734
0.399441 0.832734
0.399541 0.832590
0.399640 0.832590
0.399740 0.832446
0.399840 0.832446
0.399939 0.832158
0.400039 0.832014
0.400138 0.831870
0.400238 0.831726
0.400337 0.831726
0.400437 0.831726
0.400536 0.831582
0.400636 0.831582
0.400736 0.831294
0.400835 0.831150
0.400935 0.831006
0.401034 0.830862
0.401134 0.830862
0.401233 0.830862
0.401333 0.830862
0.401433 0.830718
0.401532 0.830574
0.401632 0.830574
0.401731 0.830574
0.401831 0.830574
0.401930 0.830430
0.402030 0.830286
0.402129 0.830286
0.402229 0.830143
0.402329 0.830143
0.402428 0.830143
0.402528 0.829711
0.402627 0.829567
0.402727 0.829567
0.402826 0.829423
0.402926 0.829279
0.403026 0.829135
0.403125 0.828991
0.403225 0.828559
0.403324 0.828559
0.403424 0.828271
0.403523 0.828271
0.403623 0.827983
0.403722 0.827983
0.403822 0.827983
0.403922 0.827983
0.404021 0.827983
0.404121 0.827983
0.404220 0.827695
0.404320 0.827695
0.404419 0.827551
0.404519 0.827551
0.404619 0.827551
0.404718 0.827408
0.404818 0.827408
0.404917 0.827408
0.405017 0.827264
0.405116 0.826832
0.405216 0.826832
0.405316 0.826832
0.405415 0.826544
0.405515 0.826400
0.405614 0.826256
0.405714 0.826256
0.405813 0.826256
0.405913 0.826256
0.406012 0.826112
0.406112 0.826112
0.406212 0.826112
0.406311 0.826112
0.406411 0.826112
0.406510 0.826112
0.406610 0.826112
0.406709 0.826112
0.406809 0.825968
0.406909 0.825824
0.407008 0.825680
0.407108 0.825680
0.407207 0.825680
0.407307 0.825680
0.407406 0.825536
0.407506 0.825536
0.407605 0.825536
0.407705 0.825392
0.407805 0.825392
0.407904 0.825392
0.408004 0.825248
0.408103 0.825104
0.408203 0.824816
0.408302 0.824816
0.408402 0.824673
0.408502 0.824673
0.408601 0.824529
0.408701 0.824529
0.408800 0.824385
0.408900 0.824385
0.408999 0.824385
0.409099 0.824385
0.409198 0.824097
0.409298 0.823953
0.409398 0.823953
0.409497 0.823809
0.409597 0.823809
0.409696 0.823809
0.409796 0.823809
0.409895 0.823809
0.409995 0.823665
0.410095 0.823521
0.410194 0.823521
0.410294 0.823233
0.410393 0.822945
0.410493 0.822513
0.410592 0.822513
0.410692 0.822513
0.410792 0.822369
0.410891 0.822369
0.410991 0.822369
0.411090 0.822225
0.411190 0.822225
0.411289 0.822081
0.411389 0.821794
0.411488 0.821650
0.411588 0.821650
0.411688 0.821506
0.411787 0.821218
0.411887 0.820930
0.411986 0.820930
0.412086 0.820930
0.412185 0.820930
0.412285 0.820786
0.412385 0.820786
0.412484 0.820786
0.412584 0.820786
0.412683 0.820786
0.412783 0.820642
0.412882 0.820498
0.412982 0.820498
0.413081 0.820498
0.413181 0.820210
0.413281 0.820210
0.413380 0.820210
0.413480 0.820210
0.413579 0.819922
0.413679 0.819922
0.413778 0.819490
0.413878 0.819490
0.413978 0.819490
0.414077 0.819490
0.414177 0.819490
0.414276 0.819490
0.414376 0.819346
0.414475 0.819346
0.414575 0.819203
0.414674 0.819203
0.414774 0.819203
0.414874 0.819059
0.414973 0.819059
0.415073 0.819059
0.415172 0.819059
0.415272 0.819059
0.415371 0.819059
0.415471 0.819059
0.415571 0.818627
0.415670 0.818627
0.415770 0.818627
0.415869 0.818627
0.415969 0.818627
0.416068 0.818627
0.416168 0.818483
0.416268 0.818339
0.416367 0.818195
0.416467 0.818051
0.416566 0.817907
0.416666 0.817619
0.416765 0.817619
0.416865 0.817331
0.416964 0.817331
0.417064 0.817187
0.417164 0.817043
0.417263 0.816899
0.417363 0.816755
0.417462 0.816755
0.417562 0.816324
0.417661 0.816180
0.417761 0.816180
0.417861 0.816036
0.417960 0.815892
0.418060 0.815892
0.418159 0.815892
0.418259 0.815892
0.418358 0.815892
0.418458 0.815604
0.418557 0.815604
0.418657 0.815316
0.418757 0.815316
0.418856 0.815316
0.418956 0.815172
0.419055 0.815028
0.419155 0.814740
0.419254 0.814308
0.419354 0.814308
0.419454 0.814164
0.419553 0.813876
0.419653 0.813876
0.419752 0.813876
0.419852 0.813876
0.419951 0.813876
0.420051 0.813876
0.420150 0.813733
0.420250 0.813589
0.420350 0.813301
0.420449 0.813157
0.420549 0.812869
0.420648 0.812725
0.420748 0.812725
0.420847 0.812581
0.420947 0.812437
0.421047 0.812437
0.421146 0.812293
0.421246 0.812293
0.421345 0.812149
0.421445 0.811861
0.421544 0.811861
0.421644 0.811861
0.421743 0.811861
0.421843 0.811861
0.421943 0.811861
0.422042 0.811861
0.422142 0.811861
0.422241 0.811861
0.422341 0.811717
0.422440 0.811573
0.422540 0.811573
0.422640 0.811573
0.422739 0.811429
0.422839 0.811285
0.422938 0.811285
0.423038 0.811285
0.423137 0.811141
0.423237 0.811141
0.423337 0.811141
0.423436 0.810998
0.423536 0.810854
0.423635 0.810854
0.423735 0.810854
0.423834 0.810854
0.423934 0.810566
0.424033 0.810566
0.424133 0.810134
0.424233 0.810134
0.424332 0.810134
0.424432 0.810134
0.424531 0.810134
0.424631 0.810134
0.424730 0.810134
0.424830 0.809990
0.424930 0.809990
0.425029 0.809846
0.425129 0.809846
0.425228 0.809846
0.425328 0.809702
0.425427 0.809702
0.425527 0.809702
0.425626 0.809558
0.425726 0.809558
0.425826 0.809414
0.425925 0.809414
0.426025 0.809270
0.426124 0.809270
0.426224 0.808982
0.426323 0.808982
0.426423 0.808838
0.426523 0.808694
0.426622 0.808119
0.426722 0.807975
0.426821 0.807975
0.426921 0.807975
0.427020 0.807687
0.427120 0.807543
0.427219 0.807543
0.427319 0.807543
0.427419 0.807543
0.427518 0.807543
0.427618 0.807399
0.427717 0.807255
0.427817 0.807255
0.427916 0.807255
0.428016 0.807255
0.428116 0.806967
0.428215 0.806967
0.428315 0.806967
0.428414 0.806823
0.428514 0.806823
0.428613 0.806679
0.428713 0.806679
0.428813 0.806535
0.428912 0.806535
0.429012 0.806391
0.429111 0.806247
0.429211 0.805959
0.429310 0.805815
0.429410 0.805815
0.429509 0.805815
0.429609 0.805672
0.429709 0.805384
0.429808 0.805240
0.429908 0.805240
0.430007 0.805096
0.430107 0.805096
0.430206 0.804952
0.430306 0.804952
0.430406 0.804952
0.430505 0.804520
0.430605 0.804376
0.430704 0.804376
0.430804 0.804376
0.430903 0.804376
0.431003 0.804376
0.431102 0.804376
0.431202 0.804376
0.431302 0.804376
0.431401 0.804376
0.431501 0.804232
0.431600 0.804088
0.431700 0.804088
0.431799 0.804088
0.431899 0.804088
0.431999 0.804088
0.432098 0.803944
0.432198 0.803944
0.432297 0.803656
0.432397 0.803368
0.432496 0.803224
0.432596 0.802793
0.432695 0.802793
0.432795 0.802649
0.432895 0.802649
0.432994 0.802649
0.433094 0.802505
0.433193 0.802505
0.433293 0.802505
0.433392 0.802217
0.433492 0.802217
0.433592 0.802073
0.433691 0.801785
0.433791 0.801641
0.433890 0.801641
0.433990 0.801641
0.434089 0.801641
0.434189 0.801641
0.434289 0.801353
0.434388 0.801353
0.434488 0.801353
0.434587 0.801353
0.434687 0.801353
0.434786 0.801065
0.434886 0.801065
0.434985 0.801065
0.435085 0.801065
0.435185 0.800921
0.435284 0.800921
0.435384 0.800777
0.435483 0.800777
0.435583 0.800777
0.435682 0.800777
0.435782 0.800777
0.435882 0.800633
0.435981 0.800633
0.436081 0.800345
0.436180 0.800345
0.436280 0.800345
0.436379 0.800058
0.436479 0.799914
0.436578 0.799914
0.436678 0.799626
0.436778 0.799338
0.436877 0.799050
0.436977 0.798906
0.437076 0.798762
0.437176 0.798474
0.437275 0.798330
0.437375 0.798330
0.437475 0.798330
0.437574 0.798186
0.437674 0.798042
0.437773 0.798042
0.437873 0.798042
0.437972 0.797898
0.438072 0.797610
0.438171 0.797610
0.438271 0.797610
0.438371 0.797467
0.438470 0.797467
0.438570 0.797179
0.438669 0.797179
0.438769 0.797035
0.438868 0.797035
0.438968 0.797035
0.439068 0.796747
0.439167 0.796747
0.439267 0.796459
0.439366 0.796459
0.439466 0.796315
0.439565 0.796171
0.439665 0.796027
0.439765 0.795883
0.439864 0.795883
0.439964 0.795739
0.440063 0.795595
0.440163 0.795595
0.440262 0.795595
0.440362 0.795451
0.440461 0.795451
0.440561 0.795451
0.440661 0.795163
0.440760 0.795019
0.440860 0.794875
0.440959 0.794732
0.441059 0.794732
0.441158 0.794732
0.441258 0.794732
0.441358 0.794588
0.441457 0.794588
0.441557 0.794588
0.441656 0.794588
0.441756 0.794588
0.441855 0.794588
0.441955 0.794588
0.442054 0.794588
0.442154 0.794444
0.442254 0.794444
0.442353 0.794444
0.442453 0.794444
0.442552 0.794300
0.442652 0.794300
0.442751 0.794300
0.442851 0.794156
0.442951 0.794156
0.443050 0.794012
0.443150 0.794012
0.443249 0.793868
0.443349 0.793580
0.443448 0.793580
0.443548 0.793580
0.443647 0.793436
0.443747 0.793148
0.443847 0.793004
0.443946 0.792860
0.444046 0.792860
0.444145 0.792860
0.444245 0.792572
0.444344 0.792428
0.444444 0.792140
0.444544 0.792140
0.444643 0.791997
0.444743 0.791853
0.444842 0.791709
0.444942 0.791421
0.445041 0.791133
0.445141 0.790989
0.445241 0.790989
0.445340 0.790701
0.445440 0.790557
0.445539 0.790557
0.445639 0.790557
0.445738 0.790269
0.445838 0.790269
0.445937 0.790269
0.446037 0.790269
0.446137 0.790269
0.446236 0.789981
0.446336 0.789981
0.446435 0.789981
0.446535 0.789837
0.446634 0.789837
0.446734 0.789837
0.446834 0.789837
0.446933 0.789693
0.447033 0.789693
0.447132 0.789693
0.447232 0.789693
0.447331 0.789693
0.447431 0.789693
0.447530 0.789693
0.447630 0.789693
0.447730 0.789693
0.447829 0.789118
0.447929 0.789118
0.448028 0.789118
0.448128 0.789118
0.448227 0.789118
0.448327 0.788830
0.448427 0.788686
0.448526 0.788686
0.448626 0.788686
0.448725 0.788542
0.448825 0.788542
0.448924 0.788398
0.449024 0.788398
0.449123 0.788254
0.449223 0.788254
0.449323 0.788110
0.449422 0.788110
0.449522 0.787966
0.449621 0.787822
0.449721 0.787678
0.449820 0.787534
0.449920 0.787390
0.450020 0.786958
0.450119 0.786958
0.450219 0.786958
0.450318 0.786958
0.450418 0.786814
0.450517 0.786671
0.450617 0.786527
0.450717 0.786527
0.450816 0.786095
0.450916 0.786095
0.451015 0.786095
0.451115 0.786095
0.451214 0.786095
0.451314 0.786095
0.451413 0.785951
0.451513 0.785951
0.451613 0.785951
0.451712 0.785807
0.451812 0.785375
0.451911 0.785087
0.452011 0.785087
0.452110 0.785087
0.452210 0.784943
0.452310 0.784799
0.452409 0.784799
0.452509 0.784655
0.452608 0.784655
0.452708 0.784511
0.452807 0.784367
0.452907 0.784367
0.453006 0.784223
0.453106 0.784079
0.453206 0.784079
0.453305 0.783936
0.453405 0.783792
0.453504 0.783792
0.453604 0.783648
0.453703 0.783504
0.453803 0.783504
0.453903 0.783216
0.454002 0.783216
0.454102 0.783216
0.454201 0.782928
0.454301 0.782928
0.454400 0.782928
0.454500 0.782928
0.454599 0.782928
0.454699 0.782496
0.454799 0.782496
0.454898 0.782496
0.454998 0.782352
0.455097 0.782208
0.455197 0.782208
0.455296 0.782064
0.455396 0.782064
0.455496 0.782064
0.455595 0.782064
0.455695 0.782064
0.455794 0.782064
0.455894 0.782064
0.455993 0.781920
0.456093 0.781776
0.456193 0.781776
0.456292 0.781344
0.456392 0.781344
0.456491 0.781201
0.456591 0.781201
0.456690 0.781201
0.456790 0.780913
0.456889 0.780913
0.456989 0.780913
0.457089 0.780769
0.457188 0.780769
0.457288 0.780769
0.457387 0.780769
0.457487 0.780769
0.457586 0.780625
0.457686 0.780481
0.457786 0.780481
0.457885 0.780481
0.457985 0.780193
0.458084 0.780193
0.458184 0.780193
0.458283 0.780193
0.458383 0.780193
0.458482 0.780049
0.458582 0.779761
0.458682 0.779761
0.458781 0.779617
0.458881 0.779329
0.458980 0.779185
0.459080 0.778897
0.459179 0.778609
0.459279 0.778609
0.459379 0.778609
0.459478 0.778466
0.459578 0.778322
0.459677 0.778178
0.459777 0.778178
0.459876 0.778034
0.459976 0.777890
0.460075 0.777746
0.460175 0.777602
0.460275 0.777602
0.460374 0.777602
0.460474 0.777458
0.460573 0.777314
0.460673 0.777314
0.460772 0.777170
0.460872 0.777170
0.460972 0.777026
0.461071 0.776738
0.461171 0.776738
0.461270 0.776738
0.461370 0.776738
0.461469 0.776738
0.461569 0.776306
0.461668 0.776162
0.461768 0.776162
0.461868 0.776018
0.461967 0.775731
0.462067 0.775731
0.462166 0.775731
0.462266 0.775587
0.462365 0.775587
0.462465 0.775443
0.462565 0.775443
0.462664 0.775443
0.462764 0.775299
0.462863 0.775011
0.462963 0.775011
0.463062 0.774723
0.463162 0.774723
0.463262 0.774723
0.463361 0.774579
0.463461 0.774579
0.463560 0.774435
0.463660 0.774435
0.463759 0.774435
0.463859 0.774291
0.463958 0.774147
0.464058 0.774003
0.464158 0.774003
0.464257 0.774003
0.464357 0.774003
0.464456 0.773859
0.464556 0.773859
0.464655 0.773859
0.464755 0.773715
0.464855 0.773571
0.464954 0.773427
0.465054 0.773427
0.465153 0.772996
0.465253 0.772996
0.465352 0.772996
0.465452 0.772852
0.465551 0.772708
0.465651 0.772708
0.465751 0.772564
0.465850 0.772564
0.465950 0.772420
0.466049 0.772420
0.466149 0.772420
0.466248 0.772420
0.466348 0.772276
0.466448 0.771988
0.466547 0.771844
0.466647 0.771700
0.466746 0.771556
0.466846 0.771556
0.466945 0.771556
0.467045 0.771556
0.467144 0.771268
0.467244 0.771268
0.467344 0.771268
0.467443 0.771268
0.467543 0.771268
0.467642 0.771268
0.467742 0.771268
0.467841 0.771268
0.467941 0.771268
0.468041 0.771268
0.468140 0.771268
0.468240 0.771124
0.468339 0.771124
0.468439 0.771124
0.468538 0.771124
0.468638 0.771124
0.468738 0.770980
0.468837 0.770836
0.468937 0.770836
0.469036 0.770692
0.469136 0.770404
0.469235 0.770404
0.469335 0.770261
0.469434 0.770261
0.469534 0.770261
0.469634 0.770261
0.469733 0.770261
0.469833 0.770117
0.469932 0.769829
0.470032 0.769829
0.470131 0.769829
0.470231 0.769397
0.470331 0.769397
0.470430 0.769253
0.470530 0.769109
0.470629 0.769109
0.470729 0.768821
0.470828 0.768821
0.470928 0.768821
0.471027 0.768677
0.471127 0.768533
0.471227 0.768533
0.471326 0.768533
0.471426 0.768533
0.471525 0.768533
0.471625 0.768533
0.471724 0.768533
0.471824 0.768389
0.471924 0.768245
0.472023 0.768101
0.472123 0.768101
0.472222 0.767957
0.472322 0.767813
0.472421 0.767238
0.472521 0.767238
0.472620 0.766950
0.472720 0.766806
0.472820 0.766662
0.472919 0.766662
0.473019 0.766662
0.473118 0.766662
0.473218 0.766518
0.473317 0.766374
0.473417 0.766086
0.473517 0.765942
0.473616 0.765942
0.473716 0.765798
0.473815 0.765798
0.473915 0.765798
0.474014 0.765798
0.474114 0.765654
0.474214 0.765510
0.474313 0.765366
0.474413 0.765222
0.474512 0.765078
0.474612 0.764935
0.474711 0.764791
0.474811 0.764791
0.474910 0.764791
0.475010 0.764647
0.475110 0.764359
0.475209 0.764215
0.475309 0.764215
0.475408 0.764215
0.475508 0.763927
0.475607 0.763927
0.475707 0.763927
0.475807 0.763927
0.475906 0.763927
0.476006 0.763927
0.476105 0.763783
0.476205 0.763783
0.476304 0.763495
0.476404 0.763495
0.476503 0.763351
0.476603 0.763351
0.476703 0.763351
0.476802 0.763063
0.476902 0.763063
0.477001 0.763063
0.477101 0.763063
0.477200 0.762919
0.477300 0.762487
0.477400 0.762487
0.477499 0.762487
0.477599 0.762487
0.477698 0.762343
0.477798 0.762343
0.477897 0.762343
0.477997 0.762200
0.478096 0.762200
0.478196 0.762200
0.478296 0.762200
0.478395 0.762200
0.478495 0.762056
0.478594 0.761912
0.478694 0.761912
0.478793 0.761912
0.478893 0.761912
0.478993 0.761624
0.479092 0.761336
0.479192 0.761336
0.479291 0.761336
0.479391 0.761336
0.479490 0.760904
0.479590 0.760760
0.479690 0.760760
0.479789 0.760616
0.479889 0.760472
0.479988 0.760472
0.480088 0.760040
0.480187 0.760040
0.480287 0.760040
0.480386 0.759752
0.480486 0.759608
0.480586 0.759465
0.480685 0.759321
0.480785 0.759177
0.480884 0.759177
0.480984 0.759033
0.481083 0.758889
0.481183 0.758889
0.481283 0.758889
0.481382 0.758745
0.481482 0.758745
0.481581 0.758457
0.481681 0.758457
0.481780 0.758313
0.481880 0.758169
0.481979 0.758169
0.482079 0.758169
0.482179 0.758025
0.482278 0.757881
0.482378 0.757593
0.482477 0.757593
0.482577 0.757449
0.482676 0.757161
0.482776 0.757161
0.482876 0.757017
0.482975 0.757017
0.483075 0.756873
0.483174 0.756730
0.483274 0.756586
0.483373 0.756586
0.483473 0.756442
0.483572 0.756298
0.483672 0.756298
0.483772 0.756154
0.483871 0.756010
0.483971 0.756010
0.484070 0.756010
0.484170 0.756010
0.484269 0.755866
0.484369 0.755866
0.484469 0.755866
0.484568 0.755866
0.484668 0.755722
0.484767 0.755434
0.484867 0.755434
0.484966 0.755434
0.485066 0.755290
0.485166 0.755290
0.485265 0.755002
0.485365 0.754858
0.485464 0.754570
0.485564 0.754282
0.485663 0.754282
0.485763 0.754138
0.485862 0.753851
0.485962 0.753707
0.486062 0.753563
0.486161 0.753563
0.486261 0.753563
0.486360 0.753563
0.486460 0.753563
0.486559 0.753275
0.486659 0.753131
0.486759 0.752699
0.486858 0.752699
0.486958 0.752699
0.487057 0.752699
0.487157 0.752699
0.487256 0.752411
0.487356 0.752411
0.487455 0.752267
0.487555 0.752123
0.487655 0.752123
0.487754 0.752123
0.487854 0.752123
0.487953 0.751979
0.488053 0.751691
0.488152 0.751403
0.488252 0.751403
0.488352 0.751116
0.488451 0.750972
0.488551 0.750972
0.488650 0.750684
0.488750 0.750252
0.488849 0.750252
0.488949 0.750108
0.489048 0.750108
0.489148 0.750108
0.489248 0.750108
0.489347 0.750108
0.489447 0.749676
0.489546 0.749676
0.489646 0.749676
0.489745 0.749676
0.489845 0.749676
0.489945 0.749388
0.490044 0.749244
0.490144 0.749100
0.490243 0.749100
0.490343 0.748956
0.490442 0.748956
0.490542 0.748668
0.490642 0.748668
0.490741 0.748525
0.490841 0.747805
0.490940 0.747517
0.491040 0.747373
0.491139 0.747373
0.491239 0.747085
0.491338 0.746797
0.491438 0.746509
0.491538 0.746509
0.491637 0.746509
0.491737 0.746509
0.491836 0.746509
0.491936 0.746509
0.492035 0.746509
0.492135 0.746509
0.492235 0.746509
0.492334 0.746509
0.492434 0.746077
0.492533 0.745933
0.492633 0.745790
0.492732 0.745790
0.492832 0.745790
0.492931 0.745646
0.493031 0.745646
0.493131 0.745646
0.493230 0.745646
0.493330 0.745646
0.493429 0.745358
0.493529 0.745358
0.493628 0.745214
0.493728 0.744926
0.493828 0.744926
0.493927 0.744926
0.494027 0.744926
0.494126 0.744782
0.494226 0.744782
0.494325 0.744494
0.494425 0.744494
0.494524 0.744494
0.494624 0.744494
0.494724 0.744350
0.494823 0.744206
0.494923 0.743918
0.495022 0.743774
0.495122 0.743486
0.495221 0.743342
0.495321 0.743199
0.495421 0.742911
0.495520 0.742911
0.495620 0.742767
0.495719 0.742767
0.495819 0.742767
0.495918 0.742623
0.496018 0.742623
0.496118 0.742479
0.496217 0.742479
0.496317 0.742479
0.496416 0.742479
0.496516 0.742335
0.496615 0.742335
0.496715 0.742335
0.496814 0.742191
0.496914 0.742191
0.497014 0.742191
0.497113 0.742191
0.497213 0.742047
0.497312 0.742047
0.497412 0.741903
0.497511 0.741903
0.497611 0.741471
0.497711 0.741471
0.497810 0.741327
0.497910 0.741327
0.498009 0.741183
0.498109 0.741183
0.498208 0.741039
0.498308 0.741039
0.498407 0.741039
0.498507 0.741039
0.498607 0.741039
0.498706 0.741039
0.498806 0.741039
0.498905 0.740895
0.499005 0.740751
0.499104 0.740751
0.499204 0.740607
0.499304 0.740607
0.499403 0.740607
0.499503 0.740464
0.499602 0.740176
0.499702 0.740176
0.499801 0.739888
0.499901 0.739744
0.500000 0.739600
0.500100 0.739600
0.500200 0.739600
0.500299 0.739024
0.500399 0.739024
0.500498 0.738736
0.500598 0.738736
0.500697 0.738592
0.500797 0.738304
0.500897 0.738160
0.500996 0.738160
0.501096 0.738160
0.501195 0.738160
0.501295 0.738160
0.501394 0.738016
0.501494 0.737872
0.501593 0.737872
0.501693 0.737872
0.501793 0.737872
0.501892 0.737872
0.501992 0.737729
0.502091 0.737585
0.502191 0.737441
0.502290 0.737441
0.502390 0.737153
0.502490 0.737009
0.502589 0.736865
0.502689 0.736721
0.502788 0.736721
0.502888 0.736721
0.502987 0.736577
0.503087 0.736577
0.503187 0.736145
0.503286 0.736145
0.503386 0.736001
0.503485 0.736001
0.503585 0.736001
0.503684 0.735857
0.503784 0.735569
0.503883 0.735569
0.503983 0.735569
0.504083 0.735569
0.504182 0.735569
0.504282 0.735569
0.504381 0.735569
0.504481 0.735281
0.504580 0.735137
0.504680 0.735137
0.504780 0.735137
0.504879 0.735137
0.504979 0.734850
0.505078 0.734850
0.505178 0.734850
0.505277 0.734562
0.505377 0.734562
0.505476 0.734418
0.505576 0.734274
0.505676 0.733842
0.505775 0.733842
0.505875 0.733842
0.505974 0.733554
0.506074 0.733554
0.506173 0.733410
0.506273 0.733410
0.506373 0.733410
0.506472 0.733266
0.506572 0.733266
0.506671 0.733122
0.506771 0.732834
0.506870 0.732546
0.506970 0.732259
0.507069 0.731827
0.507169 0.731395
0.507269 0.731251
0.507368 0.731107
0.507468 0.731107
0.507567 0.730963
0.507667 0.730963
0.507766 0.730819
0.507866 0.730819
0.507966 0.730387
0.508065 0.730243
0.508165 0.730099
0.508264 0.729667
0.508364 0.729380
0.508463 0.729236
0.508563 0.729236
0.508663 0.729236
0.508762 0.729236
0.508862 0.729236
0.508961 0.729236
0.509061 0.729236
0.509160 0.729236
0.509260 0.728948
0.509359 0.728804
0.509459 0.728660
0.509559 0.728228
0.509658 0.728084
0.509758 0.727940
0.509857 0.727940
0.509957 0.727940
0.510056 0.727652
0.510156 0.727652
0.510256 0.727652
0.510355 0.727508
0.510455 0.727364
0.510554 0.727364
0.510654 0.727364
0.510753 0.727364
0.510853 0.727364
0.510952 0.727220
0.511052 0.727076
0.511152 0.727076
0.511251 0.726932
0.511351 0.726932
0.511450 0.726932
0.511550 0.726789
0.511649 0.726501
0.511749 0.726501
0.511849 0.726501
0.511948 0.726501
0.512048 0.726357
0.512147 0.726357
0.512247 0.726069
0.512346 0.725925
0.512446 0.725781
0.512545 0.725781
0.512645 0.725781
0.512745 0.725349
0.512844 0.725061
0.512944 0.725061
0.513043 0.724773
0.513143 0.724629
0.513242 0.724485
0.513342 0.724485
0.513442 0.724341
0.513541 0.724341
0.513641 0.724197
0.513740 0.723910
0.513840 0.723910
0.513939 0.723766
0.514039 0.723334
0.514139 0.723334
0.514238 0.723334
0.514338 0.723190
0.514437 0.723046
0.514537 0.723046
0.514636 0.723046
0.514736 0.722614
0.514835 0.722470
0.514935 0.722326
0.515035 0.722182
0.515134 0.722038
0.515234 0.721750
0.515333 0.721750
0.515433 0.721463
0.515532 0.721463
0.515632 0.721175
0.515732 0.721175
0.515831 0.720887
0.515931 0.720743
0.516030 0.720599
0.516130 0.720455
0.516229 0.720455
0.516329 0.720455
0.516428 0.720455
0.516528 0.720455
0.516628 0.719879
0.516727 0.719879
0.516827 0.719879
0.516926 0.719735
0.517026 0.719447
0.517125 0.719447
0.517225 0.719447
0.517325 0.719303
0.517424 0.719159
0.517524 0.719159
0.517623 0.718871
0.517723 0.718584
0.517822 0.718584
0.517922 0.718584
0.518021 0.718440
0.518121 0.718152
0.518221 0.718152
0.518320 0.717720
0.518420 0.717720
0.518519 0.717720
0.518619 0.717720
0.518718 0.717720
0.518818 0.717720
0.518918 0.717576
0.519017 0.717288
0.519117 0.717288
0.519216 0.717288
0.519316 0.717000
0.519415 0.717000
0.519515 0.716856
0.519615 0.716856
0.519714 0.716856
0.519814 0.716712
0.519913 0.716712
0.520013 0.716712
0.520112 0.716568
0.520212 0.716424
0.520311 0.716424
0.520411 0.716280
0.520511 0.716280
0.520610 0.716280
0.520710 0.716136
0.520809 0.716136
0.520909 0.715993
0.521008 0.715993
0.521108 0.715705
0.521208 0.715417
0.521307 0.715417
0.521407 0.715417
0.521506 0.714985
0.521606 0.714985
0.521705 0.714985
0.521805 0.714985
0.521904 0.714841
0.522004 0.714697
0.522104 0.714697
0.522203 0.714409
0.522303 0.714265
0.522402 0.714121
0.522502 0.713977
0.522601 0.713833
0.522701 0.713401
0.522801 0.713401
0.522900 0.713401
0.523000 0.713258
0.523099 0.713258
0.523199 0.713258
0.523298 0.713258
0.523398 0.713258
0.523497 0.713258
0.523597 0.713258
0.523697 0.713258
0.523796 0.713258
0.523896 0.713114
0.523995 0.712970
0.524095 0.712682
0.524194 0.712682
0.524294 0.712538
0.524394 0.712394
0.524493 0.712394
0.524593 0.712106
0.524692 0.712106
0.524792 0.711962
0.524891 0.711674
0.524991 0.711530
0.525091 0.711530
0.525190 0.711242
0.525290 0.711242
0.525389 0.711242
0.525489 0.710666
0.525588 0.710523
0.525688 0.710235
0.525787 0.710091
0.525887 0.709947
0.525987 0.709947
0.526086 0.709659
0.526186 0.709515
0.526285 0.709227
0.526385 0.709227
0.526484 0.708795
0.526584 0.708651
0.526684 0.708507
0.526783 0.708363
0.526883 0.708075
0.526982 0.707788
0.527082 0.707500
0.527181 0.707500
0.527281 0.707500
0.527380 0.707212
0.527480 0.707212
0.527580 0.707212
0.527679 0.707212
0.527779 0.707212
0.527878 0.707068
0.527978 0.706924
0.528077 0.706636
0.528177 0.706636
0.528277 0.706636
0.528376 0.706636
0.528476 0.706492
0.528575 0.706348
0.528675 0.706204
0.528774 0.706204
0.528874 0.705916
0.528973 0.705772
0.529073 0.705772
0.529173 0.705628
0.529272 0.705484
0.529372 0.705340
0.529471 0.705340
0.529571 0.705053
0.529670 0.704909
0.529770 0.704765
0.529870 0.704621
0.529969 0.704477
0.530069 0.704477
0.530168 0.704333
0.530268 0.704189
0.530367 0.704189
0.530467 0.703901
0.530567 0.703901
0.530666 0.703901
0.530766 0.703901
0.530865 0.703757
0.530965 0.703757
0.531064 0.703613
0.531164 0.703613
0.531263 0.703325
0.531363 0.702605
0.531463 0.702605
0.531562 0.702605
0.531662 0.702605
0.531761 0.702461
0.531861 0.702318
0.531960 0.702318
0.532060 0.702318
0.532160 0.702174
0.532259 0.702174
0.532359 0.702030
0.532458 0.701742
0.532558 0.701742
0.532657 0.701742
0.532757 0.701598
0.532856 0.701598
0.532956 0.701454
0.533056 0.701166
0.533155 0.701022
0.533255 0.700734
0.533354 0.700734
0.533454 0.700590
0.533553 0.700590
0.533653 0.700302
0.533753 0.699870
0.533852 0.699583
0.533952 0.699583
0.534051 0.699583
0.534151 0.699439
0.534250 0.699295
0.534350 0.698863
0.534449 0.698575
0.534549 0.698575
0.534649 0.698431
0.534748 0.698431
0.534848 0.698143
0.534947 0.697855
0.535047 0.697855
0.535146 0.697711
0.535246 0.697567
0.535346 0.697567
0.535445 0.697423
0.535545 0.697279
0.535644 0.697135
0.535744 0.696992
0.535843 0.696848
0.535943 0.696560
0.536043 0.696560
0.536142 0.696416
0.536242 0.696272
0.536341 0.696128
0.536441 0.695984
0.536540 0.695840
0.536640 0.695696
0.536739 0.695696
0.536839 0.695696
0.536939 0.695696
0.537038 0.695696
0.537138 0.695552
0.537237 0.695264
0.537337 0.695264
0.537436 0.695264
0.537536 0.695120
0.537636 0.694976
0.537735 0.694976
0.537835 0.694832
0.537934 0.694832
0.538034 0.694688
0.538133 0.694544
0.538233 0.694400
0.538332 0.694257
0.538432 0.694113
0.538532 0.694113
0.538631 0.693825
0.538731 0.693825
0.538830 0.693825
0.538930 0.693825
0.539029 0.693681
0.539129 0.693681
0.539229 0.693681
0.539328 0.693393
0.539428 0.693249
0.539527 0.693105
0.539627 0.693105
0.539726 0.692817
0.539826 0.692673
0.539925 0.692529
0.540025 0.692385
0.540125 0.692241
0.540224 0.692241
0.540324 0.692241
0.540423 0.691953
0.540523 0.691809
0.540622 0.691665
0.540722 0.691522
0.540822 0.691378
0.540921 0.691378
0.541021 0.691090
0.541120 0.690946
0.541220 0.690946
0.541319 0.690946
0.541419 0.690658
0.541518 0.690658
0.541618 0.690658
0.541718 0.690658
0.541817 0.690226
0.541917 0.690226
0.542016 0.690082
0.542116 0.689794
0.542215 0.689794
0.542315 0.689794
0.542415 0.689794
0.542514 0.689650
0.542614 0.689650
0.542713 0.689506
0.542813 0.689362
0.542912 0.689074
0.543012 0.688930
0.543112 0.688930
0.543211 0.688930
0.543311 0.688787
0.543410 0.688787
0.543510 0.688499
0.543609 0.688067
0.543709 0.688067
0.543808 0.687779
0.543908 0.687635
0.544008 0.687635
0.544107 0.687491
0.544207 0.687347
0.544306 0.687347
0.544406 0.687059
0.544505 0.687059
0.544605 0.687059
0.544705 0.687059
0.544804 0.687059
0.544904 0.687059
0.545003 0.687059
0.545103 0.686915
0.545202 0.686915
0.545302 0.686627
0.545401 0.686627
0.545501 0.686483
0.545601 0.686483
0.545700 0.686483
0.545800 0.686195
0.545899 0.686052
0.545999 0.686052
0.546098 0.686052
0.546198 0.686052
0.546298 0.686052
0.546397 0.685908
0.546497 0.685908
0.546596 0.685908
0.546696 0.685908
0.546795 0.685764
0.546895 0.685476
0.546994 0.685476
0.547094 0.685332
0.547194 0.685332
0.547293 0.685332
0.547393 0.685332
0.547492 0.685332
0.547592 0.685332
0.547691 0.685332
0.547791 0.685332
0.547891 0.685044
0.547990 0.685044
0.548090 0.684900
0.548189 0.684756
0.548289 0.684756
0.548388 0.684612
0.548488 0.684612
0.548588 0.684612
0.548687 0.684612
0.548787 0.684324
0.548886 0.684324
0.548986 0.684324
0.549085 0.683748
0.549185 0.683748
0.549284 0.683604
0.549384 0.683317
0.549484 0.683317
0.549583 0.683317
0.549683 0.683173
0.549782 0.683173
0.549882 0.683029
0.549981 0.682597
0.550081 0.682597
0.550181 0.682597
0.550280 0.682453
0.550380 0.682165
0.550479 0.682165
0.550579 0.682021
0.550678 0.682021
0.550778 0.682021
0.550877 0.682021
0.550977 0.682021
0.551077 0.681733
0.551176 0.681589
0.551276 0.681445
0.551375 0.681445
0.551475 0.681445
0.551574 0.681301
0.551674 0.681301
0.551774 0.681301
0.551873 0.681301
0.551973 0.681157
0.552072 0.680869
0.552172 0.680725
0.552271 0.680438
0.552371 0.680294
0.552470 0.680294
0.552570 0.680150
0.552670 0.679862
0.552769 0.679286
0.552869 0.679286
0.552968 0.679286
0.553068 0.679286
0.553167 0.678854
0.553267 0.678710
0.553367 0.678566
0.553466 0.678278
0.553566 0.678278
0.553665 0.678278
0.553765 0.677990
0.553864 0.677847
0.553964 0.677703
0.554064 0.677703
0.554163 0.677559
0.554263 0.677559
0.554362 0.677559
0.554462 0.677415
0.554561 0.677415
0.554661 0.677415
0.554760 0.677415
0.554860 0.677271
0.554960 0.677127
0.555059 0.676983
0.555159 0.676983
0.555258 0.676839
0.555358 0.676407
0.555457 0.676119
0.555557 0.675975
0.555657 0.675975
0.555756 0.675975
0.555856 0.675975
0.555955 0.675831
0.556055 0.675399
0.556154 0.675256
0.556254 0.675256
0.556353 0.675256
0.556453 0.675112
0.556553 0.675112
0.556652 0.674968
0.556752 0.674968
0.556851 0.674824
0.556951 0.674536
0.557050 0.674248
0.557150 0.674248
0.557250 0.673816
0.557349 0.673816
0.557449 0.673672
0.557548 0.673528
0.557648 0.673384
0.557747 0.673384
0.557847 0.673384
0.557946 0.673384
0.558046 0.673096
0.558146 0.672808
0.558245 0.672377
0.558345 0.672377
0.558444 0.672377
0.558544 0.672233
0.558643 0.672233
0.558743 0.672089
0.558843 0.672089
0.558942 0.672089
0.559042 0.672089
0.559141 0.671945
0.559241 0.671801
0.559340 0.671801
0.559440 0.671801
0.559540 0.671801
0.559639 0.671657
0.559739 0.671513
0.559838 0.671513
0.559938 0.671369
0.560037 0.671369
0.560137 0.671081
0.560236 0.670937
0.560336 0.670649
0.560436 0.670649
0.560535 0.670505
0.560635 0.670361
0.560734 0.670361
0.560834 0.670361
0.560933 0.670217
0.561033 0.669929
0.561133 0.669786
0.561232 0.669642
0.561332 0.669642
0.561431 0.669642
0.561531 0.669210
0.561630 0.669210
0.561730 0.669210
0.561829 0.669210
0.561929 0.669210
0.562029 0.669066
0.562128 0.669066
0.562228 0.668922
0.562327 0.668922
0.562427 0.668634
0.562526 0.668634
0.562626 0.668634
0.562726 0.668490
0.562825 0.668490
0.562925 0.668346
0.563024 0.668346
0.563124 0.668058
0.563223 0.667914
0.563323 0.667914
0.563422 0.667770
0.563522 0.667770
0.563622 0.667626
0.563721 0.667482
0.563821 0.667482
0.563920 0.667194
0.564020 0.667051
0.564119 0.666907
0.564219 0.666763
0.564319 0.666619
0.564418 0.666475
0.564518 0.666475
0.564617 0.666475
0.564717 0.666331
0.564816 0.666187
0.564916 0.666043
0.565016 0.666043
0.565115 0.665755
0.565215 0.665755
0.565314 0.665755
0.565414 0.665611
0.565513 0.665611
0.565613 0.665323
0.565712 0.665179
0.565812 0.665179
0.565912 0.665035
0.566011 0.665035
0.566111 0.665035
0.566210 0.664891
0.566310 0.664747
0.566409 0.664459
0.566509 0.664459
0.566609 0.664459
0.566708 0.664316
0.566808 0.664316
0.566907 0.664316
0.567007 0.664316
0.567106 0.664028
0.567206 0.664028
0.567305 0.663884
0.567405 0.663740
0.567505 0.663452
0.567604 0.663164
0.567704 0.663164
0.567803 0.663020
0.567903 0.663020
0.568002 0.663020
0.568102 0.663020
0.568202 0.663020
0.568301 0.662732
0.568401 0.662588
0.568500 0.662588
0.568600 0.662588
0.568699 0.662300
0.568799 0.662156
0.568898 0.662012
0.568998 0.662012
0.569098 0.662012
0.569197 0.661868
0.569297 0.661868
0.569396 0.661868
0.569496 0.661581
0.569595 0.661437
0.569695 0.661149
0.569795 0.661149
0.569894 0.661005
0.569994 0.661005
0.570093 0.661005
0.570193 0.660861
0.570292 0.660573
0.570392 0.660573
0.570492 0.660429
0.570591 0.660429
0.570691 0.660285
0.570790 0.660285
0.570890 0.660285
0.570989 0.660141
0.571089 0.660141
0.571188 0.659997
0.571288 0.659997
0.571388 0.659853
0.571487 0.659853
0.571587 0.659277
0.571686 0.659277
0.571786 0.659133
0.571885 0.658989
0.571985 0.658846
0.572085 0.658702
0.572184 0.658558
0.572284 0.658414
0.572383 0.658270
0.572483 0.658126
0.572582 0.657982
0.572682 0.657838
0.572781 0.657694
0.572881 0.657406
0.572981 0.657262
0.573080 0.656686
0.573180 0.656542
0.573279 0.656398
0.573379 0.656398
0.573478 0.656398
0.573578 0.656398
0.573678 0.656398
0.573777 0.656254
0.573877 0.656254
0.573976 0.655679
0.574076 0.655679
0.574175 0.655535
0.574275 0.655535
0.574374 0.655391
0.574474 0.654959
0.574574 0.654815
0.574673 0.654527
0.574773 0.654383
0.574872 0.654383
0.574972 0.654383
0.575071 0.654239
0.575171 0.654095
0.575271 0.654095
0.575370 0.653663
0.575470 0.653663
0.575569 0.653520
0.575669 0.653376
0.575768 0.653376
0.575868 0.653232
0.575968 0.653232
0.576067 0.653232
0.576167 0.653088
0.576266 0.652944
0.576366 0.652800
0.576465 0.652656
0.576565 0.652656
0.576664 0.652368
0.576764 0.652080
0.576864 0.652080
0.576963 0.652080
0.577063 0.651792
0.577162 0.651648
0.577262 0.651504
0.577361 0.651504
0.577461 0.651216
0.577561 0.651216
0.577660 0.650785
0.577760 0.650641
0.577859 0.650641
0.577959 0.650497
0.578058 0.650497
0.578158 0.650353
0.578257 0.650353
0.578357 0.649921
0.578457 0.649633
0.578556 0.649489
0.578656 0.649489
0.578755 0.649345
0.578855 0.648769
0.578954 0.648769
0.579054 0.648769
0.579154 0.648769
0.579253 0.648625
0.579353 0.648337
0.579452 0.648050
0.579552 0.647762
0.579651 0.647618
0.579751 0.647474
0.579850 0.647474
0.579950 0.647474
0.580050 0.647330
0.580149 0.647186
0.580249 0.647042
0.580348 0.647042
0.580448 0.646898
0.580547 0.646754
0.580647 0.646754
0.580747 0.646610
0.580846 0.646610
0.580946 0.646610
0.581045 0.645890
0.581145 0.645746
0.581244 0.645458
0.581344 0.645315
0.581443 0.645315
0.581543 0.645315
0.581643 0.645315
0.581742 0.645315
0.581842 0.645171
0.581941 0.644883
0.582041 0.644883
0.582140 0.644739
0.582240 0.644595
0.582340 0.644307
0.582439 0.644163
0.582539 0.644019
0.582638 0.643875
0.582738 0.643875
0.582837 0.643875
0.582937 0.643587
0.583037 0.643587
0.583136 0.643587
0.583236 0.643587
0.583335 0.643299
0.583435 0.643011
0.583534 0.643011
0.583634 0.642867
0.583733 0.642723
0.583833 0.642723
0.583933 0.642292
0.584032 0.642292
0.584132 0.642292
0.584231 0.642292
0.584331 0.642004
0.584430 0.641716
0.584530 0.641572
0.584630 0.641572
0.584729 0.641284
0.584829 0.641140
0.584928 0.640996
0.585028 0.640996
0.585127 0.640996
0.585227 0.640852
0.585326 0.640708
0.585426 0.640564
0.585526 0.640420
0.585625 0.640420
0.585725 0.640276
0.585824 0.640132
0.585924 0.639988
0.586023 0.639988
0.586123 0.639845
0.586223 0.639845
0.586322 0.639845
0.586422 0.639701
0.586521 0.639557
0.586621 0.639413
0.586720 0.639413
0.586820 0.639413
0.586919 0.639269
0.587019 0.638837
0.587119 0.638549
0.587218 0.638549
0.587318 0.638549
0.587417 0.638405
0.587517 0.638117
0.587616 0.638117
0.587716 0.637973
0.587816 0.637973
0.587915 0.637973
0.588015 0.637973
0.588114 0.637829
0.588214 0.637829
0.588313 0.637829
0.588413 0.637829
0.588513 0.637685
0.588612 0.637685
0.588712 0.637541
0.588811 0.637541
0.588911 0.637541
0.589010 0.637397
0.589110 0.636966
0.589209 0.636822
0.589309 0.636678
0.589409 0.636534
0.589508 0.636246
0.589608 0.636246
0.589707 0.636246
0.589807 0.635958
0.589906 0.635670
0.590006 0.635670
0.590106 0.635526
0.590205 0.635382
0.590305 0.635382
0.590404 0.634806
0.590504 0.634518
0.590603 0.634518
0.590703 0.634375
0.590802 0.634231
0.590902 0.634231
0.591002 0.634231
0.591101 0.634087
0.591201 0.633799
0.591300 0.633511
0.591400 0.633511
0.591499 0.633367
0.591599 0.633223
0.591699 0.633079
0.591798 0.632791
0.591898 0.632791
0.591997 0.632359
0.592097 0.632359
0.592196 0.632359
0.592296 0.632359
0.592395 0.632359
0.592495 0.632359
0.592595 0.632359
0.592694 0.632215
0.592794 0.632071
0.592893 0.631927
0.592993 0.631927
0.593092 0.631927
0.593192 0.631640
0.593292 0.631640
0.593391 0.631640
0.593491 0.631352
0.593590 0.631208
0.593690 0.631208
0.593789 0.630920
0.593889 0.630920
0.593989 0.630920
0.594088 0.630920
0.594188 0.630488
0.594287 0.630488
0.594387 0.630488
0.594486 0.630200
0.594586 0.630056
0.594685 0.629912
0.594785 0.629912
0.594885 0.629768
0.594984 0.629624
0.595084 0.629624
0.595183 0.629624
0.595283 0.629480
0.595382 0.629336
0.595482 0.629336
0.595582 0.629049
0.595681 0.629049
0.595781 0.629049
0.595880 0.629049
0.595980 0.628761
0.596079 0.628473
0.596179 0.628473
0.596278 0.628329
0.596378 0.628329
0.596478 0.628329
0.596577 0.628185
0.596677 0.628185
0.596776 0.628185
0.596876 0.628185
0.596975 0.628041
0.597075 0.627609
0.597175 0.627465
0.597274 0.627177
0.597374 0.627033
0.597473 0.626745
0.597573 0.626745
0.597672 0.626601
0.597772 0.626601
0.597871 0.626314
0.597971 0.626314
0.598071 0.626314
0.598170 0.626314
0.598270 0.626170
0.598369 0.626026
0.598469 0.626026
0.598568 0.626026
0.598668 0.626026
0.598768 0.625738
0.598867 0.625738
0.598967 0.625450
0.599066 0.625306
0.599166 0.625018
0.599265 0.625018
0.599365 0.625018
0.599465 0.625018
0.599564 0.625018
0.599664 0.625018
0.599763 0.625018
0.599863 0.625018
0.599962 0.624874
0.600062 0.624586
0.600161 0.624442
0.600261 0.624442
0.600361 0.624298
0.600460 0.624298
0.600560 0.624010
0.600659 0.623722
0.600759 0.623579
0.600858 0.623435
0.600958 0.623291
0.601058 0.623003
0.601157 0.622715
0.601257 0.622427
0.601356 0.622283
0.601456 0.622283
0.601555 0.621995
0.601655 0.621707
0.601754 0.621707
0.601854 0.621707
0.601954 0.621707
0.602053 0.621419
0.602153 0.621419
0.602252 0.621275
0.602352 0.621275
0.602451 0.621131
0.602551 0.620844
0.602651 0.620844
0.602750 0.620700
0.602850 0.620556
0.602949 0.620412
0.603049 0.620412
0.603148 0.620412
0.603248 0.620268
0.603347 0.620268
0.603447 0.620124
0.603547 0.619980
0.603646 0.619836
0.603746 0.619692
0.603845 0.619692
0.603945 0.619548
0.604044 0.619404
0.604144 0.619404
0.604244 0.619260
0.604343 0.618972
0.604443 0.618828
0.604542 0.618684
0.604642 0.618540
0.604741 0.618396
0.604841 0.618396
0.604941 0.618109
0.605040 0.617965
0.605140 0.617821
0.605239 0.617821
0.605339 0.617821
0.605438 0.617677
0.605538 0.617533
0.605637 0.617533
0.605737 0.617389
0.605837 0.617389
0.605936 0.617389
0.606036 0.617245
0.606135 0.617101
0.606235 0.616813
0.606334 0.616669
0.606434 0.616669
0.606534 0.616525
0.606633 0.616237
0.606733 0.616237
0.606832 0.615949
0.606932 0.615949
0.607031 0.615805
0.607131 0.615805
0.607230 0.615374
0.607330 0.615230
0.607430 0.615230
0.607529 0.615230
0.607629 0.615230
0.607728 0.615230
0.607828 0.615230
0.607927 0.615230
0.608027 0.615230
0.608127 0.615086
0.608226 0.614942
0.608326 0.614654
0.608425 0.614366
0.608525 0.614366
0.608624 0.614222
0.608724 0.614222
0.608823 0.614222
0.608923 0.614222
0.609023 0.613646
0.609122 0.613502
0.609222 0.613502
0.609321 0.613214
0.609421 0.613070
0.609520 0.612926
0.609620 0.612926
0.609720 0.612782
0.609819 0.612639
0.609919 0.612639
0.610018 0.612495
0.610118 0.612351
0.610217 0.612063
0.610317 0.611631
0.610417 0.611631
0.610516 0.611487
0.610616 0.611487
0.610715 0.611343
0.610815 0.611343
0.610914 0.611055
0.611014 0.610767
0.611113 0.610623
0.611213 0.610623
0.611313 0.610479
0.611412 0.610191
0.611512 0.610191
0.611611 0.610048
0.611711 0.610048
0.611810 0.609904
0.611910 0.609760
0.612010 0.609616
0.612109 0.609616
0.612209 0.609472
0.612308 0.609328
0.612408 0.609328
0.612507 0.609328
0.612607 0.609184
0.612706 0.608896
0.612806 0.608896
0.612906 0.608896
0.613005 0.608896
0.613105 0.608896
0.613204 0.608752
0.613304 0.608464
0.613403 0.608032
0.613503 0.607888
0.613603 0.607744
0.613702 0.607744
0.613802 0.607600
0.613901 0.607456
0.614001 0.607456
0.614100 0.607313
0.614200 0.607313
0.614299 0.607313
0.614399 0.607169
0.614499 0.607025
0.614598 0.606881
0.614698 0.606737
0.614797 0.606737
0.614897 0.606593
0.614996 0.606593
0.615096 0.606449
0.615196 0.606305
0.615295 0.606305
0.615395 0.606161
0.615494 0.606017
0.615594 0.606017
0.615693 0.606017
0.615793 0.605729
0.615893 0.605729
0.615992 0.605585
0.616092 0.605441
0.616191 0.605009
0.616291 0.604865
0.616390 0.604721
0.616490 0.604578
0.616589 0.604434
0.616689 0.604290
0.616789 0.604290
0.616888 0.604146
0.616988 0.604002
0.617087 0.604002
0.617187 0.603714
0.617286 0.603714
0.617386 0.603570
0.617486 0.603426
0.617585 0.603426
0.617685 0.603138
0.617784 0.603138
0.617884 0.603138
0.617983 0.603138
0.618083 0.603138
0.618182 0.603138
0.618282 0.602994
0.618382 0.602850
0.618481 0.602706
0.618581 0.602706
0.618680 0.602418
0.618780 0.602274
0.618879 0.601986
0.618979 0.601555
0.619079 0.601411
0.619178 0.601411
0.619278 0.601123
0.619377 0.601123
0.619477 0.600835
0.619576 0.600259
0.619676 0.600115
0.619775 0.599971
0.619875 0.599971
0.619975 0.599971
0.620074 0.599971
0.620174 0.599683
0.620273 0.599539
0.620373 0.599395
0.620472 0.599251
0.620572 0.598964
0.620672 0.598964
0.620771 0.598964
0.620871 0.598676
0.620970 0.598676
0.621070 0.598676
0.621169 0.598532
0.621269 0.598388
0.621368 0.598244
0.621468 0.598244
0.621568 0.598100
0.621667 0.597956
0.621767 0.597956
0.621866 0.597812
0.621966 0.597812
0.622065 0.597668
0.622165 0.597668
0.622265 0.597668
0.622364 0.597380
0.622464 0.596948
0.622563 0.596516
0.622663 0.596229
0.622762 0.595941
0.622862 0.595797
0.622962 0.595653
0.623061 0.595509
0.623161 0.595365
0.623260 0.595365
0.623360 0.594933
0.623459 0.594789
0.623559 0.594789
0.623658 0.594645
0.623758 0.594501
0.623858 0.594357
0.623957 0.594357
0.624057 0.594213
0.624156 0.594213
0.624256 0.594069
0.624355 0.593781
0.624455 0.593781
0.624555 0.593781
0.624654 0.593781
0.624754 0.593781
0.624853 0.593781
0.624953 0.593781
0.625052 0.593781
0.625152 0.593494
0.625251 0.593494
0.625351 0.593494
0.625451 0.593494
0.625550 0.593494
0.625650 0.593062
0.625749 0.592774
0.625849 0.592774
0.625948 0.592486
0.626048 0.592198
0.626148 0.592054
0.626247 0.591622
0.626347 0.591334
0.626446 0.591190
0.626546 0.591046
0.626645 0.590903
0.626745 0.590903
0.626844 0.590903
0.626944 0.590903
0.627044 0.590903
0.627143 0.590759
0.627243 0.590759
0.627342 0.590615
0.627442 0.590327
0.627541 0.590327
0.627641 0.590327
0.627741 0.590183
0.627840 0.589895
0.627940 0.589751
0.628039 0.589607
0.628139 0.589463
0.628238 0.589463
0.628338 0.589319
0.628438 0.588743
0.628537 0.588743
0.628637 0.588599
0.628736 0.588599
0.628836 0.588599
0.628935 0.588168
0.629035 0.588168
0.629134 0.588024
0.629234 0.588024
0.629334 0.587736
0.629433 0.587592
0.629533 0.587016
0.629632 0.586728
0.629732 0.586584
0.629831 0.586584
0.629931 0.586584
0.630031 0.586440
0.630130 0.586008
0.630230 0.586008
0.630329 0.586008
0.630429 0.585864
0.630528 0.585720
0.630628 0.585433
0.630727 0.585433
0.630827 0.585289
0.630927 0.585145
0.631026 0.584857
0.631126 0.584713
0.631225 0.584425
0.631325 0.584281
0.631424 0.584281
0.631524 0.583993
0.631624 0.583849
0.631723 0.583273
0.631823 0.582985
0.631922 0.582985
0.632022 0.582985
0.632121 0.582842
0.632221 0.582698
0.632320 0.582698
0.632420 0.582410
0.632520 0.582266
0.632619 0.581978
0.632719 0.581978
0.632818 0.581978
0.632918 0.581978
0.633017 0.581834
0.633117 0.581546
0.633217 0.581546
0.633316 0.581402
0.633416 0.581258
0.633515 0.581258
0.633615 0.581114
0.633714 0.581114
0.633814 0.580826
0.633914 0.580682
0.634013 0.580538
0.634113 0.580538
0.634212 0.580394
0.634312 0.580107
0.634411 0.579819
0.634511 0.579819
0.634610 0.579819
0.634710 0.579819
0.634810 0.579675
0.634909 0.579675
0.635009 0.579531
0.635108 0.579387
0.635208 0.579387
0.635307 0.579243
0.635407 0.579243
0.635507 0.578811
0.635606 0.578811
0.635706 0.578811
0.635805 0.578523
0.635905 0.578523
0.636004 0.578379
0.636104 0.578379
0.636203 0.578379
0.636303 0.578379
0.636403 0.578379
0.636502 0.578235
0.636602 0.578235
0.636701 0.578235
0.636801 0.578235
0.636900 0.577947
0.637000 0.577803
0.637100 0.577515
0.637199 0.577515
0.637299 0.577515
0.637398 0.577515
0.637498 0.577372
0.637597 0.577084
0.637697 0.576796
0.637796 0.576508
0.637896 0.576508
0.637996 0.576508
0.638095 0.576364
0.638195 0.576364
0.638294 0.576364
0.638394 0.576220
0.638493 0.576220
0.638593 0.576076
0.638693 0.575932
0.638792 0.575500
0.638892 0.575356
0.638991 0.575068
0.639091 0.574924
0.639190 0.574780
0.639290 0.574493
0.639390 0.574493
0.639489 0.574349
0.639589 0.574349
0.639688 0.574349
0.639788 0.574349
0.639887 0.574205
0.639987 0.574205
0.640086 0.573917
0.640186 0.573629
0.640286 0.573629
0.640385 0.573053
0.640485 0.572621
0.640584 0.572477
0.640684 0.572189
0.640783 0.572189
0.640883 0.572189
0.640983 0.572045
0.641082 0.571902
0.641182 0.571902
0.641281 0.571758
0.641381 0.571758
0.641480 0.571470
0.641580 0.571326
0.641679 0.571038
0.641779 0.570894
0.641879 0.570894
0.641978 0.570462
0.642078 0.570462
0.642177 0.570462
0.642277 0.570174
0.642376 0.570030
0.642476 0.569742
0.642576 0.569598
0.642675 0.569454
0.642775 0.569454
0.642874 0.569454
0.642974 0.569167
0.643073 0.568879
0.643173 0.568591
0.643272 0.568591
0.643372 0.568591
0.643472 0.568591
0.643571 0.568447
0.643671 0.568159
0.643770 0.568159
0.643870 0.568159
0.643969 0.567871
0.644069 0.567439
0.644169 0.567439
0.644268 0.567007
0.644368 0.566863
0.644467 0.566863
0.644567 0.566576
0.644666 0.566288
0.644766 0.566288
0.644866 0.566288
0.644965 0.566288
0.645065 0.566288
0.645164 0.566000
0.645264 0.566000
0.645363 0.565712
0.645463 0.565424
0.645562 0.565424
0.645662 0.565280
0.645762 0.564848
0.645861 0.564848
0.645961 0.564848
0.646060 0.564704
0.646160 0.564560
0.646259 0.564560
0.646359 0.564560
0.646459 0.564128
0.646558 0.564128
0.646658 0.563841
0.646757 0.563841
0.646857 0.563553
0.646956 0.563553
0.647056 0.563553
0.647155 0.563265
0.647255 0.562833
0.647355 0.562689
0.647454 0.562689
0.647554 0.562257
0.647653 0.562113
0.647753 0.561825
0.647852 0.561825
0.647952 0.561537
0.648052 0.561249
0.648151 0.561249
0.648251 0.560818
0.648350 0.560530
0.648450 0.560242
0.648549 0.560098
0.648649 0.560098
0.648748 0.560098
0.648848 0.559954
0.648948 0.559810
0.649047 0.559666
0.649147 0.559666
0.649246 0.559378
0.649346 0.559378
0.649445 0.559378
0.649545 0.559090
0.649645 0.558946
0.649744 0.558802
0.649844 0.558658
0.649943 0.558514
0.650043 0.558514
0.650142 0.558514
0.650242 0.558514
0.650342 0.558371
0.650441 0.558083
0.650541 0.558083
0.650640 0.558083
0.650740 0.558083
0.650839 0.558083
0.650939 0.557939
0.651038 0.557795
0.651138 0.557795
0.651238 0.557795
0.651337 0.557651
0.651437 0.557651
0.651536 0.557651
0.651636 0.557651
0.651735 0.557507
0.651835 0.557363
0.651935 0.557075
0.652034 0.556931
0.652134 0.556355
0.652233 0.556211
0.652333 0.555636
0.652432 0.555492
0.652532 0.555492
0.652631 0.555492
0.652731 0.555492
0.652831 0.555060
0.652930 0.555060
0.653030 0.555060
0.653129 0.554772
0.653229 0.554628
0.653328 0.554340
0.653428 0.554340
0.653528 0.554196
0.653627 0.554196
0.653727 0.553764
0.653826 0.553620
0.653926 0.553620
0.654025 0.553620
0.654125 0.553332
0.654224 0.553188
0.654324 0.552901
0.654424 0.552901
0.654523 0.552469
0.654623 0.552325
0.654722 0.552325
0.654822 0.552181
0.654921 0.552037
0.655021 0.551605
0.655121 0.551317
0.655220 0.551029
0.655320 0.551029
0.655419 0.551029
0.655519 0.550885
0.655618 0.550885
0.655718 0.550885
0.655818 0.550885
0.655917 0.550741
0.656017 0.550741
0.656116 0.550741
0.656216 0.550597
0.656315 0.550453
0.656415 0.550453
0.656514 0.550166
0.656614 0.550022
0.656714 0.550022
0.656813 0.550022
0.656913 0.549734
0.657012 0.549734
0.657112 0.549590
0.657211 0.549590
0.657311 0.549302
0.657411 0.549158
0.657510 0.549014
0.657610 0.549014
0.657709 0.549014
0.657809 0.548870
0.657908 0.548870
0.658008 0.548582
0.658107 0.548438
0.658207 0.548438
0.658307 0.548006
0.658406 0.547862
0.658506 0.547862
0.658605 0.547862
0.658705 0.547862
0.658804 0.547718
0.658904 0.547574
0.659004 0.547431
0.659103 0.547143
0.659203 0.547143
0.659302 0.546999
0.659402 0.546855
0.659501 0.546855
0.659601 0.546711
0.659700 0.546711
0.659800 0.546711
0.659900 0.546711
0.659999 0.546711
0.660099 0.546423
0.660198 0.546423
0.660298 0.546423
0.660397 0.546135
0.660497 0.546135
0.660597 0.546135
0.660696 0.545847
0.660796 0.545847
0.660895 0.545847
0.660995 0.545703
0.661094 0.545559
0.661194 0.545127
0.661293 0.544983
0.661393 0.544696
0.661493 0.544552
0.661592 0.544408
0.661692 0.544264
0.661791 0.543976
0.661891 0.543688
0.661990 0.543544
0.662090 0.543544
0.662190 0.543400
0.662289 0.543400
0.662389 0.543400
0.662488 0.543256
0.662588 0.542968
0.662687 0.542680
0.662787 0.542536
0.662887 0.542536
0.662986 0.542392
0.663086 0.542105
0.663185 0.541961
0.663285 0.541817
0.663384 0.541673
0.663484 0.541529
0.663583 0.541385
0.663683 0.541241
0.663783 0.541097
0.663882 0.541097
0.663982 0.540809
0.664081 0.540521
0.664181 0.540377
0.664280 0.540377
0.664380 0.540377
0.664480 0.540377
0.664579 0.540233
0.664679 0.540233
0.664778 0.539801
0.664878 0.539513
0.664977 0.539370
0.665077 0.539226
0.665176 0.539082
0.665276 0.538938
0.665376 0.538650
0.665475 0.538506
0.665575 0.538506
0.665674 0.538506
0.665774 0.538362
0.665873 0.538362
0.665973 0.538074
0.666073 0.537930
0.666172 0.537786
0.666272 0.537642
0.666371 0.537498
0.666471 0.537210
0.666570 0.537066
0.666670 0.536778
0.666769 0.536635
0.666869 0.536635
0.666969 0.536635
0.667068 0.536635
0.667168 0.536635
0.667267 0.536491
0.667367 0.536203
0.667466 0.536059
0.667566 0.535915
0.667666 0.535627
0.667765 0.535483
0.667865 0.535339
0.667964 0.535195
0.668064 0.535051
0.668163 0.535051
0.668263 0.535051
0.668363 0.534763
0.668462 0.534331
0.668562 0.534187
0.668661 0.534043
0.668761 0.534043
0.668860 0.534043
0.668960 0.534043
0.669059 0.533756
0.669159 0.533180
0.669259 0.533036
0.669358 0.533036
0.669458 0.532892
0.669557 0.532892
0.669657 0.532892
0.669756 0.532892
0.669856 0.532892
0.669956 0.532604
0.670055 0.532460
0.670155 0.532460
0.670254 0.532460
0.670354 0.532316
0.670453 0.531884
0.670553 0.531740
0.670652 0.531740
0.670752 0.531740
0.670852 0.531596
0.670951 0.531452
0.671051 0.531308
0.671150 0.531021
0.671250 0.530877
0.671349 0.530733
0.671449 0.530445
0.671549 0.530301
0.671648 0.530301
0.671748 0.530301
0.671847 0.530157
0.671947 0.530157
0.672046 0.530157
0.672146 0.530157
0.672245 0.530157
0.672345 0.530013
0.672445 0.530013
0.672544 0.530013
0.672644 0.530013
0.672743 0.529869
0.672843 0.529581
0.672942 0.529437
0.673042 0.529437
0.673142 0.529293
0.673241 0.529149
0.673341 0.529149
0.673440 0.529149
0.673540 0.529149
0.673639 0.529005
0.673739 0.529005
0.673839 0.528717
0.673938 0.528573
0.674038 0.528430
0.674137 0.528430
0.674237 0.528430
0.674336 0.528430
0.674436 0.528286
0.674535 0.528286
0.674635 0.528286
0.674735 0.528142
0.674834 0.527710
0.674934 0.527710
0.675033 0.527278
0.675133 0.527134
0.675232 0.526846
0.675332 0.526702
0.675432 0.526558
0.675531 0.526414
0.675631 0.526414
0.675730 0.525982
0.675830 0.525838
0.675929 0.525551
0.676029 0.525551
0.676128 0.525551
0.676228 0.525407
0.676328 0.525407
0.676427 0.525407
0.676527 0.525263
0.676626 0.525263
0.676726 0.525263
0.676825 0.524975
0.676925 0.524975
0.677025 0.524975
0.677124 0.524975
0.677224 0.524831
0.677323 0.524687
0.677423 0.524687
0.677522 0.524687
0.677622 0.524399
0.677721 0.524399
0.677821 0.524399
0.677921 0.524255
0.678020 0.524255
0.678120 0.524255
0.678219 0.524255
0.678319 0.524255
0.678418 0.524255
0.678518 0.524111
0.678618 0.524111
0.678717 0.523535
0.678817 0.523391
0.678916 0.523247
0.679016 0.523247
0.679115 0.522960
0.679215 0.522672
0.679315 0.522528
0.679414 0.522528
0.679514 0.522384
0.679613 0.522240
0.679713 0.522240
0.679812 0.521664
0.679912 0.521376
0.680011 0.521376
0.680111 0.521232
0.680211 0.521232
0.680310 0.520944
0.680410 0.520800
0.680509 0.520800
0.680609 0.520800
0.680708 0.520512
0.680808 0.520081
0.680908 0.520081
0.681007 0.520081
0.681107 0.519937
0.681206 0.519793
0.681306 0.519649
0.681405 0.519649
0.681505 0.519217
0.681604 0.519073
0.681704 0.518929
0.681804 0.518641
0.681903 0.518641
0.682003 0.518641
0.682102 0.518641
0.682202 0.518497
0.682301 0.518497
0.682401 0.518209
0.682501 0.518209
0.682600 0.518209
0.682700 0.518209
0.682799 0.518209
0.682899 0.518209
0.682998 0.518209
0.683098 0.518209
0.683197 0.518065
0.683297 0.518065
0.683397 0.518065
0.683496 0.517490
0.683596 0.517202
0.683695 0.516914
0.683795 0.516770
0.683894 0.516770
0.683994 0.516626
0.684094 0.516482
0.684193 0.516482
0.684293 0.516050
0.684392 0.516050
0.684492 0.515906
0.684591 0.515762
0.684691 0.515762
0.684791 0.515762
0.684890 0.515474
0.684990 0.515474
0.685089 0.515474
0.685189 0.515474
0.685288 0.515186
0.685388 0.515186
0.685487 0.515042
0.685587 0.515042
0.685687 0.514899
0.685786 0.514755
0.685886 0.514755
0.685985 0.514755
0.686085 0.514611
0.686184 0.514179
0.686284 0.513891
0.686384 0.513891
0.686483 0.513603
0.686583 0.513459
0.686682 0.513171
0.686782 0.513171
0.686881 0.513027
0.686981 0.512883
0.687080 0.512883
0.687180 0.512883
0.687280 0.512883
0.687379 0.512595
0.687479 0.512307
0.687578 0.512164
0.687678 0.511876
0.687777 0.511876
0.687877 0.511732
0.687977 0.511732
0.688076 0.511732
0.688176 0.511444
0.688275 0.511444
0.688375 0.511300
0.688474 0.511156
0.688574 0.510868
0.688673 0.510724
0.688773 0.510580
0.688873 0.510436
0.688972 0.510148
0.689072 0.510004
0.689171 0.510004
0.689271 0.509716
0.689370 0.509716
0.689470 0.509716
0.689570 0.509572
0.689669 0.509429
0.689769 0.509429
0.689868 0.509141
0.689968 0.509141
0.690067 0.508853
0.690167 0.508709
0.690267 0.508565
0.690366 0.508565
0.690466 0.508133
0.690565 0.508133
0.690665 0.507989
0.690764 0.507845
0.690864 0.507845
0.690963 0.507413
0.691063 0.507125
0.691163 0.506837
0.691262 0.506694
0.691362 0.506694
0.691461 0.506406
0.691561 0.506262
0.691660 0.506262
0.691760 0.506262
0.691860 0.506118
0.691959 0.506118
0.692059 0.506118
0.692158 0.505974
0.692258 0.505686
0.692357 0.505398
0.692457 0.505398
0.692556 0.505254
0.692656 0.505254
0.692756 0.505254
0.692855 0.505110
0.692955 0.504966
0.693054 0.504678
0.693154 0.504678
0.693253 0.504678
0.693353 0.504390
0.693453 0.504246
0.693552 0.504246
0.693652 0.504102
0.693751 0.504102
0.693851 0.503959
0.693950 0.503815
0.694050 0.503815
0.694149 0.503815
0.694249 0.503815
0.694349 0.503671
0.694448 0.503527
0.694548 0.503239
0.694647 0.503239
0.694747 0.503239
0.694846 0.503095
0.694946 0.502951
0.695046 0.502951
0.695145 0.502951
0.695245 0.502951
0.695344 0.502951
0.695444 0.502807
0.695543 0.502807
0.695643 0.502807
0.695743 0.502663
0.695842 0.502375
0.695942 0.502231
0.696041 0.501799
0.696141 0.501799
0.696240 0.501799
0.696340 0.501799
0.696439 0.501799
0.696539 0.501799
0.696639 0.501799
0.696738 0.501367
0.696838 0.501080
0.696937 0.500792
0.697037 0.500792
0.697136 0.500504
0.697236 0.500072
0.697336 0.500072
0.697435 0.499928
0.697535 0.499928
0.697634 0.499784
0.697734 0.499784
0.697833 0.499496
0.697933 0.499496
0.698032 0.499352
0.698132 0.499064
0.698232 0.499064
0.698331 0.498920
0.698431 0.498920
0.698530 0.498633
0.698630 0.498633
0.698729 0.498201
0.698829 0.498201
0.698929 0.498201
0.699028 0.498057
0.699128 0.497913
0.699227 0.497913
0.699327 0.497625
0.699426 0.497625
0.699526 0.497481
0.699625 0.497481
0.699725 0.496905
0.699825 0.496905
0.699924 0.496761
0.700024 0.496761
0.700123 0.496761
0.700223 0.496761
0.700322 0.496329
0.700422 0.496185
0.700522 0.496185
0.700621 0.496041
0.700721 0.495754
0.700820 0.495754
0.700920 0.495466
0.701019 0.495322
0.701119 0.495178
0.701218 0.495178
0.701318 0.495034
0.701418 0.495034
0.701517 0.495034
0.701617 0.494746
0.701716 0.494746
0.701816 0.494746
0.701915 0.494602
0.702015 0.494314
0.702115 0.493882
0.702214 0.493882
0.702314 0.493882
0.702413 0.493738
0.702513 0.493594
0.702612 0.493594
0.702712 0.493306
0.702812 0.493306
0.702911 0.493019
0.703011 0.493019
0.703110 0.493019
0.703210 0.492875
0.703309 0.492731
0.703409 0.492731
0.703508 0.492155
0.703608 0.492155
0.703708 0.492155
0.703807 0.491723
0.703907 0.491723
0.704006 0.491723
0.704106 0.491579
0.704205 0.491435
0.704305 0.491435
0.704405 0.491291
0.704504 0.491147
0.704604 0.491147
0.704703 0.491147
0.704803 0.491003
0.704902 0.491003
0.705002 0.491003
0.705101 0.490715
0.705201 0.490571
0.705301 0.490571
0.705400 0.490140
0.705500 0.490140
0.705599 0.490140
0.705699 0.490140
0.705798 0.490140
0.705898 0.489852
0.705998 0.489564
0.706097 0.489564
0.706197 0.489564
0.706296 0.489276
0.706396 0.488988
0.706495 0.488556
0.706595 0.488268
0.706694 0.488268
0.706794 0.487980
0.706894 0.487980
0.706993 0.487980
0.707093 0.487836
0.707192 0.487261
0.707292 0.487261
0.707391 0.487117
0.707491 0.486397
0.707591 0.486397
0.707690 0.486253
0.707790 0.486109
0.707889 0.485821
0.707989 0.485677
0.708088 0.485533
0.708188 0.485533
0.708288 0.485389
0.708387 0.485389
0.708487 0.485389
0.708586 0.485245
0.708686 0.484814
0.708785 0.484670
0.708885 0.484238
0.708984 0.483950
0.709084 0.483806
0.709184 0.483806
0.709283 0.483806
0.709383 0.483518
0.709482 0.483374
0.709582 0.483230
0.709681 0.483230
0.709781 0.483086
0.709881 0.482942
0.709980 0.482942
0.710080 0.482798
0.710179 0.482510
0.710279 0.482510
0.710378 0.482510
0.710478 0.482366
0.710577 0.482079
0.710677 0.481791
0.710777 0.481791
0.710876 0.481647
0.710976 0.481503
0.711075 0.481359
0.711175 0.481215
0.711274 0.480927
0.711374 0.480783
0.711474 0.480495
0.711573 0.480495
0.711673 0.480351
0.711772 0.480207
0.711872 0.480207
0.711971 0.480063
0.712071 0.479775
0.712170 0.479775
0.712270 0.479488
0.712370 0.479056
0.712469 0.479056
0.712569 0.479056
0.712668 0.478912
0.712768 0.478624
0.712867 0.478480
0.712967 0.478480
0.713067 0.478192
0.713166 0.478048
0.713266 0.477904
0.713365 0.477760
0.713465 0.477472
0.713564 0.477472
0.713664 0.477472
0.713764 0.477184
0.713863 0.477040
0.713963 0.477040
0.714062 0.477040
0.714162 0.476897
0.714261 0.476609
0.714361 0.476609
0.714460 0.476609
0.714560 0.476321
0.714660 0.476177
0.714759 0.475889
0.714859 0.475745
0.714958 0.475745
0.715058 0.475745
0.715157 0.475601
0.715257 0.475601
0.715357 0.475601
0.715456 0.475601
0.715556 0.475457
0.715655 0.475169
0.715755 0.475025
0.715854 0.474881
0.715954 0.474737
0.716053 0.474449
0.716153 0.474162
0.716253 0.474162
0.716352 0.474018
0.716452 0.473874
0.716551 0.473730
0.716651 0.473730
0.716750 0.473442
0.716850 0.473442
0.716950 0.473442
0.717049 0.473442
0.717149 0.473298
0.717248 0.472722
0.717348 0.472578
0.717447 0.472434
0.717547 0.472434
0.717646 0.472434
0.717746 0.472434
0.717846 0.472002
0.717945 0.471858
0.718045 0.471858
0.718144 0.471858
0.718244 0.471858
0.718343 0.471714
0.718443 0.471570
0.718543 0.471283
0.718642 0.471283
0.718742 0.471283
0.718841 0.471139
0.718941 0.470995
0.719040 0.470995
0.719140 0.470707
0.719240 0.470707
0.719339 0.470707
0.719439 0.470563
0.719538 0.470563
0.719638 0.470419
0.719737 0.470419
0.719837 0.469987
0.719936 0.469843
0.720036 0.469843
0.720136 0.469555
0.720235 0.469555
0.720335 0.469267
0.720434 0.469123
0.720534 0.468835
0.720633 0.468835
0.720733 0.468835
0.720833 0.468835
0.720932 0.468548
0.721032 0.468404
0.721131 0.468260
0.721231 0.468260
0.721330 0.468116
0.721430 0.468116
0.721529 0.468116
0.721629 0.468116
0.721729 0.468116
0.721828 0.467684
0.721928 0.467540
0.722027 0.467396
0.722127 0.467252
0.722226 0.467108
0.722326 0.466964
0.722426 0.466820
0.722525 0.466676
0.722625 0.466676
0.722724 0.466676
0.722824 0.466532
0.722923 0.466244
0.723023 0.465957
0.723122 0.465813
0.723222 0.465813
0.723322 0.465813
0.723421 0.465669
0.723521 0.465525
0.723620 0.465525
0.723720 0.465237
0.723819 0.465237
0.723919 0.465093
0.724019 0.465093
0.724118 0.464949
0.724218 0.464949
0.724317 0.464949
0.724417 0.464517
0.724516 0.464517
0.724616 0.464517
0.724716 0.464517
0.724815 0.464229
0.724915 0.464229
0.725014 0.464229
0.725114 0.464085
0.725213 0.464085
0.725313 0.464085
0.725412 0.464085
0.725512 0.463797
0.725612 0.463509
0.725711 0.463222
0.725811 0.463078
0.725910 0.462646
0.726010 0.462358
0.726109 0.461926
0.726209 0.461926
0.726309 0.461926
0.726408 0.461638
0.726508 0.461494
0.726607 0.461350
0.726707 0.461350
0.726806 0.461350
0.726906 0.461206
0.727005 0.461206
0.727105 0.461206
0.727205 0.461206
0.727304 0.461062
0.727404 0.461062
0.727503 0.461062
0.727603 0.461062
0.727702 0.461062
0.727802 0.461062
0.727902 0.460918
0.728001 0.460918
0.728101 0.460774
0.728200 0.460487
0.728300 0.460487
0.728399 0.460487
0.728499 0.460343
0.728598 0.460199
0.728698 0.459767
0.728798 0.459623
0.728897 0.459623
0.728997 0.459335
0.729096 0.459335
0.729196 0.459191
0.729295 0.459047
0.729395 0.459047
0.729495 0.458903
0.729594 0.458759
0.729694 0.458615
0.729793 0.458615
0.729893 0.458471
0.729992 0.458471
0.730092 0.458327
0.730192 0.458039
0.730291 0.458039
0.730391 0.458039
0.730490 0.458039
0.730590 0.458039
0.730689 0.457895
0.730789 0.457752
0.730888 0.457464
0.730988 0.457032
0.731088 0.457032
0.731187 0.457032
0.731287 0.456888
0.731386 0.456888
0.731486 0.456888
0.731585 0.456456
0.731685 0.456168
0.731785 0.456168
0.731884 0.456168
0.731984 0.456024
0.732083 0.455880
0.732183 0.455880
0.732282 0.455880
0.732382 0.455736
0.732481 0.455736
0.732581 0.455304
0.732681 0.455304
0.732780 0.454729
0.732880 0.454297
0.732979 0.454009
0.733079 0.454009
0.733178 0.453865
0.733278 0.453145
0.733378 0.452713
0.733477 0.452713
0.733577 0.452713
0.733676 0.452569
0.733776 0.452426
0.733875 0.452282
0.733975 0.452282
0.734074 0.452282
0.734174 0.452138
0.734274 0.452138
0.734373 0.451850
0.734473 0.451850
0.734572 0.451850
0.734672 0.451706
0.734771 0.451706
0.734871 0.451418
0.734971 0.451274
0.735070 0.451274
0.735170 0.451274
0.735269 0.451130
0.735369 0.450986
0.735468 0.450842
0.735568 0.450698
0.735668 0.450698
0.735767 0.450554
0.735867 0.450554
0.735966 0.450554
0.736066 0.450554
0.736165 0.450266
0.736265 0.449834
0.736364 0.449547
0.736464 0.449547
0.736564 0.449403
0.736663 0.449115
0.736763 0.449115
0.736862 0.448971
0.736962 0.448971
0.737061 0.448971
0.737161 0.448683
0.737261 0.448539
0.737360 0.448395
0.737460 0.448251
0.737559 0.448251
0.737659 0.448107
0.737758 0.447963
0.737858 0.447819
0.737957 0.447675
0.738057 0.447675
0.738157 0.447531
0.738256 0.447531
0.738356 0.447531
0.738455 0.447387
0.738555 0.447387
0.738654 0.447099
0.738754 0.447099
0.738854 0.446956
0.738953 0.446956
0.739053 0.446668
0.739152 0.446668
0.739252 0.446668
0.739351 0.446524
0.739451 0.446524
0.739550 0.446092
0.739650 0.446092
0.739750 0.445948
0.739849 0.445948
0.739949 0.445804
0.740048 0.445804
0.740148 0.445516
0.740247 0.445516
0.740347 0.445372
0.740447 0.445372
0.740546 0.445372
0.740646 0.445372
0.740745 0.445084
0.740845 0.444940
0.740944 0.444940
0.741044 0.444940
0.741143 0.444652
0.741243 0.444508
0.741343 0.444364
0.741442 0.444221
0.741542 0.443933
0.741641 0.443645
0.741741 0.443645
0.741840 0.443213
0.741940 0.443213
0.742040 0.443213
0.742139 0.443213
0.742239 0.442925
0.742338 0.442781
0.742438 0.442781
0.742537 0.442781
0.742637 0.442781
0.742737 0.442637
0.742836 0.442493
0.742936 0.442493
0.743035 0.442493
0.743135 0.442349
0.743234 0.442349
0.743334 0.442349
0.743433 0.442205
0.743533 0.442205
0.743633 0.442205
0.743732 0.442061
0.743832 0.441773
0.743931 0.441773
0.744031 0.441629
0.744130 0.441342
0.744230 0.441198
0.744330 0.440766
0.744429 0.440766
0.744529 0.440766
0.744628 0.440622
0.744728 0.440622
0.744827 0.440478
0.744927 0.440478
0.745026 0.440478
0.745126 0.440190
0.745226 0.440046
0.745325 0.440046
0.745425 0.439758
0.745524 0.439614
0.745624 0.439326
0.745723 0.439326
0.745823 0.439182
0.745923 0.439038
0.746022 0.438751
0.746122 0.438751
0.746221 0.438751
0.746321 0.438751
0.746420 0.438751
0.746520 0.438463
0.746619 0.438031
0.746719 0.437887
0.746819 0.437743
0.746918 0.437599
0.747018 0.437311
0.747117 0.437311
0.747217 0.437311
0.747316 0.437311
0.747416 0.437167
0.747516 0.437023
0.747615 0.436879
0.747715 0.436735
0.747814 0.436303
0.747914 0.436303
0.748013 0.435872
0.748113 0.435872
0.748213 0.435728
0.748312 0.435152
0.748412 0.435152
0.748511 0.434864
0.748611 0.434864
0.748710 0.434864
0.748810 0.434720
0.748909 0.434720
0.749009 0.434576
0.749109 0.434144
0.749208 0.434000
0.749308 0.433856
0.749407 0.433856
0.749507 0.433712
0.749606 0.433712
0.749706 0.433568
0.749806 0.433424
0.749905 0.433281
0.750005 0.433281
0.750104 0.433281
0.750204 0.433137
0.750303 0.433137
0.750403 0.432993
0.750502 0.432849
0.750602 0.432561
0.750702 0.432561
0.750801 0.432417
0.750901 0.432273
0.751000 0.432129
0.751100 0.431841
0.751199 0.431841
0.751299 0.431409
0.751399 0.431121
0.751498 0.431121
0.751598 0.430977
0.751697 0.430833
0.751797 0.430690
0.751896 0.430546
0.751996 0.430546
0.752095 0.430546
0.752195 0.430546
0.752295 0.430546
0.752394 0.430258
0.752494 0.430258
0.752593 0.430258
0.752693 0.430114
0.752792 0.430114
0.752892 0.429970
0.752992 0.429970
0.753091 0.429826
0.753191 0.429682
0.753290 0.429538
0.753390 0.429394
0.753489 0.429394
0.753589 0.429250
0.753689 0.428962
0.753788 0.428674
0.753888 0.428242
0.753987 0.428098
0.754087 0.427955
0.754186 0.427955
0.754286 0.427811
0.754385 0.427667
0.754485 0.427091
0.754585 0.426659
0.754684 0.426515
0.754784 0.426515
0.754883 0.426227
0.754983 0.425939
0.755082 0.425795
0.755182 0.425795
0.755282 0.425795
0.755381 0.425795
0.755481 0.425507
0.755580 0.425363
0.755680 0.425363
0.755779 0.425363
0.755879 0.425363
0.755978 0.424932
0.756078 0.424788
0.756178 0.424788
0.756277 0.424788
0.756377 0.424644
0.756476 0.424644
0.756576 0.424212
0.756675 0.424068
0.756775 0.423348
0.756875 0.423204
0.756974 0.423204
0.757074 0.423060
0.757173 0.422916
0.757273 0.422772
0.757372 0.422628
0.757472 0.422485
0.757571 0.422485
0.757671 0.422485
0.757771 0.422485
0.757870 0.422197
0.757970 0.422197
0.758069 0.422197
0.758169 0.421909
0.758268 0.421621
0.758368 0.421333
0.758468 0.421045
0.758567 0.421045
0.758667 0.420901
0.758766 0.420757
0.758866 0.420469
0.758965 0.420469
0.759065 0.420469
0.759165 0.420181
0.759264 0.420181
0.759364 0.419606
0.759463 0.419462
0.759563 0.419318
0.759662 0.419174
0.759762 0.418886
0.759861 0.418598
0.759961 0.418598
0.760061 0.418454
0.760160 0.418166
0.760260 0.418166
0.760359 0.418166
0.760459 0.417878
0.760558 0.417590
0.760658 0.417158
0.760758 0.416871
0.760857 0.416583
0.760957 0.416151
0.761056 0.416007
0.761156 0.415719
0.761255 0.415719
0.761355 0.415719
0.761454 0.415719
0.761554 0.415719
0.761654 0.415287
0.761753 0.415287
0.761853 0.414999
0.761952 0.414999
0.762052 0.414855
0.762151 0.414855
0.762251 0.414711
0.762351 0.414711
0.762450 0.414280
0.762550 0.413992
0.762649 0.413848
0.762749 0.413704
0.762848 0.413560
0.762948 0.413416
0.763047 0.413416
0.763147 0.413272
0.763247 0.413272
0.763346 0.413272
0.763446 0.413128
0.763545 0.412696
0.763645 0.412552
0.763744 0.412552
0.763844 0.412408
0.763944 0.412264
0.764043 0.411976
0.764143 0.411832
0.764242 0.411688
0.764342 0.411688
0.764441 0.411401
0.764541 0.411257
0.764641 0.411257
0.764740 0.410969
0.764840 0.410969
0.764939 0.410537
0.765039 0.410393
0.765138 0.410249
0.765238 0.410105
0.765337 0.410105
0.765437 0.409961
0.765537 0.409817
0.765636 0.409673
0.765736 0.409673
0.765835 0.409385
0.765935 0.409241
0.766034 0.409097
0.766134 0.408666
0.766234 0.408522
0.766333 0.408378
0.766433 0.408090
0.766532 0.408090
0.766632 0.407802
0.766731 0.407514
0.766831 0.407370
0.766930 0.407370
0.767030 0.407082
0.767130 0.407082
0.767229 0.407082
0.767329 0.407082
0.767428 0.406938
0.767528 0.406938
0.767627 0.406938
0.767727 0.406938
0.767827 0.406794
0.767926 0.406506
0.768026 0.406075
0.768125 0.405931
0.768225 0.405931
0.768324 0.405931
0.768424 0.405643
0.768523 0.405643
0.768623 0.405643
0.768723 0.405211
0.768822 0.404491
0.768922 0.404491
0.769021 0.404203
0.769121 0.404203
0.769220 0.404059
0.769320 0.404059
0.769420 0.403915
0.769519 0.403771
0.769619 0.403627
0.769718 0.403627
0.769818 0.403627
0.769917 0.403196
0.770017 0.402908
0.770117 0.402764
0.770216 0.402764
0.770316 0.402764
0.770415 0.402620
0.770515 0.402620
0.770614 0.402620
0.770714 0.402620
0.770813 0.402332
0.770913 0.402332
0.771013 0.402332
0.771112 0.401612
0.771212 0.401612
0.771311 0.401468
0.771411 0.401468
0.771510 0.401324
0.771610 0.401180
0.771710 0.400892
0.771809 0.400749
0.771909 0.400749
0.772008 0.400461
0.772108 0.400461
0.772207 0.400317
0.772307 0.400317
0.772406 0.400317
0.772506 0.400029
0.772606 0.399885
0.772705 0.399597
0.772805 0.399165
0.772904 0.399021
0.773004 0.399021
0.773103 0.398877
0.773203 0.398877
0.773303 0.398877
0.773402 0.398877
0.773502 0.398589
0.773601 0.398301
0.773701 0.398301
0.773800 0.398014
0.773900 0.398014
0.773999 0.397870
0.774099 0.397582
0.774199 0.397582
0.774298 0.397294
0.774398 0.397294
0.774497 0.397294
0.774597 0.397006
0.774696 0.396862
0.774796 0.396862
0.774896 0.396718
0.774995 0.396574
0.775095 0.396574
0.775194 0.396430
0.775294 0.396430
0.775393 0.396286
0.775493 0.395854
0.775593 0.395566
0.775692 0.395566
0.775792 0.395566
0.775891 0.395422
0.775991 0.394703
0.776090 0.394559
0.776190 0.394559
0.776289 0.394415
0.776389 0.394271
0.776489 0.393839
0.776588 0.393695
0.776688 0.393551
0.776787 0.393119
0.776887 0.393119
0.776986 0.393119
0.777086 0.392687
0.777186 0.392687
0.777285 0.392544
0.777385 0.392544
0.777484 0.392544
0.777584 0.392256
0.777683 0.391968
0.777783 0.391680
0.777882 0.391680
0.777982 0.391248
0.778082 0.391248
0.778181 0.391248
0.778281 0.391248
0.778380 0.391104
0.778480 0.391104
0.778579 0.390960
0.778679 0.390672
0.778779 0.390240
0.778878 0.390240
0.778978 0.390096
0.779077 0.390096
0.779177 0.390096
0.779276 0.390096
0.779376 0.390096
0.779475 0.390096
0.779575 0.389952
0.779675 0.389809
0.779774 0.389665
0.779874 0.389521
0.779973 0.389233
0.780073 0.389089
0.780172 0.389089
0.780272 0.388657
0.780372 0.388657
0.780471 0.388369
0.780571 0.388369
0.780670 0.388369
0.780770 0.388369
0.780869 0.388225
0.780969 0.388081
0.781068 0.388081
0.781168 0.387937
0.781268 0.387937
0.781367 0.387937
0.781467 0.387793
0.781566 0.387649
0.781666 0.387649
0.781765 0.387649
0.781865 0.387218
0.781965 0.387218
0.782064 0.387074
0.782164 0.387074
0.782263 0.386930
0.782363 0.386786
0.782462 0.386642
0.782562 0.386642
0.782662 0.386642
0.782761 0.386642
0.782861 0.386642
0.782960 0.386642
0.783060 0.386498
0.783159 0.386066
0.783259 0.385922
0.783358 0.385922
0.783458 0.385778
0.783558 0.385778
0.783657 0.385778
0.783757 0.385490
0.783856 0.385490
0.783956 0.385346
0.784055 0.385058
0.784155 0.384914
0.784255 0.384770
0.784354 0.384626
0.784454 0.384626
0.784553 0.384626
0.784653 0.384483
0.784752 0.384339
0.784852 0.384195
0.784951 0.383907
0.785051 0.383907
0.785151 0.383907
0.785250 0.383907
0.785350 0.383619
0.785449 0.383475
0.785549 0.383475
0.785648 0.383331
0.785748 0.382899
0.785848 0.382755
0.785947 0.382755
0.786047 0.382755
0.786146 0.382755
0.786246 0.382467
0.786345 0.382323
0.786445 0.382323
0.786544 0.382035
0.786644 0.381748
0.786744 0.381460
0.786843 0.381028
0.786943 0.381028
0.787042 0.381028
0.787142 0.380884
0.787241 0.380596
0.787341 0.380596
0.787441 0.380596
0.787540 0.380452
0.787640 0.380308
0.787739 0.380308
0.787839 0.380308
0.787938 0.380308
0.788038 0.380164
0.788138 0.379876
0.788237 0.379588
0.788337 0.379444
0.788436 0.379013
0.788536 0.378869
0.788635 0.378725
0.788735 0.378725
0.788834 0.378581
0.788934 0.378437
0.789034 0.378149
0.789133 0.378005
0.789233 0.377861
0.789332 0.377573
0.789432 0.377285
0.789531 0.376997
0.789631 0.376853
0.789731 0.376565
0.789830 0.376421
0.789930 0.376278
0.790029 0.376134
0.790129 0.375990
0.790228 0.375846
0.790328 0.375702
0.790427 0.375702
0.790527 0.375558
0.790627 0.375414
0.790726 0.375414
0.790826 0.375270
0.790925 0.375270
0.791025 0.374694
0.791124 0.374550
0.791224 0.374406
0.791324 0.374406
0.791423 0.374406
0.791523 0.374406
0.791622 0.374262
0.791722 0.374118
0.791821 0.373974
0.791921 0.373830
0.792020 0.373830
0.792120 0.373686
0.792220 0.373686
0.792319 0.373686
0.792419 0.373686
0.792518 0.373399
0.792618 0.373255
0.792717 0.373111
0.792817 0.373111
0.792917 0.373111
0.793016 0.373111
0.793116 0.373111
0.793215 0.372967
0.793315 0.372823
0.793414 0.372823
0.793514 0.372823
0.793614 0.372679
0.793713 0.372535
0.793813 0.372535
0.793912 0.372535
0.794012 0.372247
0.794111 0.372103
0.794211 0.371815
0.794310 0.371671
0.794410 0.371527
0.794510 0.371527
0.794609 0.371383
0.794709 0.371383
0.794808 0.371239
0.794908 0.371239
0.795007 0.371239
0.795107 0.371239
0.795207 0.370951
0.795306 0.370951
0.795406 0.370808
0.795505 0.370520
0.795605 0.370376
0.795704 0.370232
0.795804 0.370088
0.795903 0.370088
0.796003 0.369800
0.796103 0.369656
0.796202 0.369512
0.796302 0.369368
0.796401 0.369368
0.796501 0.369368
0.796600 0.369080
0.796700 0.368936
0.796800 0.368648
0.796899 0.368216
0.796999 0.367929
0.797098 0.367785
0.797198 0.367641
0.797297 0.367641
0.797397 0.367641
0.797496 0.367497
0.797596 0.367497
0.797696 0.367353
0.797795 0.367209
0.797895 0.366777
0.797994 0.366489
0.798094 0.366345
0.798193 0.366345
0.798293 0.366345
0.798393 0.366201
0.798492 0.365913
0.798592 0.365482
0.798691 0.365194
0.798791 0.365194
0.798890 0.365050
0.798990 0.364762
0.799090 0.364618
0.799189 0.364474
0.799289 0.364474
0.799388 0.364474
0.799488 0.364330
0.799587 0.364330
0.799687 0.363754
0.799786 0.363754
0.799886 0.363610
0.799986 0.363466
0.800085 0.363322
0.800185 0.363178
0.800284 0.363034
0.800384 0.362890
0.800483 0.362890
0.800583 0.362890
0.800683 0.362890
0.800782 0.362747
0.800882 0.362603
0.800981 0.362459
0.801081 0.362459
0.801180 0.362027
0.801280 0.361883
0.801379 0.361595
0.801479 0.361307
0.801579 0.361307
0.801678 0.361163
0.801778 0.361019
0.801877 0.360731
0.801977 0.360587
0.802076 0.360587
0.802176 0.360587
0.802276 0.360443
0.802375 0.360299
0.802475 0.360155
0.802574 0.360155
0.802674 0.360155
0.802773 0.359868
0.802873 0.359868
0.802972 0.359724
0.803072 0.359436
0.803172 0.359436
0.803271 0.359436
0.803371 0.359292
0.803470 0.359292
0.803570 0.359292
0.803669 0.359004
0.803769 0.358860
0.803869 0.358716
0.803968 0.358716
0.804068 0.358428
0.804167 0.358428
0.804267 0.358284
0.804366 0.358140
0.804466 0.357996
0.804566 0.357996
0.804665 0.357852
0.804765 0.357708
0.804864 0.357564
0.804964 0.357564
0.805063 0.357277
0.805163 0.357277
0.805262 0.357277
0.805362 0.357133
0.805462 0.356989
0.805561 0.356845
0.805661 0.356557
0.805760 0.356557
0.805860 0.356557
0.805959 0.356413
0.806059 0.356413
0.806159 0.356125
0.806258 0.356125
0.806358 0.355837
0.806457 0.355693
0.806557 0.355549
0.806656 0.355549
0.806756 0.355261
0.806855 0.354973
0.806955 0.354685
0.807055 0.354685
0.807154 0.354685
0.807254 0.354685
0.807353 0.354685
0.807453 0.354685
0.807552 0.354542
0.807652 0.354542
0.807752 0.354542
0.807851 0.354398
0.807951 0.354254
0.808050 0.354254
0.808150 0.354254
0.808249 0.354254
0.808349 0.354254
0.808448 0.353822
0.808548 0.353678
0.808648 0.353534
0.808747 0.352958
0.808847 0.352526
0.808946 0.352238
0.809046 0.352238
0.809145 0.351950
0.809245 0.351807
0.809345 0.351375
0.809444 0.350943
0.809544 0.350655
0.809643 0.350655
0.809743 0.350655
0.809842 0.350511
0.809942 0.350511
0.810042 0.350367
0.810141 0.349935
0.810241 0.349791
0.810340 0.349647
0.810440 0.349359
0.810539 0.349215
0.810639 0.349215
0.810738 0.349215
0.810838 0.348784
0.810938 0.348784
0.811037 0.348640
0.811137 0.348352
0.811236 0.348352
0.811336 0.348208
0.811435 0.348064
0.811535 0.347920
0.811635 0.347920
0.811734 0.347632
0.811834 0.347488
0.811933 0.347488
0.812033 0.347344
0.812132 0.346912
0.812232 0.346624
0.812331 0.346624
0.812431 0.346480
0.812531 0.346480
0.812630 0.346337
0.812730 0.346193
0.812829 0.345761
0.812929 0.345329
0.813028 0.345185
0.813128 0.345041
0.813228 0.344897
0.813327 0.344753
0.813427 0.344609
0.813526 0.344465
0.813626 0.343889
0.813725 0.343889
0.813825 0.343889
0.813924 0.343602
0.814024 0.343602
0.814124 0.343458
0.814223 0.343314
0.814323 0.343314
0.814422 0.343314
0.814522 0.343170
0.814621 0.342882
0.814721 0.342738
0.814821 0.342450
0.814920 0.342306
0.815020 0.342162
0.815119 0.342018
0.815219 0.342018
0.815318 0.341730
0.815418 0.341586
0.815518 0.341586
0.815617 0.341154
0.815717 0.341154
0.815816 0.341154
0.815916 0.340867
0.816015 0.340867
0.816115 0.340723
0.816214 0.340435
0.816314 0.340435
0.816414 0.340291
0.816513 0.339859
0.816613 0.339427
0.816712 0.339283
0.816812 0.338995
0.816911 0.338851
0.817011 0.338276
0.817111 0.338276
0.817210 0.338276
0.817310 0.337988
0.817409 0.337988
0.817509 0.337844
0.817608 0.337844
0.817708 0.337844
0.817807 0.337844
0.817907 0.337844
0.818007 0.337700
0.818106 0.337412
0.818206 0.337268
0.818305 0.337268
0.818405 0.337124
0.818504 0.337124
0.818604 0.336980
0.818704 0.336980
0.818803 0.336836
0.818903 0.336692
0.819002 0.336548
0.819102 0.336548
0.819201 0.336260
0.819301 0.336260
0.819400 0.335972
0.819500 0.335828
0.819600 0.335828
0.819699 0.335828
0.819799 0.335828
0.819898 0.335541
0.819998 0.335541
0.820097 0.335397
0.820197 0.335253
0.820297 0.334965
0.820396 0.334821
0.820496 0.334677
0.820595 0.334677
0.820695 0.334533
0.820794 0.334389
0.820894 0.334389
0.820993 0.334245
0.821093 0.333957
0.821193 0.333813
0.821292 0.333669
0.821392 0.333525
0.821491 0.333525
0.821591 0.333525
0.821690 0.333381
0.821790 0.333237
0.821890 0.333237
0.821989 0.333093
0.822089 0.332806
0.822188 0.332662
0.822288 0.332518
0.822387 0.332086
0.822487 0.331942
0.822587 0.331798
0.822686 0.331798
0.822786 0.331798
0.822885 0.331654
0.822985 0.331510
0.823084 0.331366
0.823184 0.331222
0.823283 0.331078
0.823383 0.330934
0.823483 0.330790
0.823582 0.330646
0.823682 0.330214
0.823781 0.330214
0.823881 0.330071
0.823980 0.330071
0.824080 0.330071
0.824180 0.330071
0.824279 0.329783
0.824379 0.329639
0.824478 0.329495
0.824578 0.329351
0.824677 0.329351
0.824777 0.329351
0.824876 0.329351
0.824976 0.329351
0.825076 0.329207
0.825175 0.329063
0.825275 0.329063
0.825374 0.328919
0.825474 0.328631
0.825573 0.328631
0.825673 0.328631
0.825773 0.328487
0.825872 0.328487
0.825972 0.328199
0.826071 0.328055
0.826171 0.327623
0.826270 0.327336
0.826370 0.327192
0.826469 0.326904
0.826569 0.326904
0.826669 0.326616
0.826768 0.326616
0.826868 0.326472
0.826967 0.326328
0.827067 0.326184
0.827166 0.326040
0.827266 0.326040
0.827366 0.325752
0.827465 0.325752
0.827565 0.325752
0.827664 0.325752
0.827764 0.325752
0.827863 0.325752
0.827963 0.325464
0.828063 0.325464
0.828162 0.325464
0.828262 0.325464
0.828361 0.325320
0.828461 0.325176
0.828560 0.325032
0.828660 0.325032
0.828759 0.325032
0.828859 0.324888
0.828959 0.324601
0.829058 0.324601
0.829158 0.324457
0.829257 0.324025
0.829357 0.323881
0.829456 0.323881
0.829556 0.323881
0.829656 0.323593
0.829755 0.323449
0.829855 0.323305
0.829954 0.323161
0.830054 0.323017
0.830153 0.323017
0.830253 0.323017
0.830352 0.322873
0.830452 0.322873
0.830552 0.322585
0.830651 0.322297
0.830751 0.322297
0.830850 0.322153
0.830950 0.322010
0.831049 0.322010
0.831149 0.322010
0.831249 0.321866
0.831348 0.321866
0.831448 0.321722
0.831547 0.321722
0.831647 0.321578
0.831746 0.321578
0.831846 0.321578
0.831945 0.321578
0.832045 0.321434
0.832145 0.321434
0.832244 0.321290
0.832344 0.321290
0.832443 0.321290
0.832543 0.321146
0.832642 0.321146
0.832742 0.320858
0.832842 0.320714
0.832941 0.320138
0.833041 0.320138
0.833140 0.319994
0.833240 0.319850
0.833339 0.319850
0.833439 0.319562
0.833539 0.319418
0.833638 0.319418
0.833738 0.319275
0.833837 0.319275
0.833937 0.319275
0.834036 0.319275
0.834136 0.319131
0.834235 0.318843
0.834335 0.318843
0.834435 0.318699
0.834534 0.318555
0.834634 0.318555
0.834733 0.318555
0.834833 0.318555
0.834932 0.318411
0.835032 0.318267
0.835132 0.317979
0.835231 0.317979
0.835331 0.317691
0.835430 0.317547
0.835530 0.317403
0.835629 0.317115
0.835729 0.316971
0.835828 0.316971
0.835928 0.316827
0.836028 0.316683
0.836127 0.316540
0.836227 0.316540
0.836326 0.316540
0.836426 0.316396
0.836525 0.316252
0.836625 0.316252
0.836725 0.315964
0.836824 0.315820
0.836924 0.315532
0.837023 0.315388
0.837123 0.315388
0.837222 0.315388
0.837322 0.315388
0.837421 0.314812
0.837521 0.314524
0.837621 0.314236
0.837720 0.314092
0.837820 0.313948
0.837919 0.313661
0.838019 0.313373
0.838118 0.313373
0.838218 0.313229
0.838318 0.312797
0.838417 0.312653
0.838517 0.312509
0.838616 0.312365
0.838716 0.312221
0.838815 0.311933
0.838915 0.311645
0.839015 0.311213
0.839114 0.311213
0.839214 0.311070
0.839313 0.310926
0.839413 0.310926
0.839512 0.310926
0.839612 0.310926
0.839711 0.310926
0.839811 0.310926
0.839911 0.310782
0.840010 0.310782
0.840110 0.310782
0.840209 0.310782
0.840309 0.310782
0.840408 0.310638
0.840508 0.310638
0.840608 0.310494
0.840707 0.310206
0.840807 0.310206
0.840906 0.310206
0.841006 0.310206
0.841105 0.309918
0.841205 0.309774
0.841304 0.309630
0.841404 0.309342
0.841504 0.309198
0.841603 0.309054
0.841703 0.309054
0.841802 0.308910
0.841902 0.308622
0.842001 0.308478
0.842101 0.308335
0.842201 0.307903
0.842300 0.307903
0.842400 0.307903
0.842499 0.307471
0.842599 0.307183
0.842698 0.306895
0.842798 0.306751
0.842897 0.306751
0.842997 0.306607
0.843097 0.306607
0.843196 0.306463
0.843296 0.306463
0.843395 0.306319
0.843495 0.306175
0.843594 0.306031
0.843694 0.306031
0.843794 0.305887
0.843893 0.305743
0.843993 0.305456
0.844092 0.305312
0.844192 0.305168
0.844291 0.304880
0.844391 0.304880
0.844491 0.304880
0.844590 0.304736
0.844690 0.304448
0.844789 0.304016
0.844889 0.304016
0.844988 0.303872
0.845088 0.303872
0.845187 0.303872
0.845287 0.303872
0.845387 0.303584
0.845486 0.303440
0.845586 0.303152
0.845685 0.302865
0.845785 0.302865
0.845884 0.302721
0.845984 0.302577
0.846084 0.302577
0.846183 0.302577
0.846283 0.302289
0.846382 0.302145
0.846482 0.302145
0.846581 0.302145
0.846681 0.302145
0.846780 0.302001
0.846880 0.301569
0.846980 0.301569
0.847079 0.301569
0.847179 0.301569
0.847278 0.301569
0.847378 0.301281
0.847477 0.301137
0.847577 0.300849
0.847677 0.300273
0.847776 0.299986
0.847876 0.299554
0.847975 0.299410
0.848075 0.299410
0.848174 0.299122
0.848274 0.298978
0.848373 0.298690
0.848473 0.298690
0.848573 0.298690
0.848672 0.298546
0.848772 0.298546
0.848871 0.298114
0.848971 0.297970
0.849070 0.297826
0.849170 0.297826
0.849270 0.297826
0.849369 0.297539
0.849469 0.297395
0.849568 0.297395
0.849668 0.297107
0.849767 0.297107
0.849867 0.296963
0.849967 0.296819
0.850066 0.296675
0.850166 0.296675
0.850265 0.296531
0.850365 0.296387
0.850464 0.296387
0.850564 0.296387
0.850663 0.296243
0.850763 0.296243
0.850863 0.296099
0.850962 0.295955
0.851062 0.295955
0.851161 0.295523
0.851261 0.295379
0.851360 0.295235
0.851460 0.295091
0.851560 0.295091
0.851659 0.295091
0.851759 0.294947
0.851858 0.294947
0.851958 0.294516
0.852057 0.294372
0.852157 0.294372
0.852256 0.294372
0.852356 0.294372
0.852456 0.293940
0.852555 0.293508
0.852655 0.293508
0.852754 0.293364
0.852854 0.293220
0.852953 0.293220
0.853053 0.293076
0.853153 0.292788
0.853252 0.292644
0.853352 0.292644
0.853451 0.292500
0.853551 0.292500
0.853650 0.292356
0.853750 0.292356
0.853849 0.292212
0.853949 0.292212
0.854049 0.292069
0.854148 0.292069
0.854248 0.291925
0.854347 0.291637
0.854447 0.291493
0.854546 0.291349
0.854646 0.291061
0.854746 0.291061
0.854845 0.290917
0.854945 0.290917
0.855044 0.290917
0.855144 0.290917
0.855243 0.290917
0.855343 0.290773
0.855442 0.290773
0.855542 0.290773
0.855642 0.290341
0.855741 0.289765
0.855841 0.289621
0.855940 0.289621
0.856040 0.289621
0.856139 0.289621
0.856239 0.289621
0.856339 0.289621
0.856438 0.289477
0.856538 0.289334
0.856637 0.289190
0.856737 0.289190
0.856836 0.289046
0.856936 0.288902
0.857036 0.288902
0.857135 0.288758
0.857235 0.288470
0.857334 0.288326
0.857434 0.288182
0.857533 0.288182
0.857633 0.287894
0.857732 0.287750
0.857832 0.287606
0.857932 0.287606
0.858031 0.287606
0.858131 0.287318
0.858230 0.287174
0.858330 0.287174
0.858429 0.287174
0.858529 0.287030
0.858629 0.286742
0.858728 0.286599
0.858828 0.286599
0.858927 0.286311
0.859027 0.286167
0.859126 0.286167
0.859226 0.286023
0.859325 0.285879
0.859425 0.285879
0.859525 0.285879
0.859624 0.285879
0.859724 0.285447
0.859823 0.285015
0.859923 0.284871
0.860022 0.284727
0.860122 0.284727
0.860222 0.284439
0.860321 0.284439
0.860421 0.284439
0.860520 0.284295
0.860620 0.284151
0.860719 0.284151
0.860819 0.284007
0.860918 0.283720
0.861018 0.283576
0.861118 0.283576
0.861217 0.283288
0.861317 0.283144
0.861416 0.283144
0.861516 0.282856
0.861615 0.282856
0.861715 0.282856
0.861815 0.282568
0.861914 0.282424
0.862014 0.282280
0.862113 0.282136
0.862213 0.282136
0.862312 0.281848
0.862412 0.281848
0.862512 0.281416
0.862611 0.281129
0.862711 0.281129
0.862810 0.280553
0.862910 0.280265
0.863009 0.280265
0.863109 0.280265
0.863208 0.279977
0.863308 0.279545
0.863408 0.279113
0.863507 0.278681
0.863607 0.278681
0.863706 0.278537
0.863806 0.278394
0.863905 0.278250
0.864005 0.278250
0.864105 0.278106
0.864204 0.277962
0.864304 0.277674
0.864403 0.277674
0.864503 0.277674
0.864602 0.277674
0.864702 0.277674
0.864801 0.277386
0.864901 0.277386
0.865001 0.277386
0.865100 0.277242
0.865200 0.277242
0.865299 0.277098
0.865399 0.277098
0.865498 0.276954
0.865598 0.276810
0.865698 0.276810
0.865797 0.276666
0.865897 0.276666
0.865996 0.276666
0.866096 0.276666
0.866195 0.276522
0.866295 0.276522
0.866394 0.276090
0.866494 0.276090
0.866594 0.275946
0.866693 0.275803
0.866793 0.275659
0.866892 0.275515
0.866992 0.275083
0.867091 0.275083
0.867191 0.275083
0.867291 0.274939
0.867390 0.274651
0.867490 0.274363
0.867589 0.274363
0.867689 0.274075
0.867788 0.273787
0.867888 0.273499
0.867988 0.273211
0.868087 0.273211
0.868187 0.272924
0.868286 0.272780
0.868386 0.272636
0.868485 0.272348
0.868585 0.272204
0.868684 0.272060
0.868784 0.271772
0.868884 0.271484
0.868983 0.271484
0.869083 0.271340
0.869182 0.271196
0.869282 0.271052
0.869381 0.270908
0.869481 0.270620
0.869581 0.270476
0.869680 0.270189
0.869780 0.270189
0.869879 0.269901
0.869979 0.269901
0.870078 0.269757
0.870178 0.269757
0.870277 0.269757
0.870377 0.269613
0.870477 0.269469
0.870576 0.269325
0.870676 0.269037
0.870775 0.268893
0.870875 0.268893
0.870974 0.268461
0.871074 0.268173
0.871174 0.268029
0.871273 0.267885
0.871373 0.267885
0.871472 0.267885
0.871572 0.267885
0.871671 0.267885
0.871771 0.267598
0.871870 0.267598
0.871970 0.267454
0.872070 0.267454
0.872169 0.267454
0.872269 0.267454
0.872368 0.267166
0.872468 0.266734
0.872567 0.266446
0.872667 0.266446
0.872767 0.266302
0.872866 0.266302
0.872966 0.266158
0.873065 0.265870
0.873165 0.265726
0.873264 0.265438
0.873364 0.265438
0.873464 0.265438
0.873563 0.265294
0.873663 0.265294
0.873762 0.265294
0.873862 0.264863
0.873961 0.264863
0.874061 0.264719
0.874160 0.264719
0.874260 0.264719
0.874360 0.264719
0.874459 0.264575
0.874559 0.264575
0.874658 0.264431
0.874758 0.264287
0.874857 0.264287
0.874957 0.264143
0.875057 0.264143
0.875156 0.263999
0.875256 0.263999
0.875355 0.263711
0.875455 0.263711
0.875554 0.263567
0.875654 0.263567
0.875753 0.263567
0.875853 0.263567
0.875953 0.263423
0.876052 0.263135
0.876152 0.263135
0.876251 0.262991
0.876351 0.262847
0.876450 0.262703
0.876550 0.262559
0.876650 0.262128
0.876749 0.261984
0.876849 0.261984
0.876948 0.261696
0.877048 0.261696
0.877147 0.261552
0.877247 0.261264
0.877346 0.261264
0.877446 0.261120
0.877546 0.261120
0.877645 0.261120
0.877745 0.260976
0.877844 0.260832
0.877944 0.260544
0.878043 0.260544
0.878143 0.260400
0.878243 0.260112
0.878342 0.260112
0.878442 0.260112
0.878541 0.259968
0.878641 0.259680
0.878740 0.259680
0.878840 0.259680
0.878940 0.259680
0.879039 0.259680
0.879139 0.259393
0.879238 0.259249
0.879338 0.259105
0.879437 0.258673
0.879537 0.258673
0.879636 0.258529
0.879736 0.258385
0.879836 0.258385
0.879935 0.258241
0.880035 0.258097
0.880134 0.258097
0.880234 0.257953
0.880333 0.257953
0.880433 0.257809
0.880533 0.257665
0.880632 0.257665
0.880732 0.257521
0.880831 0.257521
0.880931 0.257377
0.881030 0.257233
0.881130 0.257089
0.881229 0.256945
0.881329 0.256945
0.881429 0.256945
0.881528 0.256945
0.881628 0.256658
0.881727 0.256370
0.881827 0.256370
0.881926 0.256370
0.882026 0.256082
0.882126 0.255794
0.882225 0.255794
0.882325 0.255650
0.882424 0.255506
0.882524 0.255074
0.882623 0.254786
0.882723 0.254786
0.882822 0.254642
0.882922 0.254642
0.883022 0.254354
0.883121 0.254354
0.883221 0.253923
0.883320 0.253635
0.883420 0.253491
0.883519 0.253203
0.883619 0.253059
0.883719 0.252915
0.883818 0.252915
0.883918 0.252915
0.884017 0.252483
0.884117 0.252195
0.884216 0.252051
0.884316 0.251907
0.884416 0.251907
0.884515 0.251763
0.884615 0.251763
0.884714 0.251475
0.884814 0.251044
0.884913 0.251044
0.885013 0.250900
0.885112 0.250900
0.885212 0.250756
0.885312 0.250756
0.885411 0.250612
0.885511 0.250468
0.885610 0.250324
0.885710 0.250036
0.885809 0.250036
0.885909 0.249748
0.886009 0.249604
0.886108 0.249604
0.886208 0.249604
0.886307 0.249460
0.886407 0.249172
0.886506 0.249172
0.886606 0.249172
0.886705 0.249172
0.886805 0.249172
0.886905 0.249172
0.887004 0.249028
0.887104 0.248884
0.887203 0.248884
0.887303 0.248884
0.887402 0.248884
0.887502 0.248884
0.887602 0.248597
0.887701 0.248597
0.887801 0.248453
0.887900 0.248309
0.888000 0.248309
0.888099 0.248309
0.888199 0.248165
0.888298 0.248165
0.888398 0.247445
0.888498 0.247445
0.888597 0.247157
0.888697 0.246869
0.888796 0.246869
0.888896 0.246581
0.888995 0.246437
0.889095 0.246293
0.889195 0.246149
0.889294 0.246005
0.889394 0.245862
0.889493 0.245862
0.889593 0.245718
0.889692 0.245574
0.889792 0.245430
0.889892 0.245286
0.889991 0.245142
0.890091 0.244998
0.890190 0.244998
0.890290 0.244854
0.890389 0.244566
0.890489 0.244566
0.890588 0.244566
0.890688 0.244422
0.890788 0.244422
0.890887 0.244278
0.890987 0.243990
0.891086 0.243990
0.891186 0.243990
0.891285 0.243846
0.891385 0.243702
0.891485 0.243558
0.891584 0.243414
0.891684 0.243414
0.891783 0.243414
0.891883 0.243414
0.891982 0.243414
0.892082 0.243270
0.892181 0.242983
0.892281 0.242983
0.892381 0.242839
0.892480 0.242839
0.892580 0.242839
0.892679 0.242839
0.892779 0.242839
0.892878 0.242839
0.892978 0.242839
0.893078 0.242839
0.893177 0.242551
0.893277 0.242407
0.893376 0.242119
0.893476 0.242119
0.893575 0.241975
0.893675 0.241975
0.893774 0.241975
0.893874 0.241687
0.893974 0.241687
0.894073 0.241543
0.894173 0.241399
0.894272 0.241399
0.894372 0.241399
0.894471 0.241255
0.894571 0.240967
0.894671 0.240823
0.894770 0.240679
0.894870 0.240679
0.894969 0.240679
0.895069 0.240679
0.895168 0.240392
0.895268 0.240248
0.895367 0.240104
0.895467 0.240104
0.895567 0.239960
0.895666 0.239960
0.895766 0.239960
0.895865 0.239672
0.895965 0.239528
0.896064 0.239528
0.896164 0.239384
0.896264 0.239096
0.896363 0.238952
0.896463 0.238952
0.896562 0.238664
0.896662 0.238664
0.896761 0.238664
0.896861 0.238520
0.896961 0.238232
0.897060 0.238232
0.897160 0.237800
0.897259 0.237657
0.897359 0.237513
0.897458 0.237225
0.897558 0.237081
0.897657 0.237081
0.897757 0.237081
0.897857 0.237081
0.897956 0.237081
0.898056 0.237081
0.898155 0.236937
0.898255 0.236793
0.898354 0.236793
0.898454 0.236505
0.898554 0.236361
0.898653 0.236361
0.898753 0.236217
0.898852 0.235785
0.898952 0.235785
0.899051 0.235641
0.899151 0.235497
0.899250 0.235353
0.899350 0.235209
0.899450 0.235065
0.899549 0.234922
0.899649 0.234346
0.899748 0.234346
0.899848 0.234202
0.899947 0.233914
0.900047 0.233914
0.900147 0.233770
0.900246 0.233626
0.900346 0.233482
0.900445 0.233482
0.900545 0.233338
0.900644 0.233338
0.900744 0.233194
0.900843 0.233050
0.900943 0.232906
0.901043 0.232906
0.901142 0.232906
0.901242 0.232762
0.901341 0.232762
0.901441 0.232331
0.901540 0.232187
0.901640 0.232187
0.901740 0.232043
0.901839 0.231899
0.901939 0.231611
0.902038 0.231323
0.902138 0.231035
0.902237 0.230891
0.902337 0.230747
0.902437 0.230747
0.902536 0.230603
0.902636 0.230459
0.902735 0.230459
0.902835 0.230171
0.902934 0.230171
0.903034 0.230171
0.903133 0.230171
0.903233 0.230027
0.903333 0.230027
0.903432 0.229739
0.903532 0.229452
0.903631 0.229164
0.903731 0.229020
0.903830 0.228156
0.903930 0.227724
0.904030 0.227724
0.904129 0.227436
0.904229 0.227148
0.904328 0.226861
0.904428 0.226573
0.904527 0.226285
0.904627 0.226141
0.904726 0.225997
0.904826 0.225709
0.904926 0.225565
0.905025 0.225565
0.905125 0.225565
0.905224 0.225277
0.905324 0.225133
0.905423 0.225133
0.905523 0.224989
0.905623 0.224845
0.905722 0.224701
0.905822 0.224557
0.905921 0.224557
0.906021 0.224413
0.906120 0.224269
0.906220 0.223982
0.906319 0.223982
0.906419 0.223550
0.906519 0.223262
0.906618 0.222830
0.906718 0.222542
0.906817 0.222398
0.906917 0.222398
0.907016 0.222398
0.907116 0.222110
0.907216 0.222110
0.907315 0.221966
0.907415 0.221966
0.907514 0.221966
0.907614 0.221822
0.907713 0.221678
0.907813 0.221534
0.907913 0.221391
0.908012 0.221247
0.908112 0.221103
0.908211 0.220815
0.908311 0.220671
0.908410 0.220527
0.908510 0.220239
0.908609 0.219663
0.908709 0.219519
0.908809 0.219519
0.908908 0.219375
0.909008 0.219231
0.909107 0.218943
0.909207 0.218943
0.909306 0.218799
0.909406 0.218799
0.909506 0.218512
0.909605 0.218224
0.909705 0.218224
0.909804 0.217792
0.909904 0.217792
0.910003 0.217648
0.910103 0.217504
0.910202 0.217360
0.910302 0.217216
0.910402 0.216928
0.910501 0.216928
0.910601 0.216928
0.910700 0.216784
0.910800 0.216496
0.910899 0.216496
0.910999 0.216496
0.911099 0.216208
0.911198 0.216064
0.911298 0.215777
0.911397 0.215777
0.911497 0.215633
0.911596 0.215489
0.911696 0.215345
0.911795 0.215057
0.911895 0.214769
0.911995 0.214481
0.912094 0.214193
0.912194 0.214049
0.912293 0.214049
0.912393 0.213905
0.912492 0.213761
0.912592 0.213473
0.912692 0.213329
0.912791 0.213186
0.912891 0.213186
0.912990 0.212898
0.913090 0.212898
0.913189 0.212610
0.913289 0.212466
0.913389 0.212466
0.913488 0.212178
0.913588 0.211746
0.913687 0.211746
0.913787 0.211746
0.913886 0.211602
0.913986 0.211602
0.914085 0.211602
0.914185 0.211602
0.914285 0.211314
0.914384 0.211170
0.914484 0.211026
0.914583 0.210882
0.914683 0.210595
0.914782 0.210595
0.914882 0.210019
0.914982 0.209875
0.915081 0.209875
0.915181 0.209443
0.915280 0.209299
0.915380 0.209299
0.915479 0.209011
0.915579 0.208867
0.915678 0.208723
0.915778 0.208579
0.915878 0.208435
0.915977 0.208291
0.916077 0.208003
0.916176 0.208003
0.916276 0.207716
0.916375 0.207716
0.916475 0.207716
0.916575 0.207716
0.916674 0.207716
0.916774 0.207572
0.916873 0.207428
0.916973 0.207284
0.917072 0.207140
0.917172 0.206852
0.917271 0.206708
0.917371 0.206564
0.917471 0.206420
0.917570 0.206420
0.917670 0.205844
0.917769 0.205844
0.917869 0.205556
0.917968 0.205556
0.918068 0.205556
0.918168 0.205556
0.918267 0.205412
0.918367 0.205412
0.918466 0.205412
0.918566 0.205268
0.918665 0.205268
0.918765 0.204981
0.918865 0.204837
0.918964 0.204261
0.919064 0.204261
0.919163 0.204117
0.919263 0.204117
0.919362 0.203973
0.919462 0.203829
0.919561 0.203829
0.919661 0.203829
0.919761 0.203253
0.919860 0.203253
0.919960 0.203253
0.920059 0.202821
0.920159 0.202821
0.920258 0.202390
0.920358 0.202246
0.920458 0.201814
0.920557 0.201814
0.920657 0.201814
0.920756 0.201670
0.920856 0.201670
0.920955 0.201526
0.921055 0.201094
0.921154 0.201094
0.921254 0.201094
0.921354 0.201094
0.921453 0.201094
0.921553 0.200806
0.921652 0.200662
0.921752 0.200518
0.921851 0.200518
0.921951 0.200230
0.922051 0.200086
0.922150 0.199942
0.922250 0.199655
0.922349 0.199367
0.922449 0.199223
0.922548 0.199079
0.922648 0.198935
0.922747 0.198935
0.922847 0.198503
0.922947 0.198503
0.923046 0.198215
0.923146 0.197639
0.923245 0.197495
0.923345 0.197207
0.923444 0.197063
0.923544 0.196776
0.923644 0.196344
0.923743 0.196344
0.923843 0.196344
0.923942 0.195912
0.924042 0.195912
0.924141 0.195480
0.924241 0.195336
0.924341 0.195192
0.924440 0.195192
0.924540 0.195192
0.924639 0.195048
0.924739 0.194904
0.924838 0.194904
0.924938 0.194472
0.925037 0.194185
0.925137 0.194185
0.925237 0.194185
0.925336 0.193897
0.925436 0.193753
0.925535 0.193753
0.925635 0.193609
0.925734 0.193465
0.925834 0.193321
0.925934 0.193321
0.926033 0.193033
0.926133 0.192745
0.926232 0.192745
0.926332 0.192745
0.926431 0.192457
0.926531 0.192169
0.926630 0.191881
0.926730 0.191593
0.926830 0.191162
0.926929 0.191162
0.927029 0.190730
0.927128 0.190730
0.927228 0.190730
0.927327 0.190442
0.927427 0.189722
0.927527 0.189434
0.927626 0.189290
0.927726 0.189290
0.927825 0.189146
0.927925 0.189002
0.928024 0.188715
0.928124 0.188571
0.928223 0.188283
0.928323 0.188139
0.928423 0.187995
0.928522 0.187851
0.928622 0.187707
0.928721 0.187563
0.928821 0.187131
0.928920 0.186843
0.929020 0.186843
0.929120 0.186843
0.929219 0.186411
0.929319 0.186411
0.929418 0.186411
0.929518 0.186411
0.929617 0.186411
0.929717 0.185836
0.929817 0.185260
0.929916 0.184972
0.930016 0.184684
0.930115 0.184540
0.930215 0.184396
0.930314 0.184252
0.930414 0.184252
0.930513 0.184108
0.930613 0.183820
0.930713 0.183676
0.930812 0.183532
0.930912 0.183389
0.931011 0.183245
0.931111 0.182957
0.931210 0.182525
0.931310 0.182525
0.931410 0.182237
0.931509 0.181949
0.931609 0.181949
0.931708 0.181949
0.931808 0.181949
0.931907 0.181517
0.932007 0.181517
0.932106 0.181373
0.932206 0.181373
0.932306 0.181229
0.932405 0.181085
0.932505 0.181085
0.932604 0.180941
0.932704 0.180941
0.932803 0.180510
0.932903 0.179790
0.933003 0.179646
0.933102 0.179358
0.933202 0.179214
0.933301 0.179214
0.933401 0.179214
0.933500 0.179214
0.933600 0.179070
0.933699 0.178926
0.933799 0.178926
0.933899 0.178926
0.933998 0.178926
0.934098 0.178926
0.934197 0.178782
0.934297 0.178638
0.934396 0.178638
0.934496 0.178350
0.934596 0.178350
0.934695 0.178062
0.934795 0.177775
0.934894 0.177199
0.934994 0.177055
0.935093 0.176767
0.935193 0.176623
0.935292 0.176623
0.935392 0.176479
0.935492 0.176335
0.935591 0.176047
0.935691 0.175615
0.935790 0.175615
0.935890 0.175471
0.935989 0.175327
0.936089 0.175184
0.936189 0.175184
0.936288 0.174896
0.936388 0.174752
0.936487 0.174464
0.936587 0.174176
0.936686 0.174176
0.936786 0.174032
0.936886 0.173744
0.936985 0.173456
0.937085 0.172880
0.937184 0.172736
0.937284 0.172592
0.937383 0.172592
0.937483 0.172449
0.937582 0.172305
0.937682 0.171585
0.937782 0.171441
0.937881 0.171297
0.937981 0.170865
0.938080 0.170865
0.938180 0.170577
0.938279 0.170289
0.938379 0.169714
0.938479 0.169570
0.938578 0.169426
0.938678 0.169426
0.938777 0.169426
0.938877 0.169282
0.938976 0.168850
0.939076 0.168706
0.939175 0.168274
0.939275 0.167986
0.939375 0.167842
0.939474 0.167842
0.939574 0.167698
0.939673 0.167554
0.939773 0.167554
0.939872 0.167554
0.939972 0.167554
0.940072 0.167554
0.940171 0.167410
0.940271 0.167410
0.940370 0.167410
0.940470 0.167266
0.940569 0.166835
0.940669 0.166835
0.940768 0.166835
0.940868 0.166835
0.940968 0.166835
0.941067 0.166835
0.941167 0.166835
0.941266 0.166835
0.941366 0.166835
0.941465 0.166835
0.941565 0.166115
0.941665 0.165971
0.941764 0.165827
0.941864 0.165827
0.941963 0.165683
0.942063 0.165683
0.942162 0.165539
0.942262 0.165395
0.942362 0.165251
0.942461 0.165251
0.942561 0.164819
0.942660 0.164675
0.942760 0.164531
0.942859 0.164531
0.942959 0.164100
0.943058 0.163812
0.943158 0.163812
0.943258 0.163380
0.943357 0.163380
0.943457 0.162804
0.943556 0.162660
0.943656 0.162372
0.943755 0.162372
0.943855 0.161940
0.943955 0.161940
0.944054 0.161796
0.944154 0.161653
0.944253 0.161365
0.944353 0.161077
0.944452 0.160789
0.944552 0.160357
0.944651 0.160357
0.944751 0.160213
0.944851 0.160069
0.944950 0.159925
0.945050 0.159781
0.945149 0.159637
0.945249 0.159493
0.945348 0.159493
0.945448 0.159349
0.945548 0.158918
0.945647 0.158774
0.945747 0.158774
0.945846 0.158630
0.945946 0.158630
0.946045 0.158486
0.946145 0.158198
0.946244 0.157910
0.946344 0.157622
0.946444 0.157334
0.946543 0.156758
0.946643 0.156758
0.946742 0.156183
0.946842 0.156183
0.946941 0.156039
0.947041 0.155607
0.947141 0.155463
0.947240 0.155463
0.947340 0.155175
0.947439 0.155031
0.947539 0.155031
0.947638 0.154887
0.947738 0.154887
0.947838 0.154743
0.947937 0.154455
0.948037 0.154311
0.948136 0.153735
0.948236 0.153448
0.948335 0.153448
0.948435 0.153160
0.948534 0.152872
0.948634 0.152872
0.948734 0.152584
0.948833 0.152584
0.948933 0.152440
0.949032 0.152296
0.949132 0.152008
0.949231 0.151864
0.949331 0.151576
0.949431 0.151288
0.949530 0.151000
0.949630 0.151000
0.949729 0.151000
0.949829 0.150856
0.949928 0.150856
0.950028 0.150856
0.950127 0.150569
0.950227 0.150281
0.950327 0.149993
0.950426 0.149993
0.950526 0.149705
0.950625 0.149273
0.950725 0.148985
0.950824 0.148985
0.950924 0.148265
0.951024 0.147978
0.951123 0.147690
0.951223 0.147258
0.951322 0.147114
0.951422 0.146970
0.951521 0.146826
0.951621 0.146826
0.951720 0.146826
0.951820 0.146394
0.951920 0.146394
0.952019 0.145962
0.952119 0.145674
0.952218 0.145530
0.952318 0.145386
0.952417 0.145099
0.952517 0.144955
0.952617 0.144811
0.952716 0.144811
0.952816 0.144667
0.952915 0.144379
0.953015 0.143947
0.953114 0.143803
0.953214 0.143515
0.953314 0.143515
0.953413 0.143515
0.953513 0.143227
0.953612 0.143227
0.953712 0.142939
0.953811 0.142939
0.953911 0.142939
0.954010 0.142939
0.954110 0.142652
0.954210 0.142508
0.954309 0.142508
0.954409 0.142076
0.954508 0.141788
0.954608 0.141644
0.954707 0.141356
0.954807 0.141212
0.954907 0.141212
0.955006 0.140924
0.955106 0.140492
0.955205 0.140348
0.955305 0.140348
0.955404 0.140060
0.955504 0.139773
0.955603 0.139485
0.955703 0.139341
0.955803 0.139197
0.955902 0.139053
0.956002 0.138909
0.956101 0.138477
0.956201 0.138189
0.956300 0.138189
0.956400 0.138045
0.956500 0.137901
0.956599 0.137613
0.956699 0.137038
0.956798 0.136894
0.956898 0.136894
0.956997 0.136318
0.957097 0.136318
0.957196 0.136174
0.957296 0.136030
0.957396 0.135742
0.957495 0.135742
0.957595 0.135454
0.957694 0.135310
0.957794 0.135166
0.957893 0.135166
0.957993 0.135166
0.958093 0.135022
0.958192 0.134447
0.958292 0.134015
0.958391 0.134015
0.958491 0.134015
0.958590 0.133871
0.958690 0.133583
0.958790 0.133439
0.958889 0.133007
0.958989 0.132863
0.959088 0.132719
0.959188 0.132575
0.959287 0.132287
0.959387 0.131712
0.959486 0.131424
0.959586 0.131136
0.959686 0.130848
0.959785 0.130704
0.959885 0.130416
0.959984 0.129984
0.960084 0.129696
0.960183 0.129120
0.960283 0.128977
0.960383 0.128689
0.960482 0.128689
0.960582 0.128689
0.960681 0.128257
0.960781 0.128257
0.960880 0.128113
0.960980 0.127969
0.961079 0.127825
0.961179 0.127681
0.961279 0.127393
0.961378 0.127105
0.961478 0.126385
0.961577 0.126385
0.961677 0.126242
0.961776 0.125954
0.961876 0.125810
0.961976 0.125666
0.962075 0.125522
0.962175 0.125522
0.962274 0.125234
0.962374 0.125234
0.962473 0.124946
0.962573 0.124946
0.962672 0.124802
0.962772 0.124514
0.962872 0.124226
0.962971 0.124082
0.963071 0.124082
0.963170 0.123794
0.963270 0.123650
0.963369 0.123650
0.963469 0.123219
0.963569 0.122931
0.963668 0.122355
0.963768 0.122067
0.963867 0.121635
0.963967 0.121635
0.964066 0.121491
0.964166 0.121491
0.964266 0.120916
0.964365 0.120772
0.964465 0.120484
0.964564 0.120340
0.964664 0.120052
0.964763 0.119620
0.964863 0.119476
0.964962 0.119044
0.965062 0.118756
0.965162 0.118756
0.965261 0.118756
0.965361 0.118468
0.965460 0.118468
0.965560 0.117893
0.965659 0.117749
0.965759 0.117317
0.965859 0.117029
0.965958 0.116885
0.966058 0.116885
0.966157 0.116597
0.966257 0.116309
0.966356 0.116309
0.966456 0.116165
0.966555 0.115877
0.966655 0.115877
0.966755 0.115733
0.966854 0.115446
0.966954 0.115158
0.967053 0.114726
0.967153 0.114582
0.967252 0.114294
0.967352 0.113574
0.967452 0.113430
0.967551 0.112998
0.967651 0.112711
0.967750 0.112567
0.967850 0.112279
0.967949 0.112135
0.968049 0.111991
0.968148 0.111415
0.968248 0.111415
0.968348 0.111415
0.968447 0.111415
0.968547 0.110551
0.968646 0.110119
0.968746 0.109976
0.968845 0.109688
0.968945 0.109400
0.969045 0.109256
0.969144 0.109256
0.969244 0.108968
0.969343 0.108392
0.969443 0.108248
0.969542 0.108248
0.969642 0.108104
0.969742 0.107960
0.969841 0.107816
0.969941 0.107672
0.970040 0.107241
0.970140 0.106953
0.970239 0.106665
0.970339 0.106665
0.970438 0.106665
0.970538 0.106377
0.970638 0.106233
0.970737 0.106089
0.970837 0.105801
0.970936 0.105801
0.971036 0.105657
0.971135 0.105513
0.971235 0.105225
0.971335 0.104937
0.971434 0.104937
0.971534 0.104937
0.971633 0.104793
0.971733 0.104793
0.971832 0.104649
0.971932 0.104506
0.972031 0.103786
0.972131 0.103354
0.972231 0.103354
0.972330 0.102922
0.972430 0.102922
0.972529 0.102778
0.972629 0.102490
0.972728 0.102202
0.972828 0.101339
0.972928 0.101195
0.973027 0.101195
0.973127 0.101195
0.973226 0.101051
0.973326 0.100907
0.973425 0.100907
0.973525 0.100907
0.973624 0.100763
0.973724 0.100619
0.973824 0.099899
0.973923 0.099611
0.974023 0.098748
0.974122 0.098460
0.974222 0.098172
0.974321 0.098172
0.974421 0.097884
0.974521 0.097884
0.974620 0.097596
0.974720 0.097308
0.974819 0.097020
0.974919 0.096876
0.975018 0.096157
0.975118 0.095581
0.975217 0.095293
0.975317 0.095149
0.975417 0.094861
0.975516 0.094429
0.975616 0.093853
0.975715 0.093422
0.975815 0.093134
0.975914 0.093134
0.976014 0.092846
0.976114 0.092414
0.976213 0.091982
0.976313 0.091694
0.976412 0.091550
0.976512 0.091118
0.976611 0.090975
0.976711 0.090543
0.976811 0.090111
0.976910 0.089823
0.977010 0.089535
0.977109 0.089535
0.977209 0.089391
0.977308 0.088959
0.977408 0.088815
0.977507 0.088671
0.977607 0.088383
0.977707 0.088240
0.977806 0.087952
0.977906 0.087808
0.978005 0.087664
0.978105 0.087664
0.978204 0.087520
0.978304 0.087376
0.978404 0.087232
0.978503 0.086656
0.978603 0.086368
0.978702 0.086224
0.978802 0.085505
0.978901 0.085505
0.979001 0.085217
0.979100 0.085073
0.979200 0.084929
0.979300 0.084929
0.979399 0.084929
0.979499 0.084065
0.979598 0.083777
0.979698 0.083633
0.979797 0.083489
0.979897 0.083345
0.979997 0.082626
0.980096 0.082482
0.980196 0.082194
0.980295 0.081906
0.980395 0.081474
0.980494 0.081474
0.980594 0.081330
0.980693 0.081186
0.980793 0.080610
0.980893 0.080322
0.980992 0.080035
0.981092 0.079603
0.981191 0.079315
0.981291 0.079171
0.981390 0.079027
0.981490 0.078451
0.981590 0.078019
0.981689 0.077300
0.981789 0.077012
0.981888 0.076292
0.981988 0.076292
0.982087 0.075716
0.982187 0.075716
0.982287 0.075284
0.982386 0.074709
0.982486 0.074565
0.982585 0.074133
0.982685 0.074133
0.982784 0.073701
0.982884 0.073125
0.982983 0.072837
0.983083 0.072261
0.983183 0.071830
0.983282 0.071686
0.983382 0.070966
0.983481 0.070966
0.983581 0.070390
0.983680 0.070390
0.983780 0.070390
0.983880 0.069958
0.983979 0.069958
0.984079 0.069526
0.984178 0.069526
0.984278 0.069095
0.984377 0.068663
0.984477 0.068231
0.984576 0.067655
0.984676 0.067079
0.984776 0.067079
0.984875 0.066504
0.984975 0.065784
0.985074 0.065784
0.985174 0.065496
0.985273 0.064776
0.985373 0.064776
0.985473 0.064344
0.985572 0.063912
0.985672 0.063769
0.985771 0.063481
0.985871 0.063337
0.985970 0.063193
0.986070 0.063193
0.986169 0.062905
0.986269 0.062185
0.986369 0.061753
0.986468 0.061177
0.986568 0.060314
0.986667 0.060026
0.986767 0.059738
0.986866 0.059306
0.986966 0.059306
0.987066 0.059162
0.987165 0.058874
0.987265 0.058586
0.987364 0.057723
0.987464 0.057579
0.987563 0.057147
0.987663 0.057003
0.987763 0.056715
0.987862 0.056139
0.987962 0.055851
0.988061 0.055132
0.988161 0.054844
0.988260 0.054412
0.988360 0.053692
0.988459 0.053548
0.988559 0.052973
0.988659 0.052685
0.988758 0.052397
0.988858 0.052109
0.988957 0.051245
0.989057 0.050957
0.989156 0.050381
0.989256 0.050094
0.989356 0.049662
0.989455 0.049374
0.989555 0.048510
0.989654 0.048366
0.989754 0.048078
0.989853 0.047790
0.989953 0.047071
0.990052 0.046351
0.990152 0.045631
0.990252 0.045055
0.990351 0.044624
0.990451 0.044192
0.990550 0.043760
0.990650 0.043616
0.990749 0.042896
0.990849 0.042320
0.990949 0.042176
0.991048 0.041745
0.991148 0.041313
0.991247 0.041169
0.991347 0.041169
0.991446 0.040305
0.991546 0.039873
0.991645 0.039585
0.991745 0.039010
0.991845 0.038866
0.991944 0.038434
0.992044 0.037714
0.992143 0.037138
0.992243 0.036706
0.992342 0.036131
0.992442 0.035123
0.992542 0.034691
0.992641 0.034259
0.992741 0.033684
0.992840 0.033108
0.992940 0.032388
0.993039 0.031956
0.993139 0.031093
0.993239 0.030517
0.993338 0.030229
0.993438 0.029653
0.993537 0.028933
0.993637 0.028214
0.993736 0.027926
0.993836 0.027206
0.993935 0.026486
0.994035 0.025910
0.994135 0.025623
0.994234 0.024759
0.994334 0.023751
0.994433 0.022744
0.994533 0.022024
0.994632 0.021448
0.994732 0.020872
0.994832 0.020297
0.994931 0.019577
0.995031 0.018857
0.995130 0.018713
0.995230 0.017993
0.995329 0.017418
0.995429 0.017130
0.995528 0.016266
0.995628 0.016122
0.995728 0.015834
0.995827 0.015546
0.995927 0.015258
0.996026 0.014970
0.996126 0.014395
0.996225 0.013819
0.996325 0.013243
0.996425 0.012667
0.996524 0.011804
0.996624 0.011372
0.996723 0.010796
0.996823 0.010364
0.996922 0.010220
0.997022 0.009644
0.997121 0.009213
0.997221 0.009213
0.997321 0.008925
0.997420 0.008637
0.997520 0.008493
0.997619 0.008061
0.997719 0.007341
0.997818 0.006478
0.997918 0.006046
0.998018 0.005470
0.998117 0.004606
0.998217 0.004318
0.998316 0.004031
0.998416 0.003311
0.998515 0.002879
0.998615 0.002591
0.998715 0.002303
0.998814 0.002015
0.998914 0.001727
0.999013 0.001583
0.999113 0.001296
0.999212 0.001008
0.999312 0.000576
0.999411 0.000288
0.999511 0.000144
0.999611 0.000144
0.999710 0.000000
