# Threshold Efficiency
0.004174 0.999856
0.004273 0.999856
0.004373 0.999713
0.004472 0.999713
0.004572 0.999713
0.004672 0.999713
0.004771 0.999713
0.004871 0.999713
0.004970 0.999713
0.005070 0.999713
0.005169 0.999713
0.005269 0.999713
0.005369 0.999713
0.005468 0.999569
0.005568 0.999569
0.005667 0.999569
0.005767 0.999425
0.005866 0.999282
0.005966 0.999282
0.006066 0.999282
0.006165 0.999282
0.006265 0.999282
0.006364 0.999138
0.006464 0.999138
0.006563 0.998994
0.006663 0.998850
0.006762 0.998850
0.006862 0.998850
0.006962 0.998850
0.007061 0.998850
0.007161 0.998850
0.007260 0.998850
0.007360 0.998850
0.007459 0.998707
0.007559 0.998707
0.007659 0.998707
0.007758 0.998707
0.007858 0.998563
0.007957 0.998563
0.008057 0.998563
0.008156 0.998563
0.008256 0.998563
0.008355 0.998563
0.008455 0.998563
0.008555 0.998563
0.008654 0.998419
0.008754 0.998419
0.008853 0.998419
0.008953 0.998419
0.009052 0.998419
0.009152 0.998276
0.009252 0.998276
0.009351 0.998276
0.009451 0.998132
0.009550 0.997845
0.009650 0.997845
0.009749 0.997845
0.009849 0.997845
0.009948 0.997845
0.010048 0.997701
0.010148 0.997701
0.010247 0.997701
0.010347 0.997701
0.010446 0.997701
0.010546 0.997701
0.010645 0.997701
0.010745 0.997701
0.010845 0.997557
0.010944 0.997557
0.011044 0.997557
0.011143 0.997557
0.011243 0.997557
0.011342 0.997557
0.011442 0.997557
0.011542 0.997557
0.011641 0.997557
0.011741 0.997557
0.011840 0.997270
0.011940 0.997126
0.012039 0.997126
0.012139 0.996982
0.012238 0.996982
0.012338 0.996982
0.012438 0.996839
0.012537 0.996695
0.012637 0.996551
0.012736 0.996551
0.012836 0.996551
0.012935 0.996551
0.013035 0.996551
0.013135 0.996120
0.013234 0.995976
0.013334 0.995833
0.013433 0.995833
0.013533 0.995689
0.013632 0.995689
0.013732 0.995689
0.013831 0.995689
0.013931 0.995689
0.014031 0.995689
0.014130 0.995689
0.014230 0.995689
0.014329 0.995545
0.014429 0.995545
0.014528 0.995402
0.014628 0.995402
0.014728 0.995402
0.014827 0.995258
0.014927 0.995258
0.015026 0.995258
0.015126 0.994971
0.015225 0.994971
0.015325 0.994971
0.015424 0.994827
0.015524 0.994827
0.015624 0.994827
0.015723 0.994827
0.015823 0.994827
0.015922 0.994827
0.016022 0.994683
0.016121 0.994539
0.016221 0.994539
0.016321 0.994396
0.016420 0.994252
0.016520 0.994252
0.016619 0.994252
0.016719 0.994108
0.016818 0.994108
0.016918 0.994108
0.017018 0.994108
0.017117 0.994108
0.017217 0.993965
0.017316 0.993965
0.017416 0.993965
0.017515 0.993965
0.017615 0.993965
0.017714 0.993821
0.017814 0.993821
0.017914 0.993677
0.018013 0.993534
0.018113 0.993534
0.018212 0.993534
0.018312 0.993534
0.018411 0.993246
0.018511 0.993102
0.018611 0.992959
0.018710 0.992959
0.018810 0.992815
0.018909 0.992671
0.019009 0.992528
0.019108 0.992528
0.019208 0.992384
0.019307 0.992384
0.019407 0.992384
0.019507 0.992384
0.019606 0.992384
0.019706 0.992240
0.019805 0.992097
0.019905 0.991953
0.020004 0.991809
0.020104 0.991809
0.020204 0.991809
0.020303 0.991809
0.020403 0.991665
0.020502 0.991378
0.020602 0.991234
0.020701 0.991234
0.020801 0.991091
0.020900 0.991091
0.021000 0.990947
0.021100 0.990947
0.021199 0.990947
0.021299 0.990803
0.021398 0.990803
0.021498 0.990803
0.021597 0.990660
0.021697 0.990516
0.021797 0.990516
0.021896 0.990516
0.021996 0.990516
0.022095 0.990372
0.022195 0.990372
0.022294 0.990372
0.022394 0.990372
0.022494 0.990372
0.022593 0.990372
0.022693 0.990372
0.022792 0.990372
0.022892 0.990372
0.022991 0.990372
0.023091 0.990372
0.023190 0.990085
0.023290 0.989797
0.023390 0.989797
0.023489 0.989797
0.023589 0.989797
0.023688 0.989797
0.023788 0.989654
0.023887 0.989654
0.023987 0.989654
0.024087 0.989510
0.024186 0.989366
0.024286 0.989223
0.024385 0.989223
0.024485 0.989223
0.024584 0.989223
0.024684 0.988791
0.024783 0.988648
0.024883 0.988504
0.024983 0.988360
0.025082 0.988217
0.025182 0.988217
0.025281 0.988217
0.025381 0.988073
0.025480 0.987786
0.025580 0.987786
0.025680 0.987786
0.025779 0.987642
0.025879 0.987642
0.025978 0.987498
0.026078 0.987498
0.026177 0.987498
0.026277 0.987498
0.026376 0.987498
0.026476 0.987067
0.026576 0.986923
0.026675 0.986923
0.026775 0.986636
0.026874 0.986492
0.026974 0.986349
0.027073 0.986205
0.027173 0.986061
0.027273 0.985918
0.027372 0.985630
0.027472 0.985630
0.027571 0.985486
0.027671 0.985343
0.027770 0.985343
0.027870 0.985343
0.027969 0.985343
0.028069 0.985199
0.028169 0.985199
0.028268 0.985199
0.028368 0.984768
0.028467 0.984768
0.028567 0.984768
0.028666 0.984768
0.028766 0.984624
0.028866 0.984481
0.028965 0.984481
0.029065 0.984337
0.029164 0.984193
0.029264 0.984049
0.029363 0.984049
0.029463 0.984049
0.029563 0.984049
0.029662 0.983762
0.029762 0.983762
0.029861 0.983762
0.029961 0.983618
0.030060 0.983618
0.030160 0.983331
0.030259 0.983331
0.030359 0.983331
0.030459 0.983331
0.030558 0.983187
0.030658 0.983044
0.030757 0.983044
0.030857 0.982900
0.030956 0.982900
0.031056 0.982612
0.031156 0.982469
0.031255 0.982469
0.031355 0.982469
0.031454 0.982469
0.031554 0.982325
0.031653 0.982325
0.031753 0.982181
0.031852 0.982038
0.031952 0.981894
0.032052 0.981750
0.032151 0.981750
0.032251 0.981319
0.032350 0.981175
0.032450 0.981175
0.032549 0.980888
0.032649 0.980888
0.032749 0.980888
0.032848 0.980744
0.032948 0.980601
0.033047 0.980457
0.033147 0.980313
0.033246 0.980313
0.033346 0.980026
0.033445 0.980026
0.033545 0.980026
0.033645 0.980026
0.033744 0.979595
0.033844 0.979451
0.033943 0.979451
0.034043 0.979451
0.034142 0.979307
0.034242 0.979307
0.034342 0.979307
0.034441 0.978589
0.034541 0.978158
0.034640 0.977870
0.034740 0.977870
0.034839 0.977870
0.034939 0.977870
0.035039 0.977870
0.035138 0.977870
0.035238 0.977870
0.035337 0.977870
0.035437 0.977583
0.035536 0.977583
0.035636 0.977583
0.035735 0.977583
0.035835 0.977439
0.035935 0.977296
0.036034 0.977152
0.036134 0.977152
0.036233 0.977152
0.036333 0.977152
0.036432 0.976864
0.036532 0.976864
0.036632 0.976433
0.036731 0.976433
0.036831 0.976290
0.036930 0.976290
0.037030 0.976290
0.037129 0.976290
0.037229 0.976002
0.037328 0.976002
0.037428 0.976002
0.037528 0.976002
0.037627 0.976002
0.037727 0.976002
0.037826 0.975859
0.037926 0.975715
0.038025 0.975428
0.038125 0.975284
0.038225 0.975284
0.038324 0.975140
0.038424 0.975140
0.038523 0.975140
0.038623 0.974853
0.038722 0.974565
0.038822 0.974422
0.038921 0.974134
0.039021 0.973703
0.039121 0.973559
0.039220 0.973559
0.039320 0.973559
0.039419 0.973416
0.039519 0.973416
0.039618 0.973272
0.039718 0.973272
0.039818 0.972985
0.039917 0.972985
0.040017 0.972985
0.040116 0.972697
0.040216 0.972554
0.040315 0.972266
0.040415 0.972122
0.040515 0.971979
0.040614 0.971835
0.040714 0.971835
0.040813 0.971691
0.040913 0.971548
0.041012 0.971260
0.041112 0.971117
0.041211 0.971117
0.041311 0.970973
0.041411 0.970973
0.041510 0.970829
0.041610 0.970254
0.041709 0.969823
0.041809 0.969823
0.041908 0.969680
0.042008 0.968961
0.042108 0.968961
0.042207 0.968961
0.042307 0.968817
0.042406 0.968674
0.042506 0.968530
0.042605 0.968386
0.042705 0.968386
0.042804 0.968243
0.042904 0.967955
0.043004 0.967955
0.043103 0.967811
0.043203 0.967811
0.043302 0.967668
0.043402 0.967668
0.043501 0.967668
0.043601 0.967380
0.043701 0.967380
0.043800 0.967380
0.043900 0.967380
0.043999 0.967380
0.044099 0.967093
0.044198 0.966806
0.044298 0.966662
0.044397 0.966662
0.044497 0.966518
0.044597 0.966374
0.044696 0.966374
0.044796 0.966087
0.044895 0.965656
0.044995 0.965512
0.045094 0.965369
0.045194 0.965225
0.045294 0.965225
0.045393 0.965225
0.045493 0.965081
0.045592 0.964937
0.045692 0.964794
0.045791 0.964794
0.045891 0.964650
0.045991 0.964363
0.046090 0.963932
0.046190 0.963788
0.046289 0.963644
0.046389 0.963501
0.046488 0.963501
0.046588 0.963357
0.046687 0.963213
0.046787 0.963213
0.046887 0.962638
0.046986 0.962495
0.047086 0.962207
0.047185 0.962064
0.047285 0.961776
0.047384 0.961632
0.047484 0.961632
0.047584 0.961489
0.047683 0.961489
0.047783 0.961345
0.047882 0.961201
0.047982 0.960914
0.048081 0.960627
0.048181 0.960483
0.048280 0.960483
0.048380 0.960483
0.048480 0.960339
0.048579 0.960052
0.048679 0.959764
0.048778 0.959477
0.048878 0.959333
0.048977 0.959046
0.049077 0.959046
0.049177 0.958902
0.049276 0.958758
0.049376 0.958471
0.049475 0.958184
0.049575 0.958040
0.049674 0.957753
0.049774 0.957753
0.049873 0.957753
0.049973 0.957609
0.050073 0.957609
0.050172 0.957465
0.050272 0.957321
0.050371 0.957321
0.050471 0.957034
0.050570 0.956459
0.050670 0.956172
0.050770 0.956028
0.050869 0.956028
0.050969 0.956028
0.051068 0.955597
0.051168 0.955597
0.051267 0.955453
0.051367 0.955453
0.051467 0.955453
0.051566 0.955310
0.051666 0.955022
0.051765 0.954879
0.051865 0.954591
0.051964 0.954304
0.052064 0.954160
0.052163 0.953873
0.052263 0.953585
0.052363 0.953585
0.052462 0.953298
0.052562 0.953010
0.052661 0.952867
0.052761 0.952867
0.052860 0.952867
0.052960 0.952292
0.053060 0.952292
0.053159 0.952292
0.053259 0.951861
0.053358 0.951717
0.053458 0.951574
0.053557 0.951430
0.053657 0.951430
0.053756 0.951286
0.053856 0.951142
0.053956 0.950999
0.054055 0.950999
0.054155 0.950711
0.054254 0.950711
0.054354 0.950568
0.054453 0.950424
0.054553 0.950280
0.054653 0.950137
0.054752 0.949705
0.054852 0.949418
0.054951 0.949131
0.055051 0.948987
0.055150 0.948987
0.055250 0.948700
0.055349 0.948268
0.055449 0.948268
0.055549 0.948268
0.055648 0.948268
0.055748 0.948268
0.055847 0.947694
0.055947 0.947550
0.056046 0.947550
0.056146 0.947119
0.056246 0.946975
0.056345 0.946544
0.056445 0.946544
0.056544 0.946257
0.056644 0.946113
0.056743 0.946113
0.056843 0.945826
0.056943 0.945682
0.057042 0.945394
0.057142 0.945251
0.057241 0.945251
0.057341 0.945107
0.057440 0.944820
0.057540 0.944820
0.057639 0.944532
0.057739 0.944389
0.057839 0.944245
0.057938 0.943957
0.058038 0.943957
0.058137 0.943957
0.058237 0.943670
0.058336 0.943383
0.058436 0.943095
0.058536 0.943095
0.058635 0.942952
0.058735 0.942664
0.058834 0.942664
0.058934 0.942377
0.059033 0.942377
0.059133 0.942089
0.059232 0.941946
0.059332 0.941946
0.059432 0.941802
0.059531 0.941658
0.059631 0.941227
0.059730 0.940940
0.059830 0.940940
0.059929 0.940940
0.060029 0.940509
0.060129 0.940509
0.060228 0.940365
0.060328 0.939934
0.060427 0.939934
0.060527 0.939647
0.060626 0.939359
0.060726 0.939215
0.060825 0.939072
0.060925 0.938497
0.061025 0.938497
0.061124 0.938353
0.061224 0.938210
0.061323 0.937778
0.061423 0.937635
0.061522 0.937491
0.061622 0.937491
0.061722 0.937347
0.061821 0.937204
0.061921 0.937060
0.062020 0.936629
0.062120 0.936485
0.062219 0.936341
0.062319 0.936341
0.062419 0.936198
0.062518 0.936198
0.062618 0.935910
0.062717 0.935910
0.062817 0.935623
0.062916 0.935623
0.063016 0.935623
0.063115 0.935623
0.063215 0.935479
0.063315 0.935336
0.063414 0.935192
0.063514 0.935048
0.063613 0.934904
0.063713 0.934761
0.063812 0.934761
0.063912 0.934473
0.064012 0.934330
0.064111 0.934330
0.064211 0.933899
0.064310 0.933899
0.064410 0.933899
0.064509 0.933324
0.064609 0.933180
0.064708 0.933036
0.064808 0.932893
0.064908 0.932893
0.065007 0.932893
0.065107 0.932749
0.065206 0.932749
0.065306 0.932318
0.065405 0.932030
0.065505 0.931743
0.065605 0.931456
0.065704 0.931456
0.065804 0.931168
0.065903 0.931168
0.066003 0.931168
0.066102 0.931025
0.066202 0.930737
0.066301 0.930593
0.066401 0.930450
0.066501 0.930450
0.066600 0.930306
0.066700 0.930019
0.066799 0.929731
0.066899 0.929588
0.066998 0.929156
0.067098 0.928725
0.067198 0.928294
0.067297 0.927863
0.067397 0.927719
0.067496 0.927145
0.067596 0.926857
0.067695 0.926570
0.067795 0.926426
0.067894 0.926139
0.067994 0.925851
0.068094 0.925564
0.068193 0.925277
0.068293 0.925133
0.068392 0.925133
0.068492 0.924989
0.068591 0.924702
0.068691 0.924558
0.068791 0.924558
0.068890 0.923840
0.068990 0.923696
0.069089 0.923696
0.069189 0.923409
0.069288 0.923121
0.069388 0.922977
0.069488 0.922834
0.069587 0.922834
0.069687 0.922690
0.069786 0.922115
0.069886 0.922115
0.069985 0.921828
0.070085 0.921397
0.070184 0.921253
0.070284 0.921109
0.070384 0.920966
0.070483 0.920822
0.070583 0.920678
0.070682 0.920678
0.070782 0.920247
0.070881 0.919529
0.070981 0.919385
0.071081 0.919385
0.071180 0.918954
0.071280 0.918810
0.071379 0.918666
0.071479 0.918523
0.071578 0.918379
0.071678 0.918379
0.071777 0.918379
0.071877 0.918379
0.071977 0.917948
0.072076 0.917948
0.072176 0.917661
0.072275 0.917517
0.072375 0.917373
0.072474 0.917373
0.072574 0.917229
0.072674 0.916798
0.072773 0.916224
0.072873 0.915936
0.072972 0.915792
0.073072 0.915361
0.073171 0.915218
0.073271 0.915218
0.073370 0.915074
0.073470 0.914930
0.073570 0.914930
0.073669 0.914930
0.073769 0.914930
0.073868 0.914787
0.073968 0.914787
0.074067 0.914643
0.074167 0.914499
0.074267 0.914499
0.074366 0.914499
0.074466 0.914068
0.074565 0.914068
0.074665 0.914068
0.074764 0.913781
0.074864 0.913493
0.074964 0.913206
0.075063 0.912919
0.075163 0.912775
0.075262 0.912631
0.075362 0.912631
0.075461 0.912631
0.075561 0.912344
0.075660 0.912200
0.075760 0.912200
0.075860 0.911913
0.075959 0.911769
0.076059 0.911769
0.076158 0.911625
0.076258 0.911194
0.076357 0.911050
0.076457 0.910907
0.076557 0.910763
0.076656 0.910763
0.076756 0.910619
0.076855 0.910619
0.076955 0.910332
0.077054 0.910332
0.077154 0.910188
0.077253 0.910045
0.077353 0.909613
0.077453 0.909326
0.077552 0.908895
0.077652 0.908320
0.077751 0.907889
0.077851 0.907745
0.077950 0.907602
0.078050 0.907458
0.078150 0.907171
0.078249 0.906739
0.078349 0.906596
0.078448 0.906308
0.078548 0.906308
0.078647 0.906165
0.078747 0.906021
0.078846 0.905877
0.078946 0.905877
0.079046 0.905734
0.079145 0.905590
0.079245 0.905446
0.079344 0.905446
0.079444 0.905302
0.079543 0.905015
0.079643 0.904584
0.079743 0.904153
0.079842 0.904153
0.079942 0.904009
0.080041 0.904009
0.080141 0.903865
0.080240 0.903578
0.080340 0.903578
0.080440 0.903434
0.080539 0.903147
0.080639 0.903147
0.080738 0.902572
0.080838 0.902429
0.080937 0.902285
0.081037 0.902285
0.081136 0.902285
0.081236 0.902141
0.081336 0.902141
0.081435 0.901854
0.081535 0.901854
0.081634 0.901423
0.081734 0.901279
0.081833 0.901279
0.081933 0.900848
0.082033 0.900848
0.082132 0.900560
0.082232 0.900560
0.082331 0.900417
0.082431 0.900273
0.082530 0.899986
0.082630 0.899555
0.082729 0.899411
0.082829 0.899411
0.082929 0.899411
0.083028 0.899123
0.083128 0.898692
0.083227 0.898261
0.083327 0.898118
0.083426 0.897974
0.083526 0.897543
0.083626 0.897543
0.083725 0.897112
0.083825 0.897112
0.083924 0.897112
0.084024 0.896824
0.084123 0.896681
0.084223 0.896249
0.084322 0.896249
0.084422 0.895962
0.084522 0.895962
0.084621 0.895818
0.084721 0.895531
0.084820 0.895387
0.084920 0.895387
0.085019 0.895244
0.085119 0.894812
0.085219 0.894669
0.085318 0.894238
0.085418 0.894238
0.085517 0.894094
0.085617 0.894094
0.085716 0.894094
0.085816 0.893807
0.085916 0.893519
0.086015 0.893375
0.086115 0.893088
0.086214 0.892944
0.086314 0.892944
0.086413 0.892513
0.086513 0.892513
0.086612 0.892513
0.086712 0.892513
0.086812 0.892513
0.086911 0.891938
0.087011 0.891938
0.087110 0.891795
0.087210 0.891795
0.087309 0.891507
0.087409 0.891364
0.087509 0.891220
0.087608 0.890789
0.087708 0.890645
0.087807 0.890358
0.087907 0.890358
0.088006 0.889927
0.088106 0.889927
0.088205 0.889927
0.088305 0.889639
0.088405 0.889639
0.088504 0.889352
0.088604 0.889208
0.088703 0.889208
0.088803 0.888921
0.088902 0.888777
0.089002 0.888490
0.089102 0.888346
0.089201 0.887915
0.089301 0.887915
0.089400 0.887628
0.089500 0.887484
0.089599 0.887484
0.089699 0.887196
0.089798 0.886909
0.089898 0.886478
0.089998 0.886478
0.090097 0.886334
0.090197 0.885759
0.090296 0.885759
0.090396 0.885616
0.090495 0.884754
0.090595 0.884466
0.090695 0.884179
0.090794 0.884035
0.090894 0.883891
0.090993 0.883604
0.091093 0.883604
0.091192 0.883460
0.091292 0.883460
0.091392 0.883317
0.091491 0.883317
0.091591 0.883173
0.091690 0.883029
0.091790 0.882885
0.091889 0.882598
0.091989 0.882454
0.092088 0.882023
0.092188 0.881592
0.092288 0.881305
0.092387 0.881305
0.092487 0.881161
0.092586 0.880730
0.092686 0.880730
0.092785 0.880299
0.092885 0.880299
0.092985 0.879868
0.093084 0.879868
0.093184 0.879580
0.093283 0.879006
0.093383 0.879006
0.093482 0.878431
0.093582 0.878287
0.093681 0.878287
0.093781 0.878287
0.093881 0.878143
0.093980 0.877856
0.094080 0.877569
0.094179 0.877425
0.094279 0.876994
0.094378 0.876994
0.094478 0.876850
0.094578 0.876563
0.094677 0.876275
0.094777 0.876132
0.094876 0.876132
0.094976 0.875844
0.095075 0.875413
0.095175 0.875126
0.095274 0.875126
0.095374 0.875126
0.095474 0.874695
0.095573 0.874695
0.095673 0.874551
0.095772 0.874551
0.095872 0.874120
0.095971 0.874120
0.096071 0.873545
0.096171 0.873114
0.096270 0.873114
0.096370 0.872539
0.096469 0.872395
0.096569 0.872252
0.096668 0.872108
0.096768 0.871964
0.096868 0.871821
0.096967 0.871821
0.097067 0.871390
0.097166 0.871102
0.097266 0.871102
0.097365 0.870958
0.097465 0.870815
0.097564 0.870527
0.097664 0.870384
0.097764 0.870240
0.097863 0.869665
0.097963 0.869378
0.098062 0.868947
0.098162 0.868803
0.098261 0.868659
0.098361 0.868372
0.098461 0.868372
0.098560 0.868228
0.098660 0.868228
0.098759 0.868084
0.098859 0.867941
0.098958 0.867941
0.099058 0.867653
0.099157 0.867510
0.099257 0.867510
0.099357 0.867510
0.099456 0.867366
0.099556 0.867079
0.099655 0.866791
0.099755 0.866648
0.099854 0.866648
0.099954 0.866360
0.100054 0.866073
0.100153 0.865929
0.100253 0.865929
0.100352 0.865642
0.100452 0.865211
0.100551 0.865067
0.100651 0.864923
0.100750 0.864779
0.100850 0.864492
0.100950 0.864061
0.101049 0.864061
0.101149 0.863917
0.101248 0.863342
0.101348 0.863199
0.101447 0.863055
0.101547 0.862768
0.101647 0.862480
0.101746 0.862193
0.101846 0.861905
0.101945 0.861905
0.102045 0.861474
0.102144 0.861474
0.102244 0.861331
0.102344 0.861331
0.102443 0.860900
0.102543 0.860900
0.102642 0.860756
0.102742 0.860756
0.102841 0.860612
0.102941 0.860181
0.103040 0.860037
0.103140 0.859894
0.103240 0.859750
0.103339 0.859606
0.103439 0.859463
0.103538 0.858888
0.103638 0.858744
0.103737 0.858744
0.103837 0.858457
0.103937 0.857882
0.104036 0.857882
0.104136 0.857738
0.104235 0.857451
0.104335 0.857163
0.104434 0.857163
0.104534 0.857020
0.104633 0.856445
0.104733 0.856445
0.104833 0.856014
0.104932 0.855870
0.105032 0.855726
0.105131 0.855726
0.105231 0.855583
0.105330 0.855439
0.105430 0.855295
0.105530 0.855152
0.105629 0.855008
0.105729 0.854721
0.105828 0.854433
0.105928 0.854433
0.106027 0.854289
0.106127 0.854146
0.106226 0.854002
0.106326 0.853571
0.106426 0.853284
0.106525 0.852852
0.106625 0.852565
0.106724 0.852421
0.106824 0.852278
0.106923 0.851990
0.107023 0.851703
0.107123 0.851559
0.107222 0.851415
0.107322 0.850984
0.107421 0.850984
0.107521 0.850841
0.107620 0.850697
0.107720 0.850697
0.107819 0.850266
0.107919 0.850266
0.108019 0.850122
0.108118 0.849691
0.108218 0.849404
0.108317 0.849260
0.108417 0.849116
0.108516 0.848973
0.108616 0.848541
0.108716 0.848398
0.108815 0.848110
0.108915 0.847679
0.109014 0.847392
0.109114 0.847104
0.109213 0.846961
0.109313 0.846386
0.109413 0.846242
0.109512 0.846099
0.109612 0.846099
0.109711 0.845811
0.109811 0.845811
0.109910 0.845667
0.110010 0.845380
0.110109 0.845093
0.110209 0.844949
0.110309 0.844518
0.110408 0.844374
0.110508 0.844230
0.110607 0.844230
0.110707 0.844087
0.110806 0.844087
0.110906 0.843799
0.111006 0.843512
0.111105 0.843368
0.111205 0.842937
0.111304 0.842362
0.111404 0.841931
0.111503 0.841500
0.111603 0.841357
0.111702 0.840925
0.111802 0.840494
0.111902 0.840494
0.112001 0.840494
0.112101 0.840207
0.112200 0.840207
0.112300 0.839920
0.112399 0.839345
0.112499 0.839345
0.112599 0.839345
0.112698 0.839057
0.112798 0.838914
0.112897 0.838626
0.112997 0.838339
0.113096 0.837908
0.113196 0.837764
0.113295 0.837764
0.113395 0.837189
0.113495 0.837046
0.113594 0.836758
0.113694 0.836471
0.113793 0.836327
0.113893 0.836327
0.113992 0.836040
0.114092 0.835752
0.114192 0.835609
0.114291 0.835609
0.114391 0.835465
0.114490 0.835465
0.114590 0.835177
0.114689 0.835034
0.114789 0.834890
0.114889 0.834603
0.114988 0.834315
0.115088 0.834315
0.115187 0.834315
0.115287 0.834315
0.115386 0.833884
0.115486 0.833597
0.115585 0.833453
0.115685 0.833309
0.115785 0.833022
0.115884 0.833022
0.115984 0.832735
0.116083 0.832735
0.116183 0.832735
0.116282 0.832447
0.116382 0.832303
0.116482 0.832160
0.116581 0.832016
0.116681 0.831729
0.116780 0.831585
0.116880 0.831010
0.116979 0.830867
0.117079 0.830867
0.117178 0.830867
0.117278 0.830867
0.117378 0.830723
0.117477 0.830292
0.117577 0.830148
0.117676 0.830004
0.117776 0.829573
0.117875 0.829286
0.117975 0.829286
0.118075 0.829142
0.118174 0.828998
0.118274 0.828998
0.118373 0.828711
0.118473 0.828424
0.118572 0.828424
0.118672 0.828136
0.118771 0.828136
0.118871 0.828136
0.118971 0.828136
0.119070 0.827993
0.119170 0.827849
0.119269 0.827561
0.119369 0.827561
0.119468 0.827418
0.119568 0.827274
0.119668 0.826843
0.119767 0.826412
0.119867 0.825981
0.119966 0.825693
0.120066 0.825550
0.120165 0.825262
0.120265 0.824975
0.120365 0.824400
0.120464 0.824400
0.120564 0.823969
0.120663 0.823969
0.120763 0.823969
0.120862 0.823538
0.120962 0.823107
0.121061 0.822532
0.121161 0.822245
0.121261 0.822101
0.121360 0.822101
0.121460 0.821813
0.121559 0.821813
0.121659 0.821239
0.121758 0.821239
0.121858 0.821239
0.121958 0.820808
0.122057 0.820808
0.122157 0.820808
0.122256 0.820664
0.122356 0.820520
0.122455 0.820233
0.122555 0.819945
0.122654 0.819802
0.122754 0.819514
0.122854 0.819371
0.122953 0.819083
0.123053 0.818652
0.123152 0.818508
0.123252 0.818221
0.123351 0.818077
0.123451 0.817934
0.123551 0.817790
0.123650 0.817215
0.123750 0.817215
0.123849 0.816928
0.123949 0.816928
0.124048 0.816784
0.124148 0.816497
0.124247 0.816353
0.124347 0.816066
0.124447 0.815491
0.124546 0.815060
0.124646 0.815060
0.124745 0.815060
0.124845 0.814772
0.124944 0.814772
0.125044 0.814629
0.125144 0.814485
0.125243 0.814054
0.125343 0.813766
0.125442 0.813766
0.125542 0.813766
0.125641 0.813623
0.125741 0.813479
0.125841 0.813479
0.125940 0.813335
0.126040 0.813048
0.126139 0.812904
0.126239 0.812904
0.126338 0.812904
0.126438 0.812760
0.126537 0.812617
0.126637 0.812473
0.126737 0.812042
0.126836 0.811898
0.126936 0.811898
0.127035 0.811898
0.127135 0.811611
0.127234 0.811323
0.127334 0.811036
0.127434 0.811036
0.127533 0.810749
0.127633 0.810749
0.127732 0.810461
0.127832 0.809886
0.127931 0.809886
0.128031 0.809886
0.128130 0.809886
0.128230 0.809743
0.128330 0.809599
0.128429 0.809455
0.128529 0.809168
0.128628 0.809168
0.128728 0.809024
0.128827 0.808306
0.128927 0.808162
0.129027 0.808018
0.129126 0.807875
0.129226 0.807300
0.129325 0.807156
0.129425 0.807156
0.129524 0.806869
0.129624 0.806581
0.129723 0.806294
0.129823 0.805863
0.129923 0.805576
0.130022 0.805576
0.130122 0.805576
0.130221 0.805576
0.130321 0.805144
0.130420 0.804857
0.130520 0.804857
0.130620 0.804857
0.130719 0.804713
0.130819 0.804713
0.130918 0.804570
0.131018 0.804282
0.131117 0.804139
0.131217 0.803851
0.131317 0.803564
0.131416 0.803276
0.131516 0.803276
0.131615 0.803133
0.131715 0.803133
0.131814 0.803133
0.131914 0.802845
0.132013 0.802414
0.132113 0.802414
0.132213 0.801983
0.132312 0.801839
0.132412 0.801552
0.132511 0.801265
0.132611 0.801121
0.132710 0.800977
0.132810 0.800690
0.132910 0.800690
0.133009 0.800259
0.133109 0.800115
0.133208 0.799684
0.133308 0.799396
0.133407 0.799109
0.133507 0.798965
0.133606 0.798965
0.133706 0.798678
0.133806 0.798391
0.133905 0.798247
0.134005 0.798247
0.134104 0.798103
0.134204 0.797672
0.134303 0.797528
0.134403 0.797097
0.134503 0.796954
0.134602 0.796810
0.134702 0.796666
0.134801 0.796522
0.134901 0.796522
0.135000 0.796235
0.135100 0.795948
0.135199 0.795660
0.135299 0.795517
0.135399 0.795517
0.135498 0.795373
0.135598 0.794798
0.135697 0.794223
0.135797 0.794223
0.135896 0.793936
0.135996 0.793649
0.136096 0.793505
0.136195 0.793074
0.136295 0.792499
0.136394 0.792212
0.136494 0.792068
0.136593 0.791924
0.136693 0.791924
0.136793 0.791637
0.136892 0.790918
0.136992 0.790775
0.137091 0.790631
0.137191 0.790200
0.137290 0.790056
0.137390 0.789912
0.137489 0.789625
0.137589 0.789625
0.137689 0.789194
0.137788 0.789050
0.137888 0.789050
0.137987 0.788619
0.138087 0.788475
0.138186 0.788188
0.138286 0.788044
0.138386 0.787757
0.138485 0.787613
0.138585 0.787326
0.138684 0.787038
0.138784 0.786895
0.138883 0.786320
0.138983 0.786176
0.139082 0.785889
0.139182 0.785889
0.139282 0.785601
0.139381 0.785314
0.139481 0.785027
0.139580 0.784595
0.139680 0.784595
0.139779 0.784452
0.139879 0.784452
0.139979 0.783877
0.140078 0.783446
0.140178 0.783158
0.140277 0.783015
0.140377 0.783015
0.140476 0.782871
0.140576 0.782440
0.140675 0.782296
0.140775 0.782009
0.140875 0.781722
0.140974 0.781434
0.141074 0.781147
0.141173 0.781003
0.141273 0.781003
0.141372 0.780859
0.141472 0.780859
0.141572 0.780428
0.141671 0.779997
0.141771 0.779710
0.141870 0.779279
0.141970 0.779279
0.142069 0.779135
0.142169 0.779135
0.142269 0.778704
0.142368 0.778704
0.142468 0.778560
0.142567 0.778560
0.142667 0.778416
0.142766 0.778273
0.142866 0.778273
0.142965 0.778273
0.143065 0.778129
0.143165 0.777985
0.143264 0.777698
0.143364 0.777554
0.143463 0.777554
0.143563 0.777554
0.143662 0.777554
0.143762 0.777123
0.143862 0.776979
0.143961 0.776979
0.144061 0.776836
0.144160 0.776836
0.144260 0.776836
0.144359 0.776692
0.144459 0.776405
0.144558 0.776261
0.144658 0.776261
0.144758 0.776261
0.144857 0.776117
0.144957 0.775974
0.145056 0.775974
0.145156 0.775974
0.145255 0.775830
0.145355 0.775686
0.145455 0.775686
0.145554 0.775542
0.145654 0.775399
0.145753 0.775111
0.145853 0.774968
0.145952 0.774393
0.146052 0.774249
0.146151 0.774249
0.146251 0.773962
0.146351 0.773818
0.146450 0.773818
0.146550 0.773531
0.146649 0.773531
0.146749 0.773243
0.146848 0.773100
0.146948 0.772668
0.147048 0.772525
0.147147 0.772237
0.147247 0.771806
0.147346 0.770944
0.147446 0.770800
0.147545 0.770657
0.147645 0.770369
0.147744 0.770082
0.147844 0.769938
0.147944 0.769795
0.148043 0.769651
0.148143 0.769651
0.148242 0.769507
0.148342 0.769507
0.148441 0.769363
0.148541 0.769220
0.148641 0.768932
0.148740 0.768214
0.148840 0.767926
0.148939 0.767783
0.149039 0.767783
0.149138 0.767783
0.149238 0.767495
0.149338 0.767495
0.149437 0.767064
0.149537 0.766777
0.149636 0.766489
0.149736 0.766346
0.149835 0.765915
0.149935 0.765771
0.150034 0.765771
0.150134 0.765484
0.150234 0.765196
0.150333 0.764765
0.150433 0.764765
0.150532 0.764478
0.150632 0.764334
0.150731 0.764047
0.150831 0.764047
0.150931 0.763759
0.151030 0.763328
0.151130 0.763328
0.151229 0.762897
0.151329 0.762466
0.151428 0.762178
0.151528 0.762035
0.151627 0.761891
0.151727 0.761460
0.151827 0.760885
0.151926 0.760598
0.152026 0.760310
0.152125 0.760023
0.152225 0.759879
0.152324 0.759736
0.152424 0.759592
0.152524 0.759304
0.152623 0.758730
0.152723 0.758730
0.152822 0.758299
0.152922 0.758155
0.153021 0.757868
0.153121 0.757580
0.153220 0.757149
0.153320 0.756718
0.153420 0.756718
0.153519 0.756718
0.153619 0.756574
0.153718 0.756287
0.153818 0.755999
0.153917 0.755999
0.154017 0.755999
0.154117 0.755568
0.154216 0.755137
0.154316 0.754562
0.154415 0.754419
0.154515 0.754131
0.154614 0.753844
0.154714 0.753557
0.154814 0.752838
0.154913 0.752838
0.155013 0.752838
0.155112 0.752551
0.155212 0.752263
0.155311 0.752263
0.155411 0.751976
0.155510 0.751688
0.155610 0.751257
0.155710 0.751257
0.155809 0.751257
0.155909 0.750970
0.156008 0.750539
0.156108 0.750395
0.156207 0.750251
0.156307 0.749820
0.156407 0.749820
0.156506 0.749820
0.156606 0.749677
0.156705 0.749533
0.156805 0.749102
0.156904 0.748527
0.157004 0.748383
0.157103 0.748383
0.157203 0.748240
0.157303 0.748240
0.157402 0.747809
0.157502 0.747665
0.157601 0.747521
0.157701 0.747521
0.157800 0.747090
0.157900 0.747090
0.158000 0.746803
0.158099 0.746803
0.158199 0.746372
0.158298 0.746372
0.158398 0.745941
0.158497 0.745653
0.158597 0.745222
0.158696 0.744935
0.158796 0.744647
0.158896 0.744504
0.158995 0.744072
0.159095 0.744072
0.159194 0.743785
0.159294 0.743785
0.159393 0.743354
0.159493 0.743067
0.159593 0.742779
0.159692 0.742779
0.159792 0.742779
0.159891 0.742635
0.159991 0.742204
0.160090 0.742061
0.160190 0.742061
0.160290 0.741773
0.160389 0.741630
0.160489 0.741630
0.160588 0.741486
0.160688 0.741198
0.160787 0.741198
0.160887 0.741198
0.160986 0.740911
0.161086 0.740911
0.161186 0.740767
0.161285 0.740336
0.161385 0.740193
0.161484 0.740193
0.161584 0.740193
0.161683 0.740049
0.161783 0.740049
0.161883 0.739761
0.161982 0.739474
0.162082 0.739474
0.162181 0.739474
0.162281 0.739474
0.162380 0.739330
0.162480 0.739043
0.162579 0.738756
0.162679 0.738468
0.162779 0.738181
0.162878 0.738037
0.162978 0.737750
0.163077 0.737319
0.163177 0.737175
0.163276 0.737031
0.163376 0.736887
0.163476 0.736456
0.163575 0.736169
0.163675 0.735882
0.163774 0.735450
0.163874 0.735163
0.163973 0.735019
0.164073 0.734588
0.164172 0.734157
0.164272 0.733870
0.164372 0.733726
0.164471 0.733582
0.164571 0.733295
0.164670 0.733295
0.164770 0.733151
0.164869 0.732720
0.164969 0.732433
0.165069 0.732433
0.165168 0.732145
0.165268 0.731858
0.165367 0.731858
0.165467 0.731283
0.165566 0.731140
0.165666 0.731140
0.165766 0.731140
0.165865 0.731140
0.165965 0.730852
0.166064 0.730565
0.166164 0.729990
0.166263 0.729990
0.166363 0.729703
0.166462 0.729559
0.166562 0.729415
0.166662 0.729271
0.166761 0.729271
0.166861 0.729128
0.166960 0.728697
0.167060 0.728409
0.167159 0.728266
0.167259 0.727691
0.167359 0.727691
0.167458 0.727403
0.167558 0.727116
0.167657 0.726972
0.167757 0.726829
0.167856 0.726829
0.167956 0.726397
0.168055 0.726110
0.168155 0.726110
0.168255 0.725679
0.168354 0.725392
0.168454 0.725104
0.168553 0.724817
0.168653 0.724386
0.168752 0.724242
0.168852 0.724098
0.168952 0.723955
0.169051 0.723811
0.169151 0.723811
0.169250 0.723811
0.169350 0.723811
0.169449 0.723380
0.169549 0.723092
0.169648 0.722805
0.169748 0.722661
0.169848 0.722518
0.169947 0.722374
0.170047 0.722087
0.170146 0.721368
0.170246 0.721081
0.170345 0.720793
0.170445 0.720650
0.170545 0.720650
0.170644 0.720362
0.170744 0.719931
0.170843 0.719787
0.170943 0.719787
0.171042 0.719644
0.171142 0.719644
0.171242 0.719644
0.171341 0.719500
0.171441 0.719356
0.171540 0.719069
0.171640 0.718781
0.171739 0.718781
0.171839 0.718207
0.171938 0.718207
0.172038 0.718207
0.172138 0.717776
0.172237 0.717632
0.172337 0.717632
0.172436 0.717632
0.172536 0.717201
0.172635 0.716626
0.172735 0.716339
0.172835 0.716051
0.172934 0.715907
0.173034 0.715620
0.173133 0.715333
0.173233 0.715045
0.173332 0.714902
0.173432 0.714902
0.173531 0.714902
0.173631 0.714758
0.173731 0.714614
0.173830 0.714614
0.173930 0.714470
0.174029 0.714039
0.174129 0.713752
0.174228 0.713321
0.174328 0.712746
0.174428 0.712459
0.174527 0.711740
0.174627 0.711165
0.174726 0.710878
0.174826 0.710878
0.174925 0.710303
0.175025 0.710160
0.175124 0.710160
0.175224 0.710160
0.175324 0.710016
0.175423 0.709872
0.175523 0.709010
0.175622 0.708435
0.175722 0.708291
0.175821 0.708148
0.175921 0.707717
0.176021 0.707429
0.176120 0.707286
0.176220 0.707142
0.176319 0.707142
0.176419 0.706998
0.176518 0.706854
0.176618 0.706711
0.176718 0.706280
0.176817 0.706136
0.176917 0.705705
0.177016 0.705417
0.177116 0.704986
0.177215 0.704986
0.177315 0.704555
0.177414 0.704555
0.177514 0.704555
0.177614 0.704555
0.177713 0.704555
0.177813 0.704555
0.177912 0.704555
0.178012 0.704412
0.178111 0.704268
0.178211 0.703980
0.178311 0.703837
0.178410 0.703693
0.178510 0.703549
0.178609 0.703118
0.178709 0.702687
0.178808 0.702687
0.178908 0.702687
0.179007 0.702687
0.179107 0.702256
0.179207 0.702256
0.179306 0.701681
0.179406 0.701250
0.179505 0.701250
0.179605 0.701250
0.179704 0.701250
0.179804 0.701106
0.179904 0.700963
0.180003 0.700675
0.180103 0.700532
0.180202 0.700388
0.180302 0.700101
0.180401 0.700101
0.180501 0.700101
0.180600 0.699813
0.180700 0.699813
0.180800 0.699382
0.180899 0.699095
0.180999 0.698951
0.181098 0.698807
0.181198 0.698807
0.181297 0.698520
0.181397 0.698233
0.181497 0.697801
0.181596 0.697801
0.181696 0.697801
0.181795 0.697801
0.181895 0.697370
0.181994 0.697083
0.182094 0.696939
0.182194 0.696508
0.182293 0.696221
0.182393 0.696077
0.182492 0.695646
0.182592 0.695359
0.182691 0.695359
0.182791 0.695071
0.182890 0.694784
0.182990 0.694640
0.183090 0.694496
0.183189 0.694353
0.183289 0.694353
0.183388 0.694065
0.183488 0.693922
0.183587 0.693347
0.183687 0.692916
0.183787 0.692628
0.183886 0.692485
0.183986 0.692197
0.184085 0.691910
0.184185 0.691766
0.184284 0.691479
0.184384 0.691191
0.184483 0.690904
0.184583 0.690473
0.184683 0.690185
0.184782 0.690042
0.184882 0.689898
0.184981 0.689754
0.185081 0.689754
0.185180 0.689754
0.185280 0.689611
0.185380 0.689611
0.185479 0.689467
0.185579 0.689036
0.185678 0.688605
0.185778 0.688461
0.185877 0.688317
0.185977 0.688317
0.186076 0.688174
0.186176 0.687886
0.186276 0.687886
0.186375 0.687599
0.186475 0.687455
0.186574 0.687455
0.186674 0.687024
0.186773 0.686593
0.186873 0.686449
0.186973 0.686449
0.187072 0.686449
0.187172 0.686306
0.187271 0.686162
0.187371 0.686018
0.187470 0.685874
0.187570 0.685587
0.187669 0.685443
0.187769 0.685300
0.187869 0.684581
0.187968 0.684437
0.188068 0.684294
0.188167 0.684294
0.188267 0.684006
0.188366 0.683863
0.188466 0.683288
0.188566 0.683000
0.188665 0.682857
0.188765 0.682569
0.188864 0.682569
0.188964 0.682426
0.189063 0.682282
0.189163 0.682282
0.189263 0.682282
0.189362 0.681995
0.189462 0.681563
0.189561 0.681563
0.189661 0.681420
0.189760 0.681132
0.189860 0.680989
0.189959 0.680989
0.190059 0.680845
0.190159 0.680701
0.190258 0.680126
0.190358 0.679983
0.190457 0.679839
0.190557 0.679408
0.190656 0.678977
0.190756 0.678977
0.190856 0.678689
0.190955 0.678402
0.191055 0.678115
0.191154 0.677540
0.191254 0.677252
0.191353 0.676965
0.191453 0.676965
0.191552 0.676965
0.191652 0.676821
0.191752 0.676821
0.191851 0.676678
0.191951 0.676390
0.192050 0.676390
0.192150 0.676103
0.192249 0.675959
0.192349 0.675815
0.192449 0.675384
0.192548 0.674522
0.192648 0.674379
0.192747 0.674235
0.192847 0.673660
0.192946 0.673373
0.193046 0.673229
0.193145 0.673085
0.193245 0.672942
0.193345 0.672798
0.193444 0.672654
0.193544 0.672510
0.193643 0.671936
0.193743 0.671936
0.193842 0.671936
0.193942 0.671505
0.194042 0.671505
0.194141 0.671505
0.194241 0.671361
0.194340 0.671217
0.194440 0.671073
0.194539 0.671073
0.194639 0.670786
0.194739 0.670642
0.194838 0.670355
0.194938 0.670355
0.195037 0.669924
0.195137 0.669924
0.195236 0.669636
0.195336 0.669205
0.195435 0.668631
0.195535 0.668631
0.195635 0.668199
0.195734 0.668056
0.195834 0.667912
0.195933 0.667768
0.196033 0.667625
0.196132 0.667337
0.196232 0.667194
0.196332 0.666762
0.196431 0.666619
0.196531 0.666475
0.196630 0.666475
0.196730 0.666188
0.196829 0.666044
0.196929 0.666044
0.197028 0.665900
0.197128 0.665900
0.197228 0.665757
0.197327 0.665613
0.197427 0.665325
0.197526 0.664894
0.197626 0.664751
0.197725 0.664751
0.197825 0.664607
0.197925 0.664463
0.198024 0.664463
0.198124 0.664320
0.198223 0.663745
0.198323 0.663601
0.198422 0.663601
0.198522 0.663601
0.198621 0.663170
0.198721 0.662883
0.198821 0.662883
0.198920 0.662452
0.199020 0.662308
0.199119 0.662308
0.199219 0.661733
0.199318 0.661589
0.199418 0.661589
0.199518 0.661446
0.199617 0.661446
0.199717 0.661158
0.199816 0.660727
0.199916 0.660583
0.200015 0.660440
0.200115 0.660296
0.200215 0.660152
0.200314 0.660009
0.200414 0.659865
0.200513 0.659721
0.200613 0.659434
0.200712 0.659290
0.200812 0.659290
0.200911 0.659146
0.201011 0.658859
0.201111 0.658715
0.201210 0.658572
0.201310 0.658428
0.201409 0.658284
0.201509 0.657853
0.201608 0.657853
0.201708 0.657422
0.201808 0.657278
0.201907 0.657278
0.202007 0.657135
0.202106 0.656991
0.202206 0.656991
0.202305 0.656704
0.202405 0.656704
0.202504 0.656560
0.202604 0.656129
0.202704 0.655841
0.202803 0.655841
0.202903 0.655554
0.203002 0.655267
0.203102 0.654835
0.203201 0.654692
0.203301 0.654692
0.203401 0.654261
0.203500 0.654117
0.203600 0.653973
0.203699 0.653830
0.203799 0.653686
0.203898 0.653542
0.203998 0.653255
0.204097 0.653255
0.204197 0.652967
0.204297 0.652680
0.204396 0.652536
0.204496 0.652536
0.204595 0.652536
0.204695 0.652249
0.204794 0.652249
0.204894 0.651961
0.204994 0.651674
0.205093 0.651674
0.205193 0.651674
0.205292 0.651674
0.205392 0.651099
0.205491 0.650956
0.205591 0.650525
0.205691 0.650381
0.205790 0.650237
0.205890 0.649950
0.205989 0.649950
0.206089 0.649375
0.206188 0.649088
0.206288 0.649088
0.206387 0.648944
0.206487 0.648800
0.206587 0.648656
0.206686 0.648656
0.206786 0.648656
0.206885 0.648369
0.206985 0.648082
0.207084 0.647651
0.207184 0.647507
0.207284 0.647507
0.207383 0.647363
0.207483 0.647219
0.207582 0.646932
0.207682 0.646788
0.207781 0.646501
0.207881 0.646357
0.207980 0.646070
0.208080 0.645926
0.208180 0.645782
0.208279 0.645782
0.208379 0.645639
0.208478 0.645495
0.208578 0.645495
0.208677 0.645208
0.208777 0.645208
0.208877 0.645064
0.208976 0.645064
0.209076 0.645064
0.209175 0.644920
0.209275 0.644920
0.209374 0.644633
0.209474 0.644489
0.209573 0.644345
0.209673 0.644202
0.209773 0.643914
0.209872 0.643914
0.209972 0.643771
0.210071 0.643196
0.210171 0.643052
0.210270 0.642765
0.210370 0.642621
0.210470 0.642046
0.210569 0.641903
0.210669 0.641759
0.210768 0.641471
0.210868 0.641328
0.210967 0.641184
0.211067 0.641184
0.211167 0.640753
0.211266 0.640466
0.211366 0.640322
0.211465 0.640322
0.211565 0.640034
0.211664 0.639603
0.211764 0.639460
0.211863 0.639316
0.211963 0.639029
0.212063 0.639029
0.212162 0.639029
0.212262 0.639029
0.212361 0.639029
0.212461 0.639029
0.212560 0.638597
0.212660 0.638597
0.212760 0.638023
0.212859 0.637879
0.212959 0.637735
0.213058 0.637304
0.213158 0.637161
0.213257 0.636729
0.213357 0.636442
0.213456 0.636155
0.213556 0.636011
0.213656 0.635580
0.213755 0.635292
0.213855 0.635149
0.213954 0.635149
0.214054 0.635005
0.214153 0.634861
0.214253 0.634861
0.214353 0.634861
0.214452 0.634718
0.214552 0.634718
0.214651 0.634574
0.214751 0.634430
0.214850 0.634430
0.214950 0.634143
0.215049 0.634143
0.215149 0.633855
0.215249 0.633855
0.215348 0.633424
0.215448 0.633424
0.215547 0.633281
0.215647 0.633281
0.215746 0.633281
0.215846 0.633281
0.215946 0.632993
0.216045 0.632562
0.216145 0.632131
0.216244 0.632131
0.216344 0.631844
0.216443 0.631556
0.216543 0.631556
0.216643 0.631413
0.216742 0.631413
0.216842 0.631125
0.216941 0.630838
0.217041 0.630550
0.217140 0.630263
0.217240 0.629976
0.217339 0.629976
0.217439 0.629976
0.217539 0.629832
0.217638 0.629544
0.217738 0.629257
0.217837 0.629257
0.217937 0.628826
0.218036 0.628826
0.218136 0.628826
0.218236 0.628826
0.218335 0.628682
0.218435 0.628539
0.218534 0.628395
0.218634 0.628251
0.218733 0.628107
0.218833 0.628107
0.218932 0.627820
0.219032 0.627533
0.219132 0.627389
0.219231 0.627389
0.219331 0.627102
0.219430 0.626670
0.219530 0.626527
0.219629 0.626527
0.219729 0.626383
0.219829 0.625808
0.219928 0.625808
0.220028 0.625808
0.220127 0.625665
0.220227 0.625665
0.220326 0.625521
0.220426 0.625521
0.220525 0.625521
0.220625 0.625090
0.220725 0.624802
0.220824 0.624515
0.220924 0.624228
0.221023 0.624084
0.221123 0.623940
0.221222 0.623940
0.221322 0.623653
0.221422 0.623509
0.221521 0.623365
0.221621 0.623365
0.221720 0.623078
0.221820 0.622934
0.221919 0.622934
0.222019 0.622791
0.222119 0.622360
0.222218 0.622216
0.222318 0.621928
0.222417 0.621928
0.222517 0.621928
0.222616 0.621641
0.222716 0.621354
0.222815 0.620779
0.222915 0.620204
0.223015 0.620204
0.223114 0.620060
0.223214 0.619773
0.223313 0.619629
0.223413 0.619198
0.223512 0.619054
0.223612 0.618911
0.223712 0.618911
0.223811 0.618911
0.223911 0.618911
0.224010 0.618623
0.224110 0.618480
0.224209 0.618049
0.224309 0.617761
0.224408 0.617761
0.224508 0.617474
0.224608 0.617043
0.224707 0.616899
0.224807 0.616612
0.224906 0.616468
0.225006 0.616468
0.225105 0.616180
0.225205 0.616180
0.225305 0.615462
0.225404 0.615318
0.225504 0.614743
0.225603 0.614743
0.225703 0.614743
0.225802 0.614456
0.225902 0.614025
0.226001 0.613881
0.226101 0.613450
0.226201 0.613019
0.226300 0.612732
0.226400 0.612444
0.226499 0.612444
0.226599 0.612157
0.226698 0.612013
0.226798 0.611870
0.226898 0.611582
0.226997 0.611438
0.227097 0.611151
0.227196 0.611007
0.227296 0.610720
0.227395 0.610720
0.227495 0.610720
0.227594 0.610576
0.227694 0.610289
0.227794 0.610001
0.227893 0.609858
0.227993 0.609570
0.228092 0.609139
0.228192 0.608852
0.228291 0.608708
0.228391 0.608421
0.228491 0.608421
0.228590 0.608133
0.228690 0.608133
0.228789 0.607990
0.228889 0.607559
0.228988 0.607271
0.229088 0.607127
0.229188 0.606840
0.229287 0.606553
0.229387 0.606265
0.229486 0.606122
0.229586 0.605978
0.229685 0.605834
0.229785 0.605690
0.229884 0.605259
0.229984 0.605259
0.230084 0.604828
0.230183 0.604828
0.230283 0.604397
0.230382 0.604253
0.230482 0.604110
0.230581 0.603679
0.230681 0.603535
0.230781 0.602960
0.230880 0.602816
0.230980 0.602529
0.231079 0.602098
0.231179 0.601954
0.231278 0.601811
0.231378 0.601811
0.231477 0.601811
0.231577 0.601811
0.231677 0.601667
0.231776 0.601523
0.231876 0.601380
0.231975 0.601236
0.232075 0.600948
0.232174 0.600661
0.232274 0.600374
0.232374 0.600374
0.232473 0.600374
0.232573 0.600374
0.232672 0.600086
0.232772 0.600086
0.232871 0.599799
0.232971 0.599799
0.233070 0.599799
0.233170 0.599655
0.233270 0.599224
0.233369 0.598793
0.233469 0.598793
0.233568 0.598793
0.233668 0.598649
0.233767 0.598362
0.233867 0.598074
0.233967 0.597787
0.234066 0.597787
0.234166 0.597356
0.234265 0.597212
0.234365 0.597069
0.234464 0.597069
0.234564 0.596925
0.234664 0.596637
0.234763 0.596350
0.234863 0.596206
0.234962 0.596063
0.235062 0.596063
0.235161 0.595775
0.235261 0.595488
0.235360 0.595488
0.235460 0.595200
0.235560 0.595057
0.235659 0.594482
0.235759 0.594482
0.235858 0.594051
0.235958 0.593620
0.236057 0.593332
0.236157 0.593189
0.236257 0.592901
0.236356 0.592901
0.236456 0.592614
0.236555 0.592614
0.236655 0.592470
0.236754 0.592326
0.236854 0.592326
0.236953 0.592326
0.237053 0.591752
0.237153 0.591608
0.237252 0.591177
0.237352 0.591177
0.237451 0.590746
0.237551 0.590746
0.237650 0.590315
0.237750 0.590315
0.237850 0.590027
0.237949 0.589740
0.238049 0.589596
0.238148 0.589309
0.238248 0.588878
0.238347 0.588590
0.238447 0.588447
0.238546 0.588447
0.238646 0.588159
0.238746 0.588016
0.238845 0.587728
0.238945 0.587728
0.239044 0.587441
0.239144 0.587441
0.239243 0.587153
0.239343 0.587153
0.239443 0.586722
0.239542 0.586579
0.239642 0.586579
0.239741 0.586579
0.239841 0.586579
0.239940 0.586579
0.240040 0.586291
0.240140 0.586004
0.240239 0.585716
0.240339 0.585429
0.240438 0.584998
0.240538 0.584998
0.240637 0.584710
0.240737 0.584567
0.240836 0.584423
0.240936 0.583992
0.241036 0.583848
0.241135 0.583848
0.241235 0.583705
0.241334 0.583561
0.241434 0.583417
0.241533 0.583273
0.241633 0.583273
0.241733 0.583130
0.241832 0.583130
0.241932 0.583130
0.242031 0.583130
0.242131 0.583130
0.242230 0.582986
0.242330 0.582699
0.242429 0.582699
0.242529 0.582555
0.242629 0.582268
0.242728 0.582124
0.242828 0.581836
0.242927 0.581405
0.243027 0.581262
0.243126 0.581262
0.243226 0.581262
0.243326 0.581118
0.243425 0.580974
0.243525 0.580687
0.243624 0.580543
0.243724 0.580543
0.243823 0.580399
0.243923 0.579825
0.244022 0.579825
0.244122 0.579537
0.244222 0.579106
0.244321 0.578675
0.244421 0.578531
0.244520 0.578388
0.244620 0.577957
0.244719 0.577669
0.244819 0.577382
0.244919 0.577238
0.245018 0.576807
0.245118 0.576807
0.245217 0.576376
0.245317 0.576232
0.245416 0.576089
0.245516 0.575945
0.245616 0.575657
0.245715 0.575657
0.245815 0.575657
0.245914 0.575514
0.246014 0.575514
0.246113 0.575514
0.246213 0.575370
0.246312 0.575083
0.246412 0.574652
0.246512 0.574652
0.246611 0.574220
0.246711 0.574077
0.246810 0.573933
0.246910 0.573933
0.247009 0.573646
0.247109 0.573358
0.247209 0.573215
0.247308 0.573215
0.247408 0.573071
0.247507 0.573071
0.247607 0.572927
0.247706 0.572783
0.247806 0.572783
0.247905 0.572783
0.248005 0.572783
0.248105 0.572209
0.248204 0.572065
0.248304 0.571490
0.248403 0.570915
0.248503 0.570772
0.248602 0.570628
0.248702 0.570484
0.248802 0.570341
0.248901 0.570197
0.249001 0.570053
0.249100 0.569766
0.249200 0.569622
0.249299 0.569335
0.249399 0.569191
0.249498 0.569191
0.249598 0.569047
0.249698 0.569047
0.249797 0.568904
0.249897 0.568616
0.249996 0.568329
0.250096 0.568185
0.250195 0.568041
0.250295 0.568041
0.250395 0.567754
0.250494 0.567467
0.250594 0.567323
0.250693 0.566892
0.250793 0.566461
0.250892 0.566461
0.250992 0.566173
0.251092 0.566173
0.251191 0.566030
0.251291 0.565742
0.251390 0.565599
0.251490 0.565167
0.251589 0.565167
0.251689 0.565024
0.251788 0.564880
0.251888 0.564880
0.251988 0.564736
0.252087 0.564593
0.252187 0.564305
0.252286 0.563874
0.252386 0.563730
0.252485 0.563299
0.252585 0.563012
0.252685 0.563012
0.252784 0.563012
0.252884 0.562293
0.252983 0.562006
0.253083 0.561862
0.253182 0.561431
0.253282 0.561144
0.253381 0.560856
0.253481 0.560856
0.253581 0.560713
0.253680 0.560425
0.253780 0.560138
0.253879 0.560138
0.253979 0.559707
0.254078 0.559563
0.254178 0.559563
0.254278 0.559276
0.254377 0.559276
0.254477 0.559276
0.254576 0.559276
0.254676 0.559132
0.254775 0.559132
0.254875 0.558988
0.254974 0.558557
0.255074 0.558414
0.255174 0.558126
0.255273 0.558126
0.255373 0.558126
0.255472 0.557982
0.255572 0.557982
0.255671 0.557982
0.255771 0.557839
0.255871 0.557408
0.255970 0.557264
0.256070 0.557120
0.256169 0.556977
0.256269 0.556689
0.256368 0.556689
0.256468 0.556258
0.256568 0.556114
0.256667 0.555827
0.256767 0.555683
0.256866 0.555396
0.256966 0.554965
0.257065 0.554821
0.257165 0.554677
0.257264 0.554103
0.257364 0.553959
0.257464 0.553672
0.257563 0.553240
0.257663 0.552953
0.257762 0.552953
0.257862 0.552666
0.257961 0.552378
0.258061 0.552091
0.258161 0.552091
0.258260 0.551947
0.258360 0.551947
0.258459 0.551947
0.258559 0.551947
0.258658 0.551516
0.258758 0.551372
0.258857 0.551229
0.258957 0.550941
0.259057 0.550941
0.259156 0.550654
0.259256 0.550654
0.259355 0.550366
0.259455 0.550366
0.259554 0.550223
0.259654 0.550223
0.259754 0.550079
0.259853 0.549648
0.259953 0.549361
0.260052 0.549073
0.260152 0.549073
0.260251 0.548786
0.260351 0.548786
0.260450 0.548786
0.260550 0.548355
0.260650 0.547780
0.260749 0.547492
0.260849 0.547492
0.260948 0.547349
0.261048 0.547205
0.261147 0.546918
0.261247 0.546774
0.261347 0.546630
0.261446 0.546199
0.261546 0.546199
0.261645 0.546055
0.261745 0.545768
0.261844 0.545481
0.261944 0.545481
0.262043 0.545337
0.262143 0.545337
0.262243 0.545193
0.262342 0.544475
0.262442 0.544475
0.262541 0.544475
0.262641 0.544044
0.262740 0.543900
0.262840 0.543900
0.262940 0.543613
0.263039 0.543469
0.263139 0.543325
0.263238 0.543038
0.263338 0.543038
0.263437 0.543038
0.263537 0.542894
0.263637 0.542607
0.263736 0.542319
0.263836 0.542319
0.263935 0.542319
0.264035 0.542319
0.264134 0.542176
0.264234 0.542176
0.264333 0.542032
0.264433 0.542032
0.264533 0.541888
0.264632 0.541745
0.264732 0.541313
0.264831 0.541026
0.264931 0.541026
0.265030 0.540882
0.265130 0.540882
0.265230 0.540882
0.265329 0.540739
0.265429 0.540451
0.265528 0.540308
0.265628 0.540020
0.265727 0.539876
0.265827 0.539876
0.265926 0.539876
0.266026 0.539733
0.266126 0.539733
0.266225 0.539589
0.266325 0.539445
0.266424 0.539302
0.266524 0.538871
0.266623 0.538439
0.266723 0.538296
0.266823 0.538152
0.266922 0.538152
0.267022 0.538152
0.267121 0.537865
0.267221 0.537721
0.267320 0.537290
0.267420 0.537002
0.267519 0.536715
0.267619 0.536428
0.267719 0.536428
0.267818 0.536284
0.267918 0.535422
0.268017 0.535422
0.268117 0.535422
0.268216 0.535278
0.268316 0.534991
0.268416 0.534847
0.268515 0.534703
0.268615 0.534560
0.268714 0.534560
0.268814 0.534416
0.268913 0.534128
0.269013 0.534128
0.269113 0.534128
0.269212 0.533985
0.269312 0.533841
0.269411 0.533841
0.269511 0.533841
0.269610 0.533697
0.269710 0.533410
0.269809 0.533410
0.269909 0.533410
0.270009 0.533266
0.270108 0.533123
0.270208 0.532835
0.270307 0.532835
0.270407 0.532691
0.270506 0.532548
0.270606 0.532404
0.270706 0.532260
0.270805 0.532117
0.270905 0.531973
0.271004 0.531829
0.271104 0.531829
0.271203 0.531829
0.271303 0.531686
0.271402 0.531686
0.271502 0.531111
0.271602 0.530967
0.271701 0.530680
0.271801 0.530680
0.271900 0.530536
0.272000 0.530392
0.272099 0.530105
0.272199 0.529961
0.272299 0.529818
0.272398 0.529674
0.272498 0.529386
0.272597 0.529099
0.272697 0.528812
0.272796 0.528381
0.272896 0.528237
0.272995 0.527949
0.273095 0.527662
0.273195 0.527518
0.273294 0.527518
0.273394 0.527231
0.273493 0.527231
0.273593 0.526800
0.273692 0.526800
0.273792 0.526369
0.273892 0.526225
0.273991 0.526081
0.274091 0.525938
0.274190 0.525938
0.274290 0.525938
0.274389 0.525650
0.274489 0.525363
0.274589 0.525075
0.274688 0.524788
0.274788 0.524357
0.274887 0.524213
0.274987 0.523926
0.275086 0.523926
0.275186 0.523782
0.275285 0.523495
0.275385 0.523207
0.275485 0.523064
0.275584 0.522776
0.275684 0.522776
0.275783 0.522776
0.275883 0.522345
0.275982 0.522345
0.276082 0.521914
0.276182 0.521483
0.276281 0.521339
0.276381 0.521339
0.276480 0.521196
0.276580 0.521052
0.276679 0.520764
0.276779 0.520477
0.276878 0.520477
0.276978 0.520190
0.277078 0.520190
0.277177 0.520190
0.277277 0.520190
0.277376 0.519902
0.277476 0.519902
0.277575 0.519615
0.277675 0.519184
0.277775 0.519184
0.277874 0.519040
0.277974 0.519040
0.278073 0.518753
0.278173 0.518465
0.278272 0.518322
0.278372 0.518322
0.278471 0.518034
0.278571 0.518034
0.278671 0.517459
0.278770 0.517459
0.278870 0.517316
0.278969 0.516885
0.279069 0.516310
0.279168 0.516166
0.279268 0.516022
0.279368 0.515591
0.279467 0.515591
0.279567 0.515591
0.279666 0.515591
0.279766 0.515591
0.279865 0.515160
0.279965 0.515160
0.280065 0.514729
0.280164 0.514729
0.280264 0.514729
0.280363 0.514442
0.280463 0.514442
0.280562 0.514154
0.280662 0.513867
0.280761 0.513580
0.280861 0.513436
0.280961 0.513436
0.281060 0.513148
0.281160 0.513005
0.281259 0.512574
0.281359 0.512430
0.281458 0.512286
0.281558 0.512286
0.281658 0.512286
0.281757 0.512143
0.281857 0.511999
0.281956 0.511855
0.282056 0.511855
0.282155 0.511855
0.282255 0.511855
0.282354 0.511711
0.282454 0.511711
0.282554 0.511711
0.282653 0.511424
0.282753 0.510993
0.282852 0.510993
0.282952 0.510993
0.283051 0.510706
0.283151 0.510706
0.283251 0.510706
0.283350 0.510418
0.283450 0.510418
0.283549 0.510131
0.283649 0.510131
0.283748 0.510131
0.283848 0.510131
0.283947 0.509987
0.284047 0.509556
0.284147 0.509556
0.284246 0.508981
0.284346 0.508694
0.284445 0.508694
0.284545 0.508406
0.284644 0.508119
0.284744 0.507975
0.284844 0.507975
0.284943 0.507832
0.285043 0.507832
0.285142 0.507688
0.285242 0.507257
0.285341 0.507257
0.285441 0.506969
0.285541 0.506826
0.285640 0.506682
0.285740 0.506395
0.285839 0.506395
0.285939 0.506251
0.286038 0.506251
0.286138 0.506107
0.286237 0.506107
0.286337 0.505820
0.286437 0.505820
0.286536 0.505532
0.286636 0.505532
0.286735 0.505389
0.286835 0.505245
0.286934 0.504670
0.287034 0.504383
0.287134 0.504239
0.287233 0.504239
0.287333 0.504239
0.287432 0.503521
0.287532 0.503377
0.287631 0.503090
0.287731 0.502802
0.287830 0.502802
0.287930 0.502802
0.288030 0.502658
0.288129 0.502515
0.288229 0.502371
0.288328 0.502227
0.288428 0.502084
0.288527 0.501940
0.288627 0.501796
0.288727 0.501653
0.288826 0.501509
0.288926 0.501365
0.289025 0.501365
0.289125 0.501365
0.289224 0.501078
0.289324 0.500934
0.289423 0.500503
0.289523 0.500359
0.289623 0.500359
0.289722 0.499928
0.289822 0.499497
0.289921 0.499353
0.290021 0.499210
0.290120 0.498922
0.290220 0.498779
0.290320 0.498779
0.290419 0.498491
0.290519 0.498204
0.290618 0.498204
0.290718 0.498204
0.290817 0.498204
0.290917 0.497916
0.291017 0.497773
0.291116 0.497485
0.291216 0.497485
0.291315 0.497198
0.291415 0.497054
0.291514 0.496910
0.291614 0.496479
0.291713 0.496192
0.291813 0.495905
0.291913 0.495905
0.292012 0.495761
0.292112 0.495617
0.292211 0.495186
0.292311 0.494755
0.292410 0.494755
0.292510 0.494611
0.292610 0.494611
0.292709 0.494468
0.292809 0.494036
0.292908 0.494036
0.293008 0.493749
0.293107 0.493749
0.293207 0.493749
0.293306 0.493749
0.293406 0.493605
0.293506 0.493605
0.293605 0.493605
0.293705 0.493318
0.293804 0.493031
0.293904 0.493031
0.294003 0.492743
0.294103 0.492743
0.294203 0.492743
0.294302 0.492600
0.294402 0.492456
0.294501 0.492025
0.294601 0.492025
0.294700 0.491737
0.294800 0.491737
0.294899 0.491450
0.294999 0.491163
0.295099 0.491163
0.295198 0.491163
0.295298 0.490875
0.295397 0.490875
0.295497 0.490731
0.295596 0.490300
0.295696 0.490157
0.295796 0.490013
0.295895 0.489869
0.295995 0.489726
0.296094 0.489582
0.296194 0.489294
0.296293 0.489151
0.296393 0.488576
0.296493 0.488145
0.296592 0.488001
0.296692 0.487570
0.296791 0.487139
0.296891 0.486995
0.296990 0.486852
0.297090 0.486708
0.297189 0.486420
0.297289 0.485989
0.297389 0.485846
0.297488 0.485846
0.297588 0.485846
0.297687 0.485702
0.297787 0.485558
0.297886 0.484983
0.297986 0.484552
0.298086 0.484409
0.298185 0.484409
0.298285 0.484265
0.298384 0.484265
0.298484 0.484265
0.298583 0.483978
0.298683 0.483403
0.298782 0.483403
0.298882 0.483259
0.298982 0.483115
0.299081 0.483115
0.299181 0.482828
0.299280 0.482684
0.299380 0.482684
0.299479 0.482541
0.299579 0.482397
0.299679 0.482397
0.299778 0.481822
0.299878 0.481535
0.299977 0.481535
0.300077 0.481247
0.300176 0.480960
0.300276 0.480960
0.300375 0.480960
0.300475 0.480816
0.300575 0.480673
0.300674 0.480385
0.300774 0.480385
0.300873 0.480385
0.300973 0.480241
0.301072 0.480241
0.301172 0.479954
0.301272 0.479379
0.301371 0.478804
0.301471 0.478804
0.301570 0.478804
0.301670 0.478373
0.301769 0.478373
0.301869 0.478230
0.301968 0.478086
0.302068 0.478086
0.302168 0.477799
0.302267 0.477799
0.302367 0.477655
0.302466 0.477655
0.302566 0.477367
0.302665 0.477224
0.302765 0.476936
0.302865 0.476649
0.302964 0.476649
0.303064 0.476505
0.303163 0.476362
0.303263 0.476362
0.303362 0.476218
0.303462 0.476074
0.303562 0.475930
0.303661 0.475930
0.303761 0.475930
0.303860 0.475787
0.303960 0.475787
0.304059 0.475499
0.304159 0.475212
0.304258 0.475068
0.304358 0.475068
0.304458 0.474925
0.304557 0.474925
0.304657 0.474781
0.304756 0.474637
0.304856 0.474637
0.304955 0.474350
0.305055 0.474206
0.305155 0.474206
0.305254 0.474062
0.305354 0.473775
0.305453 0.473775
0.305553 0.473775
0.305652 0.473775
0.305752 0.473631
0.305851 0.473200
0.305951 0.472769
0.306051 0.472769
0.306150 0.472625
0.306250 0.472338
0.306349 0.472194
0.306449 0.472194
0.306548 0.472051
0.306648 0.471763
0.306748 0.471763
0.306847 0.471619
0.306947 0.471332
0.307046 0.471188
0.307146 0.471188
0.307245 0.471045
0.307345 0.470901
0.307444 0.470901
0.307544 0.470901
0.307644 0.470757
0.307743 0.470757
0.307843 0.470614
0.307942 0.470614
0.308042 0.470470
0.308141 0.470470
0.308241 0.470326
0.308341 0.470182
0.308440 0.469895
0.308540 0.469608
0.308639 0.469464
0.308739 0.469464
0.308838 0.469464
0.308938 0.469464
0.309038 0.469320
0.309137 0.469320
0.309237 0.469033
0.309336 0.468889
0.309436 0.468889
0.309535 0.468602
0.309635 0.468602
0.309734 0.468602
0.309834 0.468602
0.309934 0.468458
0.310033 0.468314
0.310133 0.468171
0.310232 0.468027
0.310332 0.468027
0.310431 0.467883
0.310531 0.467883
0.310631 0.467740
0.310730 0.467740
0.310830 0.467596
0.310929 0.467309
0.311029 0.467165
0.311128 0.466877
0.311228 0.466734
0.311327 0.466734
0.311427 0.466590
0.311527 0.466590
0.311626 0.466303
0.311726 0.465584
0.311825 0.465584
0.311925 0.465297
0.312024 0.465153
0.312124 0.465009
0.312224 0.464866
0.312323 0.464722
0.312423 0.464722
0.312522 0.464435
0.312622 0.464291
0.312721 0.463860
0.312821 0.463860
0.312920 0.463860
0.313020 0.463860
0.313120 0.463860
0.313219 0.463860
0.313319 0.463860
0.313418 0.463716
0.313518 0.463572
0.313617 0.463572
0.313717 0.463572
0.313817 0.463572
0.313916 0.463429
0.314016 0.463429
0.314115 0.463141
0.314215 0.463141
0.314314 0.462854
0.314414 0.462566
0.314514 0.462566
0.314613 0.462423
0.314713 0.462279
0.314812 0.462135
0.314912 0.461992
0.315011 0.461992
0.315111 0.461992
0.315210 0.461704
0.315310 0.461561
0.315410 0.461417
0.315509 0.461129
0.315609 0.460698
0.315708 0.460555
0.315808 0.460555
0.315907 0.460555
0.316007 0.460555
0.316107 0.460555
0.316206 0.460267
0.316306 0.460124
0.316405 0.460124
0.316505 0.459980
0.316604 0.459836
0.316704 0.459836
0.316803 0.459692
0.316903 0.459405
0.317003 0.459118
0.317102 0.458974
0.317202 0.458974
0.317301 0.458687
0.317401 0.458543
0.317500 0.458399
0.317600 0.458255
0.317700 0.458112
0.317799 0.458112
0.317899 0.458112
0.317998 0.458112
0.318098 0.458112
0.318197 0.457681
0.318297 0.457393
0.318396 0.457250
0.318496 0.457106
0.318596 0.457106
0.318695 0.457106
0.318795 0.457106
0.318894 0.456962
0.318994 0.456531
0.319093 0.456387
0.319193 0.456387
0.319293 0.456100
0.319392 0.456100
0.319492 0.455956
0.319591 0.455956
0.319691 0.455813
0.319790 0.455669
0.319890 0.455669
0.319990 0.455525
0.320089 0.455525
0.320189 0.455094
0.320288 0.454807
0.320388 0.454663
0.320487 0.454088
0.320587 0.454088
0.320686 0.453945
0.320786 0.453657
0.320886 0.453513
0.320985 0.453513
0.321085 0.453082
0.321184 0.453082
0.321284 0.452939
0.321383 0.452939
0.321483 0.452939
0.321583 0.452939
0.321682 0.452651
0.321782 0.452508
0.321881 0.452508
0.321981 0.452220
0.322080 0.452220
0.322180 0.452076
0.322279 0.451789
0.322379 0.451358
0.322479 0.451358
0.322578 0.451071
0.322678 0.451071
0.322777 0.450783
0.322877 0.450783
0.322976 0.450783
0.323076 0.450639
0.323176 0.450639
0.323275 0.450639
0.323375 0.450352
0.323474 0.450208
0.323574 0.450065
0.323673 0.449777
0.323773 0.449777
0.323872 0.449777
0.323972 0.449777
0.324072 0.449777
0.324171 0.449777
0.324271 0.449777
0.324370 0.449777
0.324470 0.449490
0.324569 0.449346
0.324669 0.449059
0.324769 0.448915
0.324868 0.448771
0.324968 0.448628
0.325067 0.448628
0.325167 0.448628
0.325266 0.448484
0.325366 0.448340
0.325466 0.448197
0.325565 0.448197
0.325665 0.447909
0.325764 0.447765
0.325864 0.447622
0.325963 0.447622
0.326063 0.447191
0.326162 0.447191
0.326262 0.447047
0.326362 0.446472
0.326461 0.446185
0.326561 0.446041
0.326660 0.445897
0.326760 0.445897
0.326859 0.445897
0.326959 0.445610
0.327059 0.445323
0.327158 0.444892
0.327258 0.444748
0.327357 0.444460
0.327457 0.444317
0.327556 0.444029
0.327656 0.444029
0.327755 0.443886
0.327855 0.443598
0.327955 0.443167
0.328054 0.442880
0.328154 0.442305
0.328253 0.442305
0.328353 0.442018
0.328452 0.442018
0.328552 0.441874
0.328652 0.441874
0.328751 0.441586
0.328851 0.441443
0.328950 0.441155
0.329050 0.441155
0.329149 0.441155
0.329249 0.441155
0.329348 0.441155
0.329448 0.441012
0.329548 0.441012
0.329647 0.440724
0.329747 0.440437
0.329846 0.440293
0.329946 0.440293
0.330045 0.440293
0.330145 0.439862
0.330245 0.439718
0.330344 0.439575
0.330444 0.439431
0.330543 0.439287
0.330643 0.439287
0.330742 0.439144
0.330842 0.439000
0.330942 0.439000
0.331041 0.439000
0.331141 0.438712
0.331240 0.438425
0.331340 0.438138
0.331439 0.438138
0.331539 0.437850
0.331638 0.437707
0.331738 0.437707
0.331838 0.437563
0.331937 0.437563
0.332037 0.437419
0.332136 0.437275
0.332236 0.437275
0.332335 0.437275
0.332435 0.437275
0.332535 0.437132
0.332634 0.436988
0.332734 0.436701
0.332833 0.436413
0.332933 0.436413
0.333032 0.436270
0.333132 0.436270
0.333231 0.436270
0.333331 0.436270
0.333431 0.436270
0.333530 0.436270
0.333630 0.436126
0.333729 0.435982
0.333829 0.435551
0.333928 0.435551
0.334028 0.435551
0.334128 0.435264
0.334227 0.435264
0.334327 0.435120
0.334426 0.435120
0.334526 0.435120
0.334625 0.435120
0.334725 0.434976
0.334824 0.434976
0.334924 0.434833
0.335024 0.434833
0.335123 0.434833
0.335223 0.434833
0.335322 0.434833
0.335422 0.433970
0.335521 0.433683
0.335621 0.433396
0.335721 0.433396
0.335820 0.433396
0.335920 0.433396
0.336019 0.433396
0.336119 0.432965
0.336218 0.432965
0.336318 0.432965
0.336418 0.432821
0.336517 0.432677
0.336617 0.432390
0.336716 0.432102
0.336816 0.431959
0.336915 0.431959
0.337015 0.431815
0.337114 0.431671
0.337214 0.431240
0.337314 0.431096
0.337413 0.430953
0.337513 0.430953
0.337612 0.430809
0.337712 0.430665
0.337811 0.430665
0.337911 0.430378
0.338011 0.430234
0.338110 0.430234
0.338210 0.430091
0.338309 0.430091
0.338409 0.429803
0.338508 0.429659
0.338608 0.429659
0.338707 0.429516
0.338807 0.429516
0.338907 0.429228
0.339006 0.429085
0.339106 0.429085
0.339205 0.428941
0.339305 0.428797
0.339404 0.428797
0.339504 0.428510
0.339604 0.428510
0.339703 0.428510
0.339803 0.428510
0.339902 0.428510
0.340002 0.428366
0.340101 0.428366
0.340201 0.428366
0.340300 0.428222
0.340400 0.428222
0.340500 0.428079
0.340599 0.427935
0.340699 0.427935
0.340798 0.427935
0.340898 0.427791
0.340997 0.427791
0.341097 0.427504
0.341197 0.427360
0.341296 0.427217
0.341396 0.427217
0.341495 0.427217
0.341595 0.427073
0.341694 0.426929
0.341794 0.426785
0.341893 0.426642
0.341993 0.426642
0.342093 0.426642
0.342192 0.426642
0.342292 0.426498
0.342391 0.426211
0.342491 0.425923
0.342590 0.425492
0.342690 0.425348
0.342790 0.425348
0.342889 0.425348
0.342989 0.425348
0.343088 0.425205
0.343188 0.424917
0.343287 0.424917
0.343387 0.424630
0.343487 0.424486
0.343586 0.424343
0.343686 0.424343
0.343785 0.424343
0.343885 0.424199
0.343984 0.424199
0.344084 0.424055
0.344183 0.424055
0.344283 0.423911
0.344383 0.423911
0.344482 0.423911
0.344582 0.423911
0.344681 0.423911
0.344781 0.423911
0.344880 0.423768
0.344980 0.423768
0.345080 0.423337
0.345179 0.423337
0.345279 0.423193
0.345378 0.423049
0.345478 0.422762
0.345577 0.422762
0.345677 0.422474
0.345776 0.422474
0.345876 0.422331
0.345976 0.422331
0.346075 0.422043
0.346175 0.421900
0.346274 0.421900
0.346374 0.421900
0.346473 0.421900
0.346573 0.421469
0.346673 0.421325
0.346772 0.421325
0.346872 0.421325
0.346971 0.421325
0.347071 0.421038
0.347170 0.421038
0.347270 0.420894
0.347369 0.420750
0.347469 0.420750
0.347569 0.420606
0.347668 0.420606
0.347768 0.420463
0.347867 0.420463
0.347967 0.420319
0.348066 0.420319
0.348166 0.420319
0.348266 0.419888
0.348365 0.419744
0.348465 0.419601
0.348564 0.419313
0.348664 0.419169
0.348763 0.419026
0.348863 0.418738
0.348963 0.418307
0.349062 0.418164
0.349162 0.418020
0.349261 0.417876
0.349361 0.417876
0.349460 0.417732
0.349560 0.417445
0.349659 0.417445
0.349759 0.417445
0.349859 0.416727
0.349958 0.416727
0.350058 0.416439
0.350157 0.416439
0.350257 0.416295
0.350356 0.416008
0.350456 0.415864
0.350556 0.415721
0.350655 0.415433
0.350755 0.415146
0.350854 0.414858
0.350954 0.414571
0.351053 0.414427
0.351153 0.414140
0.351252 0.414140
0.351352 0.413853
0.351452 0.413853
0.351551 0.413853
0.351651 0.413709
0.351750 0.413709
0.351850 0.413565
0.351949 0.413421
0.352049 0.413278
0.352149 0.413278
0.352248 0.413134
0.352348 0.412990
0.352447 0.412990
0.352547 0.412990
0.352646 0.412847
0.352746 0.412847
0.352845 0.412847
0.352945 0.412847
0.353045 0.412847
0.353144 0.412559
0.353244 0.411984
0.353343 0.411553
0.353443 0.411553
0.353542 0.411266
0.353642 0.411266
0.353742 0.411266
0.353841 0.411266
0.353941 0.411122
0.354040 0.410979
0.354140 0.410691
0.354239 0.410691
0.354339 0.410547
0.354439 0.410547
0.354538 0.410547
0.354638 0.410547
0.354737 0.410404
0.354837 0.410260
0.354936 0.410260
0.355036 0.410116
0.355135 0.409973
0.355235 0.409542
0.355335 0.409542
0.355434 0.409398
0.355534 0.409398
0.355633 0.409398
0.355733 0.409111
0.355832 0.409111
0.355932 0.408967
0.356032 0.408823
0.356131 0.408392
0.356231 0.408248
0.356330 0.408248
0.356430 0.408105
0.356529 0.407674
0.356629 0.407674
0.356728 0.407674
0.356828 0.407242
0.356928 0.407099
0.357027 0.407099
0.357127 0.406668
0.357226 0.406524
0.357326 0.406380
0.357425 0.406093
0.357525 0.406093
0.357625 0.406093
0.357724 0.406093
0.357824 0.406093
0.357923 0.406093
0.358023 0.406093
0.358122 0.405805
0.358222 0.405374
0.358321 0.405231
0.358421 0.405087
0.358521 0.405087
0.358620 0.405087
0.358720 0.404943
0.358819 0.404800
0.358919 0.404656
0.359018 0.404512
0.359118 0.404512
0.359218 0.404512
0.359317 0.404512
0.359417 0.404512
0.359516 0.404368
0.359616 0.404225
0.359715 0.404225
0.359815 0.404081
0.359915 0.404081
0.360014 0.403794
0.360114 0.403794
0.360213 0.403506
0.360313 0.403506
0.360412 0.403363
0.360512 0.403219
0.360611 0.403075
0.360711 0.402644
0.360811 0.402500
0.360910 0.402500
0.361010 0.401926
0.361109 0.401782
0.361209 0.401782
0.361308 0.401638
0.361408 0.401638
0.361508 0.401494
0.361607 0.401207
0.361707 0.401063
0.361806 0.401063
0.361906 0.400632
0.362005 0.400489
0.362105 0.400489
0.362204 0.400057
0.362304 0.400057
0.362404 0.399770
0.362503 0.399626
0.362603 0.399626
0.362702 0.399626
0.362802 0.399626
0.362901 0.399483
0.363001 0.399339
0.363101 0.399195
0.363200 0.399195
0.363300 0.399052
0.363399 0.398764
0.363499 0.398620
0.363598 0.398189
0.363698 0.398189
0.363797 0.397902
0.363897 0.397758
0.363997 0.397615
0.364096 0.397471
0.364196 0.397327
0.364295 0.397327
0.364395 0.397040
0.364494 0.396752
0.364594 0.396609
0.364694 0.396609
0.364793 0.396178
0.364893 0.396178
0.364992 0.396034
0.365092 0.395890
0.365191 0.395890
0.365291 0.395890
0.365391 0.395747
0.365490 0.395459
0.365590 0.395315
0.365689 0.395315
0.365789 0.394884
0.365888 0.394453
0.365988 0.394310
0.366087 0.394310
0.366187 0.393878
0.366287 0.393878
0.366386 0.393735
0.366486 0.393591
0.366585 0.393447
0.366685 0.393304
0.366784 0.393160
0.366884 0.393016
0.366984 0.393016
0.367083 0.392729
0.367183 0.392441
0.367282 0.392298
0.367382 0.392298
0.367481 0.392298
0.367581 0.392154
0.367680 0.392010
0.367780 0.392010
0.367880 0.392010
0.367979 0.391436
0.368079 0.391436
0.368178 0.391436
0.368278 0.391292
0.368377 0.391292
0.368477 0.391004
0.368577 0.390861
0.368676 0.390717
0.368776 0.390717
0.368875 0.390717
0.368975 0.390573
0.369074 0.390573
0.369174 0.390430
0.369273 0.390430
0.369373 0.390430
0.369473 0.390430
0.369572 0.390142
0.369672 0.390142
0.369771 0.389999
0.369871 0.389711
0.369970 0.389711
0.370070 0.389424
0.370170 0.389280
0.370269 0.389280
0.370369 0.389280
0.370468 0.388993
0.370568 0.388705
0.370667 0.388705
0.370767 0.388418
0.370867 0.388274
0.370966 0.388130
0.371066 0.388130
0.371165 0.387843
0.371265 0.387843
0.371364 0.387412
0.371464 0.387268
0.371563 0.387268
0.371663 0.387125
0.371763 0.387125
0.371862 0.387125
0.371962 0.386981
0.372061 0.386981
0.372161 0.386693
0.372260 0.386693
0.372360 0.386550
0.372460 0.385975
0.372559 0.385688
0.372659 0.385400
0.372758 0.385400
0.372858 0.385257
0.372957 0.385257
0.373057 0.385113
0.373156 0.384825
0.373256 0.384538
0.373356 0.384107
0.373455 0.383963
0.373555 0.383963
0.373654 0.383963
0.373754 0.383963
0.373853 0.383963
0.373953 0.383820
0.374053 0.383388
0.374152 0.383245
0.374252 0.383245
0.374351 0.383101
0.374451 0.382957
0.374550 0.382814
0.374650 0.382526
0.374749 0.382383
0.374849 0.382383
0.374949 0.382383
0.375048 0.382095
0.375148 0.381808
0.375247 0.381664
0.375347 0.381520
0.375446 0.381520
0.375546 0.381377
0.375646 0.381233
0.375745 0.381233
0.375845 0.381233
0.375944 0.381089
0.376044 0.380802
0.376143 0.380658
0.376243 0.380083
0.376343 0.379940
0.376442 0.379796
0.376542 0.379652
0.376641 0.379652
0.376741 0.379509
0.376840 0.379509
0.376940 0.379365
0.377039 0.379077
0.377139 0.379077
0.377239 0.378790
0.377338 0.378790
0.377438 0.378790
0.377537 0.378790
0.377637 0.378790
0.377736 0.378215
0.377836 0.378215
0.377936 0.378215
0.378035 0.378072
0.378135 0.378072
0.378234 0.377784
0.378334 0.377640
0.378433 0.377640
0.378533 0.377640
0.378632 0.377353
0.378732 0.377209
0.378832 0.377209
0.378931 0.377066
0.379031 0.376778
0.379130 0.376778
0.379230 0.376778
0.379329 0.376778
0.379429 0.376635
0.379529 0.376491
0.379628 0.376347
0.379728 0.376203
0.379827 0.376060
0.379927 0.376060
0.380026 0.376060
0.380126 0.375916
0.380225 0.375916
0.380325 0.375772
0.380425 0.375772
0.380524 0.375629
0.380624 0.375341
0.380723 0.375198
0.380823 0.375198
0.380922 0.375198
0.381022 0.375054
0.381122 0.375054
0.381221 0.374623
0.381321 0.374479
0.381420 0.374335
0.381520 0.374335
0.381619 0.374192
0.381719 0.373904
0.381818 0.373904
0.381918 0.373617
0.382018 0.373473
0.382117 0.373473
0.382217 0.373473
0.382316 0.373186
0.382416 0.373042
0.382515 0.372755
0.382615 0.372467
0.382715 0.372324
0.382814 0.372324
0.382914 0.372324
0.383013 0.372180
0.383113 0.372180
0.383212 0.372036
0.383312 0.371893
0.383412 0.371605
0.383511 0.371318
0.383611 0.371174
0.383710 0.371030
0.383810 0.370743
0.383909 0.370456
0.384009 0.370456
0.384108 0.370312
0.384208 0.369881
0.384308 0.369881
0.384407 0.369737
0.384507 0.369737
0.384606 0.369306
0.384706 0.369306
0.384805 0.369306
0.384905 0.369019
0.385005 0.369019
0.385104 0.369019
0.385204 0.369019
0.385303 0.369019
0.385403 0.368875
0.385502 0.368731
0.385602 0.368731
0.385701 0.368444
0.385801 0.368300
0.385901 0.368013
0.386000 0.367725
0.386100 0.367438
0.386199 0.367438
0.386299 0.367438
0.386398 0.367294
0.386498 0.367294
0.386598 0.367150
0.386697 0.367007
0.386797 0.366719
0.386896 0.366576
0.386996 0.366576
0.387095 0.366576
0.387195 0.366576
0.387294 0.366432
0.387394 0.366288
0.387494 0.366001
0.387593 0.366001
0.387693 0.366001
0.387792 0.365713
0.387892 0.365713
0.387991 0.365713
0.388091 0.365570
0.388191 0.365570
0.388290 0.365426
0.388390 0.365139
0.388489 0.364995
0.388589 0.364851
0.388688 0.364851
0.388788 0.364851
0.388888 0.364851
0.388987 0.364708
0.389087 0.364708
0.389186 0.364420
0.389286 0.364420
0.389385 0.364420
0.389485 0.363989
0.389584 0.363845
0.389684 0.363558
0.389784 0.363414
0.389883 0.363271
0.389983 0.363271
0.390082 0.362983
0.390182 0.362983
0.390281 0.362552
0.390381 0.362552
0.390481 0.362408
0.390580 0.362265
0.390680 0.362265
0.390779 0.362121
0.390879 0.362121
0.390978 0.362121
0.391078 0.361977
0.391177 0.361834
0.391277 0.361690
0.391377 0.361546
0.391476 0.361403
0.391576 0.360971
0.391675 0.360828
0.391775 0.360684
0.391874 0.360397
0.391974 0.360397
0.392074 0.360397
0.392173 0.360397
0.392273 0.360109
0.392372 0.359966
0.392472 0.359966
0.392571 0.359678
0.392671 0.359534
0.392770 0.359534
0.392870 0.359534
0.392970 0.359247
0.393069 0.358960
0.393169 0.358816
0.393268 0.358816
0.393368 0.358816
0.393467 0.358816
0.393567 0.358672
0.393667 0.358241
0.393766 0.357954
0.393866 0.357810
0.393965 0.357810
0.394065 0.357523
0.394164 0.357235
0.394264 0.357092
0.394364 0.357092
0.394463 0.357092
0.394563 0.356948
0.394662 0.356948
0.394762 0.356948
0.394861 0.356948
0.394961 0.356804
0.395060 0.356660
0.395160 0.356517
0.395260 0.356517
0.395359 0.356517
0.395459 0.356517
0.395558 0.356373
0.395658 0.356229
0.395757 0.356229
0.395857 0.356086
0.395957 0.356086
0.396056 0.355942
0.396156 0.355798
0.396255 0.355511
0.396355 0.355367
0.396454 0.355367
0.396554 0.355367
0.396653 0.355367
0.396753 0.355223
0.396853 0.354505
0.396952 0.354218
0.397052 0.354218
0.397151 0.354218
0.397251 0.354218
0.397350 0.354074
0.397450 0.354074
0.397550 0.353930
0.397649 0.353643
0.397749 0.353499
0.397848 0.353499
0.397948 0.353499
0.398047 0.353499
0.398147 0.353355
0.398246 0.353355
0.398346 0.353355
0.398446 0.353355
0.398545 0.353212
0.398645 0.353212
0.398744 0.353212
0.398844 0.353068
0.398943 0.353068
0.399043 0.352781
0.399143 0.352781
0.399242 0.352781
0.399342 0.352493
0.399441 0.352493
0.399541 0.352493
0.399640 0.352206
0.399740 0.352206
0.399840 0.351918
0.399939 0.351775
0.400039 0.351631
0.400138 0.351487
0.400238 0.351200
0.400337 0.351200
0.400437 0.351200
0.400536 0.350912
0.400636 0.350625
0.400736 0.350481
0.400835 0.350481
0.400935 0.350481
0.401034 0.350338
0.401134 0.349763
0.401233 0.349619
0.401333 0.349475
0.401433 0.349475
0.401532 0.349475
0.401632 0.349475
0.401731 0.349332
0.401831 0.349188
0.401930 0.349188
0.402030 0.348901
0.402129 0.348613
0.402229 0.348613
0.402329 0.348613
0.402428 0.348613
0.402528 0.348326
0.402627 0.348326
0.402727 0.348182
0.402826 0.348039
0.402926 0.347895
0.403026 0.347607
0.403125 0.347607
0.403225 0.347464
0.403324 0.347320
0.403424 0.347320
0.403523 0.347320
0.403623 0.347320
0.403722 0.347176
0.403822 0.347033
0.403922 0.346745
0.404021 0.346745
0.404121 0.346458
0.404220 0.346458
0.404320 0.346314
0.404419 0.346314
0.404519 0.346170
0.404619 0.346170
0.404718 0.345739
0.404818 0.345596
0.404917 0.345596
0.405017 0.345308
0.405116 0.345165
0.405216 0.345165
0.405316 0.344590
0.405415 0.344446
0.405515 0.344446
0.405614 0.344302
0.405714 0.344302
0.405813 0.344302
0.405913 0.344302
0.406012 0.344159
0.406112 0.344015
0.406212 0.343584
0.406311 0.343440
0.406411 0.343296
0.406510 0.342578
0.406610 0.342291
0.406709 0.341859
0.406809 0.341859
0.406909 0.341572
0.407008 0.341572
0.407108 0.341572
0.407207 0.341572
0.407307 0.341285
0.407406 0.340854
0.407506 0.340854
0.407605 0.340710
0.407705 0.340710
0.407805 0.340710
0.407904 0.340710
0.408004 0.340710
0.408103 0.340422
0.408203 0.340422
0.408302 0.340422
0.408402 0.340135
0.408502 0.339848
0.408601 0.339848
0.408701 0.339848
0.408800 0.339848
0.408900 0.339560
0.408999 0.339560
0.409099 0.339273
0.409198 0.339273
0.409298 0.339273
0.409398 0.339273
0.409497 0.339129
0.409597 0.338842
0.409696 0.338411
0.409796 0.338267
0.409895 0.338123
0.409995 0.337980
0.410095 0.337980
0.410194 0.337980
0.410294 0.337692
0.410393 0.337548
0.410493 0.337548
0.410592 0.337405
0.410692 0.337405
0.410792 0.337261
0.410891 0.337261
0.410991 0.337117
0.411090 0.337117
0.411190 0.336830
0.411289 0.336830
0.411389 0.336830
0.411488 0.336830
0.411588 0.336543
0.411688 0.336543
0.411787 0.336543
0.411887 0.336112
0.411986 0.336112
0.412086 0.335968
0.412185 0.335824
0.412285 0.335824
0.412385 0.335537
0.412484 0.335106
0.412584 0.335106
0.412683 0.335106
0.412783 0.335106
0.412882 0.334962
0.412982 0.334962
0.413081 0.334818
0.413181 0.334531
0.413281 0.334531
0.413380 0.334531
0.413480 0.334531
0.413579 0.334387
0.413679 0.334387
0.413778 0.334387
0.413878 0.334387
0.413978 0.334387
0.414077 0.334387
0.414177 0.334243
0.414276 0.334243
0.414376 0.334243
0.414475 0.334100
0.414575 0.333812
0.414674 0.333812
0.414774 0.333669
0.414874 0.333381
0.414973 0.333094
0.415073 0.333094
0.415172 0.332806
0.415272 0.332519
0.415371 0.332519
0.415471 0.332375
0.415571 0.332232
0.415670 0.332088
0.415770 0.331944
0.415869 0.331944
0.415969 0.331944
0.416068 0.331801
0.416168 0.331513
0.416268 0.331369
0.416367 0.331369
0.416467 0.331226
0.416566 0.331082
0.416666 0.330938
0.416765 0.330938
0.416865 0.330938
0.416964 0.330938
0.417064 0.330938
0.417164 0.330651
0.417263 0.330507
0.417363 0.330364
0.417462 0.330076
0.417562 0.329932
0.417661 0.329789
0.417761 0.329789
0.417861 0.329789
0.417960 0.329645
0.418060 0.329358
0.418159 0.329214
0.418259 0.329070
0.418358 0.329070
0.418458 0.329070
0.418557 0.329070
0.418657 0.328783
0.418757 0.328783
0.418856 0.328783
0.418956 0.328783
0.419055 0.328783
0.419155 0.328352
0.419254 0.328352
0.419354 0.328208
0.419454 0.328208
0.419553 0.328208
0.419653 0.328208
0.419752 0.327921
0.419852 0.327921
0.419951 0.327921
0.420051 0.327921
0.420150 0.327490
0.420250 0.327490
0.420350 0.327202
0.420449 0.327202
0.420549 0.327058
0.420648 0.326915
0.420748 0.326484
0.420847 0.326484
0.420947 0.326196
0.421047 0.326053
0.421146 0.325909
0.421246 0.325909
0.421345 0.325621
0.421445 0.325621
0.421544 0.325621
0.421644 0.325621
0.421743 0.325478
0.421843 0.325334
0.421943 0.325190
0.422042 0.325190
0.422142 0.325190
0.422241 0.324903
0.422341 0.324759
0.422440 0.324759
0.422540 0.324759
0.422640 0.324759
0.422739 0.324616
0.422839 0.324616
0.422938 0.324472
0.423038 0.324328
0.423137 0.324328
0.423237 0.324041
0.423337 0.323897
0.423436 0.323753
0.423536 0.323610
0.423635 0.323610
0.423735 0.323466
0.423834 0.323466
0.423934 0.323466
0.424033 0.323179
0.424133 0.323035
0.424233 0.322748
0.424332 0.322460
0.424432 0.322173
0.424531 0.322173
0.424631 0.321885
0.424730 0.321742
0.424830 0.321598
0.424930 0.321598
0.425029 0.321598
0.425129 0.321598
0.425228 0.321598
0.425328 0.321598
0.425427 0.321454
0.425527 0.321454
0.425626 0.321311
0.425726 0.321311
0.425826 0.321311
0.425925 0.321023
0.426025 0.320736
0.426124 0.320448
0.426224 0.320448
0.426323 0.320305
0.426423 0.320305
0.426523 0.320305
0.426622 0.320017
0.426722 0.319586
0.426821 0.319586
0.426921 0.319586
0.427020 0.319442
0.427120 0.319155
0.427219 0.318868
0.427319 0.318868
0.427419 0.318724
0.427518 0.318580
0.427618 0.318437
0.427717 0.318437
0.427817 0.318293
0.427916 0.317862
0.428016 0.317718
0.428116 0.317431
0.428215 0.317287
0.428315 0.317143
0.428414 0.317143
0.428514 0.317000
0.428613 0.316856
0.428713 0.316856
0.428813 0.316856
0.428912 0.316856
0.429012 0.316712
0.429111 0.316281
0.429211 0.315850
0.429310 0.315850
0.429410 0.315850
0.429509 0.315850
0.429609 0.315850
0.429709 0.315706
0.429808 0.315563
0.429908 0.315419
0.430007 0.315419
0.430107 0.315419
0.430206 0.315419
0.430306 0.315131
0.430406 0.315131
0.430505 0.315131
0.430605 0.314988
0.430704 0.314844
0.430804 0.314557
0.430903 0.314557
0.431003 0.314413
0.431102 0.314269
0.431202 0.314126
0.431302 0.313982
0.431401 0.313838
0.431501 0.313838
0.431600 0.313838
0.431700 0.313838
0.431799 0.313838
0.431899 0.313838
0.431999 0.313694
0.432098 0.313694
0.432198 0.313263
0.432297 0.313120
0.432397 0.312976
0.432496 0.312832
0.432596 0.312832
0.432695 0.312689
0.432795 0.312545
0.432895 0.312545
0.432994 0.312545
0.433094 0.312545
0.433193 0.312545
0.433293 0.312545
0.433392 0.312114
0.433492 0.311970
0.433592 0.311539
0.433691 0.311539
0.433791 0.311539
0.433890 0.311539
0.433990 0.311539
0.434089 0.311539
0.434189 0.311252
0.434289 0.311108
0.434388 0.310964
0.434488 0.310821
0.434587 0.310821
0.434687 0.310821
0.434786 0.310677
0.434886 0.310677
0.434985 0.310246
0.435085 0.309958
0.435185 0.309671
0.435284 0.309384
0.435384 0.309240
0.435483 0.308952
0.435583 0.308952
0.435682 0.308952
0.435782 0.308809
0.435882 0.308809
0.435981 0.308665
0.436081 0.308521
0.436180 0.308378
0.436280 0.308090
0.436379 0.308090
0.436479 0.307803
0.436578 0.307803
0.436678 0.307803
0.436778 0.307372
0.436877 0.307372
0.436977 0.307228
0.437076 0.307228
0.437176 0.307084
0.437275 0.306941
0.437375 0.306797
0.437475 0.306797
0.437574 0.306797
0.437674 0.306653
0.437773 0.306510
0.437873 0.306510
0.437972 0.306366
0.438072 0.306366
0.438171 0.306222
0.438271 0.306078
0.438371 0.306078
0.438470 0.306078
0.438570 0.305935
0.438669 0.305791
0.438769 0.305791
0.438868 0.305791
0.438968 0.305647
0.439068 0.305647
0.439167 0.305647
0.439267 0.305504
0.439366 0.305360
0.439466 0.305360
0.439565 0.305216
0.439665 0.305216
0.439765 0.305073
0.439864 0.305073
0.439964 0.304929
0.440063 0.304785
0.440163 0.304785
0.440262 0.304785
0.440362 0.304785
0.440461 0.304785
0.440561 0.304785
0.440661 0.304498
0.440760 0.304354
0.440860 0.304210
0.440959 0.304210
0.441059 0.303923
0.441158 0.303923
0.441258 0.303923
0.441358 0.303636
0.441457 0.303636
0.441557 0.303636
0.441656 0.303636
0.441756 0.303636
0.441855 0.303636
0.441955 0.303492
0.442054 0.303492
0.442154 0.303492
0.442254 0.303204
0.442353 0.303204
0.442453 0.303204
0.442552 0.303204
0.442652 0.302773
0.442751 0.302630
0.442851 0.302486
0.442951 0.302342
0.443050 0.302342
0.443150 0.302055
0.443249 0.301911
0.443349 0.301911
0.443448 0.301767
0.443548 0.301624
0.443647 0.301480
0.443747 0.301480
0.443847 0.301049
0.443946 0.301049
0.444046 0.300905
0.444145 0.300905
0.444245 0.300762
0.444344 0.300762
0.444444 0.300618
0.444544 0.300474
0.444643 0.300331
0.444743 0.300187
0.444842 0.299612
0.444942 0.299468
0.445041 0.299468
0.445141 0.299325
0.445241 0.299325
0.445340 0.299325
0.445440 0.298894
0.445539 0.298894
0.445639 0.298750
0.445738 0.298462
0.445838 0.298462
0.445937 0.298462
0.446037 0.298462
0.446137 0.298319
0.446236 0.298031
0.446336 0.297888
0.446435 0.297744
0.446535 0.297744
0.446634 0.297600
0.446734 0.297457
0.446834 0.297313
0.446933 0.297313
0.447033 0.297313
0.447132 0.297169
0.447232 0.297025
0.447331 0.297025
0.447431 0.296882
0.447530 0.296882
0.447630 0.296882
0.447730 0.296594
0.447829 0.296594
0.447929 0.296451
0.448028 0.296307
0.448128 0.296307
0.448227 0.296163
0.448327 0.296020
0.448427 0.296020
0.448526 0.295876
0.448626 0.295876
0.448725 0.295732
0.448825 0.295588
0.448924 0.295301
0.449024 0.295301
0.449123 0.294726
0.449223 0.294726
0.449323 0.294583
0.449422 0.294583
0.449522 0.294439
0.449621 0.294439
0.449721 0.294295
0.449820 0.294151
0.449920 0.294008
0.450020 0.293864
0.450119 0.293720
0.450219 0.293720
0.450318 0.293433
0.450418 0.293289
0.450517 0.293289
0.450617 0.293289
0.450717 0.293002
0.450816 0.292858
0.450916 0.292571
0.451015 0.292571
0.451115 0.292571
0.451214 0.291996
0.451314 0.291996
0.451413 0.291852
0.451513 0.291565
0.451613 0.291421
0.451712 0.291421
0.451812 0.291277
0.451911 0.291134
0.452011 0.290990
0.452110 0.290990
0.452210 0.290990
0.452310 0.290703
0.452409 0.290559
0.452509 0.290559
0.452608 0.290415
0.452708 0.290415
0.452807 0.290128
0.452907 0.290128
0.453006 0.289984
0.453106 0.289840
0.453206 0.289553
0.453305 0.289553
0.453405 0.289409
0.453504 0.289266
0.453604 0.289122
0.453703 0.288835
0.453803 0.288835
0.453903 0.288691
0.454002 0.288547
0.454102 0.288404
0.454201 0.288116
0.454301 0.288116
0.454400 0.287829
0.454500 0.287541
0.454599 0.287541
0.454699 0.287541
0.454799 0.287254
0.454898 0.287254
0.454998 0.287110
0.455097 0.286967
0.455197 0.286967
0.455296 0.286823
0.455396 0.286679
0.455496 0.286535
0.455595 0.286535
0.455695 0.286248
0.455794 0.286104
0.455894 0.285961
0.455993 0.285961
0.456093 0.285817
0.456193 0.285817
0.456292 0.285673
0.456392 0.285386
0.456491 0.285242
0.456591 0.285098
0.456690 0.285098
0.456790 0.284955
0.456889 0.284955
0.456989 0.284955
0.457089 0.284667
0.457188 0.284380
0.457288 0.284380
0.457387 0.284093
0.457487 0.283949
0.457586 0.283949
0.457686 0.283949
0.457786 0.283949
0.457885 0.283949
0.457985 0.283949
0.458084 0.283661
0.458184 0.283374
0.458283 0.283374
0.458383 0.283374
0.458482 0.283230
0.458582 0.283230
0.458682 0.283230
0.458781 0.283087
0.458881 0.282943
0.458980 0.282943
0.459080 0.282943
0.459179 0.282943
0.459279 0.282656
0.459379 0.282368
0.459478 0.282368
0.459578 0.282368
0.459677 0.282224
0.459777 0.282081
0.459876 0.282081
0.459976 0.282081
0.460075 0.282081
0.460175 0.281937
0.460275 0.281793
0.460374 0.281793
0.460474 0.281506
0.460573 0.281362
0.460673 0.281219
0.460772 0.280931
0.460872 0.280931
0.460972 0.280931
0.461071 0.280644
0.461171 0.280644
0.461270 0.280644
0.461370 0.280644
0.461469 0.280500
0.461569 0.280500
0.461668 0.280356
0.461768 0.280213
0.461868 0.280069
0.461967 0.280069
0.462067 0.279925
0.462166 0.279782
0.462266 0.279782
0.462365 0.279782
0.462465 0.279782
0.462565 0.279494
0.462664 0.279494
0.462764 0.279350
0.462863 0.279350
0.462963 0.279350
0.463062 0.279350
0.463162 0.279207
0.463262 0.279063
0.463361 0.279063
0.463461 0.278776
0.463560 0.278776
0.463660 0.278632
0.463759 0.278632
0.463859 0.278632
0.463958 0.278632
0.464058 0.278488
0.464158 0.278345
0.464257 0.278201
0.464357 0.278057
0.464456 0.277770
0.464556 0.277626
0.464655 0.277482
0.464755 0.277195
0.464855 0.276908
0.464954 0.276477
0.465054 0.276333
0.465153 0.275902
0.465253 0.275471
0.465352 0.275471
0.465452 0.275183
0.465551 0.274896
0.465651 0.274608
0.465751 0.274608
0.465850 0.274465
0.465950 0.274321
0.466049 0.274034
0.466149 0.274034
0.466248 0.273890
0.466348 0.273603
0.466448 0.273603
0.466547 0.273603
0.466647 0.273603
0.466746 0.273603
0.466846 0.273603
0.466945 0.273459
0.467045 0.273459
0.467144 0.273171
0.467244 0.273028
0.467344 0.273028
0.467443 0.273028
0.467543 0.273028
0.467642 0.273028
0.467742 0.272884
0.467841 0.272884
0.467941 0.272884
0.468041 0.272740
0.468140 0.272597
0.468240 0.272597
0.468339 0.272309
0.468439 0.272309
0.468538 0.272022
0.468638 0.272022
0.468738 0.271878
0.468837 0.271591
0.468937 0.271303
0.469036 0.270872
0.469136 0.270729
0.469235 0.270729
0.469335 0.270729
0.469434 0.270729
0.469534 0.270729
0.469634 0.270585
0.469733 0.270441
0.469833 0.270441
0.469932 0.270154
0.470032 0.270154
0.470131 0.270010
0.470231 0.269866
0.470331 0.269866
0.470430 0.269866
0.470530 0.269723
0.470629 0.269435
0.470729 0.269148
0.470828 0.269004
0.470928 0.269004
0.471027 0.268860
0.471127 0.268717
0.471227 0.268429
0.471326 0.267998
0.471426 0.267711
0.471525 0.267711
0.471625 0.267711
0.471724 0.267711
0.471824 0.267711
0.471924 0.267711
0.472023 0.267711
0.472123 0.267280
0.472222 0.267280
0.472322 0.267280
0.472421 0.267136
0.472521 0.267136
0.472620 0.267136
0.472720 0.266992
0.472820 0.266705
0.472919 0.266561
0.473019 0.266561
0.473118 0.266561
0.473218 0.266418
0.473317 0.266418
0.473417 0.266418
0.473517 0.266130
0.473616 0.265986
0.473716 0.265843
0.473815 0.265555
0.473915 0.265412
0.474014 0.265268
0.474114 0.265268
0.474214 0.264981
0.474313 0.264981
0.474413 0.264693
0.474512 0.264693
0.474612 0.264693
0.474711 0.264693
0.474811 0.264693
0.474910 0.264550
0.475010 0.264406
0.475110 0.264406
0.475209 0.264406
0.475309 0.264406
0.475408 0.264262
0.475508 0.264262
0.475607 0.264262
0.475707 0.264118
0.475807 0.264118
0.475906 0.264118
0.476006 0.264118
0.476105 0.264118
0.476205 0.264118
0.476304 0.264118
0.476404 0.264118
0.476503 0.263975
0.476603 0.263975
0.476703 0.263831
0.476802 0.263544
0.476902 0.263400
0.477001 0.263256
0.477101 0.263256
0.477200 0.263256
0.477300 0.263113
0.477400 0.262538
0.477499 0.262394
0.477599 0.262250
0.477698 0.261963
0.477798 0.261819
0.477897 0.261819
0.477997 0.261676
0.478096 0.261532
0.478196 0.261388
0.478296 0.261388
0.478395 0.261388
0.478495 0.261244
0.478594 0.260957
0.478694 0.260670
0.478793 0.260670
0.478893 0.260670
0.478993 0.260526
0.479092 0.260526
0.479192 0.260382
0.479291 0.260239
0.479391 0.259951
0.479490 0.259951
0.479590 0.259951
0.479690 0.259951
0.479789 0.259664
0.479889 0.259520
0.479988 0.259520
0.480088 0.259376
0.480187 0.259376
0.480287 0.259376
0.480386 0.259233
0.480486 0.259233
0.480586 0.259089
0.480685 0.258945
0.480785 0.258945
0.480884 0.258658
0.480984 0.258658
0.481083 0.258658
0.481183 0.258514
0.481283 0.258514
0.481382 0.258370
0.481482 0.258370
0.481581 0.258083
0.481681 0.258083
0.481780 0.257939
0.481880 0.257796
0.481979 0.257652
0.482079 0.257652
0.482179 0.257652
0.482278 0.257508
0.482378 0.257365
0.482477 0.256933
0.482577 0.256790
0.482676 0.256646
0.482776 0.256646
0.482876 0.256646
0.482975 0.256646
0.483075 0.256359
0.483174 0.256359
0.483274 0.256215
0.483373 0.256071
0.483473 0.256071
0.483572 0.255928
0.483672 0.255928
0.483772 0.255928
0.483871 0.255640
0.483971 0.255496
0.484070 0.255209
0.484170 0.255209
0.484269 0.255065
0.484369 0.254634
0.484469 0.254634
0.484568 0.254634
0.484668 0.254491
0.484767 0.254491
0.484867 0.254491
0.484966 0.254491
0.485066 0.254347
0.485166 0.254203
0.485265 0.254059
0.485365 0.253916
0.485464 0.253916
0.485564 0.253916
0.485663 0.253628
0.485763 0.253628
0.485862 0.253628
0.485962 0.253628
0.486062 0.253485
0.486161 0.253341
0.486261 0.253341
0.486360 0.253341
0.486460 0.253341
0.486559 0.253341
0.486659 0.253341
0.486759 0.253341
0.486858 0.253341
0.486958 0.253341
0.487057 0.253341
0.487157 0.253197
0.487256 0.253197
0.487356 0.252910
0.487455 0.252910
0.487555 0.252766
0.487655 0.252766
0.487754 0.252623
0.487854 0.252479
0.487953 0.252335
0.488053 0.252191
0.488152 0.252191
0.488252 0.252191
0.488352 0.251760
0.488451 0.251617
0.488551 0.251473
0.488650 0.251329
0.488750 0.251329
0.488849 0.251329
0.488949 0.251329
0.489048 0.251186
0.489148 0.251042
0.489248 0.251042
0.489347 0.251042
0.489447 0.250611
0.489546 0.250467
0.489646 0.250467
0.489745 0.250467
0.489845 0.250467
0.489945 0.250467
0.490044 0.250467
0.490144 0.250467
0.490243 0.250467
0.490343 0.250467
0.490442 0.250467
0.490542 0.250467
0.490642 0.250467
0.490741 0.250323
0.490841 0.250180
0.490940 0.249892
0.491040 0.249605
0.491139 0.249461
0.491239 0.249174
0.491338 0.249174
0.491438 0.249174
0.491538 0.248886
0.491637 0.248886
0.491737 0.248886
0.491836 0.248599
0.491936 0.248455
0.492035 0.248455
0.492135 0.248455
0.492235 0.248312
0.492334 0.248312
0.492434 0.247880
0.492533 0.247737
0.492633 0.247737
0.492732 0.247593
0.492832 0.247593
0.492931 0.247449
0.493031 0.247162
0.493131 0.247162
0.493230 0.247018
0.493330 0.247018
0.493429 0.247018
0.493529 0.247018
0.493628 0.247018
0.493728 0.246731
0.493828 0.246587
0.493927 0.246443
0.494027 0.246443
0.494126 0.246443
0.494226 0.246443
0.494325 0.246300
0.494425 0.246300
0.494524 0.246156
0.494624 0.246156
0.494724 0.246012
0.494823 0.246012
0.494923 0.245869
0.495022 0.245725
0.495122 0.245725
0.495221 0.245294
0.495321 0.245006
0.495421 0.245006
0.495520 0.244575
0.495620 0.244432
0.495719 0.244432
0.495819 0.244432
0.495918 0.244144
0.496018 0.244001
0.496118 0.243569
0.496217 0.243569
0.496317 0.243426
0.496416 0.243426
0.496516 0.243426
0.496615 0.243282
0.496715 0.243282
0.496814 0.243282
0.496914 0.243282
0.497014 0.243138
0.497113 0.243138
0.497213 0.243138
0.497312 0.242995
0.497412 0.242851
0.497511 0.242564
0.497611 0.242564
0.497711 0.242564
0.497810 0.242564
0.497910 0.242420
0.498009 0.242420
0.498109 0.242420
0.498208 0.242276
0.498308 0.242276
0.498407 0.241989
0.498507 0.241989
0.498607 0.241989
0.498706 0.241845
0.498806 0.241701
0.498905 0.241701
0.499005 0.241414
0.499104 0.240983
0.499204 0.240983
0.499304 0.240839
0.499403 0.240552
0.499503 0.240408
0.499602 0.240408
0.499702 0.240264
0.499801 0.240264
0.499901 0.240121
0.500000 0.239690
0.500100 0.239690
0.500200 0.239690
0.500299 0.239546
0.500399 0.239402
0.500498 0.239402
0.500598 0.239402
0.500697 0.239402
0.500797 0.239402
0.500897 0.239402
0.500996 0.239259
0.501096 0.238971
0.501195 0.238971
0.501295 0.238540
0.501394 0.238540
0.501494 0.238396
0.501593 0.238109
0.501693 0.237965
0.501793 0.237678
0.501892 0.237678
0.501992 0.237390
0.502091 0.237103
0.502191 0.236959
0.502290 0.236672
0.502390 0.236528
0.502490 0.236528
0.502589 0.236528
0.502689 0.236385
0.502788 0.236385
0.502888 0.236097
0.502987 0.235810
0.503087 0.235666
0.503187 0.235522
0.503286 0.235091
0.503386 0.234948
0.503485 0.234948
0.503585 0.234948
0.503684 0.234660
0.503784 0.234660
0.503883 0.234516
0.503983 0.234516
0.504083 0.234373
0.504182 0.234373
0.504282 0.234373
0.504381 0.234085
0.504481 0.233942
0.504580 0.233942
0.504680 0.233942
0.504780 0.233942
0.504879 0.233798
0.504979 0.233798
0.505078 0.233367
0.505178 0.233223
0.505277 0.233223
0.505377 0.232936
0.505476 0.232936
0.505576 0.232505
0.505676 0.232505
0.505775 0.232361
0.505875 0.232217
0.505974 0.232217
0.506074 0.232217
0.506173 0.231930
0.506273 0.231786
0.506373 0.231786
0.506472 0.231786
0.506572 0.231786
0.506671 0.231786
0.506771 0.231786
0.506870 0.231642
0.506970 0.231499
0.507069 0.230924
0.507169 0.230924
0.507269 0.230637
0.507368 0.230637
0.507468 0.230349
0.507567 0.230205
0.507667 0.230062
0.507766 0.229631
0.507866 0.229343
0.507966 0.229343
0.508065 0.229343
0.508165 0.229200
0.508264 0.229200
0.508364 0.229200
0.508463 0.229200
0.508563 0.228912
0.508663 0.228769
0.508762 0.228625
0.508862 0.228625
0.508961 0.228625
0.509061 0.228481
0.509160 0.228481
0.509260 0.228481
0.509359 0.228050
0.509459 0.228050
0.509559 0.228050
0.509658 0.227763
0.509758 0.227763
0.509857 0.227763
0.509957 0.227763
0.510056 0.227619
0.510156 0.227475
0.510256 0.227332
0.510355 0.227332
0.510455 0.227332
0.510554 0.227188
0.510654 0.227044
0.510753 0.227044
0.510853 0.226900
0.510952 0.226326
0.511052 0.226182
0.511152 0.226038
0.511251 0.225895
0.511351 0.225895
0.511450 0.225895
0.511550 0.225751
0.511649 0.225751
0.511749 0.225463
0.511849 0.225463
0.511948 0.225463
0.512048 0.225463
0.512147 0.225463
0.512247 0.225463
0.512346 0.225176
0.512446 0.225176
0.512545 0.225032
0.512645 0.225032
0.512745 0.224889
0.512844 0.224745
0.512944 0.224601
0.513043 0.224458
0.513143 0.224458
0.513242 0.224458
0.513342 0.224458
0.513442 0.224314
0.513541 0.224314
0.513641 0.224026
0.513740 0.224026
0.513840 0.224026
0.513939 0.223739
0.514039 0.223739
0.514139 0.223452
0.514238 0.223164
0.514338 0.222877
0.514437 0.222877
0.514537 0.222877
0.514636 0.222877
0.514736 0.222733
0.514835 0.222733
0.514935 0.222733
0.515035 0.222302
0.515134 0.222158
0.515234 0.222158
0.515333 0.221871
0.515433 0.221584
0.515532 0.221584
0.515632 0.221296
0.515732 0.221296
0.515831 0.221009
0.515931 0.221009
0.516030 0.220865
0.516130 0.220865
0.516229 0.220865
0.516329 0.220721
0.516428 0.220578
0.516528 0.220578
0.516628 0.220578
0.516727 0.220578
0.516827 0.220434
0.516926 0.220434
0.517026 0.220434
0.517125 0.220290
0.517225 0.220290
0.517325 0.220290
0.517424 0.220147
0.517524 0.219859
0.517623 0.219859
0.517723 0.219859
0.517822 0.219572
0.517922 0.219141
0.518021 0.218853
0.518121 0.218853
0.518221 0.218566
0.518320 0.218422
0.518420 0.218278
0.518519 0.218278
0.518619 0.218135
0.518718 0.217847
0.518818 0.217704
0.518918 0.217704
0.519017 0.217416
0.519117 0.217273
0.519216 0.217273
0.519316 0.217273
0.519415 0.217273
0.519515 0.217273
0.519615 0.217273
0.519714 0.217129
0.519814 0.216985
0.519913 0.216985
0.520013 0.216985
0.520112 0.216698
0.520212 0.216554
0.520311 0.216267
0.520411 0.216123
0.520511 0.216123
0.520610 0.215692
0.520710 0.215692
0.520809 0.215692
0.520909 0.215405
0.521008 0.215405
0.521108 0.215405
0.521208 0.215405
0.521307 0.215261
0.521407 0.215261
0.521506 0.215261
0.521606 0.215261
0.521705 0.215117
0.521805 0.214830
0.521904 0.214830
0.522004 0.214686
0.522104 0.214399
0.522203 0.214399
0.522303 0.214255
0.522402 0.214111
0.522502 0.214111
0.522601 0.214111
0.522701 0.213824
0.522801 0.213824
0.522900 0.213824
0.523000 0.213680
0.523099 0.213680
0.523199 0.213680
0.523298 0.213680
0.523398 0.213536
0.523497 0.213105
0.523597 0.212962
0.523697 0.212962
0.523796 0.212818
0.523896 0.212818
0.523995 0.212674
0.524095 0.212387
0.524194 0.212099
0.524294 0.211956
0.524394 0.211956
0.524493 0.211956
0.524593 0.211812
0.524692 0.211525
0.524792 0.211237
0.524891 0.211237
0.524991 0.211237
0.525091 0.211237
0.525190 0.211237
0.525290 0.211237
0.525389 0.211094
0.525489 0.210950
0.525588 0.210950
0.525688 0.210950
0.525787 0.210806
0.525887 0.210662
0.525987 0.210519
0.526086 0.210519
0.526186 0.210375
0.526285 0.210375
0.526385 0.210375
0.526484 0.210088
0.526584 0.210088
0.526684 0.210088
0.526783 0.209944
0.526883 0.209944
0.526982 0.209944
0.527082 0.209944
0.527181 0.209800
0.527281 0.209800
0.527380 0.209800
0.527480 0.209800
0.527580 0.209657
0.527679 0.209657
0.527779 0.209657
0.527878 0.209369
0.527978 0.209369
0.528077 0.208938
0.528177 0.208651
0.528277 0.208363
0.528376 0.208363
0.528476 0.208363
0.528575 0.208220
0.528675 0.208076
0.528774 0.207932
0.528874 0.207932
0.528973 0.207788
0.529073 0.207788
0.529173 0.207788
0.529272 0.207788
0.529372 0.207645
0.529471 0.207645
0.529571 0.207357
0.529670 0.207214
0.529770 0.207214
0.529870 0.207070
0.529969 0.207070
0.530069 0.207070
0.530168 0.207070
0.530268 0.207070
0.530367 0.206926
0.530467 0.206926
0.530567 0.206926
0.530666 0.206783
0.530766 0.206639
0.530865 0.206639
0.530965 0.206639
0.531064 0.206495
0.531164 0.206495
0.531263 0.206351
0.531363 0.206208
0.531463 0.206208
0.531562 0.206208
0.531662 0.205920
0.531761 0.205920
0.531861 0.205777
0.531960 0.205777
0.532060 0.205489
0.532160 0.205058
0.532259 0.204914
0.532359 0.204914
0.532458 0.204771
0.532558 0.204771
0.532657 0.204771
0.532757 0.204627
0.532856 0.204627
0.532956 0.204627
0.533056 0.204483
0.533155 0.204483
0.533255 0.204483
0.533354 0.204483
0.533454 0.204483
0.533553 0.204196
0.533653 0.204052
0.533753 0.204052
0.533852 0.203765
0.533952 0.203334
0.534051 0.203334
0.534151 0.203334
0.534250 0.203046
0.534350 0.203046
0.534449 0.202903
0.534549 0.202903
0.534649 0.202615
0.534748 0.202472
0.534848 0.202328
0.534947 0.202184
0.535047 0.201897
0.535146 0.201753
0.535246 0.201609
0.535346 0.201466
0.535445 0.201466
0.535545 0.201322
0.535644 0.201322
0.535744 0.201322
0.535843 0.201322
0.535943 0.201322
0.536043 0.201035
0.536142 0.200604
0.536242 0.200460
0.536341 0.200316
0.536441 0.200172
0.536540 0.200172
0.536640 0.200029
0.536739 0.200029
0.536839 0.199741
0.536939 0.199598
0.537038 0.199598
0.537138 0.199598
0.537237 0.199598
0.537337 0.199454
0.537436 0.199454
0.537536 0.199454
0.537636 0.199454
0.537735 0.199310
0.537835 0.199310
0.537934 0.199310
0.538034 0.199023
0.538133 0.198735
0.538233 0.198735
0.538332 0.198735
0.538432 0.198592
0.538532 0.198592
0.538631 0.198592
0.538731 0.198592
0.538830 0.198448
0.538930 0.198448
0.539029 0.198304
0.539129 0.198017
0.539229 0.198017
0.539328 0.197873
0.539428 0.197586
0.539527 0.197442
0.539627 0.197442
0.539726 0.197298
0.539826 0.197155
0.539925 0.197155
0.540025 0.197011
0.540125 0.197011
0.540224 0.197011
0.540324 0.197011
0.540423 0.196724
0.540523 0.196436
0.540622 0.196293
0.540722 0.196293
0.540822 0.196293
0.540921 0.196149
0.541021 0.196149
0.541120 0.196149
0.541220 0.195718
0.541319 0.195574
0.541419 0.195430
0.541518 0.195430
0.541618 0.195287
0.541718 0.195143
0.541817 0.194999
0.541917 0.194999
0.542016 0.194712
0.542116 0.194424
0.542215 0.194281
0.542315 0.194281
0.542415 0.194281
0.542514 0.194281
0.542614 0.194281
0.542713 0.194281
0.542813 0.194281
0.542912 0.194281
0.543012 0.193850
0.543112 0.193850
0.543211 0.193850
0.543311 0.193850
0.543410 0.193706
0.543510 0.193706
0.543609 0.193562
0.543709 0.193562
0.543808 0.193562
0.543908 0.193419
0.544008 0.193275
0.544107 0.193275
0.544207 0.193275
0.544306 0.192987
0.544406 0.192987
0.544505 0.192987
0.544605 0.192987
0.544705 0.192844
0.544804 0.192844
0.544904 0.192844
0.545003 0.192844
0.545103 0.192700
0.545202 0.192556
0.545302 0.192269
0.545401 0.192269
0.545501 0.192269
0.545601 0.192269
0.545700 0.192125
0.545800 0.191838
0.545899 0.191694
0.545999 0.191551
0.546098 0.191551
0.546198 0.191263
0.546298 0.190976
0.546397 0.190832
0.546497 0.190832
0.546596 0.190688
0.546696 0.190545
0.546795 0.190545
0.546895 0.190401
0.546994 0.190401
0.547094 0.190257
0.547194 0.190114
0.547293 0.189826
0.547393 0.189826
0.547492 0.189682
0.547592 0.189539
0.547691 0.189539
0.547791 0.189395
0.547891 0.189251
0.547990 0.189251
0.548090 0.189108
0.548189 0.189108
0.548289 0.188820
0.548388 0.188677
0.548488 0.188677
0.548588 0.188533
0.548687 0.188533
0.548787 0.188245
0.548886 0.187958
0.548986 0.187958
0.549085 0.187958
0.549185 0.187814
0.549284 0.187814
0.549384 0.187814
0.549484 0.187814
0.549583 0.187527
0.549683 0.187527
0.549782 0.187383
0.549882 0.187240
0.549981 0.187240
0.550081 0.187240
0.550181 0.187240
0.550280 0.187096
0.550380 0.187096
0.550479 0.187096
0.550579 0.186952
0.550678 0.186952
0.550778 0.186952
0.550877 0.186808
0.550977 0.186808
0.551077 0.186808
0.551176 0.186808
0.551276 0.186808
0.551375 0.186665
0.551475 0.186521
0.551574 0.186521
0.551674 0.186521
0.551774 0.186521
0.551873 0.186377
0.551973 0.186234
0.552072 0.186234
0.552172 0.186234
0.552271 0.186234
0.552371 0.186234
0.552470 0.186234
0.552570 0.186090
0.552670 0.186090
0.552769 0.185946
0.552869 0.185946
0.552968 0.185946
0.553068 0.185946
0.553167 0.185803
0.553267 0.185803
0.553367 0.185803
0.553466 0.185803
0.553566 0.185803
0.553665 0.185803
0.553765 0.185371
0.553864 0.185371
0.553964 0.185228
0.554064 0.184940
0.554163 0.184653
0.554263 0.184509
0.554362 0.184366
0.554462 0.184222
0.554561 0.184222
0.554661 0.184222
0.554760 0.184222
0.554860 0.184222
0.554960 0.184222
0.555059 0.184078
0.555159 0.184078
0.555258 0.184078
0.555358 0.184078
0.555457 0.184078
0.555557 0.184078
0.555657 0.184078
0.555756 0.183791
0.555856 0.183791
0.555955 0.183791
0.556055 0.183647
0.556154 0.183647
0.556254 0.183647
0.556353 0.183647
0.556453 0.183647
0.556553 0.183647
0.556652 0.183503
0.556752 0.183360
0.556851 0.183360
0.556951 0.183216
0.557050 0.183216
0.557150 0.182929
0.557250 0.182929
0.557349 0.182929
0.557449 0.182785
0.557548 0.182785
0.557648 0.182785
0.557747 0.182641
0.557847 0.182497
0.557946 0.182354
0.558046 0.182210
0.558146 0.182066
0.558245 0.181923
0.558345 0.181779
0.558444 0.181779
0.558544 0.181779
0.558643 0.181635
0.558743 0.181635
0.558843 0.181635
0.558942 0.181492
0.559042 0.181348
0.559141 0.181204
0.559241 0.181204
0.559340 0.181060
0.559440 0.181060
0.559540 0.180773
0.559639 0.180773
0.559739 0.180629
0.559838 0.180486
0.559938 0.180198
0.560037 0.180055
0.560137 0.180055
0.560236 0.179911
0.560336 0.179624
0.560436 0.179624
0.560535 0.179480
0.560635 0.179480
0.560734 0.179336
0.560834 0.179049
0.560933 0.178761
0.561033 0.178618
0.561133 0.178618
0.561232 0.178474
0.561332 0.178474
0.561431 0.178474
0.561531 0.178474
0.561630 0.178474
0.561730 0.178474
0.561829 0.178474
0.561929 0.178474
0.562029 0.178474
0.562128 0.178474
0.562228 0.178187
0.562327 0.178187
0.562427 0.178187
0.562526 0.178187
0.562626 0.178187
0.562726 0.177899
0.562825 0.177612
0.562925 0.177468
0.563024 0.177324
0.563124 0.177181
0.563223 0.177181
0.563323 0.177037
0.563422 0.177037
0.563522 0.177037
0.563622 0.177037
0.563721 0.177037
0.563821 0.176893
0.563920 0.176606
0.564020 0.176462
0.564119 0.176318
0.564219 0.176318
0.564319 0.176318
0.564418 0.176318
0.564518 0.176031
0.564617 0.176031
0.564717 0.176031
0.564816 0.175887
0.564916 0.175887
0.565016 0.175887
0.565115 0.175744
0.565215 0.175744
0.565314 0.175600
0.565414 0.175456
0.565513 0.175313
0.565613 0.175313
0.565712 0.175313
0.565812 0.175169
0.565912 0.175025
0.566011 0.174738
0.566111 0.174450
0.566210 0.174307
0.566310 0.174307
0.566409 0.174307
0.566509 0.174307
0.566609 0.174307
0.566708 0.174163
0.566808 0.174019
0.566907 0.173876
0.567007 0.173732
0.567106 0.173588
0.567206 0.173588
0.567305 0.173301
0.567405 0.173157
0.567505 0.173157
0.567604 0.173013
0.567704 0.173013
0.567803 0.172870
0.567903 0.172726
0.568002 0.172726
0.568102 0.172726
0.568202 0.172295
0.568301 0.172295
0.568401 0.172295
0.568500 0.172295
0.568600 0.172151
0.568699 0.172007
0.568799 0.172007
0.568898 0.171720
0.568998 0.171433
0.569098 0.171433
0.569197 0.171433
0.569297 0.171289
0.569396 0.171145
0.569496 0.171145
0.569595 0.171002
0.569695 0.171002
0.569795 0.171002
0.569894 0.170858
0.569994 0.170570
0.570093 0.170570
0.570193 0.170427
0.570292 0.170139
0.570392 0.170139
0.570492 0.169852
0.570591 0.169852
0.570691 0.169852
0.570790 0.169852
0.570890 0.169852
0.570989 0.169852
0.571089 0.169852
0.571188 0.169565
0.571288 0.169421
0.571388 0.169133
0.571487 0.168846
0.571587 0.168559
0.571686 0.168128
0.571786 0.168128
0.571885 0.168128
0.571985 0.167984
0.572085 0.167984
0.572184 0.167984
0.572284 0.167984
0.572383 0.167840
0.572483 0.167553
0.572582 0.167553
0.572682 0.167409
0.572781 0.167122
0.572881 0.167122
0.572981 0.167122
0.573080 0.167122
0.573180 0.167122
0.573279 0.167122
0.573379 0.167122
0.573478 0.167122
0.573578 0.167122
0.573678 0.167122
0.573777 0.166978
0.573877 0.166834
0.573976 0.166834
0.574076 0.166691
0.574175 0.166691
0.574275 0.166691
0.574374 0.166547
0.574474 0.166547
0.574574 0.166403
0.574673 0.166403
0.574773 0.165972
0.574872 0.165828
0.574972 0.165828
0.575071 0.165685
0.575171 0.165397
0.575271 0.165397
0.575370 0.165397
0.575470 0.165397
0.575569 0.165397
0.575669 0.165254
0.575768 0.165254
0.575868 0.164823
0.575968 0.164823
0.576067 0.164679
0.576167 0.164679
0.576266 0.164535
0.576366 0.164535
0.576465 0.164391
0.576565 0.164248
0.576664 0.164104
0.576764 0.164104
0.576864 0.163960
0.576963 0.163817
0.577063 0.163673
0.577162 0.163529
0.577262 0.163529
0.577361 0.163386
0.577461 0.163386
0.577561 0.163386
0.577660 0.163386
0.577760 0.163386
0.577859 0.163242
0.577959 0.163098
0.578058 0.163098
0.578158 0.162954
0.578257 0.162954
0.578357 0.162811
0.578457 0.162811
0.578556 0.162667
0.578656 0.162523
0.578755 0.162380
0.578855 0.162236
0.578954 0.162236
0.579054 0.162092
0.579154 0.162092
0.579253 0.162092
0.579353 0.162092
0.579452 0.162092
0.579552 0.161949
0.579651 0.161805
0.579751 0.161805
0.579850 0.161805
0.579950 0.161661
0.580050 0.161374
0.580149 0.161374
0.580249 0.161230
0.580348 0.161086
0.580448 0.160943
0.580547 0.160943
0.580647 0.160943
0.580747 0.160943
0.580846 0.160799
0.580946 0.160655
0.581045 0.160655
0.581145 0.160655
0.581244 0.160655
0.581344 0.160655
0.581443 0.160368
0.581543 0.160368
0.581643 0.160224
0.581742 0.160224
0.581842 0.160080
0.581941 0.160080
0.582041 0.160080
0.582140 0.159937
0.582240 0.159649
0.582340 0.159649
0.582439 0.159649
0.582539 0.159649
0.582638 0.159649
0.582738 0.159649
0.582837 0.159506
0.582937 0.159506
0.583037 0.159218
0.583136 0.159218
0.583236 0.159218
0.583335 0.159218
0.583435 0.159075
0.583534 0.159075
0.583634 0.158931
0.583733 0.158931
0.583833 0.158931
0.583933 0.158931
0.584032 0.158931
0.584132 0.158787
0.584231 0.158787
0.584331 0.158787
0.584430 0.158787
0.584530 0.158787
0.584630 0.158787
0.584729 0.158643
0.584829 0.158500
0.584928 0.158500
0.585028 0.158500
0.585127 0.158500
0.585227 0.158500
0.585326 0.158500
0.585426 0.158500
0.585526 0.158500
0.585625 0.158500
0.585725 0.158356
0.585824 0.158069
0.585924 0.158069
0.586023 0.157925
0.586123 0.157925
0.586223 0.157638
0.586322 0.157494
0.586422 0.157494
0.586521 0.157494
0.586621 0.157494
0.586720 0.157494
0.586820 0.157494
0.586919 0.157494
0.587019 0.157350
0.587119 0.157350
0.587218 0.157350
0.587318 0.157350
0.587417 0.157350
0.587517 0.157350
0.587616 0.157350
0.587716 0.157350
0.587816 0.157350
0.587915 0.157206
0.588015 0.157206
0.588114 0.157063
0.588214 0.156919
0.588313 0.156775
0.588413 0.156775
0.588513 0.156775
0.588612 0.156632
0.588712 0.156632
0.588811 0.156632
0.588911 0.156632
0.589010 0.156632
0.589110 0.156632
0.589209 0.156632
0.589309 0.156632
0.589409 0.156488
0.589508 0.156201
0.589608 0.156201
0.589707 0.155913
0.589807 0.155626
0.589906 0.155626
0.590006 0.155626
0.590106 0.155626
0.590205 0.155482
0.590305 0.155482
0.590404 0.155482
0.590504 0.155338
0.590603 0.155338
0.590703 0.155195
0.590802 0.155195
0.590902 0.155051
0.591002 0.154907
0.591101 0.154907
0.591201 0.154907
0.591300 0.154907
0.591400 0.154764
0.591499 0.154764
0.591599 0.154620
0.591699 0.154620
0.591798 0.154620
0.591898 0.154620
0.591997 0.154476
0.592097 0.154476
0.592196 0.154476
0.592296 0.154189
0.592395 0.154189
0.592495 0.154189
0.592595 0.154189
0.592694 0.154189
0.592794 0.154189
0.592893 0.154189
0.592993 0.154189
0.593092 0.154189
0.593192 0.154189
0.593292 0.154189
0.593391 0.154189
0.593491 0.154189
0.593590 0.154045
0.593690 0.153470
0.593789 0.153183
0.593889 0.153183
0.593989 0.153183
0.594088 0.153183
0.594188 0.153183
0.594287 0.153039
0.594387 0.153039
0.594486 0.152752
0.594586 0.152608
0.594685 0.152464
0.594785 0.152464
0.594885 0.152464
0.594984 0.152321
0.595084 0.152177
0.595183 0.152177
0.595283 0.152033
0.595382 0.152033
0.595482 0.151890
0.595582 0.151890
0.595681 0.151746
0.595781 0.151459
0.595880 0.151459
0.595980 0.151459
0.596079 0.151027
0.596179 0.151027
0.596278 0.151027
0.596378 0.151027
0.596478 0.150740
0.596577 0.150596
0.596677 0.150309
0.596776 0.150309
0.596876 0.150309
0.596975 0.150309
0.597075 0.150165
0.597175 0.150165
0.597274 0.150165
0.597374 0.150022
0.597473 0.149878
0.597573 0.149878
0.597672 0.149734
0.597772 0.149734
0.597871 0.149590
0.597971 0.149590
0.598071 0.149590
0.598170 0.149590
0.598270 0.149447
0.598369 0.149303
0.598469 0.149303
0.598568 0.149016
0.598668 0.149016
0.598768 0.148872
0.598867 0.148585
0.598967 0.148441
0.599066 0.148441
0.599166 0.148441
0.599265 0.148297
0.599365 0.148297
0.599465 0.148297
0.599564 0.148153
0.599664 0.148153
0.599763 0.148010
0.599863 0.148010
0.599962 0.148010
0.600062 0.148010
0.600161 0.147435
0.600261 0.147291
0.600361 0.147291
0.600460 0.147148
0.600560 0.147004
0.600659 0.147004
0.600759 0.147004
0.600858 0.147004
0.600958 0.146860
0.601058 0.146860
0.601157 0.146860
0.601257 0.146860
0.601356 0.146860
0.601456 0.146429
0.601555 0.146285
0.601655 0.145998
0.601754 0.145998
0.601854 0.145711
0.601954 0.145711
0.602053 0.145711
0.602153 0.145567
0.602252 0.145567
0.602352 0.145567
0.602451 0.145423
0.602551 0.145423
0.602651 0.145279
0.602750 0.145279
0.602850 0.145279
0.602949 0.144848
0.603049 0.144848
0.603148 0.144848
0.603248 0.144848
0.603347 0.144848
0.603447 0.144848
0.603547 0.144705
0.603646 0.144705
0.603746 0.144561
0.603845 0.144417
0.603945 0.143986
0.604044 0.143986
0.604144 0.143986
0.604244 0.143986
0.604343 0.143843
0.604443 0.143555
0.604542 0.143411
0.604642 0.143411
0.604741 0.142980
0.604841 0.142837
0.604941 0.142693
0.605040 0.142693
0.605140 0.142693
0.605239 0.142693
0.605339 0.142693
0.605438 0.142549
0.605538 0.142549
0.605637 0.142406
0.605737 0.142262
0.605837 0.142262
0.605936 0.142262
0.606036 0.142262
0.606135 0.142262
0.606235 0.142118
0.606334 0.142118
0.606434 0.141831
0.606534 0.141543
0.606633 0.141256
0.606733 0.141112
0.606832 0.140969
0.606932 0.140969
0.607031 0.140825
0.607131 0.140825
0.607230 0.140681
0.607330 0.140681
0.607430 0.140537
0.607529 0.140537
0.607629 0.140537
0.607728 0.140537
0.607828 0.140394
0.607927 0.140394
0.608027 0.140250
0.608127 0.140106
0.608226 0.139819
0.608326 0.139388
0.608425 0.139388
0.608525 0.139388
0.608624 0.139100
0.608724 0.138957
0.608823 0.138813
0.608923 0.138813
0.609023 0.138669
0.609122 0.138669
0.609222 0.138238
0.609321 0.138238
0.609421 0.138095
0.609520 0.137951
0.609620 0.137951
0.609720 0.137951
0.609819 0.137951
0.609919 0.137951
0.610018 0.137951
0.610118 0.137951
0.610217 0.137807
0.610317 0.137807
0.610417 0.137807
0.610516 0.137663
0.610616 0.137520
0.610715 0.137376
0.610815 0.137232
0.610914 0.137089
0.611014 0.137089
0.611113 0.136801
0.611213 0.136658
0.611313 0.136658
0.611412 0.136658
0.611512 0.136658
0.611611 0.136658
0.611711 0.136226
0.611810 0.136226
0.611910 0.136226
0.612010 0.136226
0.612109 0.136083
0.612209 0.136083
0.612308 0.135939
0.612408 0.135795
0.612507 0.135795
0.612607 0.135508
0.612706 0.135364
0.612806 0.135364
0.612906 0.135221
0.613005 0.135221
0.613105 0.134789
0.613204 0.134789
0.613304 0.134502
0.613403 0.134358
0.613503 0.134071
0.613603 0.133784
0.613702 0.133640
0.613802 0.133496
0.613901 0.133496
0.614001 0.133496
0.614100 0.133496
0.614200 0.133065
0.614299 0.132921
0.614399 0.132778
0.614499 0.132778
0.614598 0.132778
0.614698 0.132490
0.614797 0.132490
0.614897 0.132490
0.614996 0.132490
0.615096 0.132490
0.615196 0.132490
0.615295 0.132490
0.615395 0.132490
0.615494 0.132203
0.615594 0.132203
0.615693 0.132059
0.615793 0.132059
0.615893 0.132059
0.615992 0.131772
0.616092 0.131772
0.616191 0.131484
0.616291 0.131341
0.616390 0.131341
0.616490 0.131197
0.616589 0.131053
0.616689 0.131053
0.616789 0.131053
0.616888 0.130622
0.616988 0.130479
0.617087 0.130479
0.617187 0.130479
0.617286 0.130335
0.617386 0.130335
0.617486 0.130335
0.617585 0.130191
0.617685 0.129760
0.617784 0.129760
0.617884 0.129616
0.617983 0.129473
0.618083 0.129473
0.618182 0.129473
0.618282 0.129185
0.618382 0.129185
0.618481 0.129185
0.618581 0.129185
0.618680 0.129185
0.618780 0.129185
0.618879 0.129185
0.618979 0.129185
0.619079 0.129185
0.619178 0.129185
0.619278 0.129042
0.619377 0.129042
0.619477 0.129042
0.619576 0.129042
0.619676 0.128898
0.619775 0.128754
0.619875 0.128754
0.619975 0.128467
0.620074 0.128467
0.620174 0.128179
0.620273 0.128179
0.620373 0.128036
0.620472 0.128036
0.620572 0.127748
0.620672 0.127605
0.620771 0.127605
0.620871 0.127461
0.620970 0.127461
0.621070 0.127317
0.621169 0.127317
0.621269 0.127173
0.621368 0.127173
0.621468 0.127030
0.621568 0.126886
0.621667 0.126742
0.621767 0.126599
0.621866 0.126311
0.621966 0.126311
0.622065 0.126311
0.622165 0.126311
0.622265 0.126024
0.622364 0.126024
0.622464 0.126024
0.622563 0.126024
0.622663 0.126024
0.622762 0.125880
0.622862 0.125736
0.622962 0.125736
0.623061 0.125736
0.623161 0.125736
0.623260 0.125593
0.623360 0.125449
0.623459 0.125449
0.623559 0.125305
0.623658 0.125305
0.623758 0.125162
0.623858 0.125162
0.623957 0.124874
0.624057 0.124874
0.624156 0.124731
0.624256 0.124587
0.624355 0.124443
0.624455 0.124443
0.624555 0.124299
0.624654 0.124299
0.624754 0.124299
0.624853 0.124012
0.624953 0.124012
0.625052 0.124012
0.625152 0.124012
0.625251 0.123868
0.625351 0.123725
0.625451 0.123725
0.625550 0.123725
0.625650 0.123581
0.625749 0.123581
0.625849 0.123437
0.625948 0.123294
0.626048 0.123294
0.626148 0.123294
0.626247 0.123294
0.626347 0.123294
0.626446 0.123294
0.626546 0.123150
0.626645 0.123006
0.626745 0.122862
0.626844 0.122862
0.626944 0.122862
0.627044 0.122862
0.627143 0.122862
0.627243 0.122862
0.627342 0.122862
0.627442 0.122862
0.627541 0.122862
0.627641 0.122719
0.627741 0.122719
0.627840 0.122719
0.627940 0.122575
0.628039 0.122144
0.628139 0.122000
0.628238 0.122000
0.628338 0.122000
0.628438 0.122000
0.628537 0.122000
0.628637 0.122000
0.628736 0.122000
0.628836 0.121857
0.628935 0.121857
0.629035 0.121857
0.629134 0.121857
0.629234 0.121857
0.629334 0.121857
0.629433 0.121713
0.629533 0.121569
0.629632 0.121569
0.629732 0.121569
0.629831 0.121425
0.629931 0.121425
0.630031 0.121425
0.630130 0.121425
0.630230 0.121282
0.630329 0.121138
0.630429 0.121138
0.630528 0.121138
0.630628 0.121138
0.630727 0.121138
0.630827 0.120994
0.630927 0.120994
0.631026 0.120994
0.631126 0.120851
0.631225 0.120707
0.631325 0.120563
0.631424 0.120420
0.631524 0.120420
0.631624 0.120420
0.631723 0.120420
0.631823 0.120276
0.631922 0.120132
0.632022 0.119845
0.632121 0.119845
0.632221 0.119845
0.632320 0.119845
0.632420 0.119845
0.632520 0.119845
0.632619 0.119845
0.632719 0.119845
0.632818 0.119845
0.632918 0.119845
0.633017 0.119845
0.633117 0.119701
0.633217 0.119701
0.633316 0.119701
0.633416 0.119557
0.633515 0.119557
0.633615 0.119557
0.633714 0.119414
0.633814 0.119414
0.633914 0.119414
0.634013 0.119126
0.634113 0.119126
0.634212 0.118839
0.634312 0.118839
0.634411 0.118839
0.634511 0.118839
0.634610 0.118552
0.634710 0.118552
0.634810 0.118408
0.634909 0.118264
0.635009 0.118264
0.635108 0.118264
0.635208 0.118264
0.635307 0.118264
0.635407 0.117977
0.635507 0.117977
0.635606 0.117833
0.635706 0.117689
0.635805 0.117402
0.635905 0.117402
0.636004 0.117402
0.636104 0.117402
0.636203 0.117258
0.636303 0.117258
0.636403 0.117258
0.636502 0.116827
0.636602 0.116827
0.636701 0.116827
0.636801 0.116827
0.636900 0.116827
0.637000 0.116827
0.637100 0.116827
0.637199 0.116827
0.637299 0.116827
0.637398 0.116683
0.637498 0.116683
0.637597 0.116683
0.637697 0.116540
0.637796 0.116540
0.637896 0.116540
0.637996 0.116540
0.638095 0.116396
0.638195 0.116109
0.638294 0.116109
0.638394 0.116109
0.638493 0.115678
0.638593 0.115678
0.638693 0.115678
0.638792 0.115678
0.638892 0.115678
0.638991 0.115534
0.639091 0.115534
0.639190 0.115534
0.639290 0.115534
0.639390 0.115534
0.639489 0.115534
0.639589 0.115534
0.639688 0.115534
0.639788 0.115390
0.639887 0.115390
0.639987 0.115390
0.640086 0.115246
0.640186 0.115246
0.640286 0.115246
0.640385 0.115246
0.640485 0.115246
0.640584 0.115246
0.640684 0.115246
0.640783 0.115246
0.640883 0.115246
0.640983 0.115103
0.641082 0.114959
0.641182 0.114959
0.641281 0.114959
0.641381 0.114959
0.641480 0.114959
0.641580 0.114959
0.641679 0.114815
0.641779 0.114815
0.641879 0.114672
0.641978 0.114672
0.642078 0.114528
0.642177 0.114384
0.642277 0.114384
0.642376 0.114384
0.642476 0.114241
0.642576 0.114097
0.642675 0.114097
0.642775 0.114097
0.642874 0.114097
0.642974 0.113666
0.643073 0.113666
0.643173 0.113666
0.643272 0.113522
0.643372 0.113522
0.643472 0.113522
0.643571 0.113235
0.643671 0.113235
0.643770 0.112947
0.643870 0.112660
0.643969 0.112660
0.644069 0.112516
0.644169 0.112516
0.644268 0.112372
0.644368 0.112372
0.644467 0.112229
0.644567 0.111941
0.644666 0.111798
0.644766 0.111798
0.644866 0.111654
0.644965 0.111654
0.645065 0.111510
0.645164 0.111510
0.645264 0.111367
0.645363 0.111367
0.645463 0.111367
0.645562 0.111223
0.645662 0.111079
0.645762 0.111079
0.645861 0.111079
0.645961 0.110935
0.646060 0.110792
0.646160 0.110792
0.646259 0.110648
0.646359 0.110648
0.646459 0.110504
0.646558 0.110504
0.646658 0.110361
0.646757 0.110361
0.646857 0.110361
0.646956 0.110361
0.647056 0.110361
0.647155 0.110361
0.647255 0.110361
0.647355 0.110217
0.647454 0.110217
0.647554 0.110217
0.647653 0.110217
0.647753 0.110073
0.647852 0.110073
0.647952 0.110073
0.648052 0.109930
0.648151 0.109930
0.648251 0.109786
0.648350 0.109786
0.648450 0.109786
0.648549 0.109642
0.648649 0.109642
0.648748 0.109498
0.648848 0.109498
0.648948 0.109498
0.649047 0.109498
0.649147 0.109355
0.649246 0.109355
0.649346 0.109211
0.649445 0.109211
0.649545 0.109211
0.649645 0.109211
0.649744 0.109211
0.649844 0.109211
0.649943 0.109211
0.650043 0.109211
0.650142 0.109211
0.650242 0.109211
0.650342 0.109211
0.650441 0.109067
0.650541 0.108924
0.650640 0.108636
0.650740 0.108636
0.650839 0.108636
0.650939 0.108636
0.651038 0.108636
0.651138 0.108636
0.651238 0.108636
0.651337 0.108636
0.651437 0.108636
0.651536 0.108636
0.651636 0.108636
0.651735 0.108636
0.651835 0.108636
0.651935 0.108636
0.652034 0.108636
0.652134 0.108636
0.652233 0.108493
0.652333 0.108349
0.652432 0.108205
0.652532 0.108062
0.652631 0.108062
0.652731 0.108062
0.652831 0.108062
0.652930 0.108062
0.653030 0.108062
0.653129 0.108062
0.653229 0.108062
0.653328 0.108062
0.653428 0.108062
0.653528 0.108062
0.653627 0.108062
0.653727 0.107918
0.653826 0.107774
0.653926 0.107487
0.654025 0.107487
0.654125 0.107343
0.654224 0.107343
0.654324 0.107199
0.654424 0.107199
0.654523 0.107199
0.654623 0.107056
0.654722 0.107056
0.654822 0.107056
0.654921 0.107056
0.655021 0.107056
0.655121 0.107056
0.655220 0.107056
0.655320 0.107056
0.655419 0.106912
0.655519 0.106625
0.655618 0.106625
0.655718 0.106337
0.655818 0.106337
0.655917 0.106337
0.656017 0.106193
0.656116 0.106050
0.656216 0.106050
0.656315 0.106050
0.656415 0.105906
0.656514 0.105906
0.656614 0.105906
0.656714 0.105906
0.656813 0.105762
0.656913 0.105762
0.657012 0.105762
0.657112 0.105762
0.657211 0.105762
0.657311 0.105762
0.657411 0.105619
0.657510 0.105619
0.657610 0.105619
0.657709 0.105619
0.657809 0.105619
0.657908 0.105619
0.658008 0.105475
0.658107 0.105331
0.658207 0.105331
0.658307 0.105188
0.658406 0.105044
0.658506 0.105044
0.658605 0.105044
0.658705 0.105044
0.658804 0.104900
0.658904 0.104613
0.659004 0.104613
0.659103 0.104613
0.659203 0.104613
0.659302 0.104469
0.659402 0.104469
0.659501 0.104325
0.659601 0.104182
0.659700 0.104182
0.659800 0.104038
0.659900 0.104038
0.659999 0.104038
0.660099 0.103751
0.660198 0.103607
0.660298 0.103607
0.660397 0.103607
0.660497 0.103319
0.660597 0.103319
0.660696 0.103319
0.660796 0.103319
0.660895 0.103032
0.660995 0.102888
0.661094 0.102888
0.661194 0.102745
0.661293 0.102745
0.661393 0.102745
0.661493 0.102745
0.661592 0.102457
0.661692 0.102457
0.661791 0.102314
0.661891 0.102026
0.661990 0.102026
0.662090 0.102026
0.662190 0.102026
0.662289 0.101882
0.662389 0.101595
0.662488 0.101595
0.662588 0.101451
0.662687 0.101451
0.662787 0.101308
0.662887 0.101308
0.662986 0.101308
0.663086 0.101164
0.663185 0.101020
0.663285 0.100877
0.663384 0.100877
0.663484 0.100733
0.663583 0.100733
0.663683 0.100733
0.663783 0.100733
0.663882 0.100589
0.663982 0.100589
0.664081 0.100445
0.664181 0.100445
0.664280 0.100445
0.664380 0.100445
0.664480 0.100302
0.664579 0.100302
0.664679 0.100302
0.664778 0.100158
0.664878 0.100014
0.664977 0.100014
0.665077 0.099727
0.665176 0.099583
0.665276 0.099583
0.665376 0.099583
0.665475 0.099583
0.665575 0.099583
0.665674 0.099440
0.665774 0.099440
0.665873 0.099440
0.665973 0.099440
0.666073 0.099296
0.666172 0.099152
0.666272 0.099152
0.666371 0.099152
0.666471 0.099008
0.666570 0.099008
0.666670 0.099008
0.666769 0.099008
0.666869 0.098721
0.666969 0.098577
0.667068 0.098577
0.667168 0.098577
0.667267 0.098577
0.667367 0.098577
0.667466 0.098434
0.667566 0.098434
0.667666 0.098434
0.667765 0.098434
0.667865 0.098290
0.667964 0.098290
0.668064 0.098146
0.668163 0.098146
0.668263 0.097859
0.668363 0.097715
0.668462 0.097715
0.668562 0.097715
0.668661 0.097571
0.668761 0.097428
0.668860 0.097428
0.668960 0.097284
0.669059 0.097284
0.669159 0.097284
0.669259 0.096997
0.669358 0.096997
0.669458 0.096853
0.669557 0.096709
0.669657 0.096566
0.669756 0.096422
0.669856 0.096422
0.669956 0.096135
0.670055 0.096135
0.670155 0.096135
0.670254 0.095991
0.670354 0.095991
0.670453 0.095991
0.670553 0.095991
0.670652 0.095991
0.670752 0.095991
0.670852 0.095991
0.670951 0.095991
0.671051 0.095991
0.671150 0.095847
0.671250 0.095847
0.671349 0.095847
0.671449 0.095847
0.671549 0.095560
0.671648 0.095560
0.671748 0.095560
0.671847 0.095560
0.671947 0.095560
0.672046 0.095560
0.672146 0.095560
0.672245 0.095560
0.672345 0.095560
0.672445 0.095560
0.672544 0.095560
0.672644 0.095272
0.672743 0.095272
0.672843 0.095272
0.672942 0.095272
0.673042 0.095129
0.673142 0.094985
0.673241 0.094841
0.673341 0.094698
0.673440 0.094698
0.673540 0.094698
0.673639 0.094554
0.673739 0.094410
0.673839 0.094266
0.673938 0.094266
0.674038 0.093979
0.674137 0.093835
0.674237 0.093835
0.674336 0.093692
0.674436 0.093692
0.674535 0.093692
0.674635 0.093692
0.674735 0.093692
0.674834 0.093692
0.674934 0.093692
0.675033 0.093692
0.675133 0.093692
0.675232 0.093692
0.675332 0.093548
0.675432 0.093548
0.675531 0.093548
0.675631 0.093261
0.675730 0.093261
0.675830 0.093261
0.675929 0.093261
0.676029 0.093261
0.676128 0.093261
0.676228 0.093261
0.676328 0.093261
0.676427 0.092973
0.676527 0.092973
0.676626 0.092829
0.676726 0.092829
0.676825 0.092829
0.676925 0.092829
0.677025 0.092829
0.677124 0.092829
0.677224 0.092829
0.677323 0.092829
0.677423 0.092829
0.677522 0.092686
0.677622 0.092542
0.677721 0.092542
0.677821 0.092542
0.677921 0.092398
0.678020 0.092398
0.678120 0.092398
0.678219 0.092255
0.678319 0.092255
0.678418 0.092255
0.678518 0.092111
0.678618 0.092111
0.678717 0.092111
0.678817 0.091967
0.678916 0.091824
0.679016 0.091824
0.679115 0.091824
0.679215 0.091680
0.679315 0.091680
0.679414 0.091680
0.679514 0.091680
0.679613 0.091680
0.679713 0.091680
0.679812 0.091680
0.679912 0.091680
0.680011 0.091680
0.680111 0.091680
0.680211 0.091536
0.680310 0.091249
0.680410 0.091249
0.680509 0.091249
0.680609 0.091249
0.680708 0.091105
0.680808 0.091105
0.680908 0.090961
0.681007 0.090818
0.681107 0.090818
0.681206 0.090674
0.681306 0.090674
0.681405 0.090674
0.681505 0.090530
0.681604 0.090387
0.681704 0.090387
0.681804 0.090243
0.681903 0.090099
0.682003 0.090099
0.682102 0.089955
0.682202 0.089955
0.682301 0.089955
0.682401 0.089955
0.682501 0.089955
0.682600 0.089955
0.682700 0.089955
0.682799 0.089955
0.682899 0.089955
0.682998 0.089955
0.683098 0.089955
0.683197 0.089668
0.683297 0.089668
0.683397 0.089668
0.683496 0.089668
0.683596 0.089668
0.683695 0.089524
0.683795 0.089524
0.683894 0.089524
0.683994 0.089524
0.684094 0.089524
0.684193 0.089524
0.684293 0.089524
0.684392 0.089093
0.684492 0.089093
0.684591 0.089093
0.684691 0.089093
0.684791 0.088950
0.684890 0.088950
0.684990 0.088950
0.685089 0.088806
0.685189 0.088806
0.685288 0.088375
0.685388 0.088375
0.685487 0.088375
0.685587 0.088375
0.685687 0.088231
0.685786 0.088231
0.685886 0.088231
0.685985 0.088231
0.686085 0.088231
0.686184 0.087944
0.686284 0.087944
0.686384 0.087944
0.686483 0.087656
0.686583 0.087656
0.686682 0.087656
0.686782 0.087656
0.686881 0.087513
0.686981 0.087369
0.687080 0.087225
0.687180 0.087225
0.687280 0.087081
0.687379 0.086794
0.687479 0.086794
0.687578 0.086650
0.687678 0.086363
0.687777 0.086363
0.687877 0.086363
0.687977 0.086363
0.688076 0.086363
0.688176 0.086363
0.688275 0.086219
0.688375 0.086219
0.688474 0.086219
0.688574 0.086219
0.688673 0.086219
0.688773 0.086219
0.688873 0.086219
0.688972 0.086076
0.689072 0.086076
0.689171 0.085932
0.689271 0.085932
0.689370 0.085932
0.689470 0.085932
0.689570 0.085788
0.689669 0.085644
0.689769 0.085644
0.689868 0.085644
0.689968 0.085644
0.690067 0.085644
0.690167 0.085644
0.690267 0.085501
0.690366 0.085501
0.690466 0.085501
0.690565 0.085213
0.690665 0.085213
0.690764 0.085213
0.690864 0.085213
0.690963 0.085213
0.691063 0.085213
0.691163 0.085070
0.691262 0.084926
0.691362 0.084926
0.691461 0.084926
0.691561 0.084926
0.691660 0.084926
0.691760 0.084639
0.691860 0.084639
0.691959 0.084639
0.692059 0.084639
0.692158 0.084495
0.692258 0.084351
0.692357 0.084351
0.692457 0.084351
0.692556 0.084351
0.692656 0.084208
0.692756 0.084064
0.692855 0.084064
0.692955 0.084064
0.693054 0.084064
0.693154 0.084064
0.693253 0.084064
0.693353 0.084064
0.693453 0.084064
0.693552 0.083920
0.693652 0.083633
0.693751 0.083633
0.693851 0.083633
0.693950 0.083633
0.694050 0.083633
0.694149 0.083633
0.694249 0.083633
0.694349 0.083633
0.694448 0.083489
0.694548 0.083345
0.694647 0.083202
0.694747 0.083202
0.694846 0.083058
0.694946 0.083058
0.695046 0.082914
0.695145 0.082771
0.695245 0.082627
0.695344 0.082627
0.695444 0.082627
0.695543 0.082627
0.695643 0.082483
0.695743 0.082339
0.695842 0.082196
0.695942 0.082052
0.696041 0.082052
0.696141 0.081908
0.696240 0.081765
0.696340 0.081621
0.696439 0.081621
0.696539 0.081621
0.696639 0.081621
0.696738 0.081621
0.696838 0.081621
0.696937 0.081621
0.697037 0.081621
0.697136 0.081190
0.697236 0.081190
0.697336 0.081046
0.697435 0.080902
0.697535 0.080902
0.697634 0.080902
0.697734 0.080902
0.697833 0.080902
0.697933 0.080902
0.698032 0.080902
0.698132 0.080902
0.698232 0.080902
0.698331 0.080902
0.698431 0.080759
0.698530 0.080759
0.698630 0.080615
0.698729 0.080471
0.698829 0.080471
0.698929 0.080471
0.699028 0.080184
0.699128 0.080040
0.699227 0.080040
0.699327 0.080040
0.699426 0.080040
0.699526 0.080040
0.699625 0.080040
0.699725 0.080040
0.699825 0.080040
0.699924 0.079897
0.700024 0.079753
0.700123 0.079465
0.700223 0.079465
0.700322 0.079322
0.700422 0.079322
0.700522 0.079322
0.700621 0.079322
0.700721 0.079178
0.700820 0.079034
0.700920 0.078891
0.701019 0.078891
0.701119 0.078891
0.701218 0.078747
0.701318 0.078747
0.701418 0.078747
0.701517 0.078603
0.701617 0.078316
0.701716 0.078172
0.701816 0.078028
0.701915 0.078028
0.702015 0.077885
0.702115 0.077885
0.702214 0.077741
0.702314 0.077741
0.702413 0.077741
0.702513 0.077741
0.702612 0.077741
0.702712 0.077741
0.702812 0.077741
0.702911 0.077741
0.703011 0.077597
0.703110 0.077310
0.703210 0.077166
0.703309 0.076879
0.703409 0.076735
0.703508 0.076591
0.703608 0.076591
0.703708 0.076448
0.703807 0.076448
0.703907 0.076448
0.704006 0.076448
0.704106 0.076448
0.704205 0.076304
0.704305 0.076160
0.704405 0.076160
0.704504 0.076160
0.704604 0.076160
0.704703 0.075729
0.704803 0.075729
0.704902 0.075442
0.705002 0.075442
0.705101 0.075442
0.705201 0.075442
0.705301 0.075442
0.705400 0.075442
0.705500 0.075298
0.705599 0.075298
0.705699 0.075298
0.705798 0.075298
0.705898 0.075298
0.705998 0.075298
0.706097 0.075298
0.706197 0.075154
0.706296 0.075154
0.706396 0.075154
0.706495 0.075154
0.706595 0.075154
0.706694 0.075154
0.706794 0.075154
0.706894 0.075011
0.706993 0.075011
0.707093 0.075011
0.707192 0.075011
0.707292 0.075011
0.707391 0.074867
0.707491 0.074723
0.707591 0.074723
0.707690 0.074723
0.707790 0.074723
0.707889 0.074723
0.707989 0.074723
0.708088 0.074580
0.708188 0.074436
0.708288 0.074436
0.708387 0.074436
0.708487 0.074436
0.708586 0.074436
0.708686 0.074149
0.708785 0.074005
0.708885 0.074005
0.708984 0.074005
0.709084 0.074005
0.709184 0.074005
0.709283 0.074005
0.709383 0.074005
0.709482 0.073861
0.709582 0.073861
0.709681 0.073717
0.709781 0.073430
0.709881 0.073430
0.709980 0.073143
0.710080 0.072999
0.710179 0.072855
0.710279 0.072855
0.710378 0.072712
0.710478 0.072568
0.710577 0.072424
0.710677 0.072281
0.710777 0.072281
0.710876 0.072137
0.710976 0.071993
0.711075 0.071993
0.711175 0.071849
0.711274 0.071849
0.711374 0.071849
0.711474 0.071418
0.711573 0.071275
0.711673 0.071131
0.711772 0.070987
0.711872 0.070987
0.711971 0.070844
0.712071 0.070844
0.712170 0.070844
0.712270 0.070556
0.712370 0.070556
0.712469 0.070412
0.712569 0.070269
0.712668 0.070269
0.712768 0.070269
0.712867 0.070269
0.712967 0.069838
0.713067 0.069838
0.713166 0.069694
0.713266 0.069694
0.713365 0.069694
0.713465 0.069550
0.713564 0.069550
0.713664 0.069407
0.713764 0.069263
0.713863 0.069263
0.713963 0.069263
0.714062 0.069119
0.714162 0.069119
0.714261 0.069119
0.714361 0.069119
0.714460 0.068975
0.714560 0.068975
0.714660 0.068975
0.714759 0.068688
0.714859 0.068688
0.714958 0.068544
0.715058 0.068544
0.715157 0.068544
0.715257 0.068544
0.715357 0.068544
0.715456 0.068544
0.715556 0.068401
0.715655 0.068401
0.715755 0.068401
0.715854 0.068401
0.715954 0.068401
0.716053 0.068401
0.716153 0.068257
0.716253 0.067970
0.716352 0.067970
0.716452 0.067970
0.716551 0.067970
0.716651 0.067970
0.716750 0.067970
0.716850 0.067826
0.716950 0.067682
0.717049 0.067395
0.717149 0.067395
0.717248 0.067395
0.717348 0.067395
0.717447 0.067395
0.717547 0.067395
0.717646 0.067395
0.717746 0.067251
0.717846 0.067251
0.717945 0.067251
0.718045 0.067251
0.718144 0.067251
0.718244 0.067107
0.718343 0.066820
0.718443 0.066820
0.718543 0.066676
0.718642 0.066676
0.718742 0.066676
0.718841 0.066676
0.718941 0.066676
0.719040 0.066676
0.719140 0.066533
0.719240 0.066533
0.719339 0.066389
0.719439 0.066245
0.719538 0.066245
0.719638 0.066101
0.719737 0.066101
0.719837 0.066101
0.719936 0.065958
0.720036 0.065958
0.720136 0.065958
0.720235 0.065958
0.720335 0.065814
0.720434 0.065814
0.720534 0.065814
0.720633 0.065527
0.720733 0.065383
0.720833 0.065239
0.720932 0.065096
0.721032 0.064952
0.721131 0.064808
0.721231 0.064664
0.721330 0.064521
0.721430 0.064377
0.721529 0.064377
0.721629 0.064377
0.721729 0.064377
0.721828 0.064233
0.721928 0.064233
0.722027 0.064090
0.722127 0.064090
0.722226 0.063946
0.722326 0.063946
0.722426 0.063946
0.722525 0.063946
0.722625 0.063802
0.722724 0.063802
0.722824 0.063802
0.722923 0.063802
0.723023 0.063802
0.723122 0.063802
0.723222 0.063802
0.723322 0.063802
0.723421 0.063802
0.723521 0.063659
0.723620 0.063515
0.723720 0.063515
0.723819 0.063515
0.723919 0.063515
0.724019 0.063515
0.724118 0.063515
0.724218 0.063515
0.724317 0.063515
0.724417 0.063515
0.724516 0.063371
0.724616 0.063371
0.724716 0.063227
0.724815 0.063227
0.724915 0.063227
0.725014 0.063227
0.725114 0.063227
0.725213 0.063227
0.725313 0.063227
0.725412 0.063084
0.725512 0.063084
0.725612 0.062940
0.725711 0.062940
0.725811 0.062940
0.725910 0.062940
0.726010 0.062940
0.726109 0.062940
0.726209 0.062796
0.726309 0.062796
0.726408 0.062796
0.726508 0.062509
0.726607 0.062509
0.726707 0.062509
0.726806 0.062222
0.726906 0.062222
0.727005 0.062222
0.727105 0.062078
0.727205 0.062078
0.727304 0.061790
0.727404 0.061790
0.727503 0.061647
0.727603 0.061647
0.727702 0.061503
0.727802 0.061503
0.727902 0.061359
0.728001 0.061359
0.728101 0.061359
0.728200 0.061359
0.728300 0.061359
0.728399 0.061216
0.728499 0.061072
0.728598 0.061072
0.728698 0.061072
0.728798 0.060928
0.728897 0.060928
0.728997 0.060928
0.729096 0.060928
0.729196 0.060785
0.729295 0.060785
0.729395 0.060785
0.729495 0.060785
0.729594 0.060785
0.729694 0.060641
0.729793 0.060641
0.729893 0.060641
0.729992 0.060641
0.730092 0.060641
0.730192 0.060641
0.730291 0.060641
0.730391 0.060641
0.730490 0.060353
0.730590 0.060353
0.730689 0.060353
0.730789 0.060210
0.730888 0.059922
0.730988 0.059922
0.731088 0.059779
0.731187 0.059779
0.731287 0.059779
0.731386 0.059635
0.731486 0.059635
0.731585 0.059635
0.731685 0.059491
0.731785 0.059491
0.731884 0.059491
0.731984 0.059348
0.732083 0.059204
0.732183 0.059204
0.732282 0.059204
0.732382 0.059204
0.732481 0.059060
0.732581 0.059060
0.732681 0.059060
0.732780 0.059060
0.732880 0.059060
0.732979 0.058917
0.733079 0.058917
0.733178 0.058917
0.733278 0.058773
0.733378 0.058773
0.733477 0.058773
0.733577 0.058773
0.733676 0.058485
0.733776 0.058485
0.733875 0.058485
0.733975 0.058485
0.734074 0.058485
0.734174 0.058342
0.734274 0.058198
0.734373 0.058198
0.734473 0.058054
0.734572 0.057911
0.734672 0.057911
0.734771 0.057767
0.734871 0.057767
0.734971 0.057767
0.735070 0.057767
0.735170 0.057623
0.735269 0.057623
0.735369 0.057480
0.735468 0.057480
0.735568 0.057480
0.735668 0.057480
0.735767 0.057480
0.735867 0.057336
0.735966 0.057336
0.736066 0.057336
0.736165 0.057336
0.736265 0.057192
0.736364 0.057192
0.736464 0.057192
0.736564 0.057192
0.736663 0.057192
0.736763 0.057192
0.736862 0.057192
0.736962 0.057192
0.737061 0.057192
0.737161 0.057192
0.737261 0.057192
0.737360 0.057192
0.737460 0.057192
0.737559 0.057048
0.737659 0.057048
0.737758 0.056905
0.737858 0.056617
0.737957 0.056617
0.738057 0.056617
0.738157 0.056617
0.738256 0.056617
0.738356 0.056617
0.738455 0.056617
0.738555 0.056617
0.738654 0.056474
0.738754 0.056474
0.738854 0.056474
0.738953 0.056474
0.739053 0.056474
0.739152 0.056330
0.739252 0.056330
0.739351 0.056330
0.739451 0.056330
0.739550 0.056330
0.739650 0.056330
0.739750 0.056186
0.739849 0.056186
0.739949 0.056186
0.740048 0.056186
0.740148 0.056186
0.740247 0.056186
0.740347 0.056043
0.740447 0.056043
0.740546 0.055755
0.740646 0.055611
0.740745 0.055468
0.740845 0.055468
0.740944 0.055468
0.741044 0.055468
0.741143 0.055324
0.741243 0.055324
0.741343 0.055324
0.741442 0.055324
0.741542 0.055324
0.741641 0.055324
0.741741 0.055324
0.741840 0.055324
0.741940 0.055324
0.742040 0.055324
0.742139 0.055324
0.742239 0.055324
0.742338 0.055324
0.742438 0.055180
0.742537 0.055180
0.742637 0.055037
0.742737 0.055037
0.742836 0.055037
0.742936 0.055037
0.743035 0.055037
0.743135 0.055037
0.743234 0.054893
0.743334 0.054893
0.743433 0.054893
0.743533 0.054606
0.743633 0.054606
0.743732 0.054606
0.743832 0.054606
0.743931 0.054606
0.744031 0.054606
0.744130 0.054462
0.744230 0.054462
0.744330 0.054318
0.744429 0.054318
0.744529 0.054318
0.744628 0.054318
0.744728 0.054318
0.744827 0.054318
0.744927 0.054318
0.745026 0.054174
0.745126 0.054174
0.745226 0.054174
0.745325 0.054174
0.745425 0.054174
0.745524 0.054174
0.745624 0.054031
0.745723 0.053743
0.745823 0.053743
0.745923 0.053743
0.746022 0.053743
0.746122 0.053743
0.746221 0.053743
0.746321 0.053600
0.746420 0.053600
0.746520 0.053456
0.746619 0.053456
0.746719 0.053456
0.746819 0.053456
0.746918 0.053456
0.747018 0.053456
0.747117 0.053456
0.747217 0.053456
0.747316 0.053312
0.747416 0.053312
0.747516 0.053169
0.747615 0.053169
0.747715 0.053169
0.747814 0.053169
0.747914 0.053169
0.748013 0.053169
0.748113 0.053169
0.748213 0.053169
0.748312 0.053025
0.748412 0.053025
0.748511 0.053025
0.748611 0.052737
0.748710 0.052737
0.748810 0.052737
0.748909 0.052594
0.749009 0.052594
0.749109 0.052594
0.749208 0.052594
0.749308 0.052594
0.749407 0.052450
0.749507 0.052450
0.749606 0.052450
0.749706 0.052450
0.749806 0.052306
0.749905 0.052163
0.750005 0.052019
0.750104 0.052019
0.750204 0.052019
0.750303 0.052019
0.750403 0.052019
0.750502 0.052019
0.750602 0.052019
0.750702 0.052019
0.750801 0.051875
0.750901 0.051875
0.751000 0.051875
0.751100 0.051732
0.751199 0.051732
0.751299 0.051732
0.751399 0.051732
0.751498 0.051732
0.751598 0.051732
0.751697 0.051732
0.751797 0.051732
0.751896 0.051732
0.751996 0.051732
0.752095 0.051732
0.752195 0.051732
0.752295 0.051732
0.752394 0.051588
0.752494 0.051444
0.752593 0.051444
0.752693 0.051444
0.752792 0.051444
0.752892 0.051444
0.752992 0.051300
0.753091 0.051300
0.753191 0.051300
0.753290 0.051300
0.753390 0.051300
0.753489 0.051300
0.753589 0.051300
0.753689 0.051300
0.753788 0.051300
0.753888 0.051300
0.753987 0.051300
0.754087 0.051300
0.754186 0.051157
0.754286 0.051157
0.754385 0.051157
0.754485 0.051157
0.754585 0.051157
0.754684 0.051157
0.754784 0.051013
0.754883 0.050869
0.754983 0.050726
0.755082 0.050726
0.755182 0.050726
0.755282 0.050726
0.755381 0.050726
0.755481 0.050726
0.755580 0.050726
0.755680 0.050726
0.755779 0.050726
0.755879 0.050726
0.755978 0.050726
0.756078 0.050582
0.756178 0.050438
0.756277 0.050438
0.756377 0.050438
0.756476 0.050151
0.756576 0.050151
0.756675 0.050151
0.756775 0.050151
0.756875 0.050007
0.756974 0.050007
0.757074 0.049863
0.757173 0.049863
0.757273 0.049863
0.757372 0.049863
0.757472 0.049863
0.757571 0.049863
0.757671 0.049863
0.757771 0.049863
0.757870 0.049863
0.757970 0.049863
0.758069 0.049720
0.758169 0.049720
0.758268 0.049720
0.758368 0.049720
0.758468 0.049720
0.758567 0.049720
0.758667 0.049720
0.758766 0.049576
0.758866 0.049576
0.758965 0.049576
0.759065 0.049576
0.759165 0.049432
0.759264 0.049432
0.759364 0.049432
0.759463 0.049289
0.759563 0.049289
0.759662 0.049289
0.759762 0.049289
0.759861 0.049289
0.759961 0.049289
0.760061 0.049289
0.760160 0.049289
0.760260 0.049289
0.760359 0.049145
0.760459 0.049145
0.760558 0.048858
0.760658 0.048858
0.760758 0.048858
0.760857 0.048858
0.760957 0.048858
0.761056 0.048858
0.761156 0.048858
0.761255 0.048858
0.761355 0.048858
0.761454 0.048858
0.761554 0.048858
0.761654 0.048858
0.761753 0.048714
0.761853 0.048714
0.761952 0.048570
0.762052 0.048570
0.762151 0.048570
0.762251 0.048426
0.762351 0.048283
0.762450 0.048283
0.762550 0.048139
0.762649 0.047708
0.762749 0.047421
0.762848 0.047421
0.762948 0.047421
0.763047 0.047421
0.763147 0.047421
0.763247 0.047421
0.763346 0.047421
0.763446 0.047421
0.763545 0.047421
0.763645 0.047421
0.763744 0.047421
0.763844 0.047421
0.763944 0.047421
0.764043 0.047421
0.764143 0.047421
0.764242 0.047421
0.764342 0.047421
0.764441 0.047421
0.764541 0.047133
0.764641 0.047133
0.764740 0.046990
0.764840 0.046990
0.764939 0.046990
0.765039 0.046990
0.765138 0.046990
0.765238 0.046990
0.765337 0.046990
0.765437 0.046702
0.765537 0.046702
0.765636 0.046702
0.765736 0.046702
0.765835 0.046558
0.765935 0.046558
0.766034 0.046558
0.766134 0.046558
0.766234 0.046558
0.766333 0.046415
0.766433 0.046271
0.766532 0.046271
0.766632 0.046271
0.766731 0.045984
0.766831 0.045984
0.766930 0.045984
0.767030 0.045696
0.767130 0.045696
0.767229 0.045696
0.767329 0.045409
0.767428 0.045409
0.767528 0.045409
0.767627 0.045409
0.767727 0.045409
0.767827 0.045409
0.767926 0.045409
0.768026 0.045409
0.768125 0.045409
0.768225 0.045409
0.768324 0.045409
0.768424 0.045409
0.768523 0.045265
0.768623 0.045265
0.768723 0.044834
0.768822 0.044834
0.768922 0.044834
0.769021 0.044690
0.769121 0.044690
0.769220 0.044690
0.769320 0.044403
0.769420 0.044403
0.769519 0.044259
0.769619 0.044259
0.769718 0.044259
0.769818 0.044259
0.769917 0.044259
0.770017 0.044116
0.770117 0.044116
0.770216 0.043972
0.770316 0.043972
0.770415 0.043972
0.770515 0.043972
0.770614 0.043972
0.770714 0.043828
0.770813 0.043828
0.770913 0.043828
0.771013 0.043684
0.771112 0.043684
0.771212 0.043684
0.771311 0.043684
0.771411 0.043684
0.771510 0.043684
0.771610 0.043684
0.771710 0.043684
0.771809 0.043684
0.771909 0.043684
0.772008 0.043684
0.772108 0.043684
0.772207 0.043541
0.772307 0.043541
0.772406 0.043541
0.772506 0.043541
0.772606 0.043541
0.772705 0.043541
0.772805 0.043541
0.772904 0.043541
0.773004 0.043541
0.773103 0.043541
0.773203 0.043541
0.773303 0.043541
0.773402 0.043253
0.773502 0.043253
0.773601 0.043110
0.773701 0.043110
0.773800 0.042966
0.773900 0.042966
0.773999 0.042822
0.774099 0.042822
0.774199 0.042822
0.774298 0.042822
0.774398 0.042822
0.774497 0.042822
0.774597 0.042822
0.774696 0.042822
0.774796 0.042822
0.774896 0.042679
0.774995 0.042679
0.775095 0.042679
0.775194 0.042679
0.775294 0.042679
0.775393 0.042679
0.775493 0.042679
0.775593 0.042391
0.775692 0.042391
0.775792 0.042391
0.775891 0.042391
0.775991 0.042391
0.776090 0.042391
0.776190 0.042247
0.776289 0.042247
0.776389 0.042247
0.776489 0.042104
0.776588 0.042104
0.776688 0.042104
0.776787 0.041960
0.776887 0.041960
0.776986 0.041960
0.777086 0.041960
0.777186 0.041960
0.777285 0.041816
0.777385 0.041816
0.777484 0.041816
0.777584 0.041816
0.777683 0.041816
0.777783 0.041816
0.777882 0.041816
0.777982 0.041816
0.778082 0.041816
0.778181 0.041816
0.778281 0.041816
0.778380 0.041816
0.778480 0.041816
0.778579 0.041816
0.778679 0.041816
0.778779 0.041816
0.778878 0.041816
0.778978 0.041816
0.779077 0.041816
0.779177 0.041673
0.779276 0.041673
0.779376 0.041673
0.779475 0.041529
0.779575 0.041529
0.779675 0.041529
0.779774 0.041529
0.779874 0.041529
0.779973 0.041242
0.780073 0.041242
0.780172 0.041242
0.780272 0.041242
0.780372 0.041242
0.780471 0.041242
0.780571 0.041242
0.780670 0.041242
0.780770 0.041098
0.780869 0.040954
0.780969 0.040954
0.781068 0.040954
0.781168 0.040954
0.781268 0.040954
0.781367 0.040954
0.781467 0.040954
0.781566 0.040810
0.781666 0.040810
0.781765 0.040810
0.781865 0.040810
0.781965 0.040810
0.782064 0.040810
0.782164 0.040667
0.782263 0.040667
0.782363 0.040523
0.782462 0.040523
0.782562 0.040523
0.782662 0.040523
0.782761 0.040523
0.782861 0.040523
0.782960 0.040523
0.783060 0.040523
0.783159 0.040523
0.783259 0.040523
0.783358 0.040523
0.783458 0.040379
0.783558 0.040379
0.783657 0.040379
0.783757 0.040379
0.783856 0.040379
0.783956 0.040379
0.784055 0.040379
0.784155 0.040379
0.784255 0.040379
0.784354 0.040236
0.784454 0.040236
0.784553 0.040236
0.784653 0.040236
0.784752 0.040236
0.784852 0.040236
0.784951 0.040236
0.785051 0.040236
0.785151 0.040236
0.785250 0.040092
0.785350 0.040092
0.785449 0.040092
0.785549 0.039948
0.785648 0.039948
0.785748 0.039948
0.785848 0.039948
0.785947 0.039948
0.786047 0.039948
0.786146 0.039948
0.786246 0.039948
0.786345 0.039948
0.786445 0.039805
0.786544 0.039805
0.786644 0.039805
0.786744 0.039805
0.786843 0.039661
0.786943 0.039661
0.787042 0.039661
0.787142 0.039661
0.787241 0.039517
0.787341 0.039517
0.787441 0.039517
0.787540 0.039517
0.787640 0.039517
0.787739 0.039517
0.787839 0.039517
0.787938 0.039517
0.788038 0.039230
0.788138 0.039086
0.788237 0.039086
0.788337 0.039086
0.788436 0.039086
0.788536 0.039086
0.788635 0.039086
0.788735 0.039086
0.788834 0.038942
0.788934 0.038942
0.789034 0.038942
0.789133 0.038799
0.789233 0.038799
0.789332 0.038799
0.789432 0.038655
0.789531 0.038655
0.789631 0.038655
0.789731 0.038655
0.789830 0.038368
0.789930 0.038368
0.790029 0.038368
0.790129 0.038368
0.790228 0.038368
0.790328 0.038368
0.790427 0.038368
0.790527 0.038368
0.790627 0.038368
0.790726 0.038368
0.790826 0.038368
0.790925 0.038368
0.791025 0.038368
0.791124 0.038368
0.791224 0.038224
0.791324 0.038080
0.791423 0.038080
0.791523 0.038080
0.791622 0.038080
0.791722 0.038080
0.791821 0.038080
0.791921 0.038080
0.792020 0.038080
0.792120 0.038080
0.792220 0.038080
0.792319 0.038080
0.792419 0.038080
0.792518 0.038080
0.792618 0.038080
0.792717 0.038080
0.792817 0.038080
0.792917 0.038080
0.793016 0.038080
0.793116 0.038080
0.793215 0.038080
0.793315 0.038080
0.793414 0.037936
0.793514 0.037936
0.793614 0.037936
0.793713 0.037936
0.793813 0.037936
0.793912 0.037936
0.794012 0.037936
0.794111 0.037936
0.794211 0.037936
0.794310 0.037936
0.794410 0.037936
0.794510 0.037936
0.794609 0.037649
0.794709 0.037649
0.794808 0.037505
0.794908 0.037505
0.795007 0.037505
0.795107 0.037505
0.795207 0.037505
0.795306 0.037505
0.795406 0.037505
0.795505 0.037505
0.795605 0.037505
0.795704 0.037362
0.795804 0.037074
0.795903 0.037074
0.796003 0.037074
0.796103 0.036931
0.796202 0.036643
0.796302 0.036643
0.796401 0.036643
0.796501 0.036643
0.796600 0.036643
0.796700 0.036643
0.796800 0.036356
0.796899 0.036212
0.796999 0.036212
0.797098 0.036212
0.797198 0.036212
0.797297 0.036068
0.797397 0.035925
0.797496 0.035925
0.797596 0.035781
0.797696 0.035781
0.797795 0.035781
0.797895 0.035781
0.797994 0.035781
0.798094 0.035781
0.798193 0.035781
0.798293 0.035781
0.798393 0.035637
0.798492 0.035637
0.798592 0.035637
0.798691 0.035637
0.798791 0.035637
0.798890 0.035637
0.798990 0.035494
0.799090 0.035494
0.799189 0.035494
0.799289 0.035494
0.799388 0.035494
0.799488 0.035494
0.799587 0.035350
0.799687 0.035350
0.799786 0.035206
0.799886 0.035206
0.799986 0.035206
0.800085 0.035206
0.800185 0.035063
0.800284 0.035063
0.800384 0.035063
0.800483 0.035063
0.800583 0.035063
0.800683 0.035063
0.800782 0.035063
0.800882 0.035063
0.800981 0.035063
0.801081 0.035063
0.801180 0.035063
0.801280 0.034919
0.801379 0.034919
0.801479 0.034919
0.801579 0.034919
0.801678 0.034919
0.801778 0.034919
0.801877 0.034775
0.801977 0.034775
0.802076 0.034775
0.802176 0.034775
0.802276 0.034775
0.802375 0.034775
0.802475 0.034631
0.802574 0.034631
0.802674 0.034631
0.802773 0.034488
0.802873 0.034488
0.802972 0.034488
0.803072 0.034200
0.803172 0.034200
0.803271 0.034200
0.803371 0.034200
0.803470 0.034200
0.803570 0.034200
0.803669 0.034200
0.803769 0.034200
0.803869 0.034200
0.803968 0.034057
0.804068 0.034057
0.804167 0.034057
0.804267 0.034057
0.804366 0.034057
0.804466 0.033913
0.804566 0.033913
0.804665 0.033913
0.804765 0.033913
0.804864 0.033913
0.804964 0.033913
0.805063 0.033913
0.805163 0.033913
0.805262 0.033913
0.805362 0.033769
0.805462 0.033769
0.805561 0.033626
0.805661 0.033626
0.805760 0.033626
0.805860 0.033626
0.805959 0.033626
0.806059 0.033626
0.806159 0.033626
0.806258 0.033626
0.806358 0.033626
0.806457 0.033626
0.806557 0.033626
0.806656 0.033626
0.806756 0.033626
0.806855 0.033482
0.806955 0.033338
0.807055 0.033338
0.807154 0.033194
0.807254 0.033194
0.807353 0.033194
0.807453 0.033194
0.807552 0.033194
0.807652 0.033051
0.807752 0.033051
0.807851 0.033051
0.807951 0.033051
0.808050 0.033051
0.808150 0.032907
0.808249 0.032907
0.808349 0.032907
0.808448 0.032907
0.808548 0.032763
0.808648 0.032763
0.808747 0.032763
0.808847 0.032763
0.808946 0.032763
0.809046 0.032763
0.809145 0.032763
0.809245 0.032620
0.809345 0.032620
0.809444 0.032620
0.809544 0.032620
0.809643 0.032620
0.809743 0.032620
0.809842 0.032620
0.809942 0.032620
0.810042 0.032620
0.810141 0.032620
0.810241 0.032620
0.810340 0.032476
0.810440 0.032476
0.810539 0.032476
0.810639 0.032332
0.810738 0.032332
0.810838 0.032332
0.810938 0.032332
0.811037 0.032189
0.811137 0.032189
0.811236 0.032045
0.811336 0.032045
0.811435 0.031901
0.811535 0.031901
0.811635 0.031901
0.811734 0.031901
0.811834 0.031901
0.811933 0.031901
0.812033 0.031901
0.812132 0.031901
0.812232 0.031901
0.812331 0.031901
0.812431 0.031901
0.812531 0.031901
0.812630 0.031901
0.812730 0.031901
0.812829 0.031901
0.812929 0.031901
0.813028 0.031901
0.813128 0.031901
0.813228 0.031901
0.813327 0.031901
0.813427 0.031901
0.813526 0.031901
0.813626 0.031757
0.813725 0.031757
0.813825 0.031757
0.813924 0.031757
0.814024 0.031757
0.814124 0.031614
0.814223 0.031470
0.814323 0.031470
0.814422 0.031470
0.814522 0.031470
0.814621 0.031326
0.814721 0.031326
0.814821 0.031326
0.814920 0.031326
0.815020 0.031326
0.815119 0.031183
0.815219 0.031183
0.815318 0.031183
0.815418 0.031183
0.815518 0.031183
0.815617 0.031183
0.815717 0.031039
0.815816 0.031039
0.815916 0.030895
0.816015 0.030895
0.816115 0.030895
0.816214 0.030895
0.816314 0.030895
0.816414 0.030895
0.816513 0.030895
0.816613 0.030895
0.816712 0.030895
0.816812 0.030895
0.816911 0.030752
0.817011 0.030752
0.817111 0.030752
0.817210 0.030752
0.817310 0.030752
0.817409 0.030752
0.817509 0.030752
0.817608 0.030608
0.817708 0.030608
0.817807 0.030608
0.817907 0.030464
0.818007 0.030464
0.818106 0.030464
0.818206 0.030464
0.818305 0.030464
0.818405 0.030464
0.818504 0.030464
0.818604 0.030320
0.818704 0.030177
0.818803 0.030177
0.818903 0.030033
0.819002 0.030033
0.819102 0.030033
0.819201 0.030033
0.819301 0.030033
0.819400 0.030033
0.819500 0.030033
0.819600 0.030033
0.819699 0.029889
0.819799 0.029889
0.819898 0.029889
0.819998 0.029889
0.820097 0.029889
0.820197 0.029889
0.820297 0.029889
0.820396 0.029889
0.820496 0.029889
0.820595 0.029889
0.820695 0.029889
0.820794 0.029889
0.820894 0.029889
0.820993 0.029889
0.821093 0.029889
0.821193 0.029746
0.821292 0.029746
0.821392 0.029746
0.821491 0.029602
0.821591 0.029602
0.821690 0.029602
0.821790 0.029602
0.821890 0.029602
0.821989 0.029602
0.822089 0.029458
0.822188 0.029458
0.822288 0.029458
0.822387 0.029458
0.822487 0.029315
0.822587 0.029315
0.822686 0.029315
0.822786 0.029315
0.822885 0.029315
0.822985 0.029315
0.823084 0.029315
0.823184 0.029315
0.823283 0.029171
0.823383 0.029171
0.823483 0.029027
0.823582 0.028883
0.823682 0.028883
0.823781 0.028883
0.823881 0.028883
0.823980 0.028740
0.824080 0.028596
0.824180 0.028596
0.824279 0.028596
0.824379 0.028596
0.824478 0.028596
0.824578 0.028596
0.824677 0.028596
0.824777 0.028596
0.824876 0.028596
0.824976 0.028596
0.825076 0.028596
0.825175 0.028596
0.825275 0.028596
0.825374 0.028452
0.825474 0.028452
0.825573 0.028452
0.825673 0.028309
0.825773 0.028165
0.825872 0.028165
0.825972 0.028165
0.826071 0.028021
0.826171 0.028021
0.826270 0.028021
0.826370 0.028021
0.826469 0.028021
0.826569 0.028021
0.826669 0.027878
0.826768 0.027878
0.826868 0.027878
0.826967 0.027878
0.827067 0.027734
0.827166 0.027734
0.827266 0.027734
0.827366 0.027734
0.827465 0.027734
0.827565 0.027734
0.827664 0.027734
0.827764 0.027734
0.827863 0.027734
0.827963 0.027590
0.828063 0.027590
0.828162 0.027446
0.828262 0.027446
0.828361 0.027446
0.828461 0.027303
0.828560 0.027303
0.828660 0.026872
0.828759 0.026728
0.828859 0.026728
0.828959 0.026584
0.829058 0.026584
0.829158 0.026584
0.829257 0.026441
0.829357 0.026441
0.829456 0.026441
0.829556 0.026441
0.829656 0.026441
0.829755 0.026441
0.829855 0.026441
0.829954 0.026441
0.830054 0.026441
0.830153 0.026441
0.830253 0.026441
0.830352 0.026441
0.830452 0.026441
0.830552 0.026441
0.830651 0.026441
0.830751 0.026441
0.830850 0.026441
0.830950 0.026441
0.831049 0.026297
0.831149 0.026153
0.831249 0.026009
0.831348 0.025722
0.831448 0.025722
0.831547 0.025722
0.831647 0.025578
0.831746 0.025578
0.831846 0.025578
0.831945 0.025435
0.832045 0.025147
0.832145 0.025147
0.832244 0.025147
0.832344 0.025004
0.832443 0.025004
0.832543 0.025004
0.832642 0.025004
0.832742 0.025004
0.832842 0.024860
0.832941 0.024716
0.833041 0.024716
0.833140 0.024716
0.833240 0.024716
0.833339 0.024716
0.833439 0.024716
0.833539 0.024716
0.833638 0.024716
0.833738 0.024572
0.833837 0.024572
0.833937 0.024572
0.834036 0.024572
0.834136 0.024572
0.834235 0.024572
0.834335 0.024572
0.834435 0.024429
0.834534 0.024285
0.834634 0.024285
0.834733 0.024285
0.834833 0.024285
0.834932 0.024141
0.835032 0.024141
0.835132 0.024141
0.835231 0.024141
0.835331 0.024141
0.835430 0.024141
0.835530 0.024141
0.835629 0.024141
0.835729 0.024141
0.835828 0.024141
0.835928 0.024141
0.836028 0.024141
0.836127 0.024141
0.836227 0.024141
0.836326 0.024141
0.836426 0.024141
0.836525 0.024141
0.836625 0.024141
0.836725 0.024141
0.836824 0.024141
0.836924 0.024141
0.837023 0.024141
0.837123 0.024141
0.837222 0.024141
0.837322 0.024141
0.837421 0.024141
0.837521 0.024141
0.837621 0.024141
0.837720 0.023998
0.837820 0.023998
0.837919 0.023998
0.838019 0.023998
0.838118 0.023998
0.838218 0.023998
0.838318 0.023998
0.838417 0.023998
0.838517 0.023998
0.838616 0.023998
0.838716 0.023998
0.838815 0.023854
0.838915 0.023854
0.839015 0.023854
0.839114 0.023854
0.839214 0.023854
0.839313 0.023854
0.839413 0.023854
0.839512 0.023854
0.839612 0.023854
0.839711 0.023854
0.839811 0.023710
0.839911 0.023567
0.840010 0.023567
0.840110 0.023279
0.840209 0.022992
0.840309 0.022992
0.840408 0.022992
0.840508 0.022992
0.840608 0.022848
0.840707 0.022848
0.840807 0.022848
0.840906 0.022848
0.841006 0.022848
0.841105 0.022848
0.841205 0.022848
0.841304 0.022848
0.841404 0.022848
0.841504 0.022848
0.841603 0.022848
0.841703 0.022704
0.841802 0.022704
0.841902 0.022704
0.842001 0.022704
0.842101 0.022704
0.842201 0.022704
0.842300 0.022704
0.842400 0.022561
0.842499 0.022561
0.842599 0.022561
0.842698 0.022561
0.842798 0.022561
0.842897 0.022273
0.842997 0.022273
0.843097 0.022273
0.843196 0.022273
0.843296 0.022273
0.843395 0.022130
0.843495 0.022130
0.843594 0.022130
0.843694 0.022130
0.843794 0.022130
0.843893 0.022130
0.843993 0.022130
0.844092 0.022130
0.844192 0.022130
0.844291 0.022130
0.844391 0.022130
0.844491 0.021986
0.844590 0.021986
0.844690 0.021986
0.844789 0.021986
0.844889 0.021986
0.844988 0.021986
0.845088 0.021986
0.845187 0.021986
0.845287 0.021986
0.845387 0.021986
0.845486 0.021986
0.845586 0.021986
0.845685 0.021842
0.845785 0.021842
0.845884 0.021699
0.845984 0.021699
0.846084 0.021699
0.846183 0.021699
0.846283 0.021555
0.846382 0.021411
0.846482 0.021267
0.846581 0.021124
0.846681 0.021124
0.846780 0.021124
0.846880 0.021124
0.846980 0.021124
0.847079 0.021124
0.847179 0.021124
0.847278 0.021124
0.847378 0.021124
0.847477 0.021124
0.847577 0.020980
0.847677 0.020836
0.847776 0.020836
0.847876 0.020836
0.847975 0.020836
0.848075 0.020836
0.848174 0.020836
0.848274 0.020836
0.848373 0.020836
0.848473 0.020836
0.848573 0.020836
0.848672 0.020836
0.848772 0.020836
0.848871 0.020836
0.848971 0.020836
0.849070 0.020836
0.849170 0.020836
0.849270 0.020836
0.849369 0.020836
0.849469 0.020836
0.849568 0.020836
0.849668 0.020836
0.849767 0.020836
0.849867 0.020836
0.849967 0.020836
0.850066 0.020836
0.850166 0.020836
0.850265 0.020836
0.850365 0.020836
0.850464 0.020836
0.850564 0.020836
0.850663 0.020693
0.850763 0.020693
0.850863 0.020693
0.850962 0.020693
0.851062 0.020693
0.851161 0.020693
0.851261 0.020693
0.851360 0.020693
0.851460 0.020693
0.851560 0.020693
0.851659 0.020693
0.851759 0.020549
0.851858 0.020549
0.851958 0.020549
0.852057 0.020549
0.852157 0.020549
0.852256 0.020549
0.852356 0.020549
0.852456 0.020549
0.852555 0.020549
0.852655 0.020405
0.852754 0.020405
0.852854 0.020118
0.852953 0.020118
0.853053 0.020118
0.853153 0.020118
0.853252 0.020118
0.853352 0.020118
0.853451 0.020118
0.853551 0.020118
0.853650 0.020118
0.853750 0.020118
0.853849 0.020118
0.853949 0.020118
0.854049 0.020118
0.854148 0.020118
0.854248 0.020118
0.854347 0.020118
0.854447 0.019974
0.854546 0.019687
0.854646 0.019543
0.854746 0.019543
0.854845 0.019543
0.854945 0.019543
0.855044 0.019543
0.855144 0.019543
0.855243 0.019543
0.855343 0.019543
0.855442 0.019543
0.855542 0.019543
0.855642 0.019543
0.855741 0.019543
0.855841 0.019543
0.855940 0.019399
0.856040 0.019399
0.856139 0.019399
0.856239 0.019399
0.856339 0.019399
0.856438 0.019399
0.856538 0.019399
0.856637 0.019399
0.856737 0.019399
0.856836 0.019399
0.856936 0.019399
0.857036 0.019256
0.857135 0.019112
0.857235 0.019112
0.857334 0.019112
0.857434 0.019112
0.857533 0.019112
0.857633 0.019112
0.857732 0.019112
0.857832 0.019112
0.857932 0.019112
0.858031 0.018968
0.858131 0.018825
0.858230 0.018681
0.858330 0.018681
0.858429 0.018681
0.858529 0.018537
0.858629 0.018537
0.858728 0.018537
0.858828 0.018537
0.858927 0.018537
0.859027 0.018537
0.859126 0.018537
0.859226 0.018393
0.859325 0.018393
0.859425 0.018393
0.859525 0.018393
0.859624 0.018393
0.859724 0.018393
0.859823 0.018393
0.859923 0.018393
0.860022 0.018393
0.860122 0.018393
0.860222 0.018393
0.860321 0.018393
0.860421 0.018393
0.860520 0.018106
0.860620 0.018106
0.860719 0.018106
0.860819 0.018106
0.860918 0.018106
0.861018 0.018106
0.861118 0.018106
0.861217 0.018106
0.861317 0.018106
0.861416 0.018106
0.861516 0.018106
0.861615 0.018106
0.861715 0.018106
0.861815 0.018106
0.861914 0.018106
0.862014 0.018106
0.862113 0.018106
0.862213 0.018106
0.862312 0.018106
0.862412 0.018106
0.862512 0.017819
0.862611 0.017819
0.862711 0.017675
0.862810 0.017675
0.862910 0.017675
0.863009 0.017531
0.863109 0.017531
0.863208 0.017531
0.863308 0.017531
0.863408 0.017531
0.863507 0.017531
0.863607 0.017531
0.863706 0.017388
0.863806 0.017388
0.863905 0.017388
0.864005 0.017388
0.864105 0.017388
0.864204 0.017388
0.864304 0.017244
0.864403 0.017100
0.864503 0.017100
0.864602 0.017100
0.864702 0.017100
0.864801 0.017100
0.864901 0.017100
0.865001 0.017100
0.865100 0.017100
0.865200 0.016956
0.865299 0.016813
0.865399 0.016813
0.865498 0.016813
0.865598 0.016813
0.865698 0.016813
0.865797 0.016813
0.865897 0.016813
0.865996 0.016669
0.866096 0.016669
0.866195 0.016669
0.866295 0.016669
0.866394 0.016669
0.866494 0.016669
0.866594 0.016669
0.866693 0.016669
0.866793 0.016669
0.866892 0.016669
0.866992 0.016669
0.867091 0.016669
0.867191 0.016525
0.867291 0.016525
0.867390 0.016382
0.867490 0.016238
0.867589 0.016238
0.867689 0.016238
0.867788 0.016238
0.867888 0.016238
0.867988 0.016238
0.868087 0.016238
0.868187 0.016238
0.868286 0.016238
0.868386 0.016238
0.868485 0.016094
0.868585 0.016094
0.868684 0.016094
0.868784 0.016094
0.868884 0.015951
0.868983 0.015807
0.869083 0.015807
0.869182 0.015807
0.869282 0.015807
0.869381 0.015807
0.869481 0.015807
0.869581 0.015807
0.869680 0.015807
0.869780 0.015807
0.869879 0.015807
0.869979 0.015807
0.870078 0.015807
0.870178 0.015807
0.870277 0.015807
0.870377 0.015807
0.870477 0.015807
0.870576 0.015807
0.870676 0.015807
0.870775 0.015807
0.870875 0.015807
0.870974 0.015663
0.871074 0.015663
0.871174 0.015663
0.871273 0.015663
0.871373 0.015663
0.871472 0.015663
0.871572 0.015663
0.871671 0.015663
0.871771 0.015663
0.871870 0.015663
0.871970 0.015663
0.872070 0.015663
0.872169 0.015663
0.872269 0.015663
0.872368 0.015663
0.872468 0.015663
0.872567 0.015663
0.872667 0.015663
0.872767 0.015663
0.872866 0.015663
0.872966 0.015519
0.873065 0.015519
0.873165 0.015519
0.873264 0.015519
0.873364 0.015519
0.873464 0.015519
0.873563 0.015376
0.873663 0.015376
0.873762 0.015376
0.873862 0.015376
0.873961 0.015376
0.874061 0.015376
0.874160 0.015376
0.874260 0.015376
0.874360 0.015376
0.874459 0.015376
0.874559 0.015376
0.874658 0.015376
0.874758 0.015376
0.874857 0.015376
0.874957 0.015376
0.875057 0.015376
0.875156 0.015376
0.875256 0.015376
0.875355 0.015376
0.875455 0.015376
0.875554 0.015376
0.875654 0.015376
0.875753 0.015376
0.875853 0.015376
0.875953 0.015376
0.876052 0.015376
0.876152 0.015376
0.876251 0.015376
0.876351 0.015232
0.876450 0.015232
0.876550 0.015232
0.876650 0.015232
0.876749 0.015232
0.876849 0.015232
0.876948 0.015232
0.877048 0.015232
0.877147 0.015232
0.877247 0.015232
0.877346 0.015088
0.877446 0.015088
0.877546 0.015088
0.877645 0.015088
0.877745 0.015088
0.877844 0.015088
0.877944 0.015088
0.878043 0.015088
0.878143 0.015088
0.878243 0.015088
0.878342 0.015088
0.878442 0.015088
0.878541 0.015088
0.878641 0.014945
0.878740 0.014801
0.878840 0.014801
0.878940 0.014801
0.879039 0.014801
0.879139 0.014801
0.879238 0.014801
0.879338 0.014801
0.879437 0.014657
0.879537 0.014514
0.879636 0.014514
0.879736 0.014514
0.879836 0.014370
0.879935 0.014226
0.880035 0.014226
0.880134 0.014082
0.880234 0.014082
0.880333 0.014082
0.880433 0.014082
0.880533 0.014082
0.880632 0.014082
0.880732 0.014082
0.880831 0.014082
0.880931 0.014082
0.881030 0.014082
0.881130 0.014082
0.881229 0.014082
0.881329 0.014082
0.881429 0.014082
0.881528 0.014082
0.881628 0.013939
0.881727 0.013939
0.881827 0.013939
0.881926 0.013939
0.882026 0.013939
0.882126 0.013939
0.882225 0.013939
0.882325 0.013939
0.882424 0.013939
0.882524 0.013939
0.882623 0.013939
0.882723 0.013939
0.882822 0.013939
0.882922 0.013939
0.883022 0.013939
0.883121 0.013939
0.883221 0.013939
0.883320 0.013939
0.883420 0.013939
0.883519 0.013939
0.883619 0.013939
0.883719 0.013939
0.883818 0.013939
0.883918 0.013795
0.884017 0.013795
0.884117 0.013795
0.884216 0.013651
0.884316 0.013508
0.884416 0.013508
0.884515 0.013508
0.884615 0.013508
0.884714 0.013508
0.884814 0.013508
0.884913 0.013364
0.885013 0.013364
0.885112 0.013220
0.885212 0.013220
0.885312 0.013220
0.885411 0.013220
0.885511 0.013077
0.885610 0.012933
0.885710 0.012933
0.885809 0.012933
0.885909 0.012933
0.886009 0.012933
0.886108 0.012789
0.886208 0.012789
0.886307 0.012789
0.886407 0.012789
0.886506 0.012789
0.886606 0.012789
0.886705 0.012789
0.886805 0.012789
0.886905 0.012789
0.887004 0.012645
0.887104 0.012645
0.887203 0.012645
0.887303 0.012645
0.887402 0.012645
0.887502 0.012645
0.887602 0.012645
0.887701 0.012645
0.887801 0.012645
0.887900 0.012645
0.888000 0.012645
0.888099 0.012645
0.888199 0.012645
0.888298 0.012645
0.888398 0.012645
0.888498 0.012645
0.888597 0.012645
0.888697 0.012645
0.888796 0.012645
0.888896 0.012645
0.888995 0.012502
0.889095 0.012502
0.889195 0.012502
0.889294 0.012502
0.889394 0.012358
0.889493 0.012358
0.889593 0.012358
0.889692 0.012358
0.889792 0.012358
0.889892 0.012358
0.889991 0.012358
0.890091 0.012214
0.890190 0.012214
0.890290 0.012214
0.890389 0.012214
0.890489 0.012214
0.890588 0.012214
0.890688 0.012214
0.890788 0.012214
0.890887 0.012214
0.890987 0.012071
0.891086 0.012071
0.891186 0.011927
0.891285 0.011927
0.891385 0.011927
0.891485 0.011927
0.891584 0.011927
0.891684 0.011927
0.891783 0.011927
0.891883 0.011927
0.891982 0.011783
0.892082 0.011783
0.892181 0.011783
0.892281 0.011783
0.892381 0.011783
0.892480 0.011640
0.892580 0.011640
0.892679 0.011640
0.892779 0.011640
0.892878 0.011640
0.892978 0.011640
0.893078 0.011640
0.893177 0.011640
0.893277 0.011640
0.893376 0.011640
0.893476 0.011640
0.893575 0.011640
0.893675 0.011496
0.893774 0.011496
0.893874 0.011496
0.893974 0.011209
0.894073 0.011209
0.894173 0.011209
0.894272 0.011209
0.894372 0.011209
0.894471 0.011209
0.894571 0.011209
0.894671 0.011209
0.894770 0.011209
0.894870 0.011209
0.894969 0.011209
0.895069 0.011209
0.895168 0.011209
0.895268 0.011209
0.895367 0.011065
0.895467 0.011065
0.895567 0.011065
0.895666 0.010921
0.895766 0.010921
0.895865 0.010921
0.895965 0.010921
0.896064 0.010777
0.896164 0.010777
0.896264 0.010777
0.896363 0.010777
0.896463 0.010777
0.896562 0.010777
0.896662 0.010777
0.896761 0.010777
0.896861 0.010777
0.896961 0.010490
0.897060 0.010490
0.897160 0.010490
0.897259 0.010490
0.897359 0.010490
0.897458 0.010490
0.897558 0.010490
0.897657 0.010490
0.897757 0.010490
0.897857 0.010490
0.897956 0.010490
0.898056 0.010490
0.898155 0.010490
0.898255 0.010490
0.898354 0.010490
0.898454 0.010490
0.898554 0.010490
0.898653 0.010490
0.898753 0.010490
0.898852 0.010490
0.898952 0.010490
0.899051 0.010490
0.899151 0.010490
0.899250 0.010490
0.899350 0.010490
0.899450 0.010490
0.899549 0.010346
0.899649 0.010203
0.899748 0.010203
0.899848 0.010203
0.899947 0.010203
0.900047 0.010203
0.900147 0.010203
0.900246 0.010203
0.900346 0.010203
0.900445 0.010203
0.900545 0.010203
0.900644 0.010203
0.900744 0.010203
0.900843 0.010203
0.900943 0.010203
0.901043 0.010203
0.901142 0.010203
0.901242 0.010203
0.901341 0.010203
0.901441 0.010203
0.901540 0.010203
0.901640 0.010203
0.901740 0.010203
0.901839 0.010203
0.901939 0.010203
0.902038 0.010203
0.902138 0.010203
0.902237 0.010203
0.902337 0.010203
0.902437 0.010203
0.902536 0.010203
0.902636 0.010203
0.902735 0.010203
0.902835 0.010203
0.902934 0.010203
0.903034 0.010203
0.903133 0.010203
0.903233 0.010059
0.903333 0.010059
0.903432 0.010059
0.903532 0.010059
0.903631 0.010059
0.903731 0.010059
0.903830 0.010059
0.903930 0.010059
0.904030 0.010059
0.904129 0.010059
0.904229 0.010059
0.904328 0.010059
0.904428 0.009915
0.904527 0.009915
0.904627 0.009915
0.904726 0.009915
0.904826 0.009915
0.904926 0.009772
0.905025 0.009772
0.905125 0.009772
0.905224 0.009772
0.905324 0.009628
0.905423 0.009628
0.905523 0.009628
0.905623 0.009628
0.905722 0.009628
0.905822 0.009628
0.905921 0.009628
0.906021 0.009628
0.906120 0.009628
0.906220 0.009628
0.906319 0.009628
0.906419 0.009628
0.906519 0.009628
0.906618 0.009628
0.906718 0.009628
0.906817 0.009628
0.906917 0.009628
0.907016 0.009628
0.907116 0.009628
0.907216 0.009628
0.907315 0.009628
0.907415 0.009628
0.907514 0.009628
0.907614 0.009628
0.907713 0.009628
0.907813 0.009628
0.907913 0.009628
0.908012 0.009628
0.908112 0.009628
0.908211 0.009628
0.908311 0.009628
0.908410 0.009628
0.908510 0.009484
0.908609 0.009484
0.908709 0.009484
0.908809 0.009484
0.908908 0.009484
0.909008 0.009340
0.909107 0.009340
0.909207 0.009340
0.909306 0.009340
0.909406 0.009340
0.909506 0.009340
0.909605 0.009197
0.909705 0.009197
0.909804 0.009197
0.909904 0.009197
0.910003 0.009197
0.910103 0.009197
0.910202 0.009197
0.910302 0.009197
0.910402 0.009197
0.910501 0.009197
0.910601 0.009197
0.910700 0.009197
0.910800 0.009053
0.910899 0.009053
0.910999 0.009053
0.911099 0.009053
0.911198 0.009053
0.911298 0.009053
0.911397 0.009053
0.911497 0.009053
0.911596 0.008909
0.911696 0.008909
0.911795 0.008909
0.911895 0.008766
0.911995 0.008766
0.912094 0.008766
0.912194 0.008766
0.912293 0.008622
0.912393 0.008622
0.912492 0.008622
0.912592 0.008622
0.912692 0.008622
0.912791 0.008622
0.912891 0.008622
0.912990 0.008622
0.913090 0.008622
0.913189 0.008622
0.913289 0.008478
0.913389 0.008478
0.913488 0.008478
0.913588 0.008478
0.913687 0.008478
0.913787 0.008478
0.913886 0.008478
0.913986 0.008478
0.914085 0.008478
0.914185 0.008478
0.914285 0.008478
0.914384 0.008478
0.914484 0.008478
0.914583 0.008478
0.914683 0.008335
0.914782 0.008335
0.914882 0.008335
0.914982 0.008335
0.915081 0.008335
0.915181 0.008335
0.915280 0.008335
0.915380 0.008335
0.915479 0.008335
0.915579 0.008335
0.915678 0.008335
0.915778 0.008335
0.915878 0.008191
0.915977 0.008191
0.916077 0.008047
0.916176 0.007903
0.916276 0.007903
0.916375 0.007903
0.916475 0.007903
0.916575 0.007903
0.916674 0.007903
0.916774 0.007903
0.916873 0.007903
0.916973 0.007903
0.917072 0.007760
0.917172 0.007616
0.917271 0.007616
0.917371 0.007616
0.917471 0.007616
0.917570 0.007616
0.917670 0.007472
0.917769 0.007472
0.917869 0.007472
0.917968 0.007329
0.918068 0.007329
0.918168 0.007329
0.918267 0.007329
0.918367 0.007329
0.918466 0.007185
0.918566 0.007041
0.918665 0.007041
0.918765 0.006898
0.918865 0.006754
0.918964 0.006754
0.919064 0.006754
0.919163 0.006754
0.919263 0.006754
0.919362 0.006754
0.919462 0.006754
0.919561 0.006754
0.919661 0.006754
0.919761 0.006754
0.919860 0.006754
0.919960 0.006754
0.920059 0.006754
0.920159 0.006754
0.920258 0.006754
0.920358 0.006754
0.920458 0.006754
0.920557 0.006754
0.920657 0.006754
0.920756 0.006754
0.920856 0.006754
0.920955 0.006610
0.921055 0.006610
0.921154 0.006610
0.921254 0.006610
0.921354 0.006610
0.921453 0.006610
0.921553 0.006610
0.921652 0.006610
0.921752 0.006610
0.921851 0.006610
0.921951 0.006610
0.922051 0.006610
0.922150 0.006610
0.922250 0.006610
0.922349 0.006610
0.922449 0.006610
0.922548 0.006610
0.922648 0.006610
0.922747 0.006610
0.922847 0.006610
0.922947 0.006610
0.923046 0.006610
0.923146 0.006466
0.923245 0.006466
0.923345 0.006466
0.923444 0.006323
0.923544 0.006323
0.923644 0.006323
0.923743 0.006179
0.923843 0.006179
0.923942 0.006179
0.924042 0.006179
0.924141 0.006179
0.924241 0.006179
0.924341 0.006035
0.924440 0.006035
0.924540 0.006035
0.924639 0.006035
0.924739 0.006035
0.924838 0.006035
0.924938 0.006035
0.925037 0.006035
0.925137 0.006035
0.925237 0.006035
0.925336 0.006035
0.925436 0.006035
0.925535 0.006035
0.925635 0.006035
0.925734 0.006035
0.925834 0.006035
0.925934 0.006035
0.926033 0.006035
0.926133 0.006035
0.926232 0.006035
0.926332 0.006035
0.926431 0.005892
0.926531 0.005748
0.926630 0.005748
0.926730 0.005748
0.926830 0.005748
0.926929 0.005604
0.927029 0.005604
0.927128 0.005604
0.927228 0.005604
0.927327 0.005604
0.927427 0.005604
0.927527 0.005604
0.927626 0.005604
0.927726 0.005604
0.927825 0.005604
0.927925 0.005604
0.928024 0.005604
0.928124 0.005461
0.928223 0.005461
0.928323 0.005461
0.928423 0.005461
0.928522 0.005461
0.928622 0.005461
0.928721 0.005317
0.928821 0.005317
0.928920 0.005317
0.929020 0.005317
0.929120 0.005317
0.929219 0.005317
0.929319 0.005173
0.929418 0.005173
0.929518 0.005173
0.929617 0.005029
0.929717 0.005029
0.929817 0.005029
0.929916 0.005029
0.930016 0.005029
0.930115 0.005029
0.930215 0.005029
0.930314 0.005029
0.930414 0.005029
0.930513 0.005029
0.930613 0.005029
0.930713 0.005029
0.930812 0.005029
0.930912 0.005029
0.931011 0.005029
0.931111 0.005029
0.931210 0.005029
0.931310 0.005029
0.931410 0.005029
0.931509 0.005029
0.931609 0.005029
0.931708 0.005029
0.931808 0.005029
0.931907 0.005029
0.932007 0.005029
0.932106 0.005029
0.932206 0.005029
0.932306 0.005029
0.932405 0.004886
0.932505 0.004886
0.932604 0.004886
0.932704 0.004886
0.932803 0.004886
0.932903 0.004886
0.933003 0.004886
0.933102 0.004886
0.933202 0.004886
0.933301 0.004886
0.933401 0.004886
0.933500 0.004886
0.933600 0.004598
0.933699 0.004598
0.933799 0.004598
0.933899 0.004455
0.933998 0.004455
0.934098 0.004455
0.934197 0.004455
0.934297 0.004455
0.934396 0.004455
0.934496 0.004455
0.934596 0.004455
0.934695 0.004455
0.934795 0.004455
0.934894 0.004455
0.934994 0.004455
0.935093 0.004455
0.935193 0.004455
0.935292 0.004311
0.935392 0.004311
0.935492 0.004311
0.935591 0.004311
0.935691 0.004311
0.935790 0.004311
0.935890 0.004311
0.935989 0.004311
0.936089 0.004311
0.936189 0.004311
0.936288 0.004311
0.936388 0.004311
0.936487 0.004311
0.936587 0.004311
0.936686 0.004311
0.936786 0.004311
0.936886 0.004311
0.936985 0.004311
0.937085 0.004311
0.937184 0.004311
0.937284 0.004311
0.937383 0.004311
0.937483 0.004311
0.937582 0.004311
0.937682 0.004311
0.937782 0.004311
0.937881 0.004311
0.937981 0.004311
0.938080 0.004311
0.938180 0.004311
0.938279 0.004311
0.938379 0.004311
0.938479 0.004311
0.938578 0.004311
0.938678 0.004311
0.938777 0.004311
0.938877 0.004311
0.938976 0.004311
0.939076 0.004311
0.939175 0.004311
0.939275 0.004311
0.939375 0.004311
0.939474 0.004311
0.939574 0.004311
0.939673 0.004167
0.939773 0.004167
0.939872 0.004167
0.939972 0.004167
0.940072 0.004167
0.940171 0.004167
0.940271 0.004167
0.940370 0.004167
0.940470 0.004167
0.940569 0.004167
0.940669 0.004167
0.940768 0.004167
0.940868 0.004167
0.940968 0.004167
0.941067 0.004167
0.941167 0.004167
0.941266 0.004167
0.941366 0.004167
0.941465 0.004167
0.941565 0.004167
0.941665 0.004167
0.941764 0.004167
0.941864 0.004167
0.941963 0.004167
0.942063 0.004167
0.942162 0.004167
0.942262 0.004167
0.942362 0.004167
0.942461 0.004167
0.942561 0.004167
0.942660 0.004167
0.942760 0.004167
0.942859 0.004167
0.942959 0.004167
0.943058 0.004167
0.943158 0.004167
0.943258 0.004167
0.943357 0.004167
0.943457 0.004167
0.943556 0.004167
0.943656 0.004167
0.943755 0.004167
0.943855 0.004167
0.943955 0.004024
0.944054 0.004024
0.944154 0.004024
0.944253 0.004024
0.944353 0.004024
0.944452 0.004024
0.944552 0.004024
0.944651 0.004024
0.944751 0.004024
0.944851 0.004024
0.944950 0.004024
0.945050 0.004024
0.945149 0.003880
0.945249 0.003880
0.945348 0.003880
0.945448 0.003880
0.945548 0.003880
0.945647 0.003880
0.945747 0.003880
0.945846 0.003880
0.945946 0.003736
0.946045 0.003736
0.946145 0.003736
0.946244 0.003592
0.946344 0.003592
0.946444 0.003449
0.946543 0.003449
0.946643 0.003449
0.946742 0.003449
0.946842 0.003449
0.946941 0.003449
0.947041 0.003449
0.947141 0.003449
0.947240 0.003449
0.947340 0.003449
0.947439 0.003449
0.947539 0.003305
0.947638 0.003305
0.947738 0.003305
0.947838 0.003305
0.947937 0.003305
0.948037 0.003305
0.948136 0.003305
0.948236 0.003305
0.948335 0.003305
0.948435 0.003305
0.948534 0.003305
0.948634 0.003305
0.948734 0.003305
0.948833 0.003305
0.948933 0.003305
0.949032 0.003305
0.949132 0.003305
0.949231 0.003305
0.949331 0.003305
0.949431 0.003305
0.949530 0.003305
0.949630 0.003305
0.949729 0.003305
0.949829 0.003305
0.949928 0.003305
0.950028 0.003305
0.950127 0.003305
0.950227 0.003305
0.950327 0.003305
0.950426 0.003305
0.950526 0.003161
0.950625 0.003161
0.950725 0.003161
0.950824 0.003161
0.950924 0.003161
0.951024 0.003018
0.951123 0.002874
0.951223 0.002874
0.951322 0.002874
0.951422 0.002874
0.951521 0.002874
0.951621 0.002874
0.951720 0.002874
0.951820 0.002874
0.951920 0.002874
0.952019 0.002874
0.952119 0.002874
0.952218 0.002874
0.952318 0.002874
0.952417 0.002874
0.952517 0.002874
0.952617 0.002730
0.952716 0.002730
0.952816 0.002730
0.952915 0.002730
0.953015 0.002730
0.953114 0.002730
0.953214 0.002730
0.953314 0.002730
0.953413 0.002730
0.953513 0.002730
0.953612 0.002730
0.953712 0.002730
0.953811 0.002587
0.953911 0.002587
0.954010 0.002587
0.954110 0.002587
0.954210 0.002587
0.954309 0.002587
0.954409 0.002587
0.954508 0.002587
0.954608 0.002587
0.954707 0.002587
0.954807 0.002587
0.954907 0.002443
0.955006 0.002443
0.955106 0.002443
0.955205 0.002443
0.955305 0.002443
0.955404 0.002443
0.955504 0.002443
0.955603 0.002443
0.955703 0.002443
0.955803 0.002443
0.955902 0.002443
0.956002 0.002443
0.956101 0.002443
0.956201 0.002443
0.956300 0.002443
0.956400 0.002299
0.956500 0.002299
0.956599 0.002299
0.956699 0.002299
0.956798 0.002299
0.956898 0.002299
0.956997 0.002299
0.957097 0.002299
0.957196 0.002155
0.957296 0.002155
0.957396 0.002155
0.957495 0.002155
0.957595 0.002155
0.957694 0.002155
0.957794 0.002155
0.957893 0.002155
0.957993 0.002155
0.958093 0.002155
0.958192 0.002155
0.958292 0.002155
0.958391 0.002155
0.958491 0.002155
0.958590 0.002155
0.958690 0.002155
0.958790 0.002155
0.958889 0.002012
0.958989 0.002012
0.959088 0.002012
0.959188 0.002012
0.959287 0.002012
0.959387 0.002012
0.959486 0.002012
0.959586 0.002012
0.959686 0.002012
0.959785 0.002012
0.959885 0.002012
0.959984 0.002012
0.960084 0.002012
0.960183 0.002012
0.960283 0.002012
0.960383 0.001868
0.960482 0.001868
0.960582 0.001868
0.960681 0.001868
0.960781 0.001868
0.960880 0.001868
0.960980 0.001868
0.961079 0.001868
0.961179 0.001868
0.961279 0.001868
0.961378 0.001868
0.961478 0.001868
0.961577 0.001868
0.961677 0.001868
0.961776 0.001868
0.961876 0.001868
0.961976 0.001868
0.962075 0.001868
0.962175 0.001868
0.962274 0.001868
0.962374 0.001868
0.962473 0.001724
0.962573 0.001724
0.962672 0.001724
0.962772 0.001724
0.962872 0.001437
0.962971 0.001293
0.963071 0.001293
0.963170 0.001293
0.963270 0.001293
0.963369 0.001293
0.963469 0.001293
0.963569 0.001293
0.963668 0.001293
0.963768 0.001293
0.963867 0.001293
0.963967 0.001293
0.964066 0.001293
0.964166 0.001293
0.964266 0.001293
0.964365 0.001293
0.964465 0.001293
0.964564 0.001293
0.964664 0.001293
0.964763 0.001293
0.964863 0.001293
0.964962 0.001293
0.965062 0.001293
0.965162 0.001293
0.965261 0.001293
0.965361 0.001293
0.965460 0.001293
0.965560 0.001293
0.965659 0.001293
0.965759 0.001293
0.965859 0.001293
0.965958 0.001293
0.966058 0.001293
0.966157 0.001293
0.966257 0.001293
0.966356 0.001293
0.966456 0.001293
0.966555 0.001293
0.966655 0.001293
0.966755 0.001293
0.966854 0.001293
0.966954 0.001293
0.967053 0.001293
0.967153 0.001293
0.967252 0.001293
0.967352 0.001293
0.967452 0.001293
0.967551 0.001293
0.967651 0.001293
0.967750 0.001293
0.967850 0.001293
0.967949 0.001293
0.968049 0.001293
0.968148 0.001293
0.968248 0.001293
0.968348 0.001293
0.968447 0.001293
0.968547 0.001293
0.968646 0.001293
0.968746 0.001293
0.968845 0.001293
0.968945 0.001293
0.969045 0.001293
0.969144 0.001293
0.969244 0.001150
0.969343 0.001150
0.969443 0.001150
0.969542 0.001150
0.969642 0.001150
0.969742 0.001150
0.969841 0.001150
0.969941 0.001150
0.970040 0.001150
0.970140 0.001150
0.970239 0.001150
0.970339 0.001150
0.970438 0.001150
0.970538 0.001150
0.970638 0.001150
0.970737 0.001150
0.970837 0.001150
0.970936 0.001150
0.971036 0.001150
0.971135 0.001150
0.971235 0.001150
0.971335 0.001150
0.971434 0.001150
0.971534 0.001150
0.971633 0.001150
0.971733 0.001150
0.971832 0.001150
0.971932 0.001150
0.972031 0.001150
0.972131 0.001150
0.972231 0.001150
0.972330 0.001150
0.972430 0.001150
0.972529 0.001150
0.972629 0.001150
0.972728 0.001150
0.972828 0.001150
0.972928 0.001150
0.973027 0.001150
0.973127 0.001150
0.973226 0.001150
0.973326 0.001150
0.973425 0.001150
0.973525 0.001150
0.973624 0.001150
0.973724 0.001150
0.973824 0.001150
0.973923 0.001150
0.974023 0.001150
0.974122 0.001150
0.974222 0.001150
0.974321 0.001150
0.974421 0.001150
0.974521 0.001150
0.974620 0.001150
0.974720 0.001150
0.974819 0.001150
0.974919 0.001150
0.975018 0.001150
0.975118 0.001150
0.975217 0.001150
0.975317 0.001150
0.975417 0.001150
0.975516 0.001150
0.975616 0.001006
0.975715 0.001006
0.975815 0.001006
0.975914 0.001006
0.976014 0.001006
0.976114 0.001006
0.976213 0.001006
0.976313 0.001006
0.976412 0.001006
0.976512 0.000862
0.976611 0.000862
0.976711 0.000862
0.976811 0.000862
0.976910 0.000862
0.977010 0.000862
0.977109 0.000862
0.977209 0.000718
0.977308 0.000718
0.977408 0.000718
0.977507 0.000718
0.977607 0.000718
0.977707 0.000718
0.977806 0.000718
0.977906 0.000718
0.978005 0.000718
0.978105 0.000718
0.978204 0.000718
0.978304 0.000718
0.978404 0.000718
0.978503 0.000718
0.978603 0.000718
0.978702 0.000718
0.978802 0.000718
0.978901 0.000718
0.979001 0.000718
0.979100 0.000718
0.979200 0.000718
0.979300 0.000718
0.979399 0.000718
0.979499 0.000718
0.979598 0.000718
0.979698 0.000718
0.979797 0.000718
0.979897 0.000718
0.979997 0.000718
0.980096 0.000718
0.980196 0.000718
0.980295 0.000718
0.980395 0.000718
0.980494 0.000718
0.980594 0.000718
0.980693 0.000718
0.980793 0.000718
0.980893 0.000718
0.980992 0.000718
0.981092 0.000718
0.981191 0.000718
0.981291 0.000718
0.981390 0.000575
0.981490 0.000431
0.981590 0.000431
0.981689 0.000431
0.981789 0.000431
0.981888 0.000287
0.981988 0.000287
0.982087 0.000287
0.982187 0.000287
0.982287 0.000287
0.982386 0.000287
0.982486 0.000287
0.982585 0.000287
0.982685 0.000287
0.982784 0.000287
0.982884 0.000287
0.982983 0.000287
0.983083 0.000287
0.983183 0.000287
0.983282 0.000287
0.983382 0.000287
0.983481 0.000287
0.983581 0.000287
0.983680 0.000287
0.983780 0.000287
0.983880 0.000287
0.983979 0.000287
0.984079 0.000287
0.984178 0.000287
0.984278 0.000287
0.984377 0.000287
0.984477 0.000287
0.984576 0.000287
0.984676 0.000287
0.984776 0.000287
0.984875 0.000287
0.984975 0.000287
0.985074 0.000287
0.985174 0.000287
0.985273 0.000287
0.985373 0.000287
0.985473 0.000287
0.985572 0.000287
0.985672 0.000287
0.985771 0.000287
0.985871 0.000287
0.985970 0.000287
0.986070 0.000287
0.986169 0.000287
0.986269 0.000287
0.986369 0.000287
0.986468 0.000287
0.986568 0.000287
0.986667 0.000287
0.986767 0.000287
0.986866 0.000287
0.986966 0.000287
0.987066 0.000287
0.987165 0.000287
0.987265 0.000287
0.987364 0.000287
0.987464 0.000287
0.987563 0.000287
0.987663 0.000287
0.987763 0.000287
0.987862 0.000287
0.987962 0.000287
0.988061 0.000287
0.988161 0.000287
0.988260 0.000287
0.988360 0.000287
0.988459 0.000287
0.988559 0.000287
0.988659 0.000144
0.988758 0.000144
0.988858 0.000144
0.988957 0.000144
0.989057 0.000144
0.989156 0.000144
0.989256 0.000144
0.989356 0.000144
0.989455 0.000144
0.989555 0.000144
0.989654 0.000144
0.989754 0.000144
0.989853 0.000144
0.989953 0.000144
0.990052 0.000144
0.990152 0.000144
0.990252 0.000144
0.990351 0.000144
0.990451 0.000144
0.990550 0.000144
0.990650 0.000144
0.990749 0.000144
0.990849 0.000144
0.990949 0.000144
0.991048 0.000144
0.991148 0.000144
0.991247 0.000144
0.991347 0.000144
0.991446 0.000144
0.991546 0.000144
0.991645 0.000144
0.991745 0.000144
0.991845 0.000144
0.991944 0.000144
0.992044 0.000144
0.992143 0.000144
0.992243 0.000144
0.992342 0.000144
0.992442 0.000144
0.992542 0.000144
0.992641 0.000144
0.992741 0.000144
0.992840 0.000144
0.992940 0.000144
0.993039 0.000144
0.993139 0.000144
0.993239 0.000144
0.993338 0.000144
0.993438 0.000144
0.993537 0.000144
0.993637 0.000144
0.993736 0.000144
0.993836 0.000144
0.993935 0.000144
0.994035 0.000144
0.994135 0.000144
0.994234 0.000000
0.994334 0.000000
0.994433 0.000000
0.994533 0.000000
0.994632 0.000000
0.994732 0.000000
0.994832 0.000000
0.994931 0.000000
0.995031 0.000000
0.995130 0.000000
0.995230 0.000000
0.995329 0.000000
0.995429 0.000000
0.995528 0.000000
0.995628 0.000000
0.995728 0.000000
0.995827 0.000000
0.995927 0.000000
0.996026 0.000000
0.996126 0.000000
0.996225 0.000000
0.996325 0.000000
0.996425 0.000000
0.996524 0.000000
0.996624 0.000000
0.996723 0.000000
0.996823 0.000000
0.996922 0.000000
0.997022 0.000000
0.997121 0.000000
0.997221 0.000000
0.997321 0.000000
0.997420 0.000000
0.997520 0.000000
0.997619 0.000000
0.997719 0.000000
0.997818 0.000000
0.997918 0.000000
0.998018 0.000000
0.998117 0.000000
0.998217 0.000000
0.998316 0.000000
0.998416 0.000000
0.998515 0.000000
0.998615 0.000000
0.998715 0.000000
0.998814 0.000000
0.998914 0.000000
0.999013 0.000000
0.999113 0.000000
0.999212 0.000000
0.999312 0.000000
0.999411 0.000000
0.999511 0.000000
0.999611 0.000000
0.999710 0.000000
