# Threshold Efficiency
0.001174 1.000000
0.001274 1.000000
0.001374 1.000000
0.001473 1.000000
0.001573 1.000000
0.001673 1.000000
0.001773 1.000000
0.001872 1.000000
0.001972 1.000000
0.002072 1.000000
0.002171 1.000000
0.002271 1.000000
0.002371 1.000000
0.002471 1.000000
0.002570 1.000000
0.002670 1.000000
0.002770 1.000000
0.002870 1.000000
0.002969 1.000000
0.003069 1.000000
0.003169 1.000000
0.003268 1.000000
0.003368 1.000000
0.003468 1.000000
0.003568 1.000000
0.003667 1.000000
0.003767 1.000000
0.003867 1.000000
0.003967 1.000000
0.004066 1.000000
0.004166 1.000000
0.004266 1.000000
0.004365 1.000000
0.004465 1.000000
0.004565 1.000000
0.004665 1.000000
0.004764 1.000000
0.004864 1.000000
0.004964 1.000000
0.005064 1.000000
0.005163 1.000000
0.005263 1.000000
0.005363 1.000000
0.005462 1.000000
0.005562 1.000000
0.005662 1.000000
0.005762 1.000000
0.005861 1.000000
0.005961 1.000000
0.006061 1.000000
0.006161 1.000000
0.006260 1.000000
0.006360 1.000000
0.006460 1.000000
0.006559 1.000000
0.006659 1.000000
0.006759 1.000000
0.006859 1.000000
0.006958 1.000000
0.007058 1.000000
0.007158 1.000000
0.007258 1.000000
0.007357 1.000000
0.007457 1.000000
0.007557 1.000000
0.007656 1.000000
0.007756 1.000000
0.007856 1.000000
0.007956 1.000000
0.008055 1.000000
0.008155 1.000000
0.008255 1.000000
0.008355 1.000000
0.008454 1.000000
0.008554 1.000000
0.008654 1.000000
0.008753 1.000000
0.008853 1.000000
0.008953 1.000000
0.009053 1.000000
0.009152 1.000000
0.009252 1.000000
0.009352 1.000000
0.009452 1.000000
0.009551 1.000000
0.009651 1.000000
0.009751 1.000000
0.009850 1.000000
0.009950 1.000000
0.010050 1.000000
0.010150 1.000000
0.010249 1.000000
0.010349 1.000000
0.010449 1.000000
0.010549 1.000000
0.010648 1.000000
0.010748 1.000000
0.010848 1.000000
0.010947 1.000000
0.011047 1.000000
0.011147 1.000000
0.011247 1.000000
0.011346 1.000000
0.011446 1.000000
0.011546 1.000000
0.011646 1.000000
0.011745 1.000000
0.011845 1.000000
0.011945 1.000000
0.012044 1.000000
0.012144 1.000000
0.012244 1.000000
0.012344 1.000000
0.012443 1.000000
0.012543 1.000000
0.012643 1.000000
0.012743 1.000000
0.012842 1.000000
0.012942 1.000000
0.013042 1.000000
0.013141 1.000000
0.013241 1.000000
0.013341 1.000000
0.013441 1.000000
0.013540 1.000000
0.013640 1.000000
0.013740 1.000000
0.013840 1.000000
0.013939 1.000000
0.014039 1.000000
0.014139 1.000000
0.014238 1.000000
0.014338 1.000000
0.014438 1.000000
0.014538 1.000000
0.014637 1.000000
0.014737 1.000000
0.014837 1.000000
0.014936 1.000000
0.015036 1.000000
0.015136 1.000000
0.015236 1.000000
0.015335 1.000000
0.015435 1.000000
0.015535 1.000000
0.015635 1.000000
0.015734 1.000000
0.015834 1.000000
0.015934 1.000000
0.016033 1.000000
0.016133 1.000000
0.016233 1.000000
0.016333 1.000000
0.016432 1.000000
0.016532 1.000000
0.016632 1.000000
0.016732 1.000000
0.016831 1.000000
0.016931 1.000000
0.017031 1.000000
0.017130 1.000000
0.017230 1.000000
0.017330 1.000000
0.017430 1.000000
0.017529 1.000000
0.017629 1.000000
0.017729 1.000000
0.017829 1.000000
0.017928 1.000000
0.018028 1.000000
0.018128 1.000000
0.018227 1.000000
0.018327 1.000000
0.018427 1.000000
0.018527 1.000000
0.018626 1.000000
0.018726 0.999766
0.018826 0.999766
0.018926 0.999766
0.019025 0.999766
0.019125 0.999766
0.019225 0.999766
0.019324 0.999766
0.019424 0.999766
0.019524 0.999766
0.019624 0.999766
0.019723 0.999766
0.019823 0.999766
0.019923 0.999766
0.020023 0.999766
0.020122 0.999766
0.020222 0.999766
0.020322 0.999766
0.020421 0.999766
0.020521 0.999766
0.020621 0.999766
0.020721 0.999766
0.020820 0.999766
0.020920 0.999766
0.021020 0.999766
0.021120 0.999766
0.021219 0.999766
0.021319 0.999766
0.021419 0.999531
0.021518 0.999531
0.021618 0.999531
0.021718 0.999531
0.021818 0.999531
0.021917 0.999531
0.022017 0.999531
0.022117 0.999531
0.022217 0.999531
0.022316 0.999531
0.022416 0.999531
0.022516 0.999531
0.022615 0.999531
0.022715 0.999531
0.022815 0.999531
0.022915 0.999531
0.023014 0.999531
0.023114 0.999531
0.023214 0.999531
0.023314 0.999531
0.023413 0.999531
0.023513 0.999531
0.023613 0.999531
0.023712 0.999531
0.023812 0.999531
0.023912 0.999531
0.024012 0.999531
0.024111 0.999531
0.024211 0.999531
0.024311 0.999531
0.024411 0.999531
0.024510 0.999531
0.024610 0.999531
0.024710 0.999531
0.024809 0.999531
0.024909 0.999531
0.025009 0.999531
0.025109 0.999531
0.025208 0.999531
0.025308 0.999531
0.025408 0.999531
0.025508 0.999531
0.025607 0.999531
0.025707 0.999531
0.025807 0.999531
0.025906 0.999531
0.026006 0.999531
0.026106 0.999531
0.026206 0.999531
0.026305 0.999531
0.026405 0.999531
0.026505 0.999531
0.026605 0.999531
0.026704 0.999531
0.026804 0.999531
0.026904 0.999531
0.027003 0.999531
0.027103 0.999531
0.027203 0.999531
0.027303 0.999531
0.027402 0.999531
0.027502 0.999531
0.027602 0.999531
0.027702 0.999531
0.027801 0.999531
0.027901 0.999531
0.028001 0.999297
0.028100 0.999297
0.028200 0.999297
0.028300 0.999297
0.028400 0.999297
0.028499 0.999297
0.028599 0.999297
0.028699 0.999297
0.028799 0.999297
0.028898 0.999297
0.028998 0.999297
0.029098 0.999297
0.029197 0.999297
0.029297 0.999297
0.029397 0.999297
0.029497 0.999297
0.029596 0.999297
0.029696 0.999297
0.029796 0.999297
0.029896 0.999297
0.029995 0.999297
0.030095 0.999297
0.030195 0.999297
0.030294 0.999297
0.030394 0.999297
0.030494 0.999297
0.030594 0.999297
0.030693 0.999297
0.030793 0.999297
0.030893 0.999297
0.030993 0.999297
0.031092 0.999297
0.031192 0.999297
0.031292 0.999297
0.031391 0.999297
0.031491 0.999297
0.031591 0.999297
0.031691 0.999297
0.031790 0.999297
0.031890 0.999297
0.031990 0.999297
0.032090 0.999297
0.032189 0.999297
0.032289 0.999297
0.032389 0.999297
0.032488 0.999297
0.032588 0.999297
0.032688 0.999297
0.032788 0.999297
0.032887 0.999297
0.032987 0.999297
0.033087 0.999297
0.033187 0.999297
0.033286 0.999297
0.033386 0.999297
0.033486 0.999297
0.033585 0.999297
0.033685 0.999297
0.033785 0.999297
0.033885 0.999297
0.033984 0.999297
0.034084 0.999297
0.034184 0.999297
0.034284 0.999297
0.034383 0.999297
0.034483 0.999297
0.034583 0.999297
0.034682 0.999297
0.034782 0.999297
0.034882 0.999297
0.034982 0.999297
0.035081 0.999297
0.035181 0.999297
0.035281 0.999297
0.035381 0.999297
0.035480 0.999297
0.035580 0.999297
0.035680 0.999297
0.035779 0.999297
0.035879 0.999297
0.035979 0.999297
0.036079 0.999297
0.036178 0.999297
0.036278 0.999297
0.036378 0.999297
0.036478 0.999297
0.036577 0.999297
0.036677 0.999297
0.036777 0.999297
0.036876 0.999063
0.036976 0.999063
0.037076 0.999063
0.037176 0.999063
0.037275 0.999063
0.037375 0.999063
0.037475 0.999063
0.037575 0.999063
0.037674 0.999063
0.037774 0.999063
0.037874 0.999063
0.037973 0.999063
0.038073 0.999063
0.038173 0.999063
0.038273 0.999063
0.038372 0.999063
0.038472 0.998828
0.038572 0.998828
0.038672 0.998828
0.038771 0.998828
0.038871 0.998828
0.038971 0.998828
0.039070 0.998828
0.039170 0.998828
0.039270 0.998828
0.039370 0.998828
0.039469 0.998828
0.039569 0.998828
0.039669 0.998828
0.039769 0.998828
0.039868 0.998828
0.039968 0.998828
0.040068 0.998828
0.040167 0.998828
0.040267 0.998828
0.040367 0.998828
0.040467 0.998828
0.040566 0.998828
0.040666 0.998828
0.040766 0.998828
0.040866 0.998828
0.040965 0.998828
0.041065 0.998828
0.041165 0.998594
0.041264 0.998594
0.041364 0.998594
0.041464 0.998360
0.041564 0.998360
0.041663 0.998360
0.041763 0.998360
0.041863 0.998360
0.041963 0.998360
0.042062 0.998360
0.042162 0.998360
0.042262 0.998360
0.042361 0.998360
0.042461 0.998360
0.042561 0.998360
0.042661 0.998360
0.042760 0.998360
0.042860 0.998360
0.042960 0.998360
0.043060 0.998360
0.043159 0.998360
0.043259 0.998360
0.043359 0.998360
0.043458 0.998360
0.043558 0.998360
0.043658 0.998360
0.043758 0.998360
0.043857 0.998360
0.043957 0.998360
0.044057 0.998360
0.044157 0.998360
0.044256 0.998360
0.044356 0.998126
0.044456 0.998126
0.044555 0.998126
0.044655 0.998126
0.044755 0.998126
0.044855 0.998126
0.044954 0.998126
0.045054 0.998126
0.045154 0.998126
0.045254 0.998126
0.045353 0.998126
0.045453 0.998126
0.045553 0.998126
0.045652 0.998126
0.045752 0.998126
0.045852 0.998126
0.045952 0.998126
0.046051 0.998126
0.046151 0.998126
0.046251 0.998126
0.046351 0.998126
0.046450 0.998126
0.046550 0.998126
0.046650 0.998126
0.046749 0.998126
0.046849 0.998126
0.046949 0.998126
0.047049 0.998126
0.047148 0.998126
0.047248 0.998126
0.047348 0.998126
0.047448 0.998126
0.047547 0.998126
0.047647 0.998126
0.047747 0.998126
0.047846 0.998126
0.047946 0.998126
0.048046 0.998126
0.048146 0.998126
0.048245 0.998126
0.048345 0.998126
0.048445 0.998126
0.048545 0.998126
0.048644 0.998126
0.048744 0.998126
0.048844 0.998126
0.048943 0.998126
0.049043 0.998126
0.049143 0.998126
0.049243 0.998126
0.049342 0.998126
0.049442 0.998126
0.049542 0.998126
0.049642 0.998126
0.049741 0.998126
0.049841 0.998126
0.049941 0.998126
0.050040 0.998126
0.050140 0.998126
0.050240 0.998126
0.050340 0.998126
0.050439 0.998126
0.050539 0.998126
0.050639 0.998126
0.050739 0.998126
0.050838 0.998126
0.050938 0.998126
0.051038 0.998126
0.051137 0.998126
0.051237 0.998126
0.051337 0.998126
0.051437 0.998126
0.051536 0.998126
0.051636 0.998126
0.051736 0.998126
0.051836 0.998126
0.051935 0.998126
0.052035 0.998126
0.052135 0.998126
0.052234 0.998126
0.052334 0.998126
0.052434 0.998126
0.052534 0.998126
0.052633 0.998126
0.052733 0.998126
0.052833 0.998126
0.052933 0.998126
0.053032 0.998126
0.053132 0.998126
0.053232 0.998126
0.053331 0.997891
0.053431 0.997891
0.053531 0.997891
0.053631 0.997891
0.053730 0.997891
0.053830 0.997657
0.053930 0.997657
0.054030 0.997657
0.054129 0.997657
0.054229 0.997657
0.054329 0.997657
0.054428 0.997657
0.054528 0.997657
0.054628 0.997657
0.054728 0.997657
0.054827 0.997657
0.054927 0.997657
0.055027 0.997657
0.055127 0.997657
0.055226 0.997657
0.055326 0.997657
0.055426 0.997657
0.055525 0.997657
0.055625 0.997657
0.055725 0.997657
0.055825 0.997657
0.055924 0.997657
0.056024 0.997657
0.056124 0.997657
0.056224 0.997657
0.056323 0.997657
0.056423 0.997657
0.056523 0.997657
0.056622 0.997657
0.056722 0.997657
0.056822 0.997657
0.056922 0.997657
0.057021 0.997657
0.057121 0.997657
0.057221 0.997657
0.057321 0.997657
0.057420 0.997657
0.057520 0.997657
0.057620 0.997657
0.057719 0.997657
0.057819 0.997657
0.057919 0.997657
0.058019 0.997423
0.058118 0.997423
0.058218 0.997423
0.058318 0.997423
0.058418 0.997423
0.058517 0.997423
0.058617 0.997423
0.058717 0.997188
0.058816 0.997188
0.058916 0.997188
0.059016 0.997188
0.059116 0.997188
0.059215 0.997188
0.059315 0.997188
0.059415 0.997188
0.059515 0.997188
0.059614 0.997188
0.059714 0.997188
0.059814 0.997188
0.059913 0.997188
0.060013 0.997188
0.060113 0.997188
0.060213 0.997188
0.060312 0.997188
0.060412 0.997188
0.060512 0.997188
0.060612 0.997188
0.060711 0.997188
0.060811 0.997188
0.060911 0.997188
0.061010 0.997188
0.061110 0.997188
0.061210 0.997188
0.061310 0.997188
0.061409 0.997188
0.061509 0.997188
0.061609 0.997188
0.061709 0.997188
0.061808 0.997188
0.061908 0.997188
0.062008 0.997188
0.062107 0.997188
0.062207 0.997188
0.062307 0.997188
0.062407 0.997188
0.062506 0.997188
0.062606 0.997188
0.062706 0.997188
0.062806 0.997188
0.062905 0.997188
0.063005 0.997188
0.063105 0.997188
0.063204 0.997188
0.063304 0.997188
0.063404 0.997188
0.063504 0.997188
0.063603 0.997188
0.063703 0.997188
0.063803 0.997188
0.063903 0.997188
0.064002 0.997188
0.064102 0.997188
0.064202 0.997188
0.064301 0.997188
0.064401 0.997188
0.064501 0.997188
0.064601 0.997188
0.064700 0.997188
0.064800 0.997188
0.064900 0.997188
0.065000 0.997188
0.065099 0.997188
0.065199 0.997188
0.065299 0.997188
0.065398 0.997188
0.065498 0.996954
0.065598 0.996954
0.065698 0.996954
0.065797 0.996954
0.065897 0.996954
0.065997 0.996954
0.066097 0.996954
0.066196 0.996954
0.066296 0.996954
0.066396 0.996954
0.066495 0.996954
0.066595 0.996954
0.066695 0.996954
0.066795 0.996954
0.066894 0.996954
0.066994 0.996720
0.067094 0.996720
0.067194 0.996720
0.067293 0.996720
0.067393 0.996720
0.067493 0.996720
0.067592 0.996720
0.067692 0.996720
0.067792 0.996720
0.067892 0.996720
0.067991 0.996720
0.068091 0.996720
0.068191 0.996720
0.068291 0.996720
0.068390 0.996720
0.068490 0.996720
0.068590 0.996485
0.068689 0.996485
0.068789 0.996485
0.068889 0.996485
0.068989 0.996485
0.069088 0.996485
0.069188 0.996485
0.069288 0.996485
0.069388 0.996485
0.069487 0.996485
0.069587 0.996485
0.069687 0.996485
0.069786 0.996485
0.069886 0.996251
0.069986 0.996251
0.070086 0.996251
0.070185 0.996251
0.070285 0.996251
0.070385 0.996017
0.070485 0.996017
0.070584 0.996017
0.070684 0.996017
0.070784 0.996017
0.070883 0.996017
0.070983 0.996017
0.071083 0.996017
0.071183 0.996017
0.071282 0.996017
0.071382 0.996017
0.071482 0.995783
0.071582 0.995783
0.071681 0.995783
0.071781 0.995783
0.071881 0.995783
0.071980 0.995783
0.072080 0.995783
0.072180 0.995783
0.072280 0.995783
0.072379 0.995783
0.072479 0.995783
0.072579 0.995783
0.072679 0.995783
0.072778 0.995783
0.072878 0.995783
0.072978 0.995783
0.073077 0.995783
0.073177 0.995783
0.073277 0.995783
0.073377 0.995783
0.073476 0.995783
0.073576 0.995548
0.073676 0.995548
0.073776 0.995548
0.073875 0.995548
0.073975 0.995548
0.074075 0.995548
0.074174 0.995548
0.074274 0.995548
0.074374 0.995548
0.074474 0.995548
0.074573 0.995548
0.074673 0.995314
0.074773 0.995314
0.074873 0.995080
0.074972 0.995080
0.075072 0.995080
0.075172 0.995080
0.075271 0.995080
0.075371 0.995080
0.075471 0.995080
0.075571 0.995080
0.075670 0.995080
0.075770 0.995080
0.075870 0.995080
0.075970 0.995080
0.076069 0.995080
0.076169 0.995080
0.076269 0.995080
0.076368 0.995080
0.076468 0.995080
0.076568 0.995080
0.076668 0.995080
0.076767 0.994845
0.076867 0.994845
0.076967 0.994845
0.077067 0.994845
0.077166 0.994845
0.077266 0.994845
0.077366 0.994845
0.077465 0.994845
0.077565 0.994845
0.077665 0.994845
0.077765 0.994845
0.077864 0.994845
0.077964 0.994845
0.078064 0.994845
0.078164 0.994845
0.078263 0.994845
0.078363 0.994845
0.078463 0.994845
0.078562 0.994845
0.078662 0.994611
0.078762 0.994611
0.078862 0.994611
0.078961 0.994611
0.079061 0.994611
0.079161 0.994611
0.079261 0.994611
0.079360 0.994611
0.079460 0.994611
0.079560 0.994611
0.079659 0.994611
0.079759 0.994611
0.079859 0.994611
0.079959 0.994611
0.080058 0.994611
0.080158 0.994611
0.080258 0.994611
0.080358 0.994611
0.080457 0.994611
0.080557 0.994611
0.080657 0.994611
0.080756 0.994377
0.080856 0.994377
0.080956 0.994377
0.081056 0.994377
0.081155 0.994377
0.081255 0.994377
0.081355 0.994377
0.081455 0.994377
0.081554 0.994142
0.081654 0.994142
0.081754 0.994142
0.081853 0.994142
0.081953 0.994142
0.082053 0.994142
0.082153 0.994142
0.082252 0.994142
0.082352 0.993674
0.082452 0.993674
0.082552 0.993674
0.082651 0.993674
0.082751 0.993674
0.082851 0.993440
0.082950 0.993440
0.083050 0.993440
0.083150 0.993440
0.083250 0.993440
0.083349 0.993440
0.083449 0.993440
0.083549 0.993440
0.083649 0.993440
0.083748 0.993440
0.083848 0.993440
0.083948 0.993440
0.084047 0.993205
0.084147 0.992737
0.084247 0.992737
0.084347 0.992737
0.084446 0.992737
0.084546 0.992737
0.084646 0.992737
0.084746 0.992737
0.084845 0.992737
0.084945 0.992737
0.085045 0.992737
0.085144 0.992737
0.085244 0.992737
0.085344 0.992737
0.085444 0.992737
0.085543 0.992737
0.085643 0.992737
0.085743 0.992737
0.085843 0.992737
0.085942 0.992737
0.086042 0.992737
0.086142 0.992737
0.086241 0.992737
0.086341 0.992737
0.086441 0.992737
0.086541 0.992737
0.086640 0.992502
0.086740 0.992502
0.086840 0.992502
0.086940 0.992502
0.087039 0.992502
0.087139 0.992268
0.087239 0.992268
0.087338 0.992268
0.087438 0.992268
0.087538 0.992268
0.087638 0.992268
0.087737 0.992268
0.087837 0.992268
0.087937 0.992268
0.088037 0.992268
0.088136 0.992268
0.088236 0.992268
0.088336 0.992268
0.088435 0.992268
0.088535 0.992268
0.088635 0.992268
0.088735 0.992268
0.088834 0.992268
0.088934 0.992268
0.089034 0.992268
0.089134 0.992268
0.089233 0.992268
0.089333 0.992034
0.089433 0.991565
0.089532 0.991565
0.089632 0.991565
0.089732 0.991331
0.089832 0.991331
0.089931 0.991331
0.090031 0.991331
0.090131 0.991097
0.090231 0.991097
0.090330 0.991097
0.090430 0.991097
0.090530 0.991097
0.090629 0.991097
0.090729 0.991097
0.090829 0.991097
0.090929 0.991097
0.091028 0.991097
0.091128 0.990862
0.091228 0.990862
0.091328 0.990862
0.091427 0.990862
0.091527 0.990862
0.091627 0.990862
0.091726 0.990862
0.091826 0.990862
0.091926 0.990628
0.092026 0.990628
0.092125 0.990628
0.092225 0.990628
0.092325 0.990628
0.092425 0.990628
0.092524 0.990628
0.092624 0.990628
0.092724 0.990628
0.092823 0.990628
0.092923 0.990628
0.093023 0.990628
0.093123 0.990628
0.093222 0.990628
0.093322 0.990628
0.093422 0.990628
0.093522 0.990159
0.093621 0.990159
0.093721 0.990159
0.093821 0.990159
0.093920 0.990159
0.094020 0.990159
0.094120 0.990159
0.094220 0.990159
0.094319 0.990159
0.094419 0.990159
0.094519 0.990159
0.094619 0.989925
0.094718 0.989925
0.094818 0.989925
0.094918 0.989925
0.095017 0.989925
0.095117 0.989925
0.095217 0.989925
0.095317 0.989925
0.095416 0.989925
0.095516 0.989925
0.095616 0.989691
0.095716 0.989691
0.095815 0.989456
0.095915 0.989456
0.096015 0.989456
0.096114 0.989456
0.096214 0.989222
0.096314 0.989222
0.096414 0.989222
0.096513 0.989222
0.096613 0.989222
0.096713 0.989222
0.096813 0.989222
0.096912 0.989222
0.097012 0.989222
0.097112 0.989222
0.097211 0.989222
0.097311 0.989222
0.097411 0.988988
0.097511 0.988988
0.097610 0.988988
0.097710 0.988988
0.097810 0.988988
0.097910 0.988988
0.098009 0.988988
0.098109 0.988988
0.098209 0.988988
0.098308 0.988988
0.098408 0.988988
0.098508 0.988988
0.098608 0.988988
0.098707 0.988988
0.098807 0.988988
0.098907 0.988988
0.099007 0.988988
0.099106 0.988988
0.099206 0.988988
0.099306 0.988988
0.099405 0.988988
0.099505 0.988988
0.099605 0.988988
0.099705 0.988988
0.099804 0.988988
0.099904 0.988988
0.100004 0.988988
0.100104 0.988988
0.100203 0.988988
0.100303 0.988754
0.100403 0.988754
0.100502 0.988754
0.100602 0.988754
0.100702 0.988754
0.100802 0.988754
0.100901 0.988754
0.101001 0.988754
0.101101 0.988754
0.101201 0.988754
0.101300 0.988754
0.101400 0.988754
0.101500 0.988754
0.101599 0.988754
0.101699 0.988754
0.101799 0.988754
0.101899 0.988754
0.101998 0.988754
0.102098 0.988754
0.102198 0.988754
0.102298 0.988754
0.102397 0.988754
0.102497 0.988754
0.102597 0.988754
0.102696 0.988754
0.102796 0.988754
0.102896 0.988754
0.102996 0.988519
0.103095 0.988285
0.103195 0.988285
0.103295 0.988285
0.103395 0.988285
0.103494 0.988285
0.103594 0.988285
0.103694 0.988285
0.103793 0.988285
0.103893 0.988285
0.103993 0.988051
0.104093 0.988051
0.104192 0.988051
0.104292 0.988051
0.104392 0.988051
0.104492 0.988051
0.104591 0.988051
0.104691 0.988051
0.104791 0.988051
0.104890 0.988051
0.104990 0.988051
0.105090 0.988051
0.105190 0.988051
0.105289 0.988051
0.105389 0.988051
0.105489 0.988051
0.105589 0.987816
0.105688 0.987816
0.105788 0.987816
0.105888 0.987816
0.105987 0.987816
0.106087 0.987816
0.106187 0.987816
0.106287 0.987816
0.106386 0.987816
0.106486 0.987816
0.106586 0.987816
0.106686 0.987816
0.106785 0.987816
0.106885 0.987582
0.106985 0.987582
0.107084 0.987582
0.107184 0.987582
0.107284 0.987348
0.107384 0.987348
0.107483 0.987348
0.107583 0.987348
0.107683 0.987348
0.107783 0.987348
0.107882 0.987348
0.107982 0.987348
0.108082 0.987348
0.108181 0.987348
0.108281 0.987348
0.108381 0.987348
0.108481 0.987348
0.108580 0.987348
0.108680 0.987348
0.108780 0.987348
0.108880 0.987348
0.108979 0.987348
0.109079 0.987348
0.109179 0.987113
0.109278 0.987113
0.109378 0.987113
0.109478 0.987113
0.109578 0.987113
0.109677 0.987113
0.109777 0.987113
0.109877 0.987113
0.109977 0.987113
0.110076 0.987113
0.110176 0.987113
0.110276 0.987113
0.110375 0.986879
0.110475 0.986645
0.110575 0.986645
0.110675 0.986645
0.110774 0.986410
0.110874 0.986410
0.110974 0.986410
0.111074 0.986410
0.111173 0.986176
0.111273 0.986176
0.111373 0.986176
0.111472 0.986176
0.111572 0.986176
0.111672 0.985942
0.111772 0.985942
0.111871 0.985708
0.111971 0.985708
0.112071 0.985708
0.112171 0.985708
0.112270 0.985708
0.112370 0.985708
0.112470 0.985708
0.112569 0.985708
0.112669 0.985708
0.112769 0.985708
0.112869 0.985473
0.112968 0.985239
0.113068 0.985239
0.113168 0.985239
0.113268 0.985239
0.113367 0.985239
0.113467 0.985239
0.113567 0.985005
0.113666 0.985005
0.113766 0.985005
0.113866 0.985005
0.113966 0.985005
0.114065 0.984770
0.114165 0.984770
0.114265 0.984770
0.114365 0.984770
0.114464 0.984770
0.114564 0.984770
0.114664 0.984536
0.114763 0.984536
0.114863 0.984536
0.114963 0.984536
0.115063 0.984536
0.115162 0.984536
0.115262 0.984536
0.115362 0.984536
0.115462 0.984536
0.115561 0.984536
0.115661 0.984536
0.115761 0.984536
0.115860 0.984536
0.115960 0.984536
0.116060 0.984302
0.116160 0.984302
0.116259 0.984067
0.116359 0.984067
0.116459 0.984067
0.116559 0.984067
0.116658 0.984067
0.116758 0.984067
0.116858 0.983833
0.116957 0.983833
0.117057 0.983833
0.117157 0.983599
0.117257 0.983599
0.117356 0.983599
0.117456 0.983599
0.117556 0.983599
0.117656 0.983599
0.117755 0.983599
0.117855 0.983599
0.117955 0.983599
0.118054 0.983599
0.118154 0.983599
0.118254 0.983599
0.118354 0.983599
0.118453 0.983599
0.118553 0.983599
0.118653 0.983599
0.118753 0.983599
0.118852 0.983599
0.118952 0.983599
0.119052 0.983599
0.119151 0.983599
0.119251 0.983599
0.119351 0.983599
0.119451 0.983599
0.119550 0.983599
0.119650 0.983599
0.119750 0.983599
0.119850 0.983599
0.119949 0.983599
0.120049 0.983599
0.120149 0.983599
0.120248 0.983599
0.120348 0.983599
0.120448 0.983599
0.120548 0.983599
0.120647 0.983365
0.120747 0.983365
0.120847 0.983365
0.120947 0.983365
0.121046 0.983365
0.121146 0.983365
0.121246 0.983365
0.121345 0.983130
0.121445 0.982896
0.121545 0.982896
0.121645 0.982896
0.121744 0.982896
0.121844 0.982896
0.121944 0.982896
0.122044 0.982896
0.122143 0.982896
0.122243 0.982896
0.122343 0.982896
0.122442 0.982896
0.122542 0.982896
0.122642 0.982896
0.122742 0.982896
0.122841 0.982662
0.122941 0.982662
0.123041 0.982662
0.123141 0.982427
0.123240 0.982427
0.123340 0.982427
0.123440 0.982427
0.123539 0.982427
0.123639 0.982193
0.123739 0.982193
0.123839 0.982193
0.123938 0.982193
0.124038 0.982193
0.124138 0.982193
0.124238 0.982193
0.124337 0.982193
0.124437 0.982193
0.124537 0.982193
0.124636 0.982193
0.124736 0.982193
0.124836 0.982193
0.124936 0.981959
0.125035 0.981724
0.125135 0.981724
0.125235 0.981724
0.125335 0.981724
0.125434 0.981724
0.125534 0.981724
0.125634 0.981724
0.125733 0.981724
0.125833 0.981724
0.125933 0.981724
0.126033 0.981724
0.126132 0.981724
0.126232 0.981724
0.126332 0.981724
0.126432 0.981724
0.126531 0.981724
0.126631 0.981724
0.126731 0.981724
0.126830 0.981724
0.126930 0.981724
0.127030 0.981724
0.127130 0.981724
0.127229 0.981724
0.127329 0.981724
0.127429 0.981724
0.127529 0.981724
0.127628 0.981724
0.127728 0.981724
0.127828 0.981724
0.127927 0.981724
0.128027 0.981724
0.128127 0.981724
0.128227 0.981724
0.128326 0.981490
0.128426 0.981490
0.128526 0.981490
0.128626 0.981490
0.128725 0.981490
0.128825 0.981490
0.128925 0.981490
0.129024 0.981490
0.129124 0.981490
0.129224 0.981490
0.129324 0.981022
0.129423 0.981022
0.129523 0.981022
0.129623 0.981022
0.129723 0.981022
0.129822 0.981022
0.129922 0.980787
0.130022 0.980787
0.130121 0.980787
0.130221 0.980787
0.130321 0.980787
0.130421 0.980787
0.130520 0.980787
0.130620 0.980787
0.130720 0.980787
0.130820 0.980787
0.130919 0.980787
0.131019 0.980787
0.131119 0.980553
0.131218 0.980553
0.131318 0.980553
0.131418 0.980553
0.131518 0.980553
0.131617 0.980553
0.131717 0.980553
0.131817 0.980553
0.131917 0.980553
0.132016 0.980553
0.132116 0.980319
0.132216 0.980084
0.132315 0.979850
0.132415 0.979850
0.132515 0.979850
0.132615 0.979850
0.132714 0.979616
0.132814 0.979616
0.132914 0.979381
0.133014 0.979381
0.133113 0.979381
0.133213 0.979381
0.133313 0.979381
0.133412 0.979381
0.133512 0.979147
0.133612 0.979147
0.133712 0.979147
0.133811 0.979147
0.133911 0.979147
0.134011 0.979147
0.134111 0.979147
0.134210 0.979147
0.134310 0.979147
0.134410 0.979147
0.134509 0.979147
0.134609 0.979147
0.134709 0.978913
0.134809 0.978913
0.134908 0.978913
0.135008 0.978679
0.135108 0.978444
0.135208 0.978444
0.135307 0.978444
0.135407 0.978444
0.135507 0.978444
0.135606 0.978444
0.135706 0.978444
0.135806 0.978444
0.135906 0.978444
0.136005 0.978444
0.136105 0.978444
0.136205 0.978444
0.136305 0.978444
0.136404 0.978444
0.136504 0.978444
0.136604 0.978444
0.136703 0.978210
0.136803 0.978210
0.136903 0.978210
0.137003 0.978210
0.137102 0.977976
0.137202 0.977976
0.137302 0.977976
0.137402 0.977976
0.137501 0.977976
0.137601 0.977976
0.137701 0.977976
0.137800 0.977976
0.137900 0.977741
0.138000 0.977741
0.138100 0.977741
0.138199 0.977741
0.138299 0.977741
0.138399 0.977741
0.138499 0.977741
0.138598 0.977741
0.138698 0.977507
0.138798 0.977507
0.138897 0.977507
0.138997 0.977507
0.139097 0.977507
0.139197 0.977507
0.139296 0.977507
0.139396 0.977507
0.139496 0.977507
0.139596 0.977507
0.139695 0.977038
0.139795 0.977038
0.139895 0.977038
0.139994 0.977038
0.140094 0.977038
0.140194 0.977038
0.140294 0.977038
0.140393 0.977038
0.140493 0.976804
0.140593 0.976570
0.140693 0.976570
0.140792 0.976570
0.140892 0.976570
0.140992 0.976570
0.141091 0.976570
0.141191 0.976570
0.141291 0.976570
0.141391 0.976570
0.141490 0.976570
0.141590 0.976570
0.141690 0.976570
0.141790 0.976570
0.141889 0.976570
0.141989 0.976570
0.142089 0.976336
0.142188 0.976336
0.142288 0.976336
0.142388 0.976336
0.142488 0.976336
0.142587 0.976336
0.142687 0.976336
0.142787 0.976101
0.142887 0.975867
0.142986 0.975867
0.143086 0.975867
0.143186 0.975867
0.143285 0.975867
0.143385 0.975633
0.143485 0.975633
0.143585 0.975633
0.143684 0.975633
0.143784 0.975633
0.143884 0.975398
0.143984 0.975398
0.144083 0.975398
0.144183 0.975398
0.144283 0.975164
0.144382 0.975164
0.144482 0.975164
0.144582 0.975164
0.144682 0.975164
0.144781 0.975164
0.144881 0.974930
0.144981 0.974930
0.145081 0.974930
0.145180 0.974930
0.145280 0.974930
0.145380 0.974695
0.145479 0.974695
0.145579 0.974695
0.145679 0.974695
0.145779 0.974695
0.145878 0.974695
0.145978 0.974695
0.146078 0.974695
0.146178 0.974695
0.146277 0.974695
0.146377 0.974695
0.146477 0.974695
0.146576 0.974695
0.146676 0.974695
0.146776 0.974695
0.146876 0.974695
0.146975 0.974461
0.147075 0.974461
0.147175 0.974461
0.147275 0.974461
0.147374 0.974227
0.147474 0.974227
0.147574 0.974227
0.147673 0.974227
0.147773 0.974227
0.147873 0.974227
0.147973 0.974227
0.148072 0.974227
0.148172 0.974227
0.148272 0.974227
0.148372 0.973993
0.148471 0.973993
0.148571 0.973993
0.148671 0.973993
0.148770 0.973993
0.148870 0.973993
0.148970 0.973993
0.149070 0.973993
0.149169 0.973993
0.149269 0.973993
0.149369 0.973993
0.149469 0.973993
0.149568 0.973993
0.149668 0.973993
0.149768 0.973993
0.149867 0.973993
0.149967 0.973993
0.150067 0.973993
0.150167 0.973758
0.150266 0.973758
0.150366 0.973758
0.150466 0.973524
0.150566 0.973290
0.150665 0.973290
0.150765 0.973290
0.150865 0.973290
0.150964 0.973290
0.151064 0.973290
0.151164 0.973290
0.151264 0.972821
0.151363 0.972821
0.151463 0.972821
0.151563 0.972821
0.151663 0.972587
0.151762 0.972587
0.151862 0.972587
0.151962 0.972587
0.152061 0.972352
0.152161 0.972352
0.152261 0.972118
0.152361 0.971884
0.152460 0.971884
0.152560 0.971884
0.152660 0.971884
0.152760 0.971884
0.152859 0.971884
0.152959 0.971649
0.153059 0.971649
0.153158 0.971649
0.153258 0.971649
0.153358 0.971649
0.153458 0.971649
0.153557 0.971649
0.153657 0.971649
0.153757 0.971649
0.153857 0.971649
0.153956 0.971649
0.154056 0.971415
0.154156 0.971415
0.154255 0.971415
0.154355 0.971415
0.154455 0.971415
0.154555 0.971415
0.154654 0.971415
0.154754 0.971415
0.154854 0.971415
0.154954 0.971181
0.155053 0.971181
0.155153 0.971181
0.155253 0.971181
0.155352 0.971181
0.155452 0.971181
0.155552 0.971181
0.155652 0.971181
0.155751 0.971181
0.155851 0.971181
0.155951 0.971181
0.156051 0.971181
0.156150 0.971181
0.156250 0.971181
0.156350 0.971181
0.156449 0.971181
0.156549 0.971181
0.156649 0.971181
0.156749 0.971181
0.156848 0.971181
0.156948 0.971181
0.157048 0.971181
0.157148 0.971181
0.157247 0.971181
0.157347 0.971181
0.157447 0.971181
0.157546 0.971181
0.157646 0.971181
0.157746 0.971181
0.157846 0.971181
0.157945 0.971181
0.158045 0.971181
0.158145 0.971181
0.158245 0.970947
0.158344 0.970947
0.158444 0.970712
0.158544 0.970478
0.158643 0.970244
0.158743 0.970244
0.158843 0.970244
0.158943 0.970244
0.159042 0.970244
0.159142 0.970244
0.159242 0.970244
0.159342 0.970244
0.159441 0.970244
0.159541 0.970244
0.159641 0.970244
0.159740 0.970244
0.159840 0.970244
0.159940 0.970009
0.160040 0.970009
0.160139 0.970009
0.160239 0.970009
0.160339 0.970009
0.160439 0.970009
0.160538 0.970009
0.160638 0.970009
0.160738 0.970009
0.160837 0.970009
0.160937 0.969775
0.161037 0.969775
0.161137 0.969775
0.161236 0.969775
0.161336 0.969775
0.161436 0.969775
0.161536 0.969775
0.161635 0.969775
0.161735 0.969541
0.161835 0.969541
0.161934 0.969541
0.162034 0.969541
0.162134 0.969541
0.162234 0.969541
0.162333 0.969541
0.162433 0.969541
0.162533 0.969541
0.162633 0.969541
0.162732 0.969541
0.162832 0.969541
0.162932 0.969541
0.163031 0.969541
0.163131 0.969541
0.163231 0.969541
0.163331 0.969541
0.163430 0.969541
0.163530 0.969541
0.163630 0.969541
0.163730 0.969541
0.163829 0.969541
0.163929 0.969541
0.164029 0.969541
0.164128 0.969541
0.164228 0.969541
0.164328 0.969541
0.164428 0.969306
0.164527 0.969306
0.164627 0.969306
0.164727 0.969306
0.164827 0.969306
0.164926 0.969072
0.165026 0.969072
0.165126 0.969072
0.165225 0.969072
0.165325 0.968838
0.165425 0.968838
0.165525 0.968838
0.165624 0.968838
0.165724 0.968838
0.165824 0.968838
0.165924 0.968838
0.166023 0.968838
0.166123 0.968838
0.166223 0.968838
0.166322 0.968838
0.166422 0.968838
0.166522 0.968838
0.166622 0.968838
0.166721 0.968604
0.166821 0.968604
0.166921 0.968604
0.167021 0.968369
0.167120 0.968369
0.167220 0.968369
0.167320 0.968369
0.167419 0.968369
0.167519 0.968369
0.167619 0.968369
0.167719 0.968369
0.167818 0.968369
0.167918 0.968369
0.168018 0.968369
0.168118 0.968369
0.168217 0.968369
0.168317 0.968369
0.168417 0.968369
0.168516 0.968369
0.168616 0.968369
0.168716 0.968369
0.168816 0.968369
0.168915 0.968369
0.169015 0.968369
0.169115 0.968369
0.169215 0.968369
0.169314 0.968369
0.169414 0.968369
0.169514 0.968369
0.169613 0.968369
0.169713 0.968135
0.169813 0.968135
0.169913 0.968135
0.170012 0.968135
0.170112 0.968135
0.170212 0.968135
0.170312 0.968135
0.170411 0.967901
0.170511 0.967901
0.170611 0.967901
0.170710 0.967901
0.170810 0.967901
0.170910 0.967901
0.171010 0.967901
0.171109 0.967901
0.171209 0.967901
0.171309 0.967901
0.171409 0.967901
0.171508 0.967901
0.171608 0.967666
0.171708 0.967666
0.171807 0.967666
0.171907 0.967666
0.172007 0.967666
0.172107 0.967432
0.172206 0.967432
0.172306 0.967198
0.172406 0.967198
0.172506 0.967198
0.172605 0.967198
0.172705 0.967198
0.172805 0.967198
0.172904 0.966963
0.173004 0.966963
0.173104 0.966495
0.173204 0.966495
0.173303 0.966495
0.173403 0.966495
0.173503 0.966495
0.173603 0.966495
0.173702 0.966495
0.173802 0.966495
0.173902 0.966495
0.174001 0.966495
0.174101 0.966495
0.174201 0.966495
0.174301 0.966495
0.174400 0.966495
0.174500 0.966495
0.174600 0.966495
0.174700 0.966495
0.174799 0.966261
0.174899 0.966261
0.174999 0.966026
0.175098 0.966026
0.175198 0.965792
0.175298 0.965792
0.175398 0.965792
0.175497 0.965792
0.175597 0.965792
0.175697 0.965792
0.175797 0.965792
0.175896 0.965792
0.175996 0.965792
0.176096 0.965792
0.176195 0.965792
0.176295 0.965792
0.176395 0.965792
0.176495 0.965558
0.176594 0.965558
0.176694 0.965323
0.176794 0.965089
0.176894 0.965089
0.176993 0.965089
0.177093 0.965089
0.177193 0.965089
0.177292 0.964855
0.177392 0.964855
0.177492 0.964620
0.177592 0.964620
0.177691 0.964620
0.177791 0.964620
0.177891 0.964620
0.177991 0.964620
0.178090 0.964620
0.178190 0.964386
0.178290 0.964386
0.178389 0.964386
0.178489 0.964386
0.178589 0.964386
0.178689 0.964386
0.178788 0.964386
0.178888 0.964386
0.178988 0.964386
0.179088 0.964152
0.179187 0.964152
0.179287 0.963918
0.179387 0.963918
0.179486 0.963918
0.179586 0.963918
0.179686 0.963918
0.179786 0.963918
0.179885 0.963918
0.179985 0.963918
0.180085 0.963918
0.180185 0.963918
0.180284 0.963918
0.180384 0.963918
0.180484 0.963918
0.180583 0.963918
0.180683 0.963918
0.180783 0.963918
0.180883 0.963918
0.180982 0.963918
0.181082 0.963918
0.181182 0.963918
0.181282 0.963683
0.181381 0.963683
0.181481 0.963683
0.181581 0.963683
0.181680 0.963683
0.181780 0.963683
0.181880 0.963449
0.181980 0.963449
0.182079 0.963449
0.182179 0.963449
0.182279 0.963449
0.182379 0.963449
0.182478 0.963449
0.182578 0.963449
0.182678 0.963449
0.182777 0.963449
0.182877 0.963215
0.182977 0.963215
0.183077 0.962980
0.183176 0.962980
0.183276 0.962746
0.183376 0.962746
0.183476 0.962746
0.183575 0.962746
0.183675 0.962746
0.183775 0.962746
0.183874 0.962512
0.183974 0.962512
0.184074 0.962512
0.184174 0.962512
0.184273 0.962512
0.184373 0.962512
0.184473 0.962512
0.184573 0.962512
0.184672 0.962512
0.184772 0.962512
0.184872 0.962512
0.184971 0.962512
0.185071 0.962512
0.185171 0.962512
0.185271 0.962277
0.185370 0.962277
0.185470 0.962277
0.185570 0.962277
0.185670 0.962277
0.185769 0.962043
0.185869 0.962043
0.185969 0.962043
0.186068 0.962043
0.186168 0.962043
0.186268 0.961809
0.186368 0.961809
0.186467 0.961575
0.186567 0.961575
0.186667 0.961575
0.186767 0.961340
0.186866 0.961340
0.186966 0.961106
0.187066 0.961106
0.187165 0.960872
0.187265 0.960872
0.187365 0.960872
0.187465 0.960637
0.187564 0.960637
0.187664 0.960637
0.187764 0.960637
0.187864 0.960637
0.187963 0.960637
0.188063 0.960637
0.188163 0.960637
0.188262 0.960637
0.188362 0.960637
0.188462 0.960637
0.188562 0.960637
0.188661 0.959934
0.188761 0.959934
0.188861 0.959934
0.188961 0.959934
0.189060 0.959934
0.189160 0.959934
0.189260 0.959934
0.189359 0.959934
0.189459 0.959934
0.189559 0.959934
0.189659 0.959934
0.189758 0.959934
0.189858 0.959700
0.189958 0.959700
0.190058 0.959700
0.190157 0.959700
0.190257 0.959466
0.190357 0.959466
0.190456 0.959231
0.190556 0.959231
0.190656 0.959231
0.190756 0.959231
0.190855 0.959231
0.190955 0.959231
0.191055 0.959231
0.191155 0.959231
0.191254 0.959231
0.191354 0.958763
0.191454 0.958763
0.191553 0.958763
0.191653 0.958529
0.191753 0.958294
0.191853 0.958294
0.191952 0.958294
0.192052 0.958294
0.192152 0.958294
0.192252 0.958294
0.192351 0.958060
0.192451 0.958060
0.192551 0.958060
0.192650 0.958060
0.192750 0.958060
0.192850 0.957826
0.192950 0.957826
0.193049 0.957826
0.193149 0.957826
0.193249 0.957826
0.193349 0.957826
0.193448 0.957826
0.193548 0.957826
0.193648 0.957826
0.193747 0.957826
0.193847 0.957826
0.193947 0.957826
0.194047 0.957826
0.194146 0.957591
0.194246 0.957357
0.194346 0.957357
0.194446 0.957357
0.194545 0.957357
0.194645 0.957357
0.194745 0.957357
0.194844 0.957123
0.194944 0.957123
0.195044 0.957123
0.195144 0.957123
0.195243 0.957123
0.195343 0.957123
0.195443 0.957123
0.195543 0.957123
0.195642 0.957123
0.195742 0.957123
0.195842 0.957123
0.195941 0.957123
0.196041 0.957123
0.196141 0.957123
0.196241 0.957123
0.196340 0.957123
0.196440 0.957123
0.196540 0.957123
0.196640 0.956888
0.196739 0.956654
0.196839 0.956654
0.196939 0.956654
0.197038 0.956654
0.197138 0.956654
0.197238 0.956654
0.197338 0.956186
0.197437 0.956186
0.197537 0.956186
0.197637 0.956186
0.197737 0.956186
0.197836 0.956186
0.197936 0.955717
0.198036 0.955717
0.198135 0.955717
0.198235 0.955717
0.198335 0.955717
0.198435 0.955483
0.198534 0.955483
0.198634 0.955483
0.198734 0.955483
0.198834 0.955483
0.198933 0.955483
0.199033 0.955014
0.199133 0.955014
0.199232 0.955014
0.199332 0.955014
0.199432 0.955014
0.199532 0.955014
0.199631 0.955014
0.199731 0.955014
0.199831 0.955014
0.199931 0.955014
0.200030 0.954780
0.200130 0.954780
0.200230 0.954545
0.200329 0.954311
0.200429 0.954311
0.200529 0.954077
0.200629 0.954077
0.200728 0.954077
0.200828 0.954077
0.200928 0.954077
0.201028 0.954077
0.201127 0.954077
0.201227 0.953843
0.201327 0.953843
0.201426 0.953843
0.201526 0.953843
0.201626 0.953843
0.201726 0.953608
0.201825 0.953608
0.201925 0.953608
0.202025 0.953608
0.202125 0.953608
0.202224 0.953608
0.202324 0.953608
0.202424 0.953608
0.202523 0.953374
0.202623 0.953374
0.202723 0.953374
0.202823 0.953140
0.202922 0.953140
0.203022 0.952905
0.203122 0.952905
0.203222 0.952671
0.203321 0.952671
0.203421 0.952671
0.203521 0.952671
0.203620 0.952671
0.203720 0.952671
0.203820 0.952437
0.203920 0.952437
0.204019 0.952202
0.204119 0.952202
0.204219 0.951968
0.204319 0.951968
0.204418 0.951968
0.204518 0.951968
0.204618 0.951968
0.204717 0.951734
0.204817 0.951500
0.204917 0.951500
0.205017 0.951500
0.205116 0.951265
0.205216 0.951265
0.205316 0.951265
0.205416 0.951265
0.205515 0.951265
0.205615 0.951265
0.205715 0.951265
0.205814 0.951265
0.205914 0.951265
0.206014 0.951031
0.206114 0.950797
0.206213 0.950797
0.206313 0.950797
0.206413 0.950797
0.206513 0.950797
0.206612 0.950797
0.206712 0.950562
0.206812 0.950562
0.206911 0.950562
0.207011 0.950562
0.207111 0.950562
0.207211 0.950562
0.207310 0.950562
0.207410 0.950562
0.207510 0.950562
0.207610 0.950328
0.207709 0.950094
0.207809 0.950094
0.207909 0.950094
0.208008 0.950094
0.208108 0.950094
0.208208 0.950094
0.208308 0.950094
0.208407 0.950094
0.208507 0.950094
0.208607 0.950094
0.208707 0.950094
0.208806 0.950094
0.208906 0.950094
0.209006 0.950094
0.209105 0.950094
0.209205 0.950094
0.209305 0.950094
0.209405 0.950094
0.209504 0.950094
0.209604 0.949859
0.209704 0.949859
0.209804 0.949625
0.209903 0.949391
0.210003 0.949391
0.210103 0.949391
0.210202 0.949157
0.210302 0.949157
0.210402 0.949157
0.210502 0.949157
0.210601 0.948922
0.210701 0.948922
0.210801 0.948922
0.210901 0.948922
0.211000 0.948922
0.211100 0.948922
0.211200 0.948922
0.211299 0.948922
0.211399 0.948922
0.211499 0.948922
0.211599 0.948922
0.211698 0.948922
0.211798 0.948922
0.211898 0.948922
0.211998 0.948922
0.212097 0.948922
0.212197 0.948922
0.212297 0.948922
0.212396 0.948922
0.212496 0.948922
0.212596 0.948922
0.212696 0.948922
0.212795 0.948922
0.212895 0.948688
0.212995 0.948688
0.213095 0.948688
0.213194 0.948454
0.213294 0.948454
0.213394 0.948454
0.213493 0.948454
0.213593 0.948219
0.213693 0.948219
0.213793 0.948219
0.213892 0.948219
0.213992 0.948219
0.214092 0.948219
0.214192 0.948219
0.214291 0.947985
0.214391 0.947985
0.214491 0.947985
0.214590 0.947985
0.214690 0.947985
0.214790 0.947751
0.214890 0.947751
0.214989 0.947751
0.215089 0.947516
0.215189 0.947516
0.215289 0.947516
0.215388 0.947516
0.215488 0.947282
0.215588 0.947282
0.215687 0.947282
0.215787 0.947282
0.215887 0.947282
0.215987 0.947282
0.216086 0.947282
0.216186 0.946813
0.216286 0.946813
0.216386 0.946813
0.216485 0.946813
0.216585 0.946813
0.216685 0.946813
0.216784 0.946579
0.216884 0.946345
0.216984 0.946345
0.217084 0.946345
0.217183 0.946345
0.217283 0.946345
0.217383 0.946345
0.217483 0.946345
0.217582 0.946345
0.217682 0.946111
0.217782 0.946111
0.217881 0.946111
0.217981 0.945876
0.218081 0.945876
0.218181 0.945642
0.218280 0.945408
0.218380 0.945408
0.218480 0.945408
0.218580 0.945408
0.218679 0.945408
0.218779 0.944939
0.218879 0.944939
0.218978 0.944939
0.219078 0.944939
0.219178 0.944939
0.219278 0.944939
0.219377 0.944939
0.219477 0.944939
0.219577 0.944939
0.219677 0.944939
0.219776 0.944939
0.219876 0.944705
0.219976 0.944705
0.220075 0.944705
0.220175 0.944705
0.220275 0.944705
0.220375 0.944705
0.220474 0.944705
0.220574 0.944705
0.220674 0.944705
0.220774 0.944705
0.220873 0.944705
0.220973 0.944470
0.221073 0.944236
0.221172 0.944236
0.221272 0.944236
0.221372 0.944236
0.221472 0.944236
0.221571 0.944236
0.221671 0.944236
0.221771 0.944236
0.221871 0.944002
0.221970 0.944002
0.222070 0.943768
0.222170 0.943768
0.222269 0.943768
0.222369 0.943768
0.222469 0.943768
0.222569 0.943768
0.222668 0.943768
0.222768 0.943768
0.222868 0.943768
0.222968 0.943768
0.223067 0.943768
0.223167 0.943768
0.223267 0.943768
0.223366 0.943768
0.223466 0.943533
0.223566 0.943533
0.223666 0.943533
0.223765 0.943533
0.223865 0.943533
0.223965 0.943533
0.224065 0.943299
0.224164 0.943065
0.224264 0.943065
0.224364 0.942830
0.224463 0.942830
0.224563 0.942596
0.224663 0.942596
0.224763 0.942596
0.224862 0.942362
0.224962 0.942362
0.225062 0.942362
0.225162 0.942362
0.225261 0.942127
0.225361 0.942127
0.225461 0.942127
0.225560 0.941893
0.225660 0.941893
0.225760 0.941893
0.225860 0.941659
0.225959 0.941659
0.226059 0.941659
0.226159 0.941659
0.226259 0.941659
0.226358 0.941659
0.226458 0.941659
0.226558 0.941659
0.226657 0.941659
0.226757 0.941425
0.226857 0.941425
0.226957 0.941425
0.227056 0.941425
0.227156 0.941425
0.227256 0.941425
0.227356 0.941425
0.227455 0.941425
0.227555 0.940956
0.227655 0.940722
0.227754 0.940722
0.227854 0.940487
0.227954 0.940487
0.228054 0.940487
0.228153 0.940253
0.228253 0.940253
0.228353 0.940253
0.228453 0.940019
0.228552 0.940019
0.228652 0.939784
0.228752 0.939784
0.228851 0.939784
0.228951 0.939784
0.229051 0.939784
0.229151 0.939316
0.229250 0.939082
0.229350 0.939082
0.229450 0.939082
0.229550 0.939082
0.229649 0.939082
0.229749 0.939082
0.229849 0.939082
0.229948 0.939082
0.230048 0.939082
0.230148 0.938847
0.230248 0.938847
0.230347 0.938379
0.230447 0.938379
0.230547 0.938379
0.230647 0.938379
0.230746 0.938379
0.230846 0.938379
0.230946 0.938379
0.231045 0.938379
0.231145 0.938379
0.231245 0.938379
0.231345 0.938379
0.231444 0.938379
0.231544 0.938379
0.231644 0.938379
0.231744 0.938379
0.231843 0.938379
0.231943 0.938379
0.232043 0.938379
0.232142 0.938379
0.232242 0.938379
0.232342 0.938379
0.232442 0.938379
0.232541 0.938144
0.232641 0.938144
0.232741 0.937910
0.232841 0.937910
0.232940 0.937910
0.233040 0.937910
0.233140 0.937910
0.233239 0.937910
0.233339 0.937676
0.233439 0.937207
0.233539 0.937207
0.233638 0.937207
0.233738 0.937207
0.233838 0.937207
0.233938 0.937207
0.234037 0.936973
0.234137 0.936739
0.234237 0.936739
0.234336 0.936739
0.234436 0.936739
0.234536 0.936739
0.234636 0.936739
0.234735 0.936739
0.234835 0.936739
0.234935 0.936739
0.235035 0.936739
0.235134 0.936504
0.235234 0.936504
0.235334 0.936270
0.235433 0.936270
0.235533 0.936036
0.235633 0.936036
0.235733 0.936036
0.235832 0.935801
0.235932 0.935801
0.236032 0.935801
0.236132 0.935801
0.236231 0.935567
0.236331 0.935567
0.236431 0.935567
0.236530 0.935567
0.236630 0.935567
0.236730 0.935567
0.236830 0.935567
0.236929 0.935567
0.237029 0.935567
0.237129 0.935567
0.237229 0.935333
0.237328 0.935333
0.237428 0.935333
0.237528 0.935098
0.237627 0.935098
0.237727 0.935098
0.237827 0.935098
0.237927 0.935098
0.238026 0.935098
0.238126 0.935098
0.238226 0.935098
0.238326 0.935098
0.238425 0.935098
0.238525 0.935098
0.238625 0.935098
0.238724 0.935098
0.238824 0.935098
0.238924 0.935098
0.239024 0.935098
0.239123 0.935098
0.239223 0.935098
0.239323 0.935098
0.239423 0.935098
0.239522 0.934864
0.239622 0.934864
0.239722 0.934864
0.239821 0.934864
0.239921 0.934864
0.240021 0.934864
0.240121 0.934864
0.240220 0.934630
0.240320 0.934630
0.240420 0.934630
0.240520 0.934630
0.240619 0.934630
0.240719 0.934396
0.240819 0.934396
0.240918 0.934161
0.241018 0.934161
0.241118 0.934161
0.241218 0.934161
0.241317 0.934161
0.241417 0.934161
0.241517 0.934161
0.241617 0.934161
0.241716 0.933927
0.241816 0.933927
0.241916 0.933927
0.242015 0.933927
0.242115 0.933927
0.242215 0.933927
0.242315 0.933693
0.242414 0.933693
0.242514 0.933458
0.242614 0.933458
0.242714 0.933458
0.242813 0.933458
0.242913 0.933458
0.243013 0.933458
0.243112 0.933458
0.243212 0.933458
0.243312 0.932990
0.243412 0.932755
0.243511 0.932521
0.243611 0.932052
0.243711 0.932052
0.243811 0.932052
0.243910 0.932052
0.244010 0.932052
0.244110 0.932052
0.244209 0.932052
0.244309 0.932052
0.244409 0.932052
0.244509 0.932052
0.244608 0.932052
0.244708 0.932052
0.244808 0.932052
0.244908 0.932052
0.245007 0.932052
0.245107 0.932052
0.245207 0.932052
0.245306 0.932052
0.245406 0.932052
0.245506 0.931818
0.245606 0.931584
0.245705 0.931584
0.245805 0.931584
0.245905 0.931584
0.246005 0.931584
0.246104 0.931584
0.246204 0.931584
0.246304 0.931584
0.246403 0.931584
0.246503 0.931584
0.246603 0.931350
0.246703 0.931115
0.246802 0.931115
0.246902 0.931115
0.247002 0.931115
0.247102 0.931115
0.247201 0.931115
0.247301 0.931115
0.247401 0.931115
0.247500 0.930881
0.247600 0.930881
0.247700 0.930881
0.247800 0.930647
0.247899 0.930647
0.247999 0.930412
0.248099 0.929944
0.248199 0.929944
0.248298 0.929944
0.248398 0.929944
0.248498 0.929709
0.248597 0.929709
0.248697 0.929709
0.248797 0.929475
0.248897 0.929475
0.248996 0.929475
0.249096 0.929475
0.249196 0.929475
0.249296 0.929241
0.249395 0.929241
0.249495 0.929241
0.249595 0.929241
0.249694 0.928772
0.249794 0.928772
0.249894 0.928772
0.249994 0.928772
0.250093 0.928772
0.250193 0.928772
0.250293 0.928772
0.250393 0.928772
0.250492 0.928772
0.250592 0.928772
0.250692 0.928772
0.250791 0.928772
0.250891 0.928538
0.250991 0.928538
0.251091 0.928538
0.251190 0.928538
0.251290 0.928538
0.251390 0.928304
0.251490 0.928304
0.251589 0.928069
0.251689 0.927835
0.251789 0.927835
0.251888 0.927601
0.251988 0.927601
0.252088 0.927601
0.252188 0.927366
0.252287 0.927132
0.252387 0.927132
0.252487 0.927132
0.252587 0.927132
0.252686 0.926898
0.252786 0.926898
0.252886 0.926898
0.252985 0.926664
0.253085 0.926664
0.253185 0.926429
0.253285 0.926429
0.253384 0.926429
0.253484 0.926429
0.253584 0.926429
0.253684 0.926429
0.253783 0.926429
0.253883 0.926195
0.253983 0.926195
0.254082 0.925961
0.254182 0.925961
0.254282 0.925961
0.254382 0.925961
0.254481 0.925726
0.254581 0.925726
0.254681 0.925726
0.254781 0.925726
0.254880 0.925726
0.254980 0.925726
0.255080 0.925726
0.255179 0.925726
0.255279 0.925726
0.255379 0.925726
0.255479 0.925726
0.255578 0.925726
0.255678 0.925726
0.255778 0.925726
0.255878 0.925726
0.255977 0.925258
0.256077 0.925023
0.256177 0.925023
0.256276 0.925023
0.256376 0.924789
0.256476 0.924321
0.256576 0.924321
0.256675 0.924321
0.256775 0.924321
0.256875 0.924321
0.256975 0.924321
0.257074 0.924086
0.257174 0.924086
0.257274 0.924086
0.257373 0.924086
0.257473 0.924086
0.257573 0.924086
0.257673 0.924086
0.257772 0.923852
0.257872 0.923852
0.257972 0.923852
0.258072 0.923852
0.258171 0.923852
0.258271 0.923852
0.258371 0.923852
0.258470 0.923852
0.258570 0.923852
0.258670 0.923852
0.258770 0.923852
0.258869 0.923618
0.258969 0.923618
0.259069 0.923618
0.259169 0.923618
0.259268 0.923618
0.259368 0.923383
0.259468 0.923149
0.259567 0.923149
0.259667 0.923149
0.259767 0.923149
0.259867 0.923149
0.259966 0.923149
0.260066 0.923149
0.260166 0.923149
0.260266 0.923149
0.260365 0.922915
0.260465 0.922915
0.260565 0.922915
0.260664 0.922446
0.260764 0.922446
0.260864 0.922212
0.260964 0.921978
0.261063 0.921978
0.261163 0.921978
0.261263 0.921978
0.261363 0.921978
0.261462 0.921978
0.261562 0.921978
0.261662 0.921743
0.261761 0.921743
0.261861 0.921743
0.261961 0.921743
0.262061 0.921509
0.262160 0.921509
0.262260 0.921509
0.262360 0.921509
0.262460 0.921509
0.262559 0.921509
0.262659 0.921509
0.262759 0.921275
0.262858 0.921275
0.262958 0.921275
0.263058 0.921275
0.263158 0.921275
0.263257 0.921040
0.263357 0.921040
0.263457 0.921040
0.263557 0.920806
0.263656 0.920806
0.263756 0.920103
0.263856 0.920103
0.263955 0.920103
0.264055 0.920103
0.264155 0.920103
0.264255 0.920103
0.264354 0.920103
0.264454 0.920103
0.264554 0.919869
0.264654 0.919869
0.264753 0.919634
0.264853 0.919400
0.264953 0.919166
0.265052 0.918697
0.265152 0.918697
0.265252 0.918697
0.265352 0.918697
0.265451 0.918697
0.265551 0.918697
0.265651 0.918697
0.265751 0.918697
0.265850 0.918697
0.265950 0.918697
0.266050 0.918697
0.266149 0.918697
0.266249 0.918697
0.266349 0.918463
0.266449 0.918229
0.266548 0.917994
0.266648 0.917994
0.266748 0.917760
0.266848 0.917760
0.266947 0.917760
0.267047 0.917760
0.267147 0.917526
0.267246 0.917526
0.267346 0.917291
0.267446 0.917291
0.267546 0.917291
0.267645 0.917057
0.267745 0.917057
0.267845 0.917057
0.267945 0.917057
0.268044 0.917057
0.268144 0.917057
0.268244 0.917057
0.268343 0.916823
0.268443 0.916354
0.268543 0.916120
0.268643 0.915886
0.268742 0.915651
0.268842 0.915651
0.268942 0.915651
0.269042 0.915651
0.269141 0.915651
0.269241 0.915651
0.269341 0.915651
0.269440 0.915651
0.269540 0.915417
0.269640 0.915183
0.269740 0.915183
0.269839 0.915183
0.269939 0.915183
0.270039 0.915183
0.270139 0.915183
0.270238 0.915183
0.270338 0.915183
0.270438 0.915183
0.270537 0.915183
0.270637 0.914948
0.270737 0.914948
0.270837 0.914948
0.270936 0.914948
0.271036 0.914948
0.271136 0.914948
0.271236 0.914714
0.271335 0.914714
0.271435 0.914480
0.271535 0.914480
0.271634 0.914480
0.271734 0.914480
0.271834 0.914480
0.271934 0.914480
0.272033 0.914480
0.272133 0.914480
0.272233 0.914480
0.272333 0.914480
0.272432 0.914011
0.272532 0.914011
0.272632 0.914011
0.272731 0.914011
0.272831 0.914011
0.272931 0.913777
0.273031 0.913777
0.273130 0.913543
0.273230 0.913543
0.273330 0.913543
0.273430 0.913543
0.273529 0.913543
0.273629 0.913308
0.273729 0.913074
0.273828 0.913074
0.273928 0.913074
0.274028 0.913074
0.274128 0.913074
0.274227 0.913074
0.274327 0.913074
0.274427 0.913074
0.274527 0.913074
0.274626 0.913074
0.274726 0.913074
0.274826 0.913074
0.274925 0.912840
0.275025 0.912840
0.275125 0.912840
0.275225 0.912840
0.275324 0.912840
0.275424 0.912840
0.275524 0.912605
0.275624 0.912371
0.275723 0.912371
0.275823 0.912371
0.275923 0.912371
0.276022 0.912371
0.276122 0.912371
0.276222 0.912371
0.276322 0.912371
0.276421 0.912371
0.276521 0.912137
0.276621 0.912137
0.276721 0.912137
0.276820 0.912137
0.276920 0.912137
0.277020 0.912137
0.277119 0.912137
0.277219 0.911903
0.277319 0.911903
0.277419 0.911903
0.277518 0.911903
0.277618 0.911668
0.277718 0.911668
0.277818 0.911668
0.277917 0.911668
0.278017 0.911434
0.278117 0.911434
0.278216 0.911434
0.278316 0.911434
0.278416 0.911434
0.278516 0.911434
0.278615 0.911434
0.278715 0.911200
0.278815 0.911200
0.278915 0.911200
0.279014 0.911200
0.279114 0.911200
0.279214 0.911200
0.279313 0.911200
0.279413 0.911200
0.279513 0.911200
0.279613 0.911200
0.279712 0.911200
0.279812 0.911200
0.279912 0.910965
0.280012 0.910731
0.280111 0.910731
0.280211 0.910731
0.280311 0.910731
0.280410 0.910731
0.280510 0.910731
0.280610 0.910497
0.280710 0.910497
0.280809 0.910497
0.280909 0.910497
0.281009 0.910497
0.281109 0.910497
0.281208 0.910497
0.281308 0.910497
0.281408 0.910497
0.281507 0.910497
0.281607 0.910497
0.281707 0.910497
0.281807 0.910497
0.281906 0.910497
0.282006 0.910497
0.282106 0.910497
0.282206 0.910262
0.282305 0.910262
0.282405 0.910262
0.282505 0.910262
0.282604 0.910028
0.282704 0.910028
0.282804 0.910028
0.282904 0.910028
0.283003 0.910028
0.283103 0.910028
0.283203 0.909794
0.283303 0.909560
0.283402 0.909325
0.283502 0.909325
0.283602 0.909325
0.283701 0.909325
0.283801 0.909325
0.283901 0.909325
0.284001 0.909325
0.284100 0.909325
0.284200 0.909325
0.284300 0.909325
0.284400 0.909325
0.284499 0.909325
0.284599 0.909325
0.284699 0.909325
0.284798 0.909325
0.284898 0.909091
0.284998 0.908857
0.285098 0.908622
0.285197 0.908388
0.285297 0.908388
0.285397 0.908154
0.285496 0.908154
0.285596 0.908154
0.285696 0.907919
0.285796 0.907919
0.285895 0.907919
0.285995 0.907919
0.286095 0.907919
0.286195 0.907919
0.286294 0.907919
0.286394 0.907919
0.286494 0.907919
0.286593 0.907919
0.286693 0.907919
0.286793 0.907919
0.286893 0.907919
0.286992 0.907919
0.287092 0.907919
0.287192 0.907919
0.287292 0.907919
0.287391 0.907685
0.287491 0.907685
0.287591 0.907685
0.287690 0.907685
0.287790 0.907685
0.287890 0.907451
0.287990 0.907451
0.288089 0.907451
0.288189 0.907216
0.288289 0.907216
0.288389 0.907216
0.288488 0.907216
0.288588 0.906748
0.288688 0.906748
0.288787 0.906748
0.288887 0.906514
0.288987 0.906514
0.289087 0.906514
0.289186 0.906279
0.289286 0.906279
0.289386 0.906279
0.289486 0.906279
0.289585 0.906045
0.289685 0.906045
0.289785 0.906045
0.289884 0.906045
0.289984 0.906045
0.290084 0.906045
0.290184 0.906045
0.290283 0.906045
0.290383 0.905811
0.290483 0.905811
0.290583 0.905576
0.290682 0.905576
0.290782 0.905576
0.290882 0.905576
0.290981 0.905342
0.291081 0.905342
0.291181 0.905342
0.291281 0.905342
0.291380 0.905342
0.291480 0.905108
0.291580 0.905108
0.291680 0.904873
0.291779 0.904873
0.291879 0.904873
0.291979 0.904873
0.292078 0.904639
0.292178 0.904639
0.292278 0.904639
0.292378 0.904639
0.292477 0.904639
0.292577 0.904639
0.292677 0.904639
0.292777 0.904405
0.292876 0.904405
0.292976 0.904171
0.293076 0.904171
0.293175 0.904171
0.293275 0.904171
0.293375 0.904171
0.293475 0.903936
0.293574 0.903936
0.293674 0.903468
0.293774 0.903233
0.293874 0.902999
0.293973 0.902765
0.294073 0.902530
0.294173 0.902530
0.294272 0.902296
0.294372 0.902296
0.294472 0.902296
0.294572 0.902296
0.294671 0.902062
0.294771 0.902062
0.294871 0.901828
0.294971 0.901828
0.295070 0.901593
0.295170 0.901593
0.295270 0.901359
0.295369 0.901359
0.295469 0.901359
0.295569 0.901359
0.295669 0.901359
0.295768 0.901125
0.295868 0.900890
0.295968 0.900890
0.296068 0.900890
0.296167 0.900890
0.296267 0.900890
0.296367 0.900890
0.296466 0.900890
0.296566 0.900890
0.296666 0.900890
0.296766 0.900890
0.296865 0.900890
0.296965 0.900890
0.297065 0.900890
0.297165 0.900890
0.297264 0.900890
0.297364 0.900890
0.297464 0.900890
0.297563 0.900890
0.297663 0.900890
0.297763 0.900890
0.297863 0.900890
0.297962 0.900890
0.298062 0.900890
0.298162 0.900656
0.298262 0.900656
0.298361 0.900187
0.298461 0.900187
0.298561 0.900187
0.298660 0.900187
0.298760 0.900187
0.298860 0.899953
0.298960 0.899953
0.299059 0.899953
0.299159 0.899953
0.299259 0.899953
0.299359 0.899953
0.299458 0.899953
0.299558 0.899953
0.299658 0.899953
0.299757 0.899953
0.299857 0.899953
0.299957 0.899953
0.300057 0.899719
0.300156 0.899719
0.300256 0.899719
0.300356 0.899719
0.300456 0.899719
0.300555 0.899719
0.300655 0.899719
0.300755 0.899719
0.300854 0.899719
0.300954 0.899719
0.301054 0.899719
0.301154 0.899719
0.301253 0.899719
0.301353 0.899719
0.301453 0.899719
0.301553 0.899719
0.301652 0.899719
0.301752 0.899719
0.301852 0.899485
0.301951 0.899485
0.302051 0.899485
0.302151 0.899485
0.302251 0.899485
0.302350 0.899250
0.302450 0.899250
0.302550 0.899250
0.302650 0.899250
0.302749 0.899016
0.302849 0.898782
0.302949 0.898782
0.303048 0.898782
0.303148 0.898782
0.303248 0.898782
0.303348 0.898782
0.303447 0.898782
0.303547 0.898782
0.303647 0.898782
0.303747 0.898782
0.303846 0.898782
0.303946 0.898782
0.304046 0.898782
0.304145 0.898782
0.304245 0.898782
0.304345 0.898782
0.304445 0.898547
0.304544 0.898547
0.304644 0.898313
0.304744 0.898079
0.304844 0.898079
0.304943 0.898079
0.305043 0.898079
0.305143 0.897844
0.305242 0.897610
0.305342 0.897610
0.305442 0.897376
0.305542 0.897376
0.305641 0.897376
0.305741 0.897376
0.305841 0.897376
0.305941 0.897376
0.306040 0.897376
0.306140 0.897376
0.306240 0.897376
0.306339 0.897376
0.306439 0.897376
0.306539 0.897376
0.306639 0.897376
0.306738 0.897376
0.306838 0.897376
0.306938 0.897376
0.307038 0.897376
0.307137 0.897376
0.307237 0.897376
0.307337 0.897376
0.307436 0.897376
0.307536 0.897376
0.307636 0.897142
0.307736 0.896907
0.307835 0.896673
0.307935 0.896673
0.308035 0.896673
0.308135 0.896673
0.308234 0.896673
0.308334 0.896439
0.308434 0.896439
0.308533 0.896204
0.308633 0.896204
0.308733 0.896204
0.308833 0.896204
0.308932 0.896204
0.309032 0.895970
0.309132 0.895970
0.309232 0.895970
0.309331 0.895736
0.309431 0.895501
0.309531 0.895501
0.309630 0.895501
0.309730 0.895501
0.309830 0.895501
0.309930 0.895501
0.310029 0.895267
0.310129 0.895033
0.310229 0.895033
0.310329 0.895033
0.310428 0.895033
0.310528 0.894564
0.310628 0.894330
0.310727 0.894330
0.310827 0.894330
0.310927 0.894330
0.311027 0.894330
0.311126 0.894096
0.311226 0.894096
0.311326 0.894096
0.311426 0.894096
0.311525 0.894096
0.311625 0.893861
0.311725 0.893861
0.311824 0.893627
0.311924 0.893393
0.312024 0.893393
0.312124 0.893393
0.312223 0.893393
0.312323 0.893158
0.312423 0.893158
0.312523 0.893158
0.312622 0.893158
0.312722 0.893158
0.312822 0.892924
0.312921 0.892924
0.313021 0.892924
0.313121 0.892924
0.313221 0.892690
0.313320 0.892690
0.313420 0.892455
0.313520 0.892221
0.313620 0.892221
0.313719 0.891753
0.313819 0.891753
0.313919 0.891753
0.314018 0.891518
0.314118 0.891518
0.314218 0.891518
0.314318 0.891518
0.314417 0.891518
0.314517 0.891050
0.314617 0.891050
0.314717 0.890815
0.314816 0.890581
0.314916 0.890581
0.315016 0.890581
0.315115 0.890347
0.315215 0.890347
0.315315 0.890347
0.315415 0.890347
0.315514 0.890347
0.315614 0.889878
0.315714 0.889410
0.315814 0.889410
0.315913 0.889175
0.316013 0.889175
0.316113 0.889175
0.316212 0.889175
0.316312 0.889175
0.316412 0.889175
0.316512 0.888941
0.316611 0.888941
0.316711 0.888941
0.316811 0.888707
0.316911 0.888472
0.317010 0.888472
0.317110 0.888472
0.317210 0.888238
0.317309 0.888238
0.317409 0.888238
0.317509 0.888238
0.317609 0.888238
0.317708 0.888238
0.317808 0.888238
0.317908 0.888238
0.318008 0.888238
0.318107 0.888238
0.318207 0.888238
0.318307 0.888238
0.318406 0.888004
0.318506 0.888004
0.318606 0.888004
0.318706 0.887535
0.318805 0.887535
0.318905 0.887535
0.319005 0.887535
0.319105 0.887301
0.319204 0.887301
0.319304 0.887301
0.319404 0.887301
0.319503 0.887301
0.319603 0.887301
0.319703 0.887067
0.319803 0.887067
0.319902 0.887067
0.320002 0.886832
0.320102 0.886832
0.320202 0.886832
0.320301 0.886832
0.320401 0.886832
0.320501 0.886832
0.320600 0.886832
0.320700 0.886598
0.320800 0.886598
0.320900 0.886598
0.320999 0.886598
0.321099 0.886364
0.321199 0.886364
0.321299 0.886364
0.321398 0.886364
0.321498 0.885895
0.321598 0.885661
0.321697 0.885661
0.321797 0.885426
0.321897 0.885426
0.321997 0.885426
0.322096 0.885192
0.322196 0.885192
0.322296 0.885192
0.322396 0.885192
0.322495 0.885192
0.322595 0.885192
0.322695 0.885192
0.322794 0.885192
0.322894 0.885192
0.322994 0.885192
0.323094 0.885192
0.323193 0.885192
0.323293 0.885192
0.323393 0.885192
0.323493 0.884958
0.323592 0.884958
0.323692 0.884724
0.323792 0.884724
0.323891 0.884724
0.323991 0.884489
0.324091 0.884489
0.324191 0.884489
0.324290 0.884489
0.324390 0.884489
0.324490 0.884489
0.324590 0.884489
0.324689 0.884489
0.324789 0.884489
0.324889 0.884489
0.324988 0.884489
0.325088 0.884489
0.325188 0.884489
0.325288 0.884489
0.325387 0.884489
0.325487 0.884489
0.325587 0.884489
0.325687 0.884021
0.325786 0.883786
0.325886 0.883552
0.325986 0.883552
0.326085 0.883552
0.326185 0.883552
0.326285 0.883083
0.326385 0.883083
0.326484 0.883083
0.326584 0.883083
0.326684 0.883083
0.326784 0.883083
0.326883 0.883083
0.326983 0.883083
0.327083 0.883083
0.327182 0.883083
0.327282 0.883083
0.327382 0.883083
0.327482 0.883083
0.327581 0.883083
0.327681 0.883083
0.327781 0.882849
0.327881 0.882849
0.327980 0.882849
0.328080 0.882849
0.328180 0.882849
0.328279 0.882849
0.328379 0.882849
0.328479 0.882849
0.328579 0.882849
0.328678 0.882615
0.328778 0.882381
0.328878 0.882381
0.328978 0.882381
0.329077 0.882381
0.329177 0.882381
0.329277 0.882381
0.329376 0.882381
0.329476 0.882381
0.329576 0.882381
0.329676 0.882381
0.329775 0.882381
0.329875 0.882381
0.329975 0.882381
0.330075 0.882381
0.330174 0.882381
0.330274 0.882381
0.330374 0.882381
0.330473 0.882146
0.330573 0.882146
0.330673 0.881678
0.330773 0.881678
0.330872 0.881678
0.330972 0.881678
0.331072 0.881678
0.331172 0.881678
0.331271 0.881678
0.331371 0.881678
0.331471 0.881678
0.331570 0.881678
0.331670 0.881678
0.331770 0.881678
0.331870 0.881678
0.331969 0.881678
0.332069 0.881678
0.332169 0.881443
0.332269 0.881443
0.332368 0.881443
0.332468 0.881443
0.332568 0.881443
0.332667 0.881443
0.332767 0.881443
0.332867 0.881209
0.332967 0.880506
0.333066 0.880506
0.333166 0.880506
0.333266 0.880506
0.333366 0.880506
0.333465 0.880506
0.333565 0.880506
0.333665 0.880272
0.333764 0.880037
0.333864 0.880037
0.333964 0.880037
0.334064 0.879803
0.334163 0.879569
0.334263 0.879569
0.334363 0.879335
0.334463 0.879100
0.334562 0.879100
0.334662 0.879100
0.334762 0.879100
0.334861 0.879100
0.334961 0.878866
0.335061 0.878632
0.335161 0.878397
0.335260 0.878397
0.335360 0.878163
0.335460 0.877929
0.335560 0.877929
0.335659 0.877929
0.335759 0.877460
0.335859 0.877460
0.335958 0.877460
0.336058 0.877460
0.336158 0.877460
0.336258 0.877226
0.336357 0.877226
0.336457 0.877226
0.336557 0.877226
0.336657 0.877226
0.336756 0.877226
0.336856 0.876992
0.336956 0.876992
0.337055 0.876992
0.337155 0.876992
0.337255 0.876992
0.337355 0.876992
0.337454 0.876992
0.337554 0.876992
0.337654 0.876992
0.337754 0.876992
0.337853 0.876757
0.337953 0.876757
0.338053 0.876757
0.338152 0.876523
0.338252 0.876523
0.338352 0.876523
0.338452 0.876523
0.338551 0.876289
0.338651 0.876289
0.338751 0.876054
0.338851 0.876054
0.338950 0.876054
0.339050 0.876054
0.339150 0.875586
0.339249 0.875586
0.339349 0.875586
0.339449 0.875586
0.339549 0.875586
0.339648 0.875351
0.339748 0.875351
0.339848 0.875351
0.339948 0.875351
0.340047 0.875351
0.340147 0.875351
0.340247 0.875351
0.340346 0.875351
0.340446 0.875351
0.340546 0.875117
0.340646 0.874883
0.340745 0.874883
0.340845 0.874649
0.340945 0.874649
0.341045 0.874414
0.341144 0.874414
0.341244 0.874414
0.341344 0.874414
0.341443 0.874414
0.341543 0.874414
0.341643 0.874180
0.341743 0.873946
0.341842 0.873946
0.341942 0.873946
0.342042 0.873946
0.342142 0.873946
0.342241 0.873711
0.342341 0.873477
0.342441 0.873477
0.342540 0.873477
0.342640 0.873477
0.342740 0.873477
0.342840 0.873243
0.342939 0.873243
0.343039 0.873243
0.343139 0.873008
0.343239 0.873008
0.343338 0.872774
0.343438 0.872774
0.343538 0.872774
0.343637 0.872774
0.343737 0.872774
0.343837 0.872774
0.343937 0.872540
0.344036 0.872540
0.344136 0.872540
0.344236 0.872071
0.344336 0.872071
0.344435 0.872071
0.344535 0.871837
0.344635 0.871603
0.344734 0.871603
0.344834 0.871603
0.344934 0.871603
0.345034 0.871603
0.345133 0.871603
0.345233 0.871603
0.345333 0.871368
0.345433 0.871368
0.345532 0.871368
0.345632 0.871368
0.345732 0.871368
0.345831 0.871368
0.345931 0.871134
0.346031 0.871134
0.346131 0.871134
0.346230 0.871134
0.346330 0.871134
0.346430 0.871134
0.346530 0.871134
0.346629 0.870900
0.346729 0.870900
0.346829 0.870665
0.346928 0.870431
0.347028 0.870431
0.347128 0.870431
0.347228 0.870431
0.347327 0.870197
0.347427 0.870197
0.347527 0.870197
0.347627 0.870197
0.347726 0.869963
0.347826 0.869728
0.347926 0.869728
0.348025 0.869728
0.348125 0.869728
0.348225 0.869728
0.348325 0.869494
0.348424 0.869494
0.348524 0.869494
0.348624 0.869494
0.348724 0.869025
0.348823 0.869025
0.348923 0.868791
0.349023 0.868322
0.349122 0.868322
0.349222 0.868088
0.349322 0.867854
0.349422 0.867854
0.349521 0.867854
0.349621 0.867854
0.349721 0.867854
0.349821 0.867854
0.349920 0.867854
0.350020 0.867854
0.350120 0.867854
0.350219 0.867854
0.350319 0.867854
0.350419 0.867619
0.350519 0.867619
0.350618 0.867385
0.350718 0.867385
0.350818 0.867385
0.350918 0.867385
0.351017 0.867385
0.351117 0.867385
0.351217 0.867385
0.351316 0.867385
0.351416 0.867151
0.351516 0.867151
0.351616 0.867151
0.351715 0.866917
0.351815 0.866682
0.351915 0.866682
0.352015 0.866682
0.352114 0.866682
0.352214 0.866448
0.352314 0.866448
0.352413 0.866448
0.352513 0.866448
0.352613 0.866448
0.352713 0.866448
0.352812 0.866448
0.352912 0.866448
0.353012 0.865979
0.353112 0.865979
0.353211 0.865979
0.353311 0.865979
0.353411 0.865979
0.353510 0.865979
0.353610 0.865979
0.353710 0.865745
0.353810 0.865745
0.353909 0.865745
0.354009 0.865745
0.354109 0.865511
0.354209 0.865511
0.354308 0.865511
0.354408 0.865511
0.354508 0.865276
0.354607 0.865276
0.354707 0.865042
0.354807 0.865042
0.354907 0.865042
0.355006 0.865042
0.355106 0.865042
0.355206 0.865042
0.355306 0.865042
0.355405 0.865042
0.355505 0.864808
0.355605 0.864808
0.355704 0.864808
0.355804 0.864808
0.355904 0.864808
0.356004 0.864574
0.356103 0.864574
0.356203 0.864574
0.356303 0.864339
0.356403 0.864339
0.356502 0.864339
0.356602 0.864339
0.356702 0.864339
0.356801 0.864339
0.356901 0.864339
0.357001 0.864105
0.357101 0.864105
0.357200 0.864105
0.357300 0.864105
0.357400 0.864105
0.357500 0.864105
0.357599 0.864105
0.357699 0.864105
0.357799 0.864105
0.357898 0.864105
0.357998 0.864105
0.358098 0.864105
0.358198 0.864105
0.358297 0.864105
0.358397 0.864105
0.358497 0.864105
0.358597 0.864105
0.358696 0.864105
0.358796 0.864105
0.358896 0.864105
0.358995 0.864105
0.359095 0.863871
0.359195 0.863871
0.359295 0.863871
0.359394 0.863871
0.359494 0.863871
0.359594 0.863871
0.359694 0.863636
0.359793 0.863636
0.359893 0.863636
0.359993 0.863636
0.360092 0.863636
0.360192 0.863636
0.360292 0.863636
0.360392 0.863636
0.360491 0.863636
0.360591 0.863402
0.360691 0.863402
0.360791 0.863402
0.360890 0.862933
0.360990 0.862699
0.361090 0.862699
0.361189 0.862699
0.361289 0.862699
0.361389 0.862699
0.361489 0.862699
0.361588 0.862699
0.361688 0.862699
0.361788 0.862699
0.361888 0.862699
0.361987 0.862699
0.362087 0.862465
0.362187 0.862231
0.362286 0.862231
0.362386 0.862231
0.362486 0.861996
0.362586 0.861996
0.362685 0.861996
0.362785 0.861996
0.362885 0.861996
0.362985 0.861996
0.363084 0.861996
0.363184 0.861996
0.363284 0.861996
0.363383 0.861996
0.363483 0.861996
0.363583 0.861762
0.363683 0.861762
0.363782 0.861762
0.363882 0.861762
0.363982 0.861528
0.364082 0.861528
0.364181 0.861528
0.364281 0.861528
0.364381 0.861528
0.364480 0.861528
0.364580 0.861528
0.364680 0.861528
0.364780 0.861528
0.364879 0.861528
0.364979 0.861528
0.365079 0.861528
0.365179 0.861528
0.365278 0.861528
0.365378 0.861293
0.365478 0.861293
0.365577 0.861293
0.365677 0.861293
0.365777 0.861293
0.365877 0.861293
0.365976 0.861293
0.366076 0.861293
0.366176 0.861293
0.366276 0.861293
0.366375 0.861293
0.366475 0.861293
0.366575 0.861293
0.366674 0.861293
0.366774 0.861293
0.366874 0.861059
0.366974 0.861059
0.367073 0.860825
0.367173 0.860356
0.367273 0.860356
0.367373 0.860356
0.367472 0.860122
0.367572 0.859888
0.367672 0.859888
0.367771 0.859653
0.367871 0.859653
0.367971 0.859653
0.368071 0.859653
0.368170 0.859419
0.368270 0.859419
0.368370 0.859419
0.368470 0.859419
0.368569 0.859419
0.368669 0.859419
0.368769 0.859419
0.368868 0.859419
0.368968 0.859419
0.369068 0.859419
0.369168 0.859419
0.369267 0.859419
0.369367 0.858950
0.369467 0.858716
0.369567 0.858482
0.369666 0.858482
0.369766 0.858482
0.369866 0.858482
0.369965 0.858247
0.370065 0.858013
0.370165 0.858013
0.370265 0.857779
0.370364 0.857310
0.370464 0.857310
0.370564 0.857310
0.370664 0.857310
0.370763 0.857310
0.370863 0.857310
0.370963 0.857310
0.371062 0.857310
0.371162 0.857310
0.371262 0.857310
0.371362 0.857310
0.371461 0.857310
0.371561 0.857310
0.371661 0.857310
0.371761 0.857310
0.371860 0.857310
0.371960 0.857310
0.372060 0.857310
0.372159 0.857310
0.372259 0.857076
0.372359 0.857076
0.372459 0.857076
0.372558 0.856842
0.372658 0.856607
0.372758 0.856607
0.372858 0.856607
0.372957 0.856607
0.373057 0.856373
0.373157 0.856373
0.373256 0.856373
0.373356 0.856373
0.373456 0.856139
0.373556 0.856139
0.373655 0.856139
0.373755 0.856139
0.373855 0.856139
0.373955 0.856139
0.374054 0.856139
0.374154 0.856139
0.374254 0.855904
0.374353 0.855904
0.374453 0.855904
0.374553 0.855904
0.374653 0.855904
0.374752 0.855670
0.374852 0.855670
0.374952 0.855670
0.375052 0.855670
0.375151 0.855436
0.375251 0.855436
0.375351 0.855436
0.375450 0.855436
0.375550 0.854967
0.375650 0.854967
0.375750 0.854733
0.375849 0.854733
0.375949 0.854733
0.376049 0.854733
0.376149 0.854733
0.376248 0.854733
0.376348 0.854499
0.376448 0.854499
0.376547 0.854499
0.376647 0.854499
0.376747 0.854499
0.376847 0.854499
0.376946 0.854499
0.377046 0.854499
0.377146 0.854499
0.377246 0.854499
0.377345 0.854499
0.377445 0.854499
0.377545 0.854264
0.377644 0.854264
0.377744 0.854264
0.377844 0.854030
0.377944 0.854030
0.378043 0.854030
0.378143 0.854030
0.378243 0.854030
0.378343 0.854030
0.378442 0.854030
0.378542 0.854030
0.378642 0.854030
0.378741 0.853796
0.378841 0.853796
0.378941 0.853796
0.379041 0.853327
0.379140 0.853093
0.379240 0.853093
0.379340 0.853093
0.379440 0.853093
0.379539 0.852858
0.379639 0.852858
0.379739 0.852624
0.379838 0.852624
0.379938 0.852624
0.380038 0.852624
0.380138 0.852624
0.380237 0.852624
0.380337 0.852624
0.380437 0.852390
0.380537 0.852390
0.380636 0.852390
0.380736 0.852390
0.380836 0.852390
0.380935 0.852390
0.381035 0.852156
0.381135 0.852156
0.381235 0.852156
0.381334 0.851921
0.381434 0.851921
0.381534 0.851921
0.381634 0.851921
0.381733 0.851687
0.381833 0.851687
0.381933 0.851687
0.382032 0.851687
0.382132 0.851453
0.382232 0.851453
0.382332 0.851453
0.382431 0.851453
0.382531 0.851453
0.382631 0.851453
0.382731 0.851453
0.382830 0.851453
0.382930 0.851218
0.383030 0.850984
0.383129 0.850984
0.383229 0.850984
0.383329 0.850984
0.383429 0.850750
0.383528 0.850750
0.383628 0.850750
0.383728 0.850750
0.383828 0.850515
0.383927 0.850515
0.384027 0.850515
0.384127 0.850515
0.384226 0.850515
0.384326 0.850515
0.384426 0.850515
0.384526 0.850515
0.384625 0.850515
0.384725 0.850281
0.384825 0.850047
0.384925 0.850047
0.385024 0.849813
0.385124 0.849813
0.385224 0.849813
0.385323 0.849578
0.385423 0.849578
0.385523 0.849578
0.385623 0.849344
0.385722 0.849344
0.385822 0.849110
0.385922 0.848875
0.386022 0.848875
0.386121 0.848875
0.386221 0.848875
0.386321 0.848875
0.386420 0.848641
0.386520 0.848641
0.386620 0.848641
0.386720 0.848641
0.386819 0.848641
0.386919 0.848641
0.387019 0.848407
0.387119 0.848172
0.387218 0.848172
0.387318 0.847938
0.387418 0.847938
0.387517 0.847704
0.387617 0.847704
0.387717 0.847704
0.387817 0.847704
0.387916 0.847704
0.388016 0.847704
0.388116 0.847704
0.388216 0.847704
0.388315 0.847470
0.388415 0.847470
0.388515 0.847470
0.388614 0.847235
0.388714 0.847235
0.388814 0.847235
0.388914 0.847235
0.389013 0.847235
0.389113 0.847001
0.389213 0.846532
0.389313 0.846298
0.389412 0.846298
0.389512 0.846298
0.389612 0.846298
0.389711 0.846298
0.389811 0.846298
0.389911 0.846298
0.390011 0.846064
0.390110 0.846064
0.390210 0.846064
0.390310 0.846064
0.390410 0.846064
0.390509 0.846064
0.390609 0.846064
0.390709 0.846064
0.390808 0.846064
0.390908 0.846064
0.391008 0.846064
0.391108 0.846064
0.391207 0.846064
0.391307 0.845829
0.391407 0.845595
0.391507 0.845595
0.391606 0.845595
0.391706 0.845595
0.391806 0.845595
0.391905 0.845595
0.392005 0.845595
0.392105 0.845361
0.392205 0.845361
0.392304 0.845361
0.392404 0.845361
0.392504 0.845361
0.392604 0.845361
0.392703 0.845361
0.392803 0.844892
0.392903 0.844892
0.393002 0.844892
0.393102 0.844892
0.393202 0.844658
0.393302 0.844658
0.393401 0.844658
0.393501 0.844658
0.393601 0.844424
0.393701 0.844424
0.393800 0.844424
0.393900 0.844189
0.394000 0.843955
0.394099 0.843955
0.394199 0.843955
0.394299 0.843955
0.394399 0.843955
0.394498 0.843955
0.394598 0.843955
0.394698 0.843955
0.394798 0.843721
0.394897 0.843721
0.394997 0.843721
0.395097 0.843721
0.395196 0.843721
0.395296 0.843721
0.395396 0.843721
0.395496 0.843721
0.395595 0.843721
0.395695 0.843721
0.395795 0.843721
0.395895 0.843721
0.395994 0.843721
0.396094 0.843721
0.396194 0.843721
0.396293 0.843721
0.396393 0.843486
0.396493 0.843252
0.396593 0.843252
0.396692 0.843252
0.396792 0.843252
0.396892 0.843252
0.396992 0.843018
0.397091 0.843018
0.397191 0.843018
0.397291 0.842784
0.397390 0.842784
0.397490 0.842784
0.397590 0.842784
0.397690 0.842784
0.397789 0.842549
0.397889 0.842549
0.397989 0.842549
0.398089 0.842315
0.398188 0.842081
0.398288 0.842081
0.398388 0.842081
0.398487 0.841846
0.398587 0.841846
0.398687 0.841846
0.398787 0.841846
0.398886 0.841846
0.398986 0.841612
0.399086 0.841612
0.399186 0.841378
0.399285 0.841378
0.399385 0.841378
0.399485 0.841378
0.399584 0.841378
0.399684 0.841378
0.399784 0.841378
0.399884 0.841378
0.399983 0.841378
0.400083 0.841378
0.400183 0.841378
0.400283 0.841143
0.400382 0.840909
0.400482 0.840909
0.400582 0.840675
0.400681 0.840440
0.400781 0.840440
0.400881 0.840440
0.400981 0.840440
0.401080 0.840206
0.401180 0.840206
0.401280 0.840206
0.401380 0.840206
0.401479 0.840206
0.401579 0.839972
0.401679 0.839503
0.401778 0.839269
0.401878 0.839269
0.401978 0.839035
0.402078 0.838800
0.402177 0.838566
0.402277 0.838332
0.402377 0.838332
0.402477 0.838097
0.402576 0.838097
0.402676 0.838097
0.402776 0.837863
0.402875 0.837863
0.402975 0.837863
0.403075 0.837863
0.403175 0.837863
0.403274 0.837629
0.403374 0.837629
0.403474 0.837395
0.403574 0.837395
0.403673 0.837395
0.403773 0.837395
0.403873 0.837395
0.403972 0.837395
0.404072 0.837160
0.404172 0.837160
0.404272 0.837160
0.404371 0.837160
0.404471 0.836926
0.404571 0.836926
0.404671 0.836926
0.404770 0.836926
0.404870 0.836926
0.404970 0.836692
0.405069 0.836692
0.405169 0.836457
0.405269 0.836457
0.405369 0.836457
0.405468 0.836457
0.405568 0.836457
0.405668 0.836457
0.405768 0.836457
0.405867 0.836457
0.405967 0.836457
0.406067 0.836457
0.406166 0.836223
0.406266 0.836223
0.406366 0.836223
0.406466 0.836223
0.406565 0.835989
0.406665 0.835989
0.406765 0.835989
0.406865 0.835754
0.406964 0.835754
0.407064 0.835754
0.407164 0.835754
0.407263 0.835754
0.407363 0.835754
0.407463 0.835754
0.407563 0.835754
0.407662 0.835754
0.407762 0.835754
0.407862 0.835754
0.407962 0.835754
0.408061 0.835520
0.408161 0.835520
0.408261 0.835286
0.408360 0.835286
0.408460 0.835286
0.408560 0.834817
0.408660 0.834817
0.408759 0.834817
0.408859 0.834583
0.408959 0.834583
0.409059 0.834349
0.409158 0.834114
0.409258 0.833880
0.409358 0.833646
0.409457 0.833411
0.409557 0.833411
0.409657 0.833177
0.409757 0.833177
0.409856 0.833177
0.409956 0.833177
0.410056 0.832943
0.410156 0.832943
0.410255 0.832709
0.410355 0.832474
0.410455 0.832474
0.410554 0.832240
0.410654 0.832240
0.410754 0.832240
0.410854 0.832240
0.410953 0.832240
0.411053 0.832006
0.411153 0.832006
0.411253 0.832006
0.411352 0.831771
0.411452 0.831771
0.411552 0.831771
0.411651 0.831303
0.411751 0.831303
0.411851 0.831303
0.411951 0.831303
0.412050 0.831303
0.412150 0.831303
0.412250 0.831303
0.412350 0.831303
0.412449 0.831303
0.412549 0.831303
0.412649 0.831303
0.412748 0.831068
0.412848 0.831068
0.412948 0.831068
0.413048 0.831068
0.413147 0.831068
0.413247 0.830834
0.413347 0.830834
0.413447 0.830600
0.413546 0.830366
0.413646 0.830131
0.413746 0.829897
0.413845 0.829897
0.413945 0.829897
0.414045 0.829897
0.414145 0.829897
0.414244 0.829897
0.414344 0.829897
0.414444 0.829663
0.414544 0.829428
0.414643 0.829428
0.414743 0.829194
0.414843 0.829194
0.414942 0.829194
0.415042 0.829194
0.415142 0.829194
0.415242 0.829194
0.415341 0.828960
0.415441 0.828960
0.415541 0.828960
0.415641 0.828725
0.415740 0.828491
0.415840 0.828491
0.415940 0.828491
0.416039 0.828491
0.416139 0.828257
0.416239 0.828257
0.416339 0.828257
0.416438 0.828257
0.416538 0.828022
0.416638 0.828022
0.416738 0.828022
0.416837 0.828022
0.416937 0.828022
0.417037 0.828022
0.417136 0.827788
0.417236 0.827788
0.417336 0.827554
0.417436 0.827554
0.417535 0.827554
0.417635 0.827554
0.417735 0.827554
0.417835 0.827554
0.417934 0.827554
0.418034 0.827320
0.418134 0.827320
0.418233 0.827085
0.418333 0.826851
0.418433 0.826851
0.418533 0.826617
0.418632 0.826617
0.418732 0.826617
0.418832 0.826617
0.418932 0.826617
0.419031 0.826617
0.419131 0.826617
0.419231 0.826617
0.419330 0.826617
0.419430 0.826617
0.419530 0.826617
0.419630 0.826617
0.419729 0.826617
0.419829 0.826617
0.419929 0.826617
0.420029 0.826617
0.420128 0.826617
0.420228 0.826382
0.420328 0.826148
0.420427 0.826148
0.420527 0.826148
0.420627 0.826148
0.420727 0.826148
0.420826 0.826148
0.420926 0.825914
0.421026 0.825914
0.421126 0.825914
0.421225 0.825211
0.421325 0.825211
0.421425 0.825211
0.421524 0.825211
0.421624 0.825211
0.421724 0.825211
0.421824 0.825211
0.421923 0.825211
0.422023 0.825211
0.422123 0.825211
0.422223 0.825211
0.422322 0.825211
0.422422 0.825211
0.422522 0.825211
0.422621 0.825211
0.422721 0.825211
0.422821 0.825211
0.422921 0.824977
0.423020 0.824742
0.423120 0.824742
0.423220 0.824508
0.423320 0.824508
0.423419 0.824508
0.423519 0.824508
0.423619 0.824508
0.423718 0.824274
0.423818 0.823805
0.423918 0.823571
0.424018 0.823571
0.424117 0.823336
0.424217 0.823336
0.424317 0.823336
0.424417 0.823336
0.424516 0.822868
0.424616 0.822868
0.424716 0.822634
0.424815 0.822399
0.424915 0.822399
0.425015 0.822165
0.425115 0.822165
0.425214 0.822165
0.425314 0.821931
0.425414 0.821931
0.425514 0.821931
0.425613 0.821931
0.425713 0.821931
0.425813 0.821931
0.425912 0.821931
0.426012 0.821931
0.426112 0.821931
0.426212 0.821462
0.426311 0.821462
0.426411 0.821462
0.426511 0.821462
0.426611 0.821228
0.426710 0.821228
0.426810 0.820993
0.426910 0.820993
0.427009 0.820993
0.427109 0.820993
0.427209 0.820759
0.427309 0.820759
0.427408 0.820759
0.427508 0.820525
0.427608 0.820525
0.427708 0.820525
0.427807 0.820291
0.427907 0.820056
0.428007 0.820056
0.428106 0.820056
0.428206 0.820056
0.428306 0.820056
0.428406 0.820056
0.428505 0.820056
0.428605 0.820056
0.428705 0.820056
0.428805 0.820056
0.428904 0.819822
0.429004 0.819588
0.429104 0.819119
0.429203 0.819119
0.429303 0.818885
0.429403 0.818885
0.429503 0.818885
0.429602 0.818885
0.429702 0.818885
0.429802 0.818650
0.429902 0.818650
0.430001 0.818650
0.430101 0.818650
0.430201 0.818650
0.430300 0.818650
0.430400 0.818650
0.430500 0.818650
0.430600 0.818416
0.430699 0.818182
0.430799 0.817948
0.430899 0.817948
0.430999 0.817713
0.431098 0.817713
0.431198 0.817713
0.431298 0.817479
0.431397 0.817479
0.431497 0.817479
0.431597 0.817479
0.431697 0.817479
0.431796 0.817479
0.431896 0.817245
0.431996 0.816776
0.432096 0.816776
0.432195 0.816776
0.432295 0.816776
0.432395 0.816542
0.432494 0.816542
0.432594 0.816542
0.432694 0.816542
0.432794 0.816542
0.432893 0.816542
0.432993 0.816542
0.433093 0.816542
0.433193 0.816542
0.433292 0.816542
0.433392 0.816542
0.433492 0.816542
0.433591 0.816542
0.433691 0.816542
0.433791 0.816542
0.433891 0.816307
0.433990 0.816307
0.434090 0.816307
0.434190 0.816307
0.434290 0.816307
0.434389 0.816307
0.434489 0.816307
0.434589 0.816307
0.434688 0.816307
0.434788 0.815604
0.434888 0.815370
0.434988 0.815370
0.435087 0.815370
0.435187 0.815370
0.435287 0.815370
0.435387 0.815370
0.435486 0.815370
0.435586 0.815370
0.435686 0.815370
0.435785 0.815370
0.435885 0.815370
0.435985 0.815370
0.436085 0.815136
0.436184 0.814667
0.436284 0.814667
0.436384 0.814667
0.436484 0.814667
0.436583 0.814667
0.436683 0.814667
0.436783 0.814433
0.436882 0.814199
0.436982 0.814199
0.437082 0.814199
0.437182 0.813964
0.437281 0.813964
0.437381 0.813730
0.437481 0.813496
0.437581 0.813261
0.437680 0.813261
0.437780 0.813261
0.437880 0.813261
0.437979 0.813027
0.438079 0.812559
0.438179 0.812324
0.438279 0.812324
0.438378 0.812090
0.438478 0.811856
0.438578 0.811856
0.438678 0.811621
0.438777 0.811621
0.438877 0.811621
0.438977 0.811387
0.439076 0.811387
0.439176 0.811387
0.439276 0.811387
0.439376 0.811387
0.439475 0.811387
0.439575 0.811387
0.439675 0.811153
0.439775 0.810918
0.439874 0.810684
0.439974 0.810684
0.440074 0.810684
0.440173 0.810684
0.440273 0.810684
0.440373 0.810450
0.440473 0.810450
0.440572 0.810450
0.440672 0.810450
0.440772 0.810450
0.440872 0.810450
0.440971 0.810216
0.441071 0.810216
0.441171 0.810216
0.441270 0.809981
0.441370 0.809981
0.441470 0.809981
0.441570 0.809981
0.441669 0.809747
0.441769 0.809747
0.441869 0.809747
0.441969 0.809513
0.442068 0.809513
0.442168 0.809278
0.442268 0.809278
0.442367 0.809044
0.442467 0.809044
0.442567 0.809044
0.442667 0.809044
0.442766 0.809044
0.442866 0.808810
0.442966 0.808810
0.443066 0.808810
0.443165 0.808810
0.443265 0.808810
0.443365 0.808810
0.443464 0.808575
0.443564 0.808575
0.443664 0.808575
0.443764 0.808575
0.443863 0.808341
0.443963 0.808341
0.444063 0.808341
0.444163 0.808341
0.444262 0.808341
0.444362 0.808341
0.444462 0.808341
0.444561 0.808107
0.444661 0.807873
0.444761 0.807638
0.444861 0.807638
0.444960 0.807638
0.445060 0.807638
0.445160 0.807638
0.445260 0.807638
0.445359 0.807404
0.445459 0.807404
0.445559 0.807404
0.445658 0.807170
0.445758 0.807170
0.445858 0.807170
0.445958 0.806935
0.446057 0.806935
0.446157 0.806935
0.446257 0.806701
0.446357 0.806701
0.446456 0.806467
0.446556 0.806467
0.446656 0.806467
0.446755 0.806232
0.446855 0.805764
0.446955 0.805764
0.447055 0.805764
0.447154 0.805764
0.447254 0.805764
0.447354 0.805764
0.447454 0.805764
0.447553 0.805764
0.447653 0.805530
0.447753 0.805530
0.447852 0.805530
0.447952 0.805530
0.448052 0.805530
0.448152 0.805530
0.448251 0.805530
0.448351 0.805295
0.448451 0.805295
0.448551 0.805295
0.448650 0.805295
0.448750 0.805295
0.448850 0.805295
0.448949 0.805295
0.449049 0.805295
0.449149 0.805061
0.449249 0.805061
0.449348 0.804827
0.449448 0.804827
0.449548 0.804827
0.449648 0.804592
0.449747 0.804592
0.449847 0.804592
0.449947 0.804124
0.450046 0.804124
0.450146 0.804124
0.450246 0.804124
0.450346 0.804124
0.450445 0.804124
0.450545 0.804124
0.450645 0.804124
0.450745 0.804124
0.450844 0.804124
0.450944 0.804124
0.451044 0.803889
0.451143 0.803889
0.451243 0.803889
0.451343 0.803889
0.451443 0.803889
0.451542 0.803889
0.451642 0.803889
0.451742 0.803655
0.451842 0.803655
0.451941 0.803421
0.452041 0.803421
0.452141 0.803187
0.452240 0.802952
0.452340 0.802718
0.452440 0.802484
0.452540 0.802484
0.452639 0.802015
0.452739 0.802015
0.452839 0.802015
0.452939 0.802015
0.453038 0.801781
0.453138 0.801781
0.453238 0.801546
0.453337 0.801546
0.453437 0.801546
0.453537 0.801312
0.453637 0.801312
0.453736 0.801312
0.453836 0.801312
0.453936 0.801312
0.454036 0.801078
0.454135 0.801078
0.454235 0.801078
0.454335 0.800843
0.454434 0.800609
0.454534 0.800609
0.454634 0.800609
0.454734 0.800141
0.454833 0.800141
0.454933 0.799906
0.455033 0.799906
0.455133 0.799672
0.455232 0.799672
0.455332 0.799672
0.455432 0.799672
0.455531 0.799438
0.455631 0.799438
0.455731 0.799203
0.455831 0.799203
0.455930 0.799203
0.456030 0.799203
0.456130 0.799203
0.456230 0.798969
0.456329 0.798969
0.456429 0.798969
0.456529 0.798969
0.456628 0.798969
0.456728 0.798969
0.456828 0.798735
0.456928 0.798735
0.457027 0.798735
0.457127 0.798735
0.457227 0.798500
0.457327 0.798500
0.457426 0.798500
0.457526 0.798500
0.457626 0.798500
0.457725 0.798500
0.457825 0.798500
0.457925 0.798500
0.458025 0.797798
0.458124 0.797798
0.458224 0.797798
0.458324 0.797798
0.458424 0.797798
0.458523 0.797563
0.458623 0.797563
0.458723 0.797563
0.458822 0.797563
0.458922 0.797329
0.459022 0.797329
0.459122 0.797329
0.459221 0.797329
0.459321 0.797329
0.459421 0.797329
0.459521 0.797095
0.459620 0.797095
0.459720 0.797095
0.459820 0.797095
0.459919 0.797095
0.460019 0.796860
0.460119 0.796626
0.460219 0.796626
0.460318 0.796392
0.460418 0.796392
0.460518 0.796392
0.460618 0.796157
0.460717 0.796157
0.460817 0.796157
0.460917 0.796157
0.461016 0.795689
0.461116 0.795689
0.461216 0.795220
0.461316 0.795220
0.461415 0.795220
0.461515 0.795220
0.461615 0.795220
0.461715 0.795220
0.461814 0.795220
0.461914 0.795220
0.462014 0.794752
0.462113 0.794752
0.462213 0.794752
0.462313 0.794517
0.462413 0.794517
0.462512 0.794517
0.462612 0.794517
0.462712 0.794517
0.462812 0.794517
0.462911 0.794517
0.463011 0.794517
0.463111 0.794517
0.463210 0.794283
0.463310 0.794049
0.463410 0.794049
0.463510 0.794049
0.463609 0.794049
0.463709 0.794049
0.463809 0.794049
0.463909 0.794049
0.464008 0.794049
0.464108 0.794049
0.464208 0.793580
0.464307 0.793580
0.464407 0.793346
0.464507 0.793346
0.464607 0.793346
0.464706 0.793112
0.464806 0.792877
0.464906 0.792643
0.465006 0.792409
0.465105 0.792174
0.465205 0.792174
0.465305 0.792174
0.465404 0.792174
0.465504 0.792174
0.465604 0.792174
0.465704 0.792174
0.465803 0.791940
0.465903 0.791940
0.466003 0.791940
0.466103 0.791706
0.466202 0.791706
0.466302 0.791706
0.466402 0.791471
0.466501 0.791471
0.466601 0.791471
0.466701 0.791471
0.466801 0.791471
0.466900 0.791471
0.467000 0.791237
0.467100 0.791237
0.467200 0.791237
0.467299 0.791237
0.467399 0.791003
0.467499 0.791003
0.467598 0.790769
0.467698 0.790769
0.467798 0.790769
0.467898 0.790534
0.467997 0.790534
0.468097 0.790534
0.468197 0.790534
0.468297 0.790534
0.468396 0.790534
0.468496 0.790066
0.468596 0.790066
0.468695 0.790066
0.468795 0.790066
0.468895 0.790066
0.468995 0.789831
0.469094 0.789831
0.469194 0.789597
0.469294 0.789597
0.469394 0.789597
0.469493 0.789597
0.469593 0.789597
0.469693 0.789363
0.469792 0.789128
0.469892 0.788894
0.469992 0.788660
0.470092 0.788660
0.470191 0.788660
0.470291 0.788660
0.470391 0.788660
0.470491 0.788660
0.470590 0.788660
0.470690 0.788660
0.470790 0.788660
0.470889 0.788660
0.470989 0.788660
0.471089 0.788660
0.471189 0.788660
0.471288 0.788660
0.471388 0.788660
0.471488 0.788660
0.471588 0.788660
0.471687 0.788660
0.471787 0.788660
0.471887 0.788660
0.471986 0.788660
0.472086 0.788191
0.472186 0.788191
0.472286 0.787957
0.472385 0.787723
0.472485 0.787488
0.472585 0.787254
0.472685 0.787254
0.472784 0.787254
0.472884 0.787254
0.472984 0.787254
0.473083 0.787020
0.473183 0.787020
0.473283 0.787020
0.473383 0.787020
0.473482 0.787020
0.473582 0.787020
0.473682 0.787020
0.473782 0.787020
0.473881 0.786785
0.473981 0.786785
0.474081 0.786551
0.474180 0.786317
0.474280 0.786317
0.474380 0.786082
0.474480 0.786082
0.474579 0.786082
0.474679 0.786082
0.474779 0.786082
0.474879 0.785848
0.474978 0.785848
0.475078 0.785848
0.475178 0.785848
0.475277 0.785848
0.475377 0.785848
0.475477 0.785614
0.475577 0.785614
0.475676 0.785614
0.475776 0.785380
0.475876 0.785380
0.475976 0.785145
0.476075 0.785145
0.476175 0.785145
0.476275 0.785145
0.476374 0.784911
0.476474 0.784911
0.476574 0.784911
0.476674 0.784911
0.476773 0.784911
0.476873 0.784911
0.476973 0.784911
0.477073 0.784677
0.477172 0.784677
0.477272 0.784677
0.477372 0.784677
0.477471 0.784677
0.477571 0.784677
0.477671 0.784677
0.477771 0.784677
0.477870 0.784677
0.477970 0.784677
0.478070 0.784442
0.478170 0.784442
0.478269 0.784442
0.478369 0.784442
0.478469 0.784442
0.478568 0.784208
0.478668 0.784208
0.478768 0.784208
0.478868 0.783974
0.478967 0.783739
0.479067 0.783739
0.479167 0.783739
0.479267 0.783505
0.479366 0.783505
0.479466 0.783037
0.479566 0.783037
0.479665 0.782802
0.479765 0.782568
0.479865 0.782334
0.479965 0.782334
0.480064 0.782334
0.480164 0.782099
0.480264 0.782099
0.480364 0.782099
0.480463 0.782099
0.480563 0.781865
0.480663 0.781865
0.480762 0.781631
0.480862 0.781396
0.480962 0.781396
0.481062 0.781396
0.481161 0.781396
0.481261 0.781162
0.481361 0.781162
0.481461 0.781162
0.481560 0.781162
0.481660 0.780928
0.481760 0.780694
0.481859 0.780694
0.481959 0.780694
0.482059 0.780459
0.482159 0.780459
0.482258 0.780459
0.482358 0.780459
0.482458 0.780225
0.482558 0.779756
0.482657 0.779756
0.482757 0.779756
0.482857 0.779756
0.482956 0.779288
0.483056 0.779288
0.483156 0.779288
0.483256 0.779288
0.483355 0.779053
0.483455 0.779053
0.483555 0.779053
0.483655 0.779053
0.483754 0.779053
0.483854 0.778819
0.483954 0.778819
0.484053 0.778819
0.484153 0.778819
0.484253 0.778585
0.484353 0.778585
0.484452 0.778351
0.484552 0.778116
0.484652 0.778116
0.484752 0.778116
0.484851 0.777882
0.484951 0.777882
0.485051 0.777648
0.485150 0.777648
0.485250 0.777648
0.485350 0.777648
0.485450 0.777648
0.485549 0.777648
0.485649 0.777648
0.485749 0.777413
0.485849 0.777413
0.485948 0.777413
0.486048 0.776945
0.486148 0.776710
0.486247 0.776710
0.486347 0.776710
0.486447 0.776476
0.486547 0.776476
0.486646 0.776242
0.486746 0.776007
0.486846 0.775773
0.486946 0.775773
0.487045 0.775773
0.487145 0.775773
0.487245 0.775773
0.487344 0.775773
0.487444 0.775773
0.487544 0.775773
0.487644 0.775539
0.487743 0.775539
0.487843 0.775539
0.487943 0.775539
0.488043 0.775305
0.488142 0.774836
0.488242 0.774836
0.488342 0.774602
0.488441 0.774602
0.488541 0.774602
0.488641 0.774602
0.488741 0.774602
0.488840 0.774602
0.488940 0.774602
0.489040 0.774602
0.489140 0.774602
0.489239 0.774602
0.489339 0.774602
0.489439 0.774602
0.489538 0.774367
0.489638 0.774133
0.489738 0.774133
0.489838 0.774133
0.489937 0.774133
0.490037 0.774133
0.490137 0.774133
0.490237 0.773899
0.490336 0.773899
0.490436 0.773899
0.490536 0.773899
0.490635 0.773899
0.490735 0.773664
0.490835 0.773664
0.490935 0.773430
0.491034 0.773196
0.491134 0.773196
0.491234 0.773196
0.491334 0.773196
0.491433 0.772962
0.491533 0.772962
0.491633 0.772727
0.491732 0.772727
0.491832 0.772493
0.491932 0.772493
0.492032 0.772493
0.492131 0.772259
0.492231 0.772259
0.492331 0.772024
0.492431 0.772024
0.492530 0.772024
0.492630 0.772024
0.492730 0.772024
0.492829 0.772024
0.492929 0.772024
0.493029 0.772024
0.493129 0.772024
0.493228 0.772024
0.493328 0.772024
0.493428 0.771790
0.493528 0.771790
0.493627 0.771790
0.493727 0.771790
0.493827 0.771790
0.493926 0.771790
0.494026 0.771790
0.494126 0.771790
0.494226 0.771790
0.494325 0.771790
0.494425 0.771790
0.494525 0.771790
0.494625 0.771790
0.494724 0.771556
0.494824 0.771556
0.494924 0.771556
0.495023 0.771556
0.495123 0.771556
0.495223 0.771556
0.495323 0.771321
0.495422 0.771321
0.495522 0.771321
0.495622 0.771321
0.495722 0.771087
0.495821 0.771087
0.495921 0.771087
0.496021 0.771087
0.496120 0.771087
0.496220 0.770853
0.496320 0.770853
0.496420 0.770853
0.496519 0.770853
0.496619 0.770853
0.496719 0.770619
0.496819 0.770384
0.496918 0.770150
0.497018 0.770150
0.497118 0.769916
0.497217 0.769681
0.497317 0.769681
0.497417 0.768978
0.497517 0.768978
0.497616 0.768978
0.497716 0.768978
0.497816 0.768744
0.497916 0.768744
0.498015 0.768510
0.498115 0.768510
0.498215 0.768510
0.498314 0.768510
0.498414 0.768510
0.498514 0.768510
0.498614 0.768510
0.498713 0.768510
0.498813 0.768510
0.498913 0.768510
0.499013 0.768276
0.499112 0.768276
0.499212 0.768276
0.499312 0.768276
0.499411 0.768041
0.499511 0.768041
0.499611 0.768041
0.499711 0.768041
0.499810 0.768041
0.499910 0.768041
0.500010 0.767807
0.500110 0.767807
0.500209 0.767807
0.500309 0.767807
0.500409 0.767807
0.500508 0.767807
0.500608 0.767807
0.500708 0.767807
0.500808 0.767807
0.500907 0.767573
0.501007 0.767338
0.501107 0.767338
0.501207 0.767338
0.501306 0.767338
0.501406 0.767338
0.501506 0.767338
0.501605 0.767338
0.501705 0.767338
0.501805 0.767338
0.501905 0.767338
0.502004 0.767338
0.502104 0.767338
0.502204 0.767338
0.502304 0.767338
0.502403 0.767338
0.502503 0.767338
0.502603 0.767338
0.502702 0.767338
0.502802 0.767338
0.502902 0.767338
0.503002 0.767338
0.503101 0.767338
0.503201 0.767104
0.503301 0.767104
0.503401 0.767104
0.503500 0.767104
0.503600 0.766870
0.503700 0.766635
0.503799 0.766635
0.503899 0.766167
0.503999 0.766167
0.504099 0.766167
0.504198 0.765933
0.504298 0.765933
0.504398 0.765698
0.504498 0.765698
0.504597 0.765698
0.504697 0.765698
0.504797 0.765698
0.504896 0.765464
0.504996 0.765464
0.505096 0.765230
0.505196 0.764995
0.505295 0.764995
0.505395 0.764761
0.505495 0.764761
0.505595 0.764761
0.505694 0.764761
0.505794 0.764761
0.505894 0.764761
0.505993 0.764761
0.506093 0.764292
0.506193 0.764292
0.506293 0.764292
0.506392 0.764292
0.506492 0.764058
0.506592 0.763824
0.506692 0.763590
0.506791 0.763590
0.506891 0.763355
0.506991 0.763355
0.507090 0.763355
0.507190 0.763355
0.507290 0.763355
0.507390 0.763355
0.507489 0.763355
0.507589 0.763355
0.507689 0.763355
0.507789 0.763121
0.507888 0.763121
0.507988 0.763121
0.508088 0.763121
0.508187 0.762887
0.508287 0.762652
0.508387 0.762652
0.508487 0.762418
0.508586 0.762418
0.508686 0.762418
0.508786 0.762184
0.508886 0.762184
0.508985 0.762184
0.509085 0.762184
0.509185 0.762184
0.509284 0.762184
0.509384 0.762184
0.509484 0.762184
0.509584 0.762184
0.509683 0.761949
0.509783 0.761715
0.509883 0.761481
0.509983 0.761481
0.510082 0.761481
0.510182 0.761481
0.510282 0.761481
0.510381 0.761481
0.510481 0.761481
0.510581 0.761481
0.510681 0.761481
0.510780 0.761481
0.510880 0.761481
0.510980 0.761481
0.511080 0.761481
0.511179 0.761481
0.511279 0.761481
0.511379 0.761481
0.511478 0.761481
0.511578 0.761481
0.511678 0.761481
0.511778 0.761481
0.511877 0.761481
0.511977 0.761481
0.512077 0.761481
0.512177 0.761246
0.512276 0.761246
0.512376 0.761012
0.512476 0.760778
0.512575 0.760778
0.512675 0.760544
0.512775 0.760544
0.512875 0.760544
0.512974 0.760544
0.513074 0.760544
0.513174 0.760309
0.513274 0.760075
0.513373 0.759841
0.513473 0.759841
0.513573 0.759606
0.513672 0.759606
0.513772 0.759372
0.513872 0.758903
0.513972 0.758669
0.514071 0.758669
0.514171 0.758435
0.514271 0.758201
0.514371 0.758201
0.514470 0.757732
0.514570 0.757732
0.514670 0.757498
0.514769 0.757263
0.514869 0.757029
0.514969 0.757029
0.515069 0.756795
0.515168 0.756795
0.515268 0.756795
0.515368 0.756795
0.515468 0.756795
0.515567 0.756795
0.515667 0.756795
0.515767 0.756560
0.515866 0.756560
0.515966 0.756560
0.516066 0.756326
0.516166 0.756326
0.516265 0.756092
0.516365 0.755858
0.516465 0.755858
0.516565 0.755858
0.516664 0.755858
0.516764 0.755623
0.516864 0.755623
0.516963 0.755623
0.517063 0.755623
0.517163 0.755389
0.517263 0.755389
0.517362 0.755389
0.517462 0.755389
0.517562 0.755389
0.517662 0.755155
0.517761 0.755155
0.517861 0.755155
0.517961 0.754920
0.518060 0.754686
0.518160 0.754452
0.518260 0.754217
0.518360 0.754217
0.518459 0.754217
0.518559 0.754217
0.518659 0.754217
0.518759 0.754217
0.518858 0.754217
0.518958 0.754217
0.519058 0.754217
0.519157 0.754217
0.519257 0.754217
0.519357 0.754217
0.519457 0.754217
0.519556 0.754217
0.519656 0.754217
0.519756 0.754217
0.519856 0.754217
0.519955 0.753983
0.520055 0.753983
0.520155 0.753749
0.520254 0.753749
0.520354 0.753515
0.520454 0.753515
0.520554 0.753515
0.520653 0.753280
0.520753 0.753280
0.520853 0.753046
0.520953 0.753046
0.521052 0.753046
0.521152 0.753046
0.521252 0.753046
0.521351 0.753046
0.521451 0.753046
0.521551 0.753046
0.521651 0.753046
0.521750 0.753046
0.521850 0.753046
0.521950 0.753046
0.522050 0.752577
0.522149 0.752577
0.522249 0.752577
0.522349 0.752577
0.522448 0.752577
0.522548 0.752577
0.522648 0.752577
0.522748 0.752343
0.522847 0.752343
0.522947 0.752343
0.523047 0.752343
0.523147 0.752109
0.523246 0.751874
0.523346 0.751874
0.523446 0.751874
0.523545 0.751874
0.523645 0.751406
0.523745 0.751406
0.523845 0.751406
0.523944 0.751406
0.524044 0.751406
0.524144 0.751406
0.524244 0.751172
0.524343 0.751172
0.524443 0.751172
0.524543 0.751172
0.524642 0.751172
0.524742 0.751172
0.524842 0.751172
0.524942 0.750937
0.525041 0.750937
0.525141 0.750937
0.525241 0.750703
0.525341 0.750703
0.525440 0.750703
0.525540 0.750703
0.525640 0.750703
0.525739 0.750703
0.525839 0.750703
0.525939 0.750000
0.526039 0.750000
0.526138 0.750000
0.526238 0.749531
0.526338 0.749531
0.526438 0.749297
0.526537 0.749297
0.526637 0.749063
0.526737 0.749063
0.526836 0.749063
0.526936 0.749063
0.527036 0.749063
0.527136 0.748828
0.527235 0.748828
0.527335 0.748594
0.527435 0.748360
0.527535 0.748360
0.527634 0.748360
0.527734 0.748360
0.527834 0.748360
0.527933 0.748360
0.528033 0.748360
0.528133 0.748360
0.528233 0.748360
0.528332 0.748360
0.528432 0.747891
0.528532 0.747657
0.528632 0.747423
0.528731 0.747188
0.528831 0.747188
0.528931 0.746954
0.529030 0.746954
0.529130 0.746485
0.529230 0.746251
0.529330 0.746251
0.529429 0.746251
0.529529 0.746251
0.529629 0.746251
0.529729 0.746251
0.529828 0.746017
0.529928 0.746017
0.530028 0.746017
0.530127 0.746017
0.530227 0.746017
0.530327 0.746017
0.530427 0.746017
0.530526 0.746017
0.530626 0.746017
0.530726 0.746017
0.530826 0.746017
0.530925 0.746017
0.531025 0.746017
0.531125 0.746017
0.531224 0.746017
0.531324 0.746017
0.531424 0.746017
0.531524 0.746017
0.531623 0.746017
0.531723 0.746017
0.531823 0.745783
0.531923 0.745783
0.532022 0.745783
0.532122 0.745783
0.532222 0.745783
0.532321 0.745783
0.532421 0.745783
0.532521 0.745783
0.532621 0.745783
0.532720 0.745548
0.532820 0.745548
0.532920 0.745548
0.533020 0.745548
0.533119 0.745314
0.533219 0.745080
0.533319 0.744845
0.533418 0.744611
0.533518 0.744142
0.533618 0.743908
0.533718 0.743908
0.533817 0.743908
0.533917 0.743674
0.534017 0.743674
0.534117 0.743440
0.534216 0.743205
0.534316 0.743205
0.534416 0.743205
0.534515 0.742971
0.534615 0.742971
0.534715 0.742971
0.534815 0.742971
0.534914 0.742971
0.535014 0.742502
0.535114 0.742268
0.535214 0.742034
0.535313 0.742034
0.535413 0.742034
0.535513 0.742034
0.535612 0.742034
0.535712 0.742034
0.535812 0.742034
0.535912 0.742034
0.536011 0.742034
0.536111 0.742034
0.536211 0.742034
0.536311 0.742034
0.536410 0.742034
0.536510 0.741799
0.536610 0.741799
0.536709 0.741799
0.536809 0.741565
0.536909 0.741331
0.537009 0.741097
0.537108 0.741097
0.537208 0.741097
0.537308 0.740394
0.537408 0.740394
0.537507 0.740394
0.537607 0.740394
0.537707 0.740394
0.537806 0.740159
0.537906 0.740159
0.538006 0.740159
0.538106 0.739925
0.538205 0.739925
0.538305 0.739925
0.538405 0.739456
0.538505 0.739456
0.538604 0.739222
0.538704 0.739222
0.538804 0.739222
0.538903 0.739222
0.539003 0.739222
0.539103 0.738988
0.539203 0.738988
0.539302 0.738754
0.539402 0.738754
0.539502 0.738519
0.539602 0.738285
0.539701 0.738285
0.539801 0.738285
0.539901 0.738051
0.540000 0.737816
0.540100 0.737816
0.540200 0.737816
0.540300 0.737348
0.540399 0.737348
0.540499 0.737348
0.540599 0.737348
0.540699 0.737348
0.540798 0.737113
0.540898 0.737113
0.540998 0.737113
0.541097 0.736879
0.541197 0.736879
0.541297 0.736879
0.541397 0.736879
0.541496 0.736879
0.541596 0.736645
0.541696 0.736645
0.541796 0.736410
0.541895 0.736410
0.541995 0.736176
0.542095 0.736176
0.542194 0.736176
0.542294 0.736176
0.542394 0.736176
0.542494 0.736176
0.542593 0.736176
0.542693 0.735942
0.542793 0.735942
0.542893 0.735942
0.542992 0.735473
0.543092 0.735239
0.543192 0.735239
0.543291 0.735005
0.543391 0.735005
0.543491 0.735005
0.543591 0.735005
0.543690 0.735005
0.543790 0.735005
0.543890 0.735005
0.543990 0.735005
0.544089 0.735005
0.544189 0.734770
0.544289 0.734770
0.544388 0.734770
0.544488 0.734770
0.544588 0.734770
0.544688 0.734770
0.544787 0.734770
0.544887 0.734536
0.544987 0.734536
0.545087 0.734536
0.545186 0.734536
0.545286 0.734302
0.545386 0.734067
0.545485 0.734067
0.545585 0.734067
0.545685 0.733833
0.545785 0.733599
0.545884 0.733599
0.545984 0.733365
0.546084 0.733365
0.546184 0.733365
0.546283 0.733365
0.546383 0.733130
0.546483 0.733130
0.546582 0.733130
0.546682 0.733130
0.546782 0.733130
0.546882 0.733130
0.546981 0.732896
0.547081 0.732896
0.547181 0.732896
0.547281 0.732662
0.547380 0.732427
0.547480 0.732193
0.547580 0.731724
0.547679 0.731490
0.547779 0.731022
0.547879 0.731022
0.547979 0.731022
0.548078 0.731022
0.548178 0.730787
0.548278 0.730787
0.548378 0.730787
0.548477 0.730787
0.548577 0.730787
0.548677 0.730553
0.548776 0.730553
0.548876 0.730553
0.548976 0.730553
0.549076 0.730553
0.549175 0.730553
0.549275 0.730553
0.549375 0.730553
0.549475 0.730319
0.549574 0.730084
0.549674 0.730084
0.549774 0.730084
0.549873 0.730084
0.549973 0.730084
0.550073 0.729850
0.550173 0.729616
0.550272 0.729616
0.550372 0.729147
0.550472 0.729147
0.550572 0.729147
0.550671 0.729147
0.550771 0.729147
0.550871 0.729147
0.550970 0.729147
0.551070 0.728913
0.551170 0.728679
0.551270 0.728679
0.551369 0.728444
0.551469 0.728444
0.551569 0.728444
0.551669 0.728444
0.551768 0.728444
0.551868 0.727976
0.551968 0.727976
0.552067 0.727741
0.552167 0.727741
0.552267 0.727741
0.552367 0.727273
0.552466 0.727273
0.552566 0.727273
0.552666 0.727273
0.552766 0.727273
0.552865 0.727038
0.552965 0.727038
0.553065 0.727038
0.553164 0.726804
0.553264 0.726570
0.553364 0.726570
0.553464 0.726336
0.553563 0.726336
0.553663 0.726336
0.553763 0.726336
0.553863 0.726336
0.553962 0.726336
0.554062 0.726101
0.554162 0.725867
0.554261 0.725633
0.554361 0.725633
0.554461 0.725633
0.554561 0.725398
0.554660 0.725164
0.554760 0.725164
0.554860 0.724930
0.554960 0.724695
0.555059 0.724695
0.555159 0.724695
0.555259 0.724695
0.555358 0.724695
0.555458 0.724695
0.555558 0.724695
0.555658 0.724695
0.555757 0.724695
0.555857 0.724695
0.555957 0.724695
0.556056 0.724695
0.556156 0.724695
0.556256 0.724461
0.556356 0.724461
0.556455 0.724461
0.556555 0.724227
0.556655 0.724227
0.556755 0.724227
0.556854 0.724227
0.556954 0.724227
0.557054 0.724227
0.557153 0.724227
0.557253 0.724227
0.557353 0.724227
0.557453 0.724227
0.557552 0.724227
0.557652 0.724227
0.557752 0.724227
0.557852 0.723993
0.557951 0.723758
0.558051 0.723758
0.558151 0.723524
0.558250 0.723524
0.558350 0.723524
0.558450 0.723055
0.558550 0.723055
0.558649 0.723055
0.558749 0.722587
0.558849 0.722587
0.558949 0.722352
0.559048 0.722352
0.559148 0.722118
0.559248 0.721884
0.559347 0.721884
0.559447 0.721884
0.559547 0.721884
0.559647 0.721649
0.559746 0.721649
0.559846 0.721649
0.559946 0.721415
0.560046 0.720947
0.560145 0.720712
0.560245 0.720478
0.560345 0.720478
0.560444 0.720478
0.560544 0.720478
0.560644 0.720478
0.560744 0.720478
0.560843 0.720478
0.560943 0.720478
0.561043 0.720478
0.561143 0.720478
0.561242 0.720478
0.561342 0.720478
0.561442 0.720244
0.561541 0.720009
0.561641 0.719541
0.561741 0.719306
0.561841 0.719306
0.561940 0.719072
0.562040 0.718604
0.562140 0.718604
0.562240 0.718604
0.562339 0.718604
0.562439 0.718604
0.562539 0.718369
0.562638 0.718135
0.562738 0.717901
0.562838 0.717901
0.562938 0.717901
0.563037 0.717901
0.563137 0.717901
0.563237 0.717901
0.563337 0.717901
0.563436 0.717901
0.563536 0.717901
0.563636 0.717901
0.563735 0.717901
0.563835 0.717901
0.563935 0.717666
0.564035 0.717666
0.564134 0.717666
0.564234 0.717666
0.564334 0.717666
0.564434 0.717666
0.564533 0.717666
0.564633 0.717666
0.564733 0.717432
0.564832 0.717432
0.564932 0.717432
0.565032 0.717198
0.565132 0.717198
0.565231 0.717198
0.565331 0.717198
0.565431 0.717198
0.565531 0.716963
0.565630 0.716963
0.565730 0.716963
0.565830 0.716729
0.565929 0.716495
0.566029 0.716495
0.566129 0.716261
0.566229 0.716261
0.566328 0.716261
0.566428 0.716261
0.566528 0.716026
0.566628 0.716026
0.566727 0.716026
0.566827 0.716026
0.566927 0.716026
0.567026 0.716026
0.567126 0.715792
0.567226 0.715558
0.567326 0.715558
0.567425 0.715089
0.567525 0.714855
0.567625 0.714855
0.567725 0.714620
0.567824 0.714620
0.567924 0.714620
0.568024 0.714620
0.568123 0.714620
0.568223 0.714620
0.568323 0.714620
0.568423 0.714620
0.568522 0.714620
0.568622 0.714386
0.568722 0.714386
0.568822 0.714386
0.568921 0.714386
0.569021 0.714386
0.569121 0.714152
0.569220 0.714152
0.569320 0.714152
0.569420 0.714152
0.569520 0.713918
0.569619 0.713918
0.569719 0.713918
0.569819 0.713918
0.569919 0.713683
0.570018 0.713683
0.570118 0.713449
0.570218 0.713215
0.570317 0.712980
0.570417 0.712980
0.570517 0.712980
0.570617 0.712980
0.570716 0.712980
0.570816 0.712980
0.570916 0.712746
0.571016 0.712746
0.571115 0.712746
0.571215 0.712746
0.571315 0.712512
0.571414 0.712512
0.571514 0.712512
0.571614 0.712277
0.571714 0.712277
0.571813 0.712043
0.571913 0.712043
0.572013 0.712043
0.572113 0.711809
0.572212 0.711575
0.572312 0.711575
0.572412 0.711575
0.572511 0.711340
0.572611 0.711340
0.572711 0.711106
0.572811 0.711106
0.572910 0.710872
0.573010 0.710872
0.573110 0.710637
0.573210 0.710637
0.573309 0.710637
0.573409 0.710403
0.573509 0.710403
0.573608 0.710169
0.573708 0.710169
0.573808 0.710169
0.573908 0.709700
0.574007 0.709700
0.574107 0.709231
0.574207 0.709231
0.574307 0.709231
0.574406 0.709231
0.574506 0.709231
0.574606 0.709231
0.574705 0.709231
0.574805 0.709231
0.574905 0.709231
0.575005 0.709231
0.575104 0.709231
0.575204 0.709231
0.575304 0.708997
0.575404 0.708997
0.575503 0.708997
0.575603 0.708997
0.575703 0.708997
0.575802 0.708997
0.575902 0.708997
0.576002 0.708763
0.576102 0.708763
0.576201 0.708763
0.576301 0.708529
0.576401 0.708060
0.576501 0.708060
0.576600 0.708060
0.576700 0.708060
0.576800 0.707826
0.576899 0.707826
0.576999 0.707826
0.577099 0.707826
0.577199 0.707826
0.577298 0.707591
0.577398 0.707591
0.577498 0.707591
0.577598 0.707591
0.577697 0.707591
0.577797 0.707357
0.577897 0.707357
0.577996 0.707123
0.578096 0.706654
0.578196 0.706420
0.578296 0.706186
0.578395 0.706186
0.578495 0.706186
0.578595 0.706186
0.578695 0.706186
0.578794 0.706186
0.578894 0.705951
0.578994 0.705717
0.579093 0.705717
0.579193 0.705717
0.579293 0.705717
0.579393 0.705717
0.579492 0.705717
0.579592 0.705717
0.579692 0.705483
0.579792 0.705248
0.579891 0.705248
0.579991 0.705248
0.580091 0.705248
0.580190 0.705014
0.580290 0.705014
0.580390 0.704780
0.580490 0.704780
0.580589 0.704311
0.580689 0.704311
0.580789 0.704311
0.580889 0.704311
0.580988 0.704311
0.581088 0.704311
0.581188 0.704077
0.581287 0.704077
0.581387 0.704077
0.581487 0.704077
0.581587 0.703843
0.581686 0.703843
0.581786 0.703374
0.581886 0.703374
0.581986 0.703140
0.582085 0.703140
0.582185 0.703140
0.582285 0.703140
0.582384 0.703140
0.582484 0.703140
0.582584 0.703140
0.582684 0.703140
0.582783 0.702905
0.582883 0.702671
0.582983 0.702671
0.583083 0.702437
0.583182 0.701968
0.583282 0.701734
0.583382 0.701734
0.583481 0.701734
0.583581 0.701734
0.583681 0.701734
0.583781 0.701734
0.583880 0.701734
0.583980 0.701500
0.584080 0.701500
0.584180 0.701265
0.584279 0.701031
0.584379 0.701031
0.584479 0.701031
0.584578 0.701031
0.584678 0.701031
0.584778 0.701031
0.584878 0.701031
0.584977 0.700562
0.585077 0.700562
0.585177 0.700562
0.585277 0.700328
0.585376 0.700328
0.585476 0.700328
0.585576 0.700328
0.585675 0.700328
0.585775 0.700094
0.585875 0.700094
0.585975 0.700094
0.586074 0.700094
0.586174 0.700094
0.586274 0.699859
0.586374 0.699859
0.586473 0.699625
0.586573 0.699391
0.586673 0.699391
0.586772 0.699391
0.586872 0.699391
0.586972 0.699157
0.587072 0.699157
0.587171 0.699157
0.587271 0.699157
0.587371 0.699157
0.587471 0.698688
0.587570 0.698688
0.587670 0.698688
0.587770 0.698688
0.587869 0.698688
0.587969 0.698688
0.588069 0.698454
0.588169 0.698454
0.588268 0.698219
0.588368 0.698219
0.588468 0.697985
0.588568 0.697751
0.588667 0.697751
0.588767 0.697751
0.588867 0.697751
0.588966 0.697751
0.589066 0.697751
0.589166 0.697516
0.589266 0.697282
0.589365 0.697282
0.589465 0.697048
0.589565 0.697048
0.589665 0.697048
0.589764 0.697048
0.589864 0.697048
0.589964 0.696813
0.590063 0.696813
0.590163 0.696813
0.590263 0.696813
0.590363 0.696813
0.590462 0.696813
0.590562 0.696579
0.590662 0.696345
0.590762 0.696345
0.590861 0.696111
0.590961 0.695876
0.591061 0.695876
0.591160 0.695642
0.591260 0.695408
0.591360 0.695408
0.591460 0.695408
0.591559 0.695173
0.591659 0.695173
0.591759 0.694939
0.591859 0.694705
0.591958 0.694705
0.592058 0.694705
0.592158 0.694705
0.592257 0.694705
0.592357 0.694705
0.592457 0.694470
0.592557 0.694470
0.592656 0.694470
0.592756 0.694470
0.592856 0.694470
0.592956 0.694470
0.593055 0.694236
0.593155 0.694236
0.593255 0.694002
0.593354 0.694002
0.593454 0.693768
0.593554 0.693533
0.593654 0.693533
0.593753 0.693533
0.593853 0.693533
0.593953 0.693299
0.594053 0.693065
0.594152 0.693065
0.594252 0.692830
0.594352 0.692830
0.594451 0.692830
0.594551 0.692830
0.594651 0.692830
0.594751 0.692830
0.594850 0.692596
0.594950 0.692596
0.595050 0.692596
0.595150 0.692127
0.595249 0.691893
0.595349 0.691893
0.595449 0.691659
0.595548 0.691425
0.595648 0.691425
0.595748 0.691190
0.595848 0.691190
0.595947 0.691190
0.596047 0.691190
0.596147 0.690956
0.596247 0.690722
0.596346 0.690253
0.596446 0.690019
0.596546 0.689784
0.596645 0.689550
0.596745 0.689550
0.596845 0.689316
0.596945 0.689316
0.597044 0.689316
0.597144 0.689316
0.597244 0.689316
0.597344 0.689082
0.597443 0.689082
0.597543 0.688847
0.597643 0.688847
0.597742 0.688379
0.597842 0.688379
0.597942 0.688379
0.598042 0.688379
0.598141 0.688144
0.598241 0.688144
0.598341 0.688144
0.598441 0.687910
0.598540 0.687910
0.598640 0.687910
0.598740 0.687910
0.598839 0.687207
0.598939 0.686973
0.599039 0.686973
0.599139 0.686973
0.599238 0.686973
0.599338 0.686973
0.599438 0.686973
0.599538 0.686973
0.599637 0.686973
0.599737 0.686973
0.599837 0.686973
0.599936 0.686739
0.600036 0.686270
0.600136 0.685801
0.600236 0.685801
0.600335 0.685567
0.600435 0.685567
0.600535 0.685567
0.600635 0.685567
0.600734 0.685567
0.600834 0.685567
0.600934 0.685567
0.601033 0.685567
0.601133 0.685567
0.601233 0.685333
0.601333 0.685333
0.601432 0.685333
0.601532 0.685333
0.601632 0.685333
0.601732 0.685098
0.601831 0.684396
0.601931 0.684396
0.602031 0.683927
0.602130 0.683927
0.602230 0.683927
0.602330 0.683927
0.602430 0.683927
0.602529 0.683458
0.602629 0.683458
0.602729 0.683458
0.602829 0.683224
0.602928 0.683224
0.603028 0.682755
0.603128 0.682755
0.603227 0.682755
0.603327 0.682287
0.603427 0.681818
0.603527 0.681350
0.603626 0.681115
0.603726 0.680881
0.603826 0.680881
0.603926 0.680647
0.604025 0.680647
0.604125 0.680647
0.604225 0.680647
0.604324 0.680647
0.604424 0.680647
0.604524 0.680647
0.604624 0.680647
0.604723 0.680647
0.604823 0.680647
0.604923 0.680647
0.605023 0.680647
0.605122 0.680412
0.605222 0.680412
0.605322 0.680412
0.605421 0.680178
0.605521 0.680178
0.605621 0.680178
0.605721 0.680178
0.605820 0.680178
0.605920 0.680178
0.606020 0.680178
0.606120 0.680178
0.606219 0.679944
0.606319 0.679944
0.606419 0.679944
0.606518 0.679944
0.606618 0.679944
0.606718 0.679944
0.606818 0.679709
0.606917 0.679475
0.607017 0.679475
0.607117 0.679475
0.607217 0.679241
0.607316 0.679241
0.607416 0.679241
0.607516 0.679241
0.607615 0.679007
0.607715 0.678538
0.607815 0.678304
0.607915 0.678304
0.608014 0.678069
0.608114 0.678069
0.608214 0.677601
0.608314 0.677601
0.608413 0.677601
0.608513 0.677601
0.608613 0.677366
0.608712 0.677366
0.608812 0.677366
0.608912 0.677366
0.609012 0.677366
0.609111 0.677366
0.609211 0.677366
0.609311 0.677366
0.609411 0.677366
0.609510 0.677366
0.609610 0.677366
0.609710 0.677366
0.609809 0.677132
0.609909 0.676898
0.610009 0.676898
0.610109 0.676429
0.610208 0.676195
0.610308 0.676195
0.610408 0.675961
0.610508 0.675961
0.610607 0.675961
0.610707 0.675961
0.610807 0.675726
0.610906 0.675492
0.611006 0.675492
0.611106 0.675258
0.611206 0.675258
0.611305 0.675258
0.611405 0.674789
0.611505 0.674789
0.611605 0.674555
0.611704 0.674555
0.611804 0.674555
0.611904 0.674555
0.612003 0.674555
0.612103 0.674555
0.612203 0.674321
0.612303 0.674086
0.612402 0.673852
0.612502 0.673852
0.612602 0.673852
0.612702 0.673618
0.612801 0.673618
0.612901 0.673618
0.613001 0.673618
0.613100 0.673618
0.613200 0.673383
0.613300 0.673383
0.613400 0.673149
0.613499 0.673149
0.613599 0.673149
0.613699 0.673149
0.613799 0.673149
0.613898 0.673149
0.613998 0.673149
0.614098 0.672680
0.614197 0.672680
0.614297 0.672680
0.614397 0.672680
0.614497 0.672680
0.614596 0.672680
0.614696 0.672680
0.614796 0.672212
0.614896 0.671978
0.614995 0.671978
0.615095 0.671743
0.615195 0.671743
0.615294 0.671743
0.615394 0.671509
0.615494 0.671509
0.615594 0.671509
0.615693 0.671509
0.615793 0.671509
0.615893 0.671275
0.615993 0.671275
0.616092 0.671275
0.616192 0.671275
0.616292 0.671275
0.616391 0.671275
0.616491 0.671275
0.616591 0.671040
0.616691 0.671040
0.616790 0.671040
0.616890 0.671040
0.616990 0.671040
0.617090 0.671040
0.617189 0.671040
0.617289 0.670572
0.617389 0.670572
0.617488 0.670572
0.617588 0.670337
0.617688 0.670337
0.617788 0.670337
0.617887 0.670337
0.617987 0.670103
0.618087 0.669869
0.618187 0.669869
0.618286 0.669869
0.618386 0.669869
0.618486 0.669869
0.618585 0.669869
0.618685 0.669869
0.618785 0.669869
0.618885 0.669634
0.618984 0.669634
0.619084 0.669634
0.619184 0.669166
0.619284 0.669166
0.619383 0.669166
0.619483 0.668932
0.619583 0.668932
0.619682 0.668697
0.619782 0.668697
0.619882 0.668463
0.619982 0.668463
0.620081 0.668229
0.620181 0.667994
0.620281 0.667760
0.620381 0.667760
0.620480 0.667760
0.620580 0.667526
0.620680 0.667526
0.620779 0.667526
0.620879 0.667526
0.620979 0.667526
0.621079 0.666823
0.621178 0.666823
0.621278 0.666823
0.621378 0.666354
0.621478 0.666120
0.621577 0.666120
0.621677 0.666120
0.621777 0.666120
0.621876 0.666120
0.621976 0.666120
0.622076 0.665651
0.622176 0.665651
0.622275 0.665417
0.622375 0.665417
0.622475 0.665417
0.622575 0.665183
0.622674 0.665183
0.622774 0.665183
0.622874 0.664948
0.622973 0.664948
0.623073 0.664948
0.623173 0.664714
0.623273 0.664480
0.623372 0.664480
0.623472 0.664480
0.623572 0.664246
0.623672 0.664011
0.623771 0.664011
0.623871 0.664011
0.623971 0.664011
0.624070 0.663308
0.624170 0.663074
0.624270 0.662840
0.624370 0.662840
0.624469 0.662840
0.624569 0.662605
0.624669 0.662605
0.624769 0.662605
0.624868 0.662605
0.624968 0.662605
0.625068 0.662605
0.625167 0.662605
0.625267 0.662605
0.625367 0.662371
0.625467 0.662371
0.625566 0.662371
0.625666 0.662371
0.625766 0.662371
0.625866 0.662371
0.625965 0.662371
0.626065 0.662371
0.626165 0.662371
0.626264 0.662137
0.626364 0.662137
0.626464 0.661668
0.626564 0.661668
0.626663 0.661434
0.626763 0.661200
0.626863 0.660965
0.626963 0.660965
0.627062 0.660965
0.627162 0.660965
0.627262 0.660965
0.627361 0.660731
0.627461 0.660497
0.627561 0.660262
0.627661 0.660262
0.627760 0.660262
0.627860 0.660262
0.627960 0.660262
0.628060 0.660028
0.628159 0.660028
0.628259 0.659794
0.628359 0.659560
0.628458 0.659560
0.628558 0.658857
0.628658 0.658622
0.628758 0.658622
0.628857 0.658622
0.628957 0.658388
0.629057 0.658388
0.629157 0.658154
0.629256 0.658154
0.629356 0.658154
0.629456 0.658154
0.629555 0.658154
0.629655 0.658154
0.629755 0.658154
0.629855 0.657919
0.629954 0.657451
0.630054 0.657216
0.630154 0.657216
0.630254 0.656982
0.630353 0.656982
0.630453 0.656514
0.630553 0.656045
0.630652 0.655811
0.630752 0.655811
0.630852 0.655811
0.630952 0.655342
0.631051 0.655342
0.631151 0.655108
0.631251 0.655108
0.631351 0.655108
0.631450 0.655108
0.631550 0.654873
0.631650 0.654873
0.631749 0.654639
0.631849 0.654405
0.631949 0.654405
0.632049 0.654171
0.632148 0.654171
0.632248 0.653936
0.632348 0.653936
0.632448 0.653702
0.632547 0.653702
0.632647 0.653233
0.632747 0.653233
0.632846 0.652765
0.632946 0.652765
0.633046 0.652765
0.633146 0.652765
0.633245 0.652765
0.633345 0.652530
0.633445 0.652530
0.633545 0.652296
0.633644 0.652062
0.633744 0.651828
0.633844 0.651828
0.633943 0.651828
0.634043 0.651828
0.634143 0.651828
0.634243 0.651828
0.634342 0.651828
0.634442 0.651828
0.634542 0.651828
0.634642 0.651828
0.634741 0.651593
0.634841 0.651593
0.634941 0.651593
0.635040 0.651593
0.635140 0.651593
0.635240 0.651359
0.635340 0.651125
0.635439 0.651125
0.635539 0.650890
0.635639 0.650422
0.635739 0.650187
0.635838 0.650187
0.635938 0.650187
0.636038 0.650187
0.636137 0.649953
0.636237 0.649953
0.636337 0.649953
0.636437 0.649485
0.636536 0.649250
0.636636 0.649250
0.636736 0.649250
0.636836 0.649250
0.636935 0.649016
0.637035 0.649016
0.637135 0.649016
0.637234 0.648782
0.637334 0.648547
0.637434 0.648313
0.637534 0.648079
0.637633 0.648079
0.637733 0.647610
0.637833 0.647610
0.637933 0.647610
0.638032 0.647610
0.638132 0.647376
0.638232 0.647376
0.638331 0.647376
0.638431 0.647376
0.638531 0.647376
0.638631 0.647142
0.638730 0.647142
0.638830 0.647142
0.638930 0.647142
0.639030 0.647142
0.639129 0.647142
0.639229 0.646907
0.639329 0.646673
0.639428 0.646673
0.639528 0.646673
0.639628 0.646673
0.639728 0.646439
0.639827 0.646204
0.639927 0.645970
0.640027 0.645736
0.640127 0.645501
0.640226 0.645501
0.640326 0.645501
0.640426 0.645501
0.640525 0.645267
0.640625 0.645033
0.640725 0.645033
0.640825 0.644799
0.640924 0.644564
0.641024 0.644330
0.641124 0.644096
0.641224 0.643861
0.641323 0.643861
0.641423 0.643861
0.641523 0.643627
0.641622 0.643393
0.641722 0.643393
0.641822 0.643393
0.641922 0.643393
0.642021 0.643393
0.642121 0.643393
0.642221 0.643393
0.642321 0.643393
0.642420 0.643393
0.642520 0.643393
0.642620 0.643393
0.642719 0.643158
0.642819 0.642924
0.642919 0.642690
0.643019 0.642455
0.643118 0.642221
0.643218 0.642221
0.643318 0.642221
0.643418 0.642221
0.643517 0.642221
0.643617 0.642221
0.643717 0.642221
0.643816 0.642221
0.643916 0.642221
0.644016 0.641753
0.644116 0.641753
0.644215 0.641753
0.644315 0.641518
0.644415 0.641284
0.644515 0.640815
0.644614 0.640815
0.644714 0.640815
0.644814 0.640347
0.644913 0.640112
0.645013 0.639878
0.645113 0.639410
0.645213 0.639175
0.645312 0.639175
0.645412 0.639175
0.645512 0.639175
0.645612 0.639175
0.645711 0.639175
0.645811 0.638941
0.645911 0.638941
0.646010 0.638707
0.646110 0.638707
0.646210 0.638472
0.646310 0.638472
0.646409 0.638472
0.646509 0.638472
0.646609 0.638238
0.646709 0.638238
0.646808 0.638238
0.646908 0.638238
0.647008 0.638004
0.647107 0.637535
0.647207 0.637301
0.647307 0.636832
0.647407 0.636364
0.647506 0.636129
0.647606 0.636129
0.647706 0.636129
0.647806 0.636129
0.647905 0.636129
0.648005 0.636129
0.648105 0.635895
0.648204 0.635895
0.648304 0.635661
0.648404 0.635661
0.648504 0.635661
0.648603 0.635426
0.648703 0.635426
0.648803 0.635426
0.648903 0.635426
0.649002 0.635426
0.649102 0.635192
0.649202 0.635192
0.649301 0.634724
0.649401 0.634724
0.649501 0.634021
0.649601 0.633552
0.649700 0.633552
0.649800 0.633318
0.649900 0.633318
0.650000 0.633083
0.650099 0.633083
0.650199 0.633083
0.650299 0.632615
0.650398 0.632615
0.650498 0.632146
0.650598 0.631912
0.650698 0.631912
0.650797 0.631678
0.650897 0.631443
0.650997 0.631443
0.651097 0.631443
0.651196 0.631443
0.651296 0.631443
0.651396 0.631443
0.651495 0.631443
0.651595 0.631443
0.651695 0.631443
0.651795 0.631443
0.651894 0.631443
0.651994 0.631209
0.652094 0.630975
0.652194 0.630975
0.652293 0.630975
0.652393 0.630740
0.652493 0.630506
0.652592 0.630506
0.652692 0.630506
0.652792 0.630506
0.652892 0.630506
0.652991 0.630506
0.653091 0.630506
0.653191 0.630506
0.653291 0.630506
0.653390 0.630506
0.653490 0.630037
0.653590 0.629569
0.653689 0.629569
0.653789 0.629335
0.653889 0.629100
0.653989 0.629100
0.654088 0.628866
0.654188 0.628397
0.654288 0.628397
0.654388 0.628163
0.654487 0.627929
0.654587 0.627694
0.654687 0.627694
0.654786 0.627694
0.654886 0.627226
0.654986 0.627226
0.655086 0.627226
0.655185 0.626992
0.655285 0.626523
0.655385 0.626523
0.655485 0.626523
0.655584 0.626054
0.655684 0.626054
0.655784 0.625820
0.655883 0.625586
0.655983 0.625586
0.656083 0.625586
0.656183 0.625351
0.656282 0.625117
0.656382 0.625117
0.656482 0.625117
0.656582 0.625117
0.656681 0.624649
0.656781 0.624414
0.656881 0.624414
0.656980 0.624414
0.657080 0.624414
0.657180 0.624414
0.657280 0.623946
0.657379 0.623946
0.657479 0.623711
0.657579 0.623477
0.657679 0.623477
0.657778 0.623477
0.657878 0.623243
0.657978 0.623243
0.658077 0.623243
0.658177 0.623243
0.658277 0.623008
0.658377 0.622774
0.658476 0.622774
0.658576 0.622306
0.658676 0.622306
0.658776 0.622071
0.658875 0.621837
0.658975 0.621837
0.659075 0.621837
0.659174 0.621368
0.659274 0.621368
0.659374 0.621368
0.659474 0.621368
0.659573 0.620900
0.659673 0.620665
0.659773 0.620431
0.659873 0.620431
0.659972 0.620431
0.660072 0.620431
0.660172 0.620431
0.660271 0.620431
0.660371 0.620431
0.660471 0.620197
0.660571 0.619963
0.660670 0.619963
0.660770 0.619963
0.660870 0.619963
0.660970 0.619728
0.661069 0.619494
0.661169 0.619260
0.661269 0.619025
0.661368 0.618088
0.661468 0.618088
0.661568 0.618088
0.661668 0.618088
0.661767 0.617854
0.661867 0.617854
0.661967 0.617854
0.662067 0.617854
0.662166 0.617854
0.662266 0.617854
0.662366 0.617619
0.662465 0.617619
0.662565 0.617619
0.662665 0.617385
0.662765 0.617385
0.662864 0.617385
0.662964 0.616917
0.663064 0.616917
0.663164 0.616917
0.663263 0.616682
0.663363 0.616448
0.663463 0.616214
0.663562 0.615745
0.663662 0.615745
0.663762 0.615042
0.663862 0.615042
0.663961 0.614808
0.664061 0.614808
0.664161 0.614808
0.664261 0.614808
0.664360 0.614574
0.664460 0.614105
0.664560 0.613871
0.664659 0.613871
0.664759 0.613871
0.664859 0.613871
0.664959 0.613871
0.665058 0.613871
0.665158 0.613168
0.665258 0.613168
0.665358 0.613168
0.665457 0.613168
0.665557 0.613168
0.665657 0.613168
0.665756 0.612933
0.665856 0.612465
0.665956 0.612231
0.666056 0.611996
0.666155 0.611996
0.666255 0.611528
0.666355 0.611293
0.666455 0.611293
0.666554 0.611293
0.666654 0.611293
0.666754 0.610825
0.666853 0.610825
0.666953 0.610825
0.667053 0.610825
0.667153 0.610590
0.667252 0.610590
0.667352 0.610590
0.667452 0.610590
0.667552 0.610356
0.667651 0.610356
0.667751 0.610356
0.667851 0.610122
0.667950 0.610122
0.668050 0.610122
0.668150 0.610122
0.668250 0.610122
0.668349 0.609888
0.668449 0.609419
0.668549 0.609419
0.668649 0.609419
0.668748 0.609185
0.668848 0.609185
0.668948 0.608950
0.669047 0.608716
0.669147 0.608482
0.669247 0.608482
0.669347 0.608482
0.669446 0.608482
0.669546 0.608482
0.669646 0.608482
0.669746 0.608482
0.669845 0.608247
0.669945 0.608247
0.670045 0.608247
0.670144 0.608013
0.670244 0.608013
0.670344 0.607779
0.670444 0.607545
0.670543 0.607310
0.670643 0.607310
0.670743 0.607076
0.670843 0.606842
0.670942 0.606842
0.671042 0.606842
0.671142 0.606842
0.671241 0.606607
0.671341 0.606607
0.671441 0.606373
0.671541 0.606373
0.671640 0.606373
0.671740 0.606139
0.671840 0.605904
0.671940 0.605904
0.672039 0.605904
0.672139 0.605670
0.672239 0.605436
0.672338 0.605436
0.672438 0.605436
0.672538 0.605201
0.672638 0.605201
0.672737 0.605201
0.672837 0.604967
0.672937 0.604967
0.673037 0.604733
0.673136 0.604733
0.673236 0.604499
0.673336 0.604264
0.673435 0.604264
0.673535 0.604264
0.673635 0.604264
0.673735 0.604264
0.673834 0.604030
0.673934 0.603796
0.674034 0.603561
0.674134 0.603093
0.674233 0.602624
0.674333 0.602390
0.674433 0.602390
0.674532 0.602390
0.674632 0.602156
0.674732 0.602156
0.674832 0.602156
0.674931 0.602156
0.675031 0.602156
0.675131 0.601921
0.675231 0.601921
0.675330 0.601687
0.675430 0.601687
0.675530 0.601687
0.675629 0.601687
0.675729 0.601687
0.675829 0.601687
0.675929 0.600984
0.676028 0.600750
0.676128 0.600750
0.676228 0.600750
0.676328 0.600515
0.676427 0.600281
0.676527 0.600281
0.676627 0.600281
0.676726 0.600281
0.676826 0.599813
0.676926 0.599813
0.677026 0.599813
0.677125 0.599578
0.677225 0.599344
0.677325 0.599344
0.677425 0.599344
0.677524 0.599110
0.677624 0.599110
0.677724 0.598641
0.677823 0.598641
0.677923 0.598641
0.678023 0.598407
0.678123 0.598407
0.678222 0.598172
0.678322 0.598172
0.678422 0.598172
0.678522 0.597704
0.678621 0.597470
0.678721 0.597470
0.678821 0.597235
0.678920 0.597001
0.679020 0.596532
0.679120 0.596298
0.679220 0.595829
0.679319 0.595595
0.679419 0.595595
0.679519 0.595595
0.679619 0.595595
0.679718 0.595595
0.679818 0.595361
0.679918 0.594892
0.680017 0.594424
0.680117 0.594189
0.680217 0.593955
0.680317 0.593955
0.680416 0.593955
0.680516 0.593721
0.680616 0.593721
0.680716 0.593486
0.680815 0.593252
0.680915 0.593252
0.681015 0.593018
0.681114 0.592549
0.681214 0.592315
0.681314 0.592315
0.681414 0.592081
0.681513 0.591846
0.681613 0.591846
0.681713 0.591612
0.681813 0.591378
0.681912 0.591378
0.682012 0.591378
0.682112 0.591143
0.682211 0.591143
0.682311 0.590675
0.682411 0.590440
0.682511 0.590206
0.682610 0.590206
0.682710 0.590206
0.682810 0.589972
0.682910 0.589972
0.683009 0.589972
0.683109 0.589972
0.683209 0.589738
0.683308 0.589738
0.683408 0.589503
0.683508 0.589503
0.683608 0.589503
0.683707 0.589503
0.683807 0.589503
0.683907 0.589503
0.684007 0.589035
0.684106 0.588800
0.684206 0.588566
0.684306 0.588566
0.684405 0.588566
0.684505 0.588332
0.684605 0.588097
0.684705 0.588097
0.684804 0.587629
0.684904 0.587395
0.685004 0.587395
0.685104 0.587395
0.685203 0.587160
0.685303 0.586692
0.685403 0.586692
0.685502 0.586692
0.685602 0.586223
0.685702 0.586223
0.685802 0.586223
0.685901 0.586223
0.686001 0.586223
0.686101 0.585989
0.686201 0.585520
0.686300 0.585520
0.686400 0.585286
0.686500 0.585052
0.686599 0.585052
0.686699 0.584817
0.686799 0.584817
0.686899 0.584583
0.686998 0.584583
0.687098 0.584583
0.687198 0.584583
0.687298 0.584583
0.687397 0.584583
0.687497 0.584583
0.687597 0.584583
0.687696 0.584349
0.687796 0.584349
0.687896 0.584114
0.687996 0.584114
0.688095 0.584114
0.688195 0.583646
0.688295 0.583646
0.688395 0.583177
0.688494 0.583177
0.688594 0.583177
0.688694 0.582943
0.688793 0.582709
0.688893 0.582709
0.688993 0.582709
0.689093 0.582240
0.689192 0.582240
0.689292 0.582240
0.689392 0.582240
0.689492 0.582006
0.689591 0.582006
0.689691 0.582006
0.689791 0.582006
0.689890 0.581771
0.689990 0.581771
0.690090 0.581771
0.690190 0.581771
0.690289 0.581303
0.690389 0.581303
0.690489 0.581303
0.690589 0.581068
0.690688 0.580366
0.690788 0.580131
0.690888 0.580131
0.690987 0.579897
0.691087 0.579897
0.691187 0.579897
0.691287 0.579428
0.691386 0.579428
0.691486 0.578960
0.691586 0.578725
0.691686 0.578725
0.691785 0.578491
0.691885 0.578257
0.691985 0.578257
0.692084 0.578022
0.692184 0.577788
0.692284 0.577554
0.692384 0.577320
0.692483 0.577085
0.692583 0.577085
0.692683 0.577085
0.692783 0.576851
0.692882 0.576617
0.692982 0.576617
0.693082 0.576382
0.693181 0.576382
0.693281 0.576382
0.693381 0.575914
0.693481 0.575914
0.693580 0.575914
0.693680 0.575914
0.693780 0.575914
0.693880 0.575914
0.693979 0.575914
0.694079 0.575914
0.694179 0.575914
0.694278 0.575914
0.694378 0.575914
0.694478 0.575914
0.694578 0.575679
0.694677 0.575445
0.694777 0.575445
0.694877 0.574742
0.694977 0.574508
0.695076 0.574039
0.695176 0.573805
0.695276 0.573336
0.695375 0.573336
0.695475 0.573102
0.695575 0.573102
0.695675 0.573102
0.695774 0.572868
0.695874 0.572868
0.695974 0.572868
0.696074 0.572868
0.696173 0.572165
0.696273 0.572165
0.696373 0.572165
0.696472 0.572165
0.696572 0.572165
0.696672 0.572165
0.696772 0.571931
0.696871 0.571931
0.696971 0.571931
0.697071 0.571931
0.697171 0.571931
0.697270 0.571696
0.697370 0.571462
0.697470 0.570993
0.697569 0.570993
0.697669 0.570993
0.697769 0.570759
0.697869 0.570525
0.697968 0.570525
0.698068 0.570525
0.698168 0.570525
0.698268 0.570525
0.698367 0.570291
0.698467 0.570291
0.698567 0.570056
0.698666 0.569822
0.698766 0.569822
0.698866 0.569822
0.698966 0.569588
0.699065 0.569353
0.699165 0.569353
0.699265 0.569119
0.699365 0.568885
0.699464 0.568885
0.699564 0.568416
0.699664 0.568416
0.699763 0.568416
0.699863 0.568182
0.699963 0.568182
0.700063 0.568182
0.700162 0.568182
0.700262 0.568182
0.700362 0.567713
0.700462 0.567713
0.700561 0.567245
0.700661 0.567010
0.700761 0.567010
0.700860 0.566776
0.700960 0.566542
0.701060 0.566073
0.701160 0.566073
0.701259 0.565839
0.701359 0.565839
0.701459 0.565604
0.701559 0.565136
0.701658 0.565136
0.701758 0.564902
0.701858 0.564902
0.701957 0.564667
0.702057 0.564667
0.702157 0.564667
0.702257 0.564433
0.702356 0.563964
0.702456 0.563730
0.702556 0.563730
0.702656 0.563730
0.702755 0.563496
0.702855 0.563261
0.702955 0.563261
0.703054 0.563261
0.703154 0.563261
0.703254 0.563261
0.703354 0.563261
0.703453 0.563027
0.703553 0.563027
0.703653 0.563027
0.703753 0.563027
0.703852 0.562559
0.703952 0.562324
0.704052 0.562324
0.704151 0.562090
0.704251 0.562090
0.704351 0.562090
0.704451 0.562090
0.704550 0.561621
0.704650 0.561387
0.704750 0.561387
0.704850 0.561387
0.704949 0.561387
0.705049 0.561387
0.705149 0.561387
0.705248 0.561387
0.705348 0.561153
0.705448 0.561153
0.705548 0.561153
0.705647 0.561153
0.705747 0.560918
0.705847 0.560918
0.705947 0.560918
0.706046 0.560918
0.706146 0.560450
0.706246 0.560450
0.706345 0.560216
0.706445 0.560216
0.706545 0.560216
0.706645 0.560216
0.706744 0.560216
0.706844 0.559981
0.706944 0.559981
0.707044 0.559747
0.707143 0.559747
0.707243 0.559044
0.707343 0.558810
0.707442 0.558575
0.707542 0.558341
0.707642 0.558341
0.707742 0.558107
0.707841 0.558107
0.707941 0.557873
0.708041 0.557873
0.708141 0.557638
0.708240 0.557404
0.708340 0.557404
0.708440 0.557404
0.708539 0.557404
0.708639 0.557170
0.708739 0.557170
0.708839 0.557170
0.708938 0.557170
0.709038 0.557170
0.709138 0.556935
0.709238 0.556701
0.709337 0.556701
0.709437 0.556232
0.709537 0.555998
0.709636 0.555998
0.709736 0.555998
0.709836 0.555764
0.709936 0.555764
0.710035 0.555764
0.710135 0.555530
0.710235 0.555530
0.710335 0.555061
0.710434 0.555061
0.710534 0.554827
0.710634 0.554827
0.710733 0.554592
0.710833 0.554358
0.710933 0.554358
0.711033 0.554358
0.711132 0.553655
0.711232 0.553655
0.711332 0.553655
0.711432 0.553655
0.711531 0.553655
0.711631 0.553421
0.711731 0.553187
0.711830 0.552484
0.711930 0.552484
0.712030 0.552484
0.712130 0.552484
0.712229 0.552249
0.712329 0.552249
0.712429 0.552015
0.712529 0.551546
0.712628 0.551078
0.712728 0.550843
0.712828 0.550843
0.712927 0.550843
0.713027 0.550843
0.713127 0.549906
0.713227 0.549906
0.713326 0.549906
0.713426 0.549672
0.713526 0.549203
0.713626 0.549203
0.713725 0.548969
0.713825 0.548500
0.713925 0.548266
0.714024 0.548266
0.714124 0.547798
0.714224 0.547798
0.714324 0.547798
0.714423 0.547563
0.714523 0.547329
0.714623 0.547329
0.714723 0.547329
0.714822 0.547095
0.714922 0.547095
0.715022 0.547095
0.715121 0.547095
0.715221 0.546626
0.715321 0.546626
0.715421 0.546392
0.715520 0.546392
0.715620 0.546392
0.715720 0.546392
0.715820 0.546157
0.715919 0.546157
0.716019 0.546157
0.716119 0.545689
0.716218 0.545455
0.716318 0.545455
0.716418 0.545455
0.716518 0.544986
0.716617 0.544517
0.716717 0.544517
0.716817 0.544283
0.716917 0.544049
0.717016 0.544049
0.717116 0.544049
0.717216 0.543814
0.717315 0.543580
0.717415 0.543346
0.717515 0.543112
0.717615 0.543112
0.717714 0.543112
0.717814 0.543112
0.717914 0.543112
0.718014 0.543112
0.718113 0.543112
0.718213 0.543112
0.718313 0.542877
0.718412 0.542877
0.718512 0.542877
0.718612 0.542877
0.718712 0.542409
0.718811 0.542174
0.718911 0.541940
0.719011 0.541706
0.719111 0.541706
0.719210 0.541706
0.719310 0.541471
0.719410 0.541471
0.719509 0.541471
0.719609 0.541471
0.719709 0.541471
0.719809 0.541471
0.719908 0.541237
0.720008 0.540769
0.720108 0.540534
0.720208 0.540534
0.720307 0.540534
0.720407 0.540066
0.720507 0.540066
0.720606 0.539831
0.720706 0.539831
0.720806 0.539597
0.720906 0.539597
0.721005 0.539363
0.721105 0.539363
0.721205 0.539363
0.721305 0.539363
0.721404 0.539363
0.721504 0.539128
0.721604 0.539128
0.721703 0.538894
0.721803 0.538894
0.721903 0.538894
0.722003 0.538660
0.722102 0.538425
0.722202 0.538191
0.722302 0.538191
0.722402 0.538191
0.722501 0.538191
0.722601 0.538191
0.722701 0.538191
0.722800 0.538191
0.722900 0.537957
0.723000 0.537488
0.723100 0.537254
0.723199 0.536551
0.723299 0.536551
0.723399 0.535848
0.723499 0.535614
0.723598 0.535145
0.723698 0.534911
0.723798 0.534911
0.723897 0.534911
0.723997 0.533739
0.724097 0.533739
0.724197 0.533505
0.724296 0.533271
0.724396 0.533271
0.724496 0.533037
0.724596 0.532802
0.724695 0.532568
0.724795 0.532334
0.724895 0.532334
0.724994 0.532334
0.725094 0.532099
0.725194 0.531865
0.725294 0.531865
0.725393 0.531865
0.725493 0.531631
0.725593 0.531631
0.725693 0.531396
0.725792 0.531396
0.725892 0.531162
0.725992 0.530694
0.726091 0.530694
0.726191 0.530694
0.726291 0.530694
0.726391 0.530694
0.726490 0.530694
0.726590 0.530694
0.726690 0.530694
0.726790 0.530225
0.726889 0.530225
0.726989 0.529991
0.727089 0.529522
0.727188 0.529288
0.727288 0.529288
0.727388 0.529053
0.727488 0.528585
0.727587 0.528116
0.727687 0.528116
0.727787 0.528116
0.727887 0.527882
0.727986 0.527648
0.728086 0.527648
0.728186 0.527648
0.728285 0.527648
0.728385 0.527413
0.728485 0.527413
0.728585 0.527179
0.728684 0.527179
0.728784 0.527179
0.728884 0.527179
0.728984 0.527179
0.729083 0.527179
0.729183 0.527179
0.729283 0.526945
0.729382 0.526710
0.729482 0.526476
0.729582 0.526476
0.729682 0.526476
0.729781 0.526476
0.729881 0.526476
0.729981 0.526476
0.730081 0.526476
0.730180 0.526242
0.730280 0.526007
0.730380 0.526007
0.730479 0.525773
0.730579 0.525070
0.730679 0.525070
0.730779 0.524836
0.730878 0.524836
0.730978 0.524836
0.731078 0.524836
0.731178 0.524602
0.731277 0.524602
0.731377 0.524602
0.731477 0.524602
0.731576 0.524602
0.731676 0.524367
0.731776 0.524367
0.731876 0.524133
0.731975 0.524133
0.732075 0.524133
0.732175 0.523899
0.732275 0.523899
0.732374 0.523899
0.732474 0.523664
0.732574 0.523664
0.732673 0.523430
0.732773 0.523196
0.732873 0.523196
0.732973 0.522962
0.733072 0.522962
0.733172 0.522727
0.733272 0.522259
0.733372 0.521790
0.733471 0.521556
0.733571 0.521556
0.733671 0.521556
0.733770 0.521556
0.733870 0.521087
0.733970 0.521087
0.734070 0.521087
0.734169 0.520853
0.734269 0.520619
0.734369 0.520384
0.734469 0.520150
0.734568 0.519916
0.734668 0.519681
0.734768 0.519681
0.734867 0.519681
0.734967 0.519447
0.735067 0.519213
0.735167 0.518978
0.735266 0.518978
0.735366 0.518978
0.735466 0.518978
0.735566 0.518510
0.735665 0.518276
0.735765 0.518276
0.735865 0.518276
0.735964 0.518041
0.736064 0.517807
0.736164 0.517807
0.736264 0.517573
0.736363 0.517573
0.736463 0.517573
0.736563 0.517573
0.736663 0.517104
0.736762 0.517104
0.736862 0.517104
0.736962 0.517104
0.737061 0.517104
0.737161 0.517104
0.737261 0.517104
0.737361 0.516870
0.737460 0.516870
0.737560 0.516870
0.737660 0.516870
0.737760 0.516870
0.737859 0.516401
0.737959 0.516167
0.738059 0.516167
0.738158 0.515933
0.738258 0.515698
0.738358 0.515464
0.738458 0.515464
0.738557 0.515464
0.738657 0.514995
0.738757 0.514995
0.738857 0.514995
0.738956 0.514995
0.739056 0.514761
0.739156 0.514292
0.739255 0.514292
0.739355 0.514292
0.739455 0.514292
0.739555 0.514058
0.739654 0.514058
0.739754 0.513824
0.739854 0.513824
0.739954 0.513590
0.740053 0.513590
0.740153 0.513590
0.740253 0.513590
0.740352 0.513590
0.740452 0.513590
0.740552 0.513355
0.740652 0.512887
0.740751 0.512887
0.740851 0.512418
0.740951 0.511949
0.741051 0.511949
0.741150 0.511949
0.741250 0.511715
0.741350 0.511481
0.741449 0.511012
0.741549 0.511012
0.741649 0.511012
0.741749 0.510778
0.741848 0.510778
0.741948 0.510544
0.742048 0.510309
0.742148 0.510075
0.742247 0.510075
0.742347 0.510075
0.742447 0.509606
0.742546 0.509606
0.742646 0.509606
0.742746 0.509138
0.742846 0.508669
0.742945 0.508669
0.743045 0.508669
0.743145 0.508669
0.743245 0.508669
0.743344 0.508669
0.743444 0.508435
0.743544 0.508201
0.743643 0.508201
0.743743 0.507966
0.743843 0.507732
0.743943 0.507498
0.744042 0.507029
0.744142 0.507029
0.744242 0.506795
0.744342 0.506795
0.744441 0.506326
0.744541 0.506092
0.744641 0.506092
0.744740 0.506092
0.744840 0.506092
0.744940 0.506092
0.745040 0.506092
0.745139 0.506092
0.745239 0.505858
0.745339 0.505858
0.745439 0.505858
0.745538 0.505623
0.745638 0.505623
0.745738 0.505389
0.745837 0.505389
0.745937 0.505389
0.746037 0.505155
0.746137 0.505155
0.746236 0.504920
0.746336 0.504920
0.746436 0.504920
0.746536 0.504452
0.746635 0.504452
0.746735 0.504452
0.746835 0.504217
0.746934 0.503749
0.747034 0.503749
0.747134 0.503749
0.747234 0.503749
0.747333 0.503749
0.747433 0.503280
0.747533 0.503280
0.747633 0.503280
0.747732 0.503280
0.747832 0.503046
0.747932 0.502577
0.748031 0.502343
0.748131 0.502109
0.748231 0.502109
0.748331 0.502109
0.748430 0.501874
0.748530 0.501874
0.748630 0.501172
0.748730 0.501172
0.748829 0.500937
0.748929 0.500937
0.749029 0.500469
0.749128 0.500469
0.749228 0.500234
0.749328 0.500234
0.749428 0.500000
0.749527 0.499297
0.749627 0.499297
0.749727 0.499063
0.749827 0.498594
0.749926 0.498594
0.750026 0.498594
0.750126 0.498126
0.750225 0.497657
0.750325 0.497657
0.750425 0.497423
0.750525 0.497423
0.750624 0.496954
0.750724 0.496720
0.750824 0.496720
0.750924 0.496485
0.751023 0.496485
0.751123 0.496251
0.751223 0.496251
0.751322 0.496251
0.751422 0.496251
0.751522 0.496251
0.751622 0.496251
0.751721 0.496017
0.751821 0.495783
0.751921 0.495783
0.752021 0.495548
0.752120 0.495548
0.752220 0.495548
0.752320 0.495548
0.752419 0.495548
0.752519 0.495080
0.752619 0.495080
0.752719 0.495080
0.752818 0.495080
0.752918 0.495080
0.753018 0.495080
0.753118 0.494845
0.753217 0.494845
0.753317 0.494611
0.753417 0.494611
0.753516 0.494611
0.753616 0.494611
0.753716 0.494611
0.753816 0.494611
0.753915 0.494611
0.754015 0.494611
0.754115 0.494377
0.754215 0.494377
0.754314 0.494142
0.754414 0.494142
0.754514 0.493908
0.754613 0.493908
0.754713 0.493674
0.754813 0.493205
0.754913 0.493205
0.755012 0.492971
0.755112 0.492971
0.755212 0.492971
0.755312 0.492971
0.755411 0.492971
0.755511 0.492737
0.755611 0.492502
0.755710 0.492502
0.755810 0.492502
0.755910 0.492502
0.756010 0.492502
0.756109 0.492502
0.756209 0.492502
0.756309 0.492268
0.756409 0.492268
0.756508 0.492034
0.756608 0.491799
0.756708 0.491799
0.756807 0.491565
0.756907 0.491565
0.757007 0.491331
0.757107 0.491331
0.757206 0.491331
0.757306 0.491331
0.757406 0.491331
0.757506 0.491331
0.757605 0.491097
0.757705 0.491097
0.757805 0.490862
0.757904 0.490394
0.758004 0.490394
0.758104 0.490394
0.758204 0.489925
0.758303 0.489925
0.758403 0.489925
0.758503 0.489925
0.758603 0.489925
0.758702 0.489925
0.758802 0.489691
0.758902 0.489456
0.759001 0.489222
0.759101 0.489222
0.759201 0.488988
0.759301 0.488754
0.759400 0.488754
0.759500 0.488754
0.759600 0.488754
0.759700 0.488051
0.759799 0.487816
0.759899 0.487582
0.759999 0.487582
0.760098 0.487582
0.760198 0.487582
0.760298 0.487582
0.760398 0.487348
0.760497 0.487348
0.760597 0.487348
0.760697 0.487113
0.760797 0.486879
0.760896 0.486645
0.760996 0.485942
0.761096 0.485942
0.761195 0.485473
0.761295 0.485005
0.761395 0.484770
0.761495 0.484067
0.761594 0.483599
0.761694 0.483365
0.761794 0.483130
0.761894 0.483130
0.761993 0.483130
0.762093 0.483130
0.762193 0.483130
0.762292 0.483130
0.762392 0.483130
0.762492 0.482662
0.762592 0.482193
0.762691 0.482193
0.762791 0.482193
0.762891 0.481959
0.762991 0.481959
0.763090 0.481959
0.763190 0.481959
0.763290 0.481959
0.763389 0.481959
0.763489 0.481959
0.763589 0.481959
0.763689 0.481959
0.763788 0.481959
0.763888 0.481959
0.763988 0.481959
0.764088 0.481490
0.764187 0.481256
0.764287 0.481256
0.764387 0.480787
0.764486 0.480787
0.764586 0.480553
0.764686 0.480319
0.764786 0.480084
0.764885 0.480084
0.764985 0.480084
0.765085 0.479616
0.765185 0.479616
0.765284 0.479381
0.765384 0.479147
0.765484 0.479147
0.765583 0.478913
0.765683 0.478679
0.765783 0.478210
0.765883 0.478210
0.765982 0.478210
0.766082 0.477976
0.766182 0.477976
0.766282 0.477507
0.766381 0.477507
0.766481 0.477273
0.766581 0.477273
0.766680 0.477038
0.766780 0.477038
0.766880 0.477038
0.766980 0.477038
0.767079 0.476804
0.767179 0.476570
0.767279 0.476570
0.767379 0.475867
0.767478 0.475867
0.767578 0.475164
0.767678 0.475164
0.767777 0.475164
0.767877 0.475164
0.767977 0.475164
0.768077 0.475164
0.768176 0.475164
0.768276 0.474930
0.768376 0.474695
0.768476 0.474695
0.768575 0.474227
0.768675 0.474227
0.768775 0.473524
0.768874 0.473290
0.768974 0.473290
0.769074 0.473290
0.769174 0.473290
0.769273 0.473290
0.769373 0.473290
0.769473 0.473290
0.769573 0.472821
0.769672 0.472587
0.769772 0.472587
0.769872 0.472352
0.769971 0.471884
0.770071 0.471649
0.770171 0.471649
0.770271 0.471649
0.770370 0.471649
0.770470 0.471415
0.770570 0.471415
0.770670 0.471415
0.770769 0.471181
0.770869 0.471181
0.770969 0.471181
0.771068 0.470947
0.771168 0.470947
0.771268 0.470478
0.771368 0.470009
0.771467 0.470009
0.771567 0.470009
0.771667 0.470009
0.771767 0.470009
0.771866 0.470009
0.771966 0.470009
0.772066 0.470009
0.772165 0.469775
0.772265 0.469541
0.772365 0.469541
0.772465 0.469541
0.772564 0.469306
0.772664 0.469072
0.772764 0.469072
0.772864 0.468604
0.772963 0.468369
0.773063 0.468369
0.773163 0.467901
0.773262 0.467666
0.773362 0.467432
0.773462 0.467198
0.773562 0.466963
0.773661 0.466729
0.773761 0.466729
0.773861 0.466729
0.773961 0.466261
0.774060 0.466261
0.774160 0.466261
0.774260 0.466026
0.774359 0.466026
0.774459 0.465558
0.774559 0.465323
0.774659 0.465323
0.774758 0.465089
0.774858 0.465089
0.774958 0.464620
0.775058 0.464620
0.775157 0.464620
0.775257 0.463683
0.775357 0.463683
0.775456 0.463683
0.775556 0.463449
0.775656 0.463215
0.775756 0.463215
0.775855 0.462746
0.775955 0.462746
0.776055 0.462512
0.776155 0.462512
0.776254 0.462043
0.776354 0.462043
0.776454 0.461809
0.776553 0.461575
0.776653 0.461575
0.776753 0.461340
0.776853 0.461106
0.776952 0.460872
0.777052 0.460637
0.777152 0.460403
0.777252 0.460403
0.777351 0.460403
0.777451 0.460403
0.777551 0.460403
0.777650 0.460403
0.777750 0.460403
0.777850 0.460403
0.777950 0.460169
0.778049 0.459934
0.778149 0.459700
0.778249 0.459466
0.778349 0.459466
0.778448 0.459466
0.778548 0.459231
0.778648 0.459231
0.778747 0.459231
0.778847 0.458997
0.778947 0.458997
0.779047 0.458763
0.779146 0.458529
0.779246 0.458294
0.779346 0.458294
0.779446 0.458294
0.779545 0.458294
0.779645 0.458294
0.779745 0.458060
0.779844 0.458060
0.779944 0.458060
0.780044 0.458060
0.780144 0.457826
0.780243 0.457826
0.780343 0.457826
0.780443 0.457591
0.780543 0.457591
0.780642 0.457591
0.780742 0.457357
0.780842 0.457123
0.780941 0.457123
0.781041 0.456888
0.781141 0.455951
0.781241 0.455951
0.781340 0.455717
0.781440 0.455483
0.781540 0.455248
0.781640 0.455014
0.781739 0.454780
0.781839 0.454780
0.781939 0.454545
0.782038 0.454545
0.782138 0.454545
0.782238 0.454545
0.782338 0.454311
0.782437 0.454311
0.782537 0.454311
0.782637 0.453843
0.782737 0.453608
0.782836 0.453374
0.782936 0.453374
0.783036 0.453374
0.783135 0.453374
0.783235 0.453140
0.783335 0.453140
0.783435 0.453140
0.783534 0.453140
0.783634 0.452905
0.783734 0.452671
0.783834 0.452671
0.783933 0.452671
0.784033 0.452671
0.784133 0.452671
0.784232 0.452671
0.784332 0.452671
0.784432 0.451968
0.784532 0.451968
0.784631 0.451734
0.784731 0.451734
0.784831 0.451734
0.784931 0.451500
0.785030 0.451265
0.785130 0.451265
0.785230 0.450797
0.785329 0.450797
0.785429 0.450797
0.785529 0.450797
0.785629 0.450562
0.785728 0.450562
0.785828 0.450328
0.785928 0.450328
0.786028 0.449859
0.786127 0.449859
0.786227 0.449859
0.786327 0.449859
0.786426 0.449859
0.786526 0.449625
0.786626 0.449625
0.786726 0.449391
0.786825 0.449157
0.786925 0.448922
0.787025 0.448922
0.787125 0.448922
0.787224 0.448688
0.787324 0.448688
0.787424 0.448688
0.787523 0.448688
0.787623 0.448688
0.787723 0.448454
0.787823 0.448454
0.787922 0.448454
0.788022 0.448454
0.788122 0.448454
0.788222 0.448454
0.788321 0.448219
0.788421 0.448219
0.788521 0.448219
0.788620 0.448219
0.788720 0.448219
0.788820 0.448219
0.788920 0.448219
0.789019 0.448219
0.789119 0.448219
0.789219 0.447985
0.789319 0.447985
0.789418 0.447985
0.789518 0.447516
0.789618 0.447516
0.789717 0.447516
0.789817 0.447516
0.789917 0.447516
0.790017 0.447048
0.790116 0.446813
0.790216 0.446813
0.790316 0.446345
0.790416 0.446111
0.790515 0.445876
0.790615 0.445642
0.790715 0.445408
0.790814 0.445408
0.790914 0.445173
0.791014 0.444705
0.791114 0.444705
0.791213 0.444470
0.791313 0.444470
0.791413 0.444236
0.791513 0.443768
0.791612 0.443533
0.791712 0.443299
0.791812 0.443299
0.791911 0.443065
0.792011 0.442830
0.792111 0.442596
0.792211 0.442596
0.792310 0.442362
0.792410 0.442362
0.792510 0.442127
0.792610 0.442127
0.792709 0.442127
0.792809 0.442127
0.792909 0.441893
0.793008 0.441893
0.793108 0.441425
0.793208 0.441425
0.793308 0.441425
0.793407 0.441425
0.793507 0.441425
0.793607 0.441425
0.793707 0.441425
0.793806 0.441425
0.793906 0.441190
0.794006 0.441190
0.794105 0.441190
0.794205 0.441190
0.794305 0.441190
0.794405 0.441190
0.794504 0.441190
0.794604 0.441190
0.794704 0.441190
0.794804 0.441190
0.794903 0.440722
0.795003 0.440722
0.795103 0.440722
0.795202 0.440722
0.795302 0.440487
0.795402 0.440487
0.795502 0.440487
0.795601 0.440253
0.795701 0.440019
0.795801 0.440019
0.795901 0.439550
0.796000 0.439316
0.796100 0.439316
0.796200 0.439082
0.796299 0.439082
0.796399 0.439082
0.796499 0.438847
0.796599 0.438847
0.796698 0.438847
0.796798 0.438613
0.796898 0.438613
0.796998 0.438144
0.797097 0.437910
0.797197 0.437910
0.797297 0.437676
0.797396 0.437676
0.797496 0.437676
0.797596 0.437676
0.797696 0.437207
0.797795 0.437207
0.797895 0.436973
0.797995 0.436973
0.798095 0.436973
0.798194 0.436739
0.798294 0.436739
0.798394 0.436739
0.798493 0.436739
0.798593 0.436036
0.798693 0.435801
0.798793 0.435801
0.798892 0.435567
0.798992 0.435333
0.799092 0.434864
0.799192 0.434630
0.799291 0.434630
0.799391 0.434630
0.799491 0.434630
0.799590 0.434630
0.799690 0.434161
0.799790 0.433927
0.799890 0.433693
0.799989 0.433693
0.800089 0.433693
0.800189 0.433693
0.800289 0.433693
0.800388 0.433458
0.800488 0.433458
0.800588 0.433224
0.800687 0.432990
0.800787 0.432287
0.800887 0.432287
0.800987 0.432287
0.801086 0.432287
0.801186 0.432287
0.801286 0.432287
0.801386 0.432287
0.801485 0.431818
0.801585 0.431818
0.801685 0.431818
0.801784 0.431584
0.801884 0.431584
0.801984 0.431350
0.802084 0.431115
0.802183 0.430881
0.802283 0.430881
0.802383 0.430881
0.802483 0.430647
0.802582 0.430412
0.802682 0.430178
0.802782 0.429944
0.802881 0.429709
0.802981 0.429241
0.803081 0.429007
0.803181 0.428772
0.803280 0.428772
0.803380 0.428772
0.803480 0.428772
0.803580 0.428772
0.803679 0.428772
0.803779 0.428772
0.803879 0.428772
0.803978 0.428772
0.804078 0.428772
0.804178 0.428772
0.804278 0.428772
0.804377 0.428304
0.804477 0.428304
0.804577 0.428304
0.804677 0.428069
0.804776 0.428069
0.804876 0.427835
0.804976 0.427835
0.805075 0.427601
0.805175 0.427366
0.805275 0.427132
0.805375 0.427132
0.805474 0.427132
0.805574 0.427132
0.805674 0.426898
0.805774 0.426898
0.805873 0.426898
0.805973 0.426898
0.806073 0.426898
0.806172 0.426898
0.806272 0.426898
0.806372 0.426664
0.806472 0.426429
0.806571 0.426429
0.806671 0.426195
0.806771 0.426195
0.806871 0.425961
0.806970 0.425961
0.807070 0.425492
0.807170 0.425492
0.807269 0.425492
0.807369 0.425492
0.807469 0.425258
0.807569 0.425258
0.807668 0.425023
0.807768 0.424789
0.807868 0.424789
0.807968 0.424789
0.808067 0.424789
0.808167 0.424555
0.808267 0.424321
0.808366 0.424321
0.808466 0.424086
0.808566 0.424086
0.808666 0.423852
0.808765 0.423852
0.808865 0.423852
0.808965 0.423852
0.809065 0.423852
0.809164 0.423852
0.809264 0.423852
0.809364 0.423852
0.809463 0.423852
0.809563 0.423618
0.809663 0.423618
0.809763 0.423618
0.809862 0.423618
0.809962 0.423618
0.810062 0.423383
0.810162 0.423149
0.810261 0.423149
0.810361 0.423149
0.810461 0.423149
0.810560 0.422915
0.810660 0.422915
0.810760 0.422680
0.810860 0.422680
0.810959 0.422446
0.811059 0.422446
0.811159 0.422446
0.811259 0.422446
0.811358 0.422212
0.811458 0.421978
0.811558 0.421509
0.811657 0.421509
0.811757 0.421040
0.811857 0.420806
0.811957 0.420806
0.812056 0.420572
0.812156 0.420572
0.812256 0.420337
0.812356 0.420103
0.812455 0.420103
0.812555 0.419166
0.812655 0.419166
0.812754 0.418932
0.812854 0.418463
0.812954 0.418463
0.813054 0.418463
0.813153 0.418463
0.813253 0.418463
0.813353 0.418229
0.813453 0.417760
0.813552 0.417760
0.813652 0.417291
0.813752 0.417057
0.813851 0.417057
0.813951 0.417057
0.814051 0.417057
0.814151 0.416823
0.814250 0.416589
0.814350 0.416589
0.814450 0.416120
0.814550 0.416120
0.814649 0.415886
0.814749 0.415417
0.814849 0.415183
0.814948 0.415183
0.815048 0.414480
0.815148 0.414246
0.815248 0.413777
0.815347 0.413777
0.815447 0.413777
0.815547 0.413777
0.815647 0.413308
0.815746 0.413308
0.815846 0.413074
0.815946 0.412371
0.816045 0.412137
0.816145 0.411903
0.816245 0.411903
0.816345 0.411668
0.816444 0.411668
0.816544 0.411668
0.816644 0.411668
0.816744 0.411668
0.816843 0.411434
0.816943 0.411200
0.817043 0.410965
0.817142 0.410731
0.817242 0.410497
0.817342 0.410262
0.817442 0.410262
0.817541 0.410028
0.817641 0.409794
0.817741 0.409794
0.817841 0.409794
0.817940 0.409794
0.818040 0.409325
0.818140 0.409325
0.818239 0.409091
0.818339 0.409091
0.818439 0.408857
0.818539 0.408857
0.818638 0.408388
0.818738 0.408154
0.818838 0.408154
0.818938 0.408154
0.819037 0.408154
0.819137 0.408154
0.819237 0.407919
0.819336 0.407919
0.819436 0.407919
0.819536 0.407919
0.819636 0.407451
0.819735 0.407451
0.819835 0.407451
0.819935 0.407451
0.820035 0.407451
0.820134 0.407451
0.820234 0.407451
0.820334 0.406982
0.820433 0.406748
0.820533 0.406748
0.820633 0.406279
0.820733 0.406279
0.820832 0.406279
0.820932 0.406045
0.821032 0.406045
0.821132 0.406045
0.821231 0.406045
0.821331 0.406045
0.821431 0.405811
0.821530 0.405342
0.821630 0.405108
0.821730 0.405108
0.821830 0.404639
0.821929 0.404405
0.822029 0.404171
0.822129 0.404171
0.822229 0.404171
0.822328 0.403936
0.822428 0.403936
0.822528 0.403936
0.822627 0.403936
0.822727 0.403468
0.822827 0.403468
0.822927 0.403468
0.823026 0.403468
0.823126 0.402999
0.823226 0.402765
0.823326 0.402765
0.823425 0.402062
0.823525 0.401593
0.823625 0.401593
0.823724 0.401593
0.823824 0.401359
0.823924 0.400890
0.824024 0.400187
0.824123 0.399953
0.824223 0.399485
0.824323 0.399250
0.824423 0.399250
0.824522 0.398782
0.824622 0.398782
0.824722 0.398782
0.824821 0.398782
0.824921 0.398782
0.825021 0.398547
0.825121 0.398079
0.825220 0.398079
0.825320 0.398079
0.825420 0.398079
0.825520 0.397610
0.825619 0.397610
0.825719 0.397376
0.825819 0.397376
0.825918 0.397142
0.826018 0.396907
0.826118 0.396907
0.826218 0.396907
0.826317 0.396439
0.826417 0.396204
0.826517 0.396204
0.826616 0.396204
0.826716 0.395736
0.826816 0.395501
0.826916 0.395501
0.827015 0.395267
0.827115 0.395033
0.827215 0.395033
0.827315 0.394564
0.827414 0.394564
0.827514 0.394330
0.827614 0.394330
0.827713 0.394096
0.827813 0.394096
0.827913 0.394096
0.828013 0.393861
0.828112 0.393861
0.828212 0.393158
0.828312 0.392924
0.828412 0.392924
0.828511 0.392924
0.828611 0.392924
0.828711 0.392924
0.828810 0.392924
0.828910 0.392924
0.829010 0.392690
0.829110 0.392455
0.829209 0.392455
0.829309 0.392221
0.829409 0.391987
0.829509 0.391753
0.829608 0.391753
0.829708 0.391753
0.829808 0.391753
0.829907 0.391518
0.830007 0.391518
0.830107 0.391284
0.830207 0.391284
0.830306 0.391050
0.830406 0.390815
0.830506 0.390815
0.830606 0.390815
0.830705 0.390815
0.830805 0.390347
0.830905 0.390112
0.831004 0.389878
0.831104 0.389878
0.831204 0.389644
0.831304 0.389410
0.831403 0.389175
0.831503 0.388941
0.831603 0.388238
0.831703 0.388004
0.831802 0.388004
0.831902 0.387535
0.832002 0.387301
0.832101 0.387301
0.832201 0.387301
0.832301 0.387067
0.832401 0.387067
0.832500 0.387067
0.832600 0.386832
0.832700 0.386598
0.832800 0.386129
0.832899 0.386129
0.832999 0.386129
0.833099 0.386129
0.833198 0.386129
0.833298 0.385661
0.833398 0.385192
0.833498 0.385192
0.833597 0.384958
0.833697 0.384958
0.833797 0.384958
0.833897 0.384958
0.833996 0.384958
0.834096 0.384958
0.834196 0.384724
0.834295 0.384724
0.834395 0.384724
0.834495 0.384724
0.834595 0.384255
0.834694 0.384255
0.834794 0.383786
0.834894 0.383552
0.834994 0.383318
0.835093 0.383318
0.835193 0.383318
0.835293 0.383318
0.835392 0.383318
0.835492 0.383318
0.835592 0.383318
0.835692 0.383318
0.835791 0.383083
0.835891 0.383083
0.835991 0.383083
0.836091 0.382849
0.836190 0.382849
0.836290 0.382849
0.836390 0.382849
0.836489 0.382849
0.836589 0.382849
0.836689 0.382146
0.836789 0.381912
0.836888 0.381678
0.836988 0.381443
0.837088 0.381443
0.837188 0.381443
0.837287 0.381443
0.837387 0.380975
0.837487 0.380740
0.837586 0.380740
0.837686 0.380740
0.837786 0.380740
0.837886 0.380740
0.837985 0.380740
0.838085 0.380506
0.838185 0.380506
0.838285 0.380272
0.838384 0.380272
0.838484 0.380037
0.838584 0.380037
0.838683 0.380037
0.838783 0.379335
0.838883 0.379100
0.838983 0.379100
0.839082 0.379100
0.839182 0.379100
0.839282 0.379100
0.839382 0.378866
0.839481 0.378866
0.839581 0.378632
0.839681 0.378397
0.839780 0.378163
0.839880 0.378163
0.839980 0.378163
0.840080 0.378163
0.840179 0.377929
0.840279 0.377694
0.840379 0.377460
0.840479 0.377226
0.840578 0.377226
0.840678 0.376757
0.840778 0.376289
0.840877 0.375820
0.840977 0.375117
0.841077 0.375117
0.841177 0.375117
0.841276 0.375117
0.841376 0.375117
0.841476 0.375117
0.841576 0.374883
0.841675 0.374883
0.841775 0.374414
0.841875 0.374414
0.841974 0.374414
0.842074 0.373946
0.842174 0.373946
0.842274 0.373711
0.842373 0.373711
0.842473 0.373477
0.842573 0.373477
0.842673 0.373477
0.842772 0.373008
0.842872 0.373008
0.842972 0.373008
0.843071 0.373008
0.843171 0.372774
0.843271 0.372774
0.843371 0.372540
0.843470 0.372540
0.843570 0.372540
0.843670 0.372540
0.843770 0.372306
0.843869 0.372071
0.843969 0.371603
0.844069 0.371368
0.844168 0.371368
0.844268 0.371134
0.844368 0.371134
0.844468 0.371134
0.844567 0.371134
0.844667 0.371134
0.844767 0.371134
0.844867 0.370900
0.844966 0.370900
0.845066 0.370665
0.845166 0.370431
0.845265 0.370431
0.845365 0.369963
0.845465 0.369963
0.845565 0.369494
0.845664 0.369494
0.845764 0.369494
0.845864 0.369494
0.845964 0.369494
0.846063 0.369494
0.846163 0.369494
0.846263 0.369494
0.846362 0.369494
0.846462 0.369260
0.846562 0.369025
0.846662 0.368791
0.846761 0.368791
0.846861 0.368791
0.846961 0.368557
0.847061 0.368322
0.847160 0.368088
0.847260 0.368088
0.847360 0.367854
0.847459 0.367854
0.847559 0.367385
0.847659 0.367385
0.847759 0.367385
0.847858 0.366917
0.847958 0.366448
0.848058 0.366214
0.848158 0.366214
0.848257 0.366214
0.848357 0.365979
0.848457 0.365979
0.848556 0.365745
0.848656 0.365511
0.848756 0.365511
0.848856 0.365511
0.848955 0.365511
0.849055 0.365511
0.849155 0.365276
0.849255 0.365042
0.849354 0.364574
0.849454 0.364339
0.849554 0.364339
0.849653 0.364339
0.849753 0.364105
0.849853 0.364105
0.849953 0.364105
0.850052 0.364105
0.850152 0.364105
0.850252 0.363871
0.850352 0.363871
0.850451 0.363871
0.850551 0.363636
0.850651 0.363636
0.850750 0.363636
0.850850 0.363402
0.850950 0.363402
0.851050 0.363402
0.851149 0.363402
0.851249 0.363402
0.851349 0.363168
0.851449 0.363168
0.851548 0.363168
0.851648 0.363168
0.851748 0.362933
0.851847 0.362933
0.851947 0.362699
0.852047 0.362699
0.852147 0.362699
0.852246 0.362699
0.852346 0.362231
0.852446 0.361762
0.852546 0.361059
0.852645 0.360825
0.852745 0.360590
0.852845 0.360356
0.852944 0.360356
0.853044 0.360122
0.853144 0.359185
0.853244 0.358950
0.853343 0.358247
0.853443 0.358247
0.853543 0.358247
0.853643 0.358013
0.853742 0.358013
0.853842 0.357779
0.853942 0.357076
0.854041 0.356842
0.854141 0.356842
0.854241 0.356607
0.854341 0.356607
0.854440 0.356139
0.854540 0.356139
0.854640 0.355904
0.854740 0.355904
0.854839 0.355904
0.854939 0.355436
0.855039 0.355201
0.855138 0.355201
0.855238 0.354967
0.855338 0.354499
0.855438 0.354264
0.855537 0.354030
0.855637 0.354030
0.855737 0.354030
0.855837 0.353561
0.855936 0.353561
0.856036 0.353327
0.856136 0.353327
0.856235 0.352624
0.856335 0.352390
0.856435 0.351921
0.856535 0.351921
0.856634 0.351921
0.856734 0.351921
0.856834 0.351921
0.856934 0.351687
0.857033 0.351453
0.857133 0.351218
0.857233 0.350984
0.857332 0.350750
0.857432 0.350515
0.857532 0.350515
0.857632 0.350515
0.857731 0.350047
0.857831 0.349578
0.857931 0.349578
0.858031 0.349344
0.858130 0.348641
0.858230 0.347938
0.858330 0.347470
0.858429 0.347470
0.858529 0.347470
0.858629 0.347470
0.858729 0.347470
0.858828 0.347235
0.858928 0.347235
0.859028 0.347001
0.859128 0.346767
0.859227 0.346767
0.859327 0.346298
0.859427 0.346298
0.859526 0.345829
0.859626 0.345595
0.859726 0.345595
0.859826 0.345127
0.859925 0.345127
0.860025 0.345127
0.860125 0.345127
0.860225 0.345127
0.860324 0.344658
0.860424 0.344658
0.860524 0.344424
0.860623 0.344189
0.860723 0.343955
0.860823 0.343955
0.860923 0.343955
0.861022 0.343955
0.861122 0.343721
0.861222 0.343486
0.861322 0.343252
0.861421 0.342549
0.861521 0.342549
0.861621 0.342315
0.861720 0.342081
0.861820 0.342081
0.861920 0.341846
0.862020 0.341378
0.862119 0.341378
0.862219 0.341143
0.862319 0.340909
0.862419 0.340909
0.862518 0.340440
0.862618 0.340440
0.862718 0.340440
0.862817 0.340206
0.862917 0.340206
0.863017 0.339972
0.863117 0.339269
0.863216 0.339035
0.863316 0.338332
0.863416 0.338097
0.863516 0.338097
0.863615 0.338097
0.863715 0.337863
0.863815 0.337629
0.863914 0.337629
0.864014 0.337629
0.864114 0.337629
0.864214 0.337629
0.864313 0.337629
0.864413 0.337629
0.864513 0.337629
0.864613 0.337629
0.864712 0.337629
0.864812 0.337629
0.864912 0.337395
0.865011 0.337395
0.865111 0.337395
0.865211 0.337395
0.865311 0.337395
0.865410 0.337395
0.865510 0.337160
0.865610 0.336926
0.865710 0.336926
0.865809 0.336926
0.865909 0.336926
0.866009 0.336926
0.866108 0.336926
0.866208 0.336926
0.866308 0.336926
0.866408 0.336926
0.866507 0.336926
0.866607 0.336926
0.866707 0.336926
0.866807 0.336692
0.866906 0.336457
0.867006 0.336457
0.867106 0.335989
0.867205 0.335754
0.867305 0.335286
0.867405 0.335286
0.867505 0.334817
0.867604 0.333880
0.867704 0.333880
0.867804 0.333880
0.867904 0.333880
0.868003 0.333880
0.868103 0.333880
0.868203 0.333880
0.868302 0.333411
0.868402 0.333411
0.868502 0.333177
0.868602 0.333177
0.868701 0.333177
0.868801 0.332943
0.868901 0.332709
0.869001 0.332474
0.869100 0.332474
0.869200 0.332240
0.869300 0.332006
0.869399 0.332006
0.869499 0.331537
0.869599 0.331303
0.869699 0.331303
0.869798 0.331303
0.869898 0.330366
0.869998 0.330366
0.870098 0.330131
0.870197 0.329897
0.870297 0.329897
0.870397 0.329428
0.870496 0.329428
0.870596 0.329194
0.870696 0.329194
0.870796 0.329194
0.870895 0.329194
0.870995 0.329194
0.871095 0.328725
0.871195 0.328257
0.871294 0.327554
0.871394 0.327085
0.871494 0.327085
0.871593 0.326851
0.871693 0.326617
0.871793 0.326382
0.871893 0.326148
0.871992 0.325914
0.872092 0.325914
0.872192 0.325914
0.872292 0.325679
0.872391 0.325445
0.872491 0.325211
0.872591 0.324977
0.872690 0.324977
0.872790 0.324742
0.872890 0.324274
0.872990 0.324274
0.873089 0.324039
0.873189 0.323571
0.873289 0.323571
0.873389 0.323571
0.873488 0.323571
0.873588 0.323336
0.873688 0.323102
0.873787 0.323102
0.873887 0.323102
0.873987 0.322634
0.874087 0.322399
0.874186 0.322165
0.874286 0.321931
0.874386 0.321696
0.874486 0.321228
0.874585 0.320993
0.874685 0.320525
0.874785 0.320525
0.874884 0.320056
0.874984 0.320056
0.875084 0.320056
0.875184 0.320056
0.875283 0.319822
0.875383 0.319822
0.875483 0.319119
0.875583 0.319119
0.875682 0.319119
0.875782 0.318885
0.875882 0.318650
0.875981 0.318650
0.876081 0.318650
0.876181 0.318182
0.876281 0.318182
0.876380 0.318182
0.876480 0.318182
0.876580 0.318182
0.876680 0.317948
0.876779 0.317010
0.876879 0.317010
0.876979 0.317010
0.877078 0.317010
0.877178 0.317010
0.877278 0.316776
0.877378 0.316776
0.877477 0.316542
0.877577 0.316542
0.877677 0.316307
0.877777 0.316307
0.877876 0.316073
0.877976 0.315839
0.878076 0.315839
0.878175 0.315370
0.878275 0.315136
0.878375 0.315136
0.878475 0.314902
0.878574 0.314667
0.878674 0.314433
0.878774 0.314433
0.878874 0.314433
0.878973 0.314433
0.879073 0.314433
0.879173 0.314433
0.879272 0.314433
0.879372 0.314433
0.879472 0.314433
0.879572 0.313730
0.879671 0.313730
0.879771 0.313730
0.879871 0.313027
0.879971 0.313027
0.880070 0.313027
0.880170 0.312793
0.880270 0.312559
0.880369 0.312324
0.880469 0.312090
0.880569 0.312090
0.880669 0.312090
0.880768 0.311387
0.880868 0.311387
0.880968 0.311387
0.881068 0.311387
0.881167 0.311153
0.881267 0.311153
0.881367 0.310918
0.881466 0.310684
0.881566 0.310684
0.881666 0.310450
0.881766 0.310450
0.881865 0.310216
0.881965 0.310216
0.882065 0.309747
0.882165 0.309747
0.882264 0.309747
0.882364 0.309513
0.882464 0.309278
0.882563 0.309044
0.882663 0.308575
0.882763 0.308107
0.882863 0.308107
0.882962 0.307638
0.883062 0.307638
0.883162 0.307170
0.883262 0.307170
0.883361 0.307170
0.883461 0.306935
0.883561 0.306701
0.883660 0.306467
0.883760 0.306467
0.883860 0.306467
0.883960 0.306467
0.884059 0.306232
0.884159 0.306232
0.884259 0.305764
0.884359 0.305530
0.884458 0.305530
0.884558 0.305530
0.884658 0.305530
0.884757 0.305530
0.884857 0.305061
0.884957 0.304827
0.885057 0.304358
0.885156 0.303655
0.885256 0.303655
0.885356 0.303187
0.885456 0.302952
0.885555 0.302952
0.885655 0.302484
0.885755 0.302249
0.885854 0.302015
0.885954 0.302015
0.886054 0.302015
0.886154 0.301781
0.886253 0.301546
0.886353 0.300843
0.886453 0.300843
0.886553 0.300843
0.886652 0.300609
0.886752 0.300375
0.886852 0.300141
0.886951 0.300141
0.887051 0.299672
0.887151 0.299438
0.887251 0.299438
0.887350 0.299203
0.887450 0.298969
0.887550 0.298969
0.887650 0.298735
0.887749 0.298735
0.887849 0.298735
0.887949 0.298266
0.888048 0.297798
0.888148 0.297095
0.888248 0.297095
0.888348 0.296860
0.888447 0.296860
0.888547 0.296626
0.888647 0.296626
0.888747 0.296626
0.888846 0.296626
0.888946 0.296157
0.889046 0.296157
0.889145 0.295923
0.889245 0.295923
0.889345 0.295689
0.889445 0.295455
0.889544 0.295220
0.889644 0.294986
0.889744 0.294986
0.889844 0.294986
0.889943 0.294986
0.890043 0.294986
0.890143 0.294986
0.890242 0.294986
0.890342 0.294986
0.890442 0.294752
0.890542 0.294752
0.890641 0.294752
0.890741 0.294517
0.890841 0.294283
0.890941 0.294049
0.891040 0.293580
0.891140 0.293580
0.891240 0.293346
0.891339 0.293112
0.891439 0.293112
0.891539 0.292643
0.891639 0.292643
0.891738 0.292409
0.891838 0.291706
0.891938 0.291706
0.892038 0.291471
0.892137 0.291471
0.892237 0.291471
0.892337 0.291471
0.892436 0.291471
0.892536 0.291237
0.892636 0.291003
0.892736 0.290534
0.892835 0.290534
0.892935 0.290300
0.893035 0.290066
0.893135 0.289597
0.893234 0.289597
0.893334 0.289363
0.893434 0.289363
0.893533 0.289128
0.893633 0.288894
0.893733 0.288894
0.893833 0.288660
0.893932 0.288660
0.894032 0.288425
0.894132 0.288191
0.894232 0.288191
0.894331 0.287957
0.894431 0.287957
0.894531 0.287723
0.894630 0.287723
0.894730 0.287723
0.894830 0.287723
0.894930 0.287488
0.895029 0.287020
0.895129 0.287020
0.895229 0.287020
0.895329 0.286785
0.895428 0.286551
0.895528 0.286317
0.895628 0.286082
0.895727 0.285848
0.895827 0.285380
0.895927 0.285145
0.896027 0.285145
0.896126 0.284677
0.896226 0.284442
0.896326 0.283974
0.896426 0.283505
0.896525 0.283271
0.896625 0.283271
0.896725 0.283037
0.896824 0.282568
0.896924 0.282568
0.897024 0.282334
0.897124 0.282099
0.897223 0.282099
0.897323 0.282099
0.897423 0.282099
0.897523 0.281631
0.897622 0.281631
0.897722 0.281631
0.897822 0.281396
0.897921 0.281162
0.898021 0.281162
0.898121 0.280928
0.898221 0.280928
0.898320 0.280928
0.898420 0.280928
0.898520 0.280928
0.898620 0.280459
0.898719 0.280225
0.898819 0.279756
0.898919 0.279756
0.899018 0.279522
0.899118 0.279522
0.899218 0.279522
0.899318 0.279522
0.899417 0.279522
0.899517 0.279522
0.899617 0.279288
0.899717 0.279288
0.899816 0.279288
0.899916 0.279288
0.900016 0.279288
0.900115 0.279288
0.900215 0.279288
0.900315 0.278585
0.900415 0.278351
0.900514 0.278351
0.900614 0.277882
0.900714 0.277882
0.900814 0.277648
0.900913 0.277648
0.901013 0.277179
0.901113 0.276945
0.901212 0.276945
0.901312 0.276710
0.901412 0.276242
0.901512 0.275773
0.901611 0.274836
0.901711 0.274836
0.901811 0.274602
0.901911 0.274602
0.902010 0.274602
0.902110 0.274367
0.902210 0.273899
0.902309 0.273899
0.902409 0.273899
0.902509 0.273430
0.902609 0.273196
0.902708 0.272962
0.902808 0.272493
0.902908 0.272259
0.903008 0.272259
0.903107 0.272024
0.903207 0.271556
0.903307 0.270853
0.903406 0.270853
0.903506 0.270619
0.903606 0.270619
0.903706 0.270619
0.903805 0.270619
0.903905 0.270619
0.904005 0.270619
0.904105 0.270619
0.904204 0.270384
0.904304 0.270150
0.904404 0.270150
0.904503 0.270150
0.904603 0.269916
0.904703 0.269916
0.904803 0.269681
0.904902 0.269681
0.905002 0.269213
0.905102 0.269213
0.905202 0.269213
0.905301 0.268744
0.905401 0.268744
0.905501 0.268744
0.905600 0.268276
0.905700 0.268276
0.905800 0.267807
0.905900 0.267573
0.905999 0.267573
0.906099 0.267573
0.906199 0.267104
0.906299 0.267104
0.906398 0.266870
0.906498 0.266635
0.906598 0.266167
0.906697 0.266167
0.906797 0.266167
0.906897 0.265933
0.906997 0.265933
0.907096 0.265464
0.907196 0.265464
0.907296 0.265464
0.907396 0.265464
0.907495 0.265464
0.907595 0.265230
0.907695 0.265230
0.907794 0.264761
0.907894 0.264527
0.907994 0.264058
0.908094 0.264058
0.908193 0.264058
0.908293 0.263824
0.908393 0.263590
0.908493 0.263355
0.908592 0.263121
0.908692 0.262652
0.908792 0.262418
0.908891 0.262184
0.908991 0.261481
0.909091 0.261246
0.909191 0.261246
0.909290 0.261012
0.909390 0.260778
0.909490 0.260544
0.909590 0.260544
0.909689 0.260544
0.909789 0.260544
0.909889 0.260544
0.909988 0.260075
0.910088 0.260075
0.910188 0.259841
0.910288 0.259841
0.910387 0.259841
0.910487 0.259606
0.910587 0.259606
0.910687 0.259372
0.910786 0.258669
0.910886 0.258669
0.910986 0.258669
0.911085 0.258435
0.911185 0.258201
0.911285 0.257966
0.911385 0.257498
0.911484 0.257498
0.911584 0.257498
0.911684 0.257029
0.911784 0.257029
0.911883 0.257029
0.911983 0.256795
0.912083 0.256795
0.912182 0.256326
0.912282 0.256092
0.912382 0.255858
0.912482 0.255858
0.912581 0.255858
0.912681 0.255858
0.912781 0.255858
0.912881 0.255858
0.912980 0.255858
0.913080 0.255623
0.913180 0.255623
0.913279 0.255389
0.913379 0.254920
0.913479 0.254920
0.913579 0.254686
0.913678 0.254452
0.913778 0.254452
0.913878 0.254217
0.913978 0.253983
0.914077 0.253749
0.914177 0.253749
0.914277 0.253515
0.914376 0.253515
0.914476 0.253515
0.914576 0.253280
0.914676 0.253046
0.914775 0.252812
0.914875 0.252577
0.914975 0.252109
0.915075 0.252109
0.915174 0.252109
0.915274 0.251874
0.915374 0.251874
0.915473 0.251640
0.915573 0.251640
0.915673 0.251406
0.915773 0.251172
0.915872 0.250937
0.915972 0.250703
0.916072 0.250703
0.916172 0.250234
0.916271 0.250000
0.916371 0.250000
0.916471 0.250000
0.916570 0.250000
0.916670 0.250000
0.916770 0.249766
0.916870 0.249297
0.916969 0.249297
0.917069 0.248828
0.917169 0.248360
0.917269 0.248360
0.917368 0.248360
0.917468 0.248126
0.917568 0.247891
0.917667 0.247657
0.917767 0.247423
0.917867 0.247423
0.917967 0.247423
0.918066 0.247423
0.918166 0.247423
0.918266 0.247188
0.918366 0.247188
0.918465 0.247188
0.918565 0.246720
0.918665 0.246720
0.918764 0.246485
0.918864 0.246485
0.918964 0.246485
0.919064 0.246251
0.919163 0.246017
0.919263 0.246017
0.919363 0.245783
0.919463 0.245783
0.919562 0.245548
0.919662 0.245548
0.919762 0.245314
0.919861 0.245314
0.919961 0.245080
0.920061 0.245080
0.920161 0.244845
0.920260 0.244611
0.920360 0.244611
0.920460 0.244377
0.920560 0.244142
0.920659 0.244142
0.920759 0.244142
0.920859 0.244142
0.920958 0.244142
0.921058 0.244142
0.921158 0.244142
0.921258 0.244142
0.921357 0.243440
0.921457 0.243205
0.921557 0.242971
0.921657 0.242737
0.921756 0.242737
0.921856 0.242268
0.921956 0.242268
0.922055 0.242034
0.922155 0.241799
0.922255 0.241097
0.922355 0.241097
0.922454 0.241097
0.922554 0.241097
0.922654 0.240628
0.922754 0.240628
0.922853 0.240628
0.922953 0.240394
0.923053 0.239691
0.923152 0.238754
0.923252 0.238754
0.923352 0.238519
0.923452 0.238519
0.923551 0.238051
0.923651 0.237582
0.923751 0.237582
0.923851 0.237582
0.923950 0.237582
0.924050 0.237582
0.924150 0.237348
0.924249 0.237113
0.924349 0.237113
0.924449 0.236879
0.924549 0.236645
0.924648 0.236410
0.924748 0.236176
0.924848 0.235708
0.924948 0.235708
0.925047 0.235708
0.925147 0.235473
0.925247 0.235239
0.925346 0.234536
0.925446 0.234302
0.925546 0.233833
0.925646 0.233599
0.925745 0.232896
0.925845 0.232896
0.925945 0.232662
0.926045 0.232427
0.926144 0.232193
0.926244 0.231959
0.926344 0.231724
0.926443 0.231490
0.926543 0.231256
0.926643 0.230319
0.926743 0.230084
0.926842 0.229850
0.926942 0.229381
0.927042 0.229381
0.927142 0.229381
0.927241 0.228913
0.927341 0.228444
0.927441 0.228444
0.927540 0.228210
0.927640 0.228210
0.927740 0.228210
0.927840 0.228210
0.927939 0.227507
0.928039 0.227507
0.928139 0.227507
0.928239 0.226804
0.928338 0.226804
0.928438 0.226804
0.928538 0.226804
0.928637 0.226336
0.928737 0.226336
0.928837 0.226336
0.928937 0.226336
0.929036 0.225867
0.929136 0.225633
0.929236 0.225633
0.929336 0.225398
0.929435 0.225164
0.929535 0.224930
0.929635 0.224695
0.929734 0.224227
0.929834 0.223993
0.929934 0.223524
0.930034 0.223290
0.930133 0.223055
0.930233 0.222821
0.930333 0.222587
0.930433 0.222352
0.930532 0.221884
0.930632 0.221884
0.930732 0.221649
0.930831 0.221649
0.930931 0.221415
0.931031 0.221181
0.931131 0.221181
0.931230 0.221181
0.931330 0.220712
0.931430 0.220244
0.931530 0.219775
0.931629 0.219775
0.931729 0.219541
0.931829 0.219306
0.931928 0.219072
0.932028 0.219072
0.932128 0.218838
0.932228 0.218838
0.932327 0.218369
0.932427 0.218135
0.932527 0.217666
0.932627 0.217666
0.932726 0.217432
0.932826 0.217432
0.932926 0.217432
0.933025 0.217198
0.933125 0.217198
0.933225 0.216963
0.933325 0.216963
0.933424 0.216495
0.933524 0.216261
0.933624 0.216026
0.933724 0.215792
0.933823 0.215558
0.933923 0.215089
0.934023 0.215089
0.934122 0.215089
0.934222 0.215089
0.934322 0.215089
0.934422 0.215089
0.934521 0.214855
0.934621 0.214855
0.934721 0.214855
0.934821 0.214620
0.934920 0.214620
0.935020 0.214386
0.935120 0.214386
0.935219 0.214386
0.935319 0.214152
0.935419 0.214152
0.935519 0.214152
0.935618 0.213683
0.935718 0.213683
0.935818 0.213449
0.935918 0.213449
0.936017 0.213449
0.936117 0.213449
0.936217 0.213449
0.936316 0.213449
0.936416 0.213449
0.936516 0.213215
0.936616 0.213215
0.936715 0.213215
0.936815 0.212980
0.936915 0.212746
0.937015 0.212746
0.937114 0.212277
0.937214 0.212043
0.937314 0.212043
0.937413 0.212043
0.937513 0.211809
0.937613 0.211340
0.937713 0.210872
0.937812 0.210872
0.937912 0.210637
0.938012 0.210637
0.938112 0.210637
0.938211 0.210637
0.938311 0.210403
0.938411 0.210403
0.938510 0.210169
0.938610 0.209466
0.938710 0.209466
0.938810 0.209466
0.938909 0.209231
0.939009 0.208997
0.939109 0.208763
0.939209 0.208763
0.939308 0.208529
0.939408 0.208529
0.939508 0.208529
0.939607 0.208294
0.939707 0.208060
0.939807 0.207826
0.939907 0.207357
0.940006 0.207357
0.940106 0.207123
0.940206 0.206888
0.940306 0.206420
0.940405 0.206186
0.940505 0.206186
0.940605 0.205717
0.940704 0.205717
0.940804 0.205483
0.940904 0.205248
0.941004 0.205014
0.941103 0.204780
0.941203 0.204311
0.941303 0.203608
0.941403 0.203374
0.941502 0.202437
0.941602 0.201968
0.941702 0.201734
0.941801 0.201734
0.941901 0.201031
0.942001 0.201031
0.942101 0.200328
0.942200 0.200094
0.942300 0.199859
0.942400 0.199625
0.942500 0.199391
0.942599 0.199391
0.942699 0.199391
0.942799 0.199391
0.942898 0.199391
0.942998 0.198922
0.943098 0.198688
0.943198 0.198454
0.943297 0.198454
0.943397 0.198219
0.943497 0.197516
0.943597 0.197516
0.943696 0.197048
0.943796 0.197048
0.943896 0.196579
0.943995 0.196345
0.944095 0.196345
0.944195 0.196345
0.944295 0.196111
0.944394 0.196111
0.944494 0.195876
0.944594 0.195876
0.944694 0.195642
0.944793 0.195642
0.944893 0.195642
0.944993 0.195408
0.945092 0.195173
0.945192 0.194939
0.945292 0.194470
0.945392 0.194470
0.945491 0.194236
0.945591 0.194236
0.945691 0.193533
0.945791 0.193299
0.945890 0.193065
0.945990 0.193065
0.946090 0.193065
0.946189 0.192596
0.946289 0.192596
0.946389 0.192127
0.946489 0.192127
0.946588 0.191893
0.946688 0.191659
0.946788 0.191425
0.946888 0.191190
0.946987 0.190722
0.947087 0.190722
0.947187 0.190722
0.947286 0.190487
0.947386 0.190253
0.947486 0.190253
0.947586 0.190019
0.947685 0.190019
0.947785 0.189082
0.947885 0.188379
0.947985 0.188379
0.948084 0.188379
0.948184 0.188379
0.948284 0.188379
0.948383 0.188379
0.948483 0.187676
0.948583 0.187441
0.948683 0.187207
0.948782 0.186739
0.948882 0.186739
0.948982 0.186270
0.949082 0.185098
0.949181 0.184396
0.949281 0.184161
0.949381 0.183927
0.949480 0.183693
0.949580 0.182990
0.949680 0.182755
0.949780 0.182755
0.949879 0.182755
0.949979 0.182755
0.950079 0.182755
0.950179 0.182521
0.950278 0.182521
0.950378 0.182052
0.950478 0.181584
0.950577 0.181584
0.950677 0.180881
0.950777 0.180647
0.950877 0.180647
0.950976 0.180647
0.951076 0.180178
0.951176 0.179709
0.951276 0.179007
0.951375 0.178772
0.951475 0.178538
0.951575 0.178069
0.951674 0.178069
0.951774 0.177835
0.951874 0.177835
0.951974 0.177601
0.952073 0.177601
0.952173 0.177601
0.952273 0.177132
0.952373 0.177132
0.952472 0.177132
0.952572 0.177132
0.952672 0.177132
0.952771 0.177132
0.952871 0.176195
0.952971 0.175961
0.953071 0.175726
0.953170 0.175258
0.953270 0.175023
0.953370 0.174789
0.953470 0.174789
0.953569 0.174086
0.953669 0.173383
0.953769 0.173149
0.953868 0.172446
0.953968 0.172446
0.954068 0.172212
0.954168 0.171978
0.954267 0.171978
0.954367 0.171743
0.954467 0.171743
0.954567 0.171509
0.954666 0.171509
0.954766 0.171275
0.954866 0.171040
0.954965 0.170337
0.955065 0.170337
0.955165 0.169869
0.955265 0.169869
0.955364 0.169400
0.955464 0.168932
0.955564 0.168463
0.955664 0.168463
0.955763 0.168463
0.955863 0.168229
0.955963 0.167994
0.956062 0.167994
0.956162 0.167526
0.956262 0.167291
0.956362 0.167057
0.956461 0.167057
0.956561 0.166823
0.956661 0.165886
0.956761 0.165886
0.956860 0.165651
0.956960 0.165417
0.957060 0.165183
0.957159 0.164714
0.957259 0.164480
0.957359 0.164246
0.957459 0.163777
0.957558 0.163308
0.957658 0.163308
0.957758 0.162840
0.957858 0.162605
0.957957 0.162605
0.958057 0.162137
0.958157 0.162137
0.958256 0.161903
0.958356 0.161434
0.958456 0.161200
0.958556 0.161200
0.958655 0.161200
0.958755 0.161200
0.958855 0.161200
0.958955 0.160731
0.959054 0.160731
0.959154 0.160497
0.959254 0.160497
0.959353 0.160497
0.959453 0.160262
0.959553 0.160028
0.959653 0.159325
0.959752 0.159091
0.959852 0.158622
0.959952 0.158154
0.960052 0.157919
0.960151 0.157685
0.960251 0.157685
0.960351 0.156982
0.960450 0.156982
0.960550 0.156748
0.960650 0.156748
0.960750 0.156748
0.960849 0.156514
0.960949 0.155811
0.961049 0.155811
0.961149 0.155576
0.961248 0.155108
0.961348 0.154639
0.961448 0.153936
0.961547 0.153702
0.961647 0.153702
0.961747 0.153468
0.961847 0.152999
0.961946 0.152530
0.962046 0.152062
0.962146 0.152062
0.962246 0.152062
0.962345 0.151828
0.962445 0.151593
0.962545 0.151359
0.962644 0.151125
0.962744 0.150890
0.962844 0.150656
0.962944 0.150187
0.963043 0.149953
0.963143 0.149250
0.963243 0.149250
0.963343 0.149016
0.963442 0.149016
0.963542 0.148079
0.963642 0.147844
0.963741 0.147844
0.963841 0.147610
0.963941 0.147142
0.964041 0.147142
0.964140 0.146907
0.964240 0.146673
0.964340 0.145970
0.964440 0.144799
0.964539 0.144799
0.964639 0.144564
0.964739 0.144096
0.964838 0.143861
0.964938 0.143393
0.965038 0.143158
0.965138 0.142924
0.965237 0.142690
0.965337 0.142221
0.965437 0.141987
0.965537 0.141518
0.965636 0.141050
0.965736 0.141050
0.965836 0.141050
0.965935 0.140815
0.966035 0.140815
0.966135 0.140347
0.966235 0.139878
0.966334 0.139644
0.966434 0.138941
0.966534 0.138472
0.966634 0.137769
0.966733 0.137769
0.966833 0.137769
0.966933 0.137301
0.967032 0.137067
0.967132 0.136832
0.967232 0.136598
0.967332 0.136129
0.967431 0.135895
0.967531 0.135426
0.967631 0.135192
0.967731 0.135192
0.967830 0.134724
0.967930 0.134255
0.968030 0.134021
0.968129 0.133552
0.968229 0.133552
0.968329 0.133318
0.968429 0.133083
0.968528 0.133083
0.968628 0.132615
0.968728 0.131678
0.968828 0.131678
0.968927 0.131443
0.969027 0.131443
0.969127 0.130975
0.969226 0.130740
0.969326 0.130272
0.969426 0.129803
0.969526 0.129100
0.969625 0.128866
0.969725 0.128632
0.969825 0.128163
0.969925 0.127460
0.970024 0.126992
0.970124 0.126523
0.970224 0.126523
0.970323 0.125586
0.970423 0.125351
0.970523 0.125117
0.970623 0.124883
0.970722 0.124883
0.970822 0.124883
0.970922 0.124883
0.971022 0.124414
0.971121 0.124180
0.971221 0.123946
0.971321 0.123243
0.971420 0.121837
0.971520 0.121368
0.971620 0.121368
0.971720 0.121368
0.971819 0.120431
0.971919 0.120197
0.972019 0.120197
0.972119 0.119494
0.972218 0.119260
0.972318 0.119025
0.972418 0.119025
0.972517 0.119025
0.972617 0.118791
0.972717 0.118322
0.972817 0.117619
0.972916 0.116917
0.973016 0.116682
0.973116 0.116214
0.973216 0.115979
0.973315 0.115745
0.973415 0.115511
0.973515 0.115276
0.973614 0.114339
0.973714 0.114105
0.973814 0.113402
0.973914 0.113402
0.974013 0.113402
0.974113 0.112465
0.974213 0.111762
0.974313 0.111528
0.974412 0.111059
0.974512 0.110825
0.974612 0.110590
0.974711 0.110590
0.974811 0.110590
0.974911 0.110122
0.975011 0.109419
0.975110 0.108716
0.975210 0.108013
0.975310 0.107545
0.975410 0.107545
0.975509 0.106607
0.975609 0.105904
0.975709 0.105201
0.975808 0.104733
0.975908 0.104499
0.976008 0.104499
0.976108 0.104030
0.976207 0.103561
0.976307 0.103327
0.976407 0.103093
0.976507 0.103093
0.976606 0.102858
0.976706 0.102390
0.976806 0.102390
0.976905 0.101218
0.977005 0.100984
0.977105 0.100281
0.977205 0.100047
0.977304 0.099578
0.977404 0.099110
0.977504 0.098407
0.977604 0.098172
0.977703 0.097470
0.977803 0.097235
0.977903 0.097235
0.978002 0.096767
0.978102 0.096298
0.978202 0.096064
0.978302 0.095361
0.978401 0.095361
0.978501 0.095127
0.978601 0.094658
0.978701 0.094658
0.978800 0.094424
0.978900 0.093721
0.979000 0.093721
0.979099 0.093486
0.979199 0.092549
0.979299 0.091846
0.979399 0.091612
0.979498 0.091378
0.979598 0.091143
0.979698 0.089972
0.979798 0.089269
0.979897 0.089269
0.979997 0.089269
0.980097 0.088800
0.980196 0.088800
0.980296 0.088566
0.980396 0.088566
0.980496 0.088566
0.980595 0.088097
0.980695 0.087863
0.980795 0.087395
0.980895 0.087160
0.980994 0.086926
0.981094 0.086692
0.981194 0.085989
0.981293 0.085754
0.981393 0.085286
0.981493 0.084817
0.981593 0.084114
0.981692 0.082943
0.981792 0.082006
0.981892 0.081771
0.981992 0.081303
0.982091 0.080834
0.982191 0.080131
0.982291 0.079428
0.982390 0.078257
0.982490 0.078022
0.982590 0.077788
0.982690 0.077320
0.982789 0.077085
0.982889 0.076617
0.982989 0.076382
0.983089 0.075914
0.983188 0.075211
0.983288 0.074977
0.983388 0.074742
0.983487 0.074274
0.983587 0.073336
0.983687 0.072634
0.983787 0.072165
0.983886 0.071931
0.983986 0.071696
0.984086 0.071462
0.984186 0.070993
0.984285 0.070759
0.984385 0.070759
0.984485 0.070525
0.984584 0.070291
0.984684 0.070056
0.984784 0.069119
0.984884 0.068182
0.984983 0.066776
0.985083 0.066073
0.985183 0.065839
0.985283 0.065839
0.985382 0.065136
0.985482 0.064667
0.985582 0.064199
0.985681 0.062793
0.985781 0.061856
0.985881 0.061621
0.985981 0.061621
0.986080 0.060450
0.986180 0.059278
0.986280 0.059278
0.986380 0.059278
0.986479 0.057873
0.986579 0.057873
0.986679 0.057873
0.986778 0.056935
0.986878 0.056467
0.986978 0.056232
0.987078 0.055295
0.987177 0.055295
0.987277 0.054827
0.987377 0.054124
0.987477 0.053421
0.987576 0.052952
0.987676 0.052718
0.987776 0.052484
0.987875 0.051781
0.987975 0.051078
0.988075 0.050843
0.988175 0.050609
0.988274 0.050141
0.988374 0.049438
0.988474 0.048735
0.988574 0.048266
0.988673 0.047329
0.988773 0.046860
0.988873 0.046626
0.988972 0.046157
0.989072 0.045689
0.989172 0.044986
0.989272 0.044517
0.989371 0.043346
0.989471 0.042409
0.989571 0.042409
0.989671 0.041940
0.989770 0.041940
0.989870 0.041471
0.989970 0.040769
0.990069 0.038894
0.990169 0.038425
0.990269 0.036785
0.990369 0.036317
0.990468 0.035614
0.990568 0.034677
0.990668 0.033037
0.990768 0.032334
0.990867 0.031865
0.990967 0.031396
0.991067 0.031162
0.991166 0.030694
0.991266 0.029991
0.991366 0.029522
0.991466 0.028585
0.991565 0.027882
0.991665 0.027413
0.991765 0.026242
0.991865 0.026007
0.991964 0.026007
0.992064 0.025539
0.992164 0.025070
0.992263 0.024367
0.992363 0.023430
0.992463 0.022727
0.992563 0.022259
0.992662 0.021790
0.992762 0.021321
0.992862 0.020619
0.992962 0.020619
0.993061 0.019916
0.993161 0.018510
0.993261 0.018041
0.993360 0.016870
0.993460 0.016401
0.993560 0.016401
0.993660 0.016167
0.993759 0.014995
0.993859 0.014761
0.993959 0.014527
0.994059 0.014292
0.994158 0.013121
0.994258 0.012418
0.994358 0.012184
0.994457 0.011715
0.994557 0.010778
0.994657 0.010544
0.994757 0.010075
0.994856 0.009138
0.994956 0.008903
0.995056 0.008435
0.995156 0.007732
0.995255 0.007498
0.995355 0.007498
0.995455 0.007498
0.995554 0.007029
0.995654 0.007029
0.995754 0.006560
0.995854 0.006092
0.995953 0.005858
0.996053 0.005389
0.996153 0.004686
0.996253 0.004686
0.996352 0.004452
0.996452 0.003983
0.996552 0.003983
0.996651 0.003749
0.996751 0.003749
0.996851 0.003515
0.996951 0.003515
0.997050 0.003515
0.997150 0.003046
0.997250 0.003046
0.997350 0.002343
0.997449 0.001640
0.997549 0.001640
0.997649 0.001172
0.997748 0.001172
0.997848 0.000937
0.997948 0.000703
0.998048 0.000469
0.998147 0.000469
0.998247 0.000234
0.998347 0.000000
