# Threshold Efficiency
0.001174 0.999766
0.001274 0.999531
0.001374 0.999062
0.001473 0.998828
0.001573 0.998359
0.001673 0.998359
0.001773 0.998125
0.001872 0.997890
0.001972 0.997890
0.002072 0.997656
0.002171 0.997421
0.002271 0.997421
0.002371 0.997187
0.002471 0.996718
0.002570 0.996249
0.002670 0.995781
0.002770 0.994843
0.002870 0.994609
0.002969 0.993905
0.003069 0.993671
0.003169 0.993436
0.003268 0.992030
0.003368 0.991796
0.003468 0.991796
0.003568 0.990858
0.003667 0.990389
0.003767 0.990155
0.003867 0.990155
0.003967 0.989686
0.004066 0.989217
0.004166 0.988983
0.004266 0.988514
0.004365 0.987811
0.004465 0.986873
0.004565 0.986404
0.004665 0.986170
0.004764 0.985701
0.004864 0.985701
0.004964 0.985232
0.005064 0.984763
0.005163 0.984060
0.005263 0.983591
0.005363 0.983357
0.005462 0.983122
0.005562 0.982654
0.005662 0.982419
0.005762 0.981716
0.005861 0.981247
0.005961 0.981013
0.006061 0.980778
0.006161 0.980544
0.006260 0.980309
0.006360 0.980075
0.006460 0.979841
0.006559 0.978903
0.006659 0.978434
0.006759 0.978434
0.006859 0.977965
0.006958 0.977496
0.007058 0.977262
0.007158 0.976793
0.007258 0.976559
0.007357 0.976324
0.007457 0.976090
0.007557 0.975621
0.007656 0.975621
0.007756 0.975152
0.007856 0.974684
0.007956 0.974684
0.008055 0.974215
0.008155 0.973511
0.008255 0.973277
0.008355 0.973043
0.008454 0.972808
0.008554 0.972808
0.008654 0.972808
0.008753 0.972339
0.008853 0.972105
0.008953 0.972105
0.009053 0.971871
0.009152 0.971636
0.009252 0.971167
0.009352 0.970933
0.009452 0.970699
0.009551 0.970699
0.009651 0.969761
0.009751 0.969292
0.009850 0.968589
0.009950 0.968354
0.010050 0.968354
0.010150 0.968120
0.010249 0.968120
0.010349 0.967651
0.010449 0.967182
0.010549 0.966948
0.010648 0.966948
0.010748 0.966714
0.010848 0.966479
0.010947 0.966479
0.011047 0.966479
0.011147 0.966245
0.011247 0.965776
0.011346 0.965776
0.011446 0.965307
0.011546 0.964135
0.011646 0.964135
0.011745 0.964135
0.011845 0.963901
0.011945 0.963901
0.012044 0.963432
0.012144 0.962963
0.012244 0.962729
0.012344 0.962729
0.012443 0.962260
0.012543 0.961791
0.012643 0.961322
0.012743 0.961088
0.012842 0.961088
0.012942 0.960384
0.013042 0.960150
0.013141 0.959916
0.013241 0.959916
0.013341 0.959681
0.013441 0.959681
0.013540 0.958978
0.013640 0.958978
0.013740 0.958509
0.013840 0.958275
0.013939 0.958040
0.014039 0.957337
0.014139 0.957103
0.014238 0.956868
0.014338 0.956634
0.014438 0.956634
0.014538 0.956399
0.014637 0.956399
0.014737 0.955931
0.014837 0.955696
0.014936 0.955462
0.015036 0.955462
0.015136 0.955462
0.015236 0.955227
0.015335 0.954759
0.015435 0.954524
0.015535 0.954290
0.015635 0.954055
0.015734 0.953821
0.015834 0.953821
0.015934 0.952883
0.016033 0.952883
0.016133 0.952649
0.016233 0.952649
0.016333 0.952649
0.016432 0.951946
0.016532 0.951711
0.016632 0.951008
0.016732 0.950305
0.016831 0.950305
0.016931 0.950305
0.017031 0.950305
0.017130 0.950070
0.017230 0.950070
0.017330 0.950070
0.017430 0.949836
0.017529 0.949602
0.017629 0.949602
0.017729 0.949367
0.017829 0.949367
0.017928 0.948898
0.018028 0.948664
0.018128 0.948664
0.018227 0.948664
0.018327 0.948195
0.018427 0.947961
0.018527 0.947961
0.018626 0.947726
0.018726 0.947492
0.018826 0.947023
0.018926 0.947023
0.019025 0.946789
0.019125 0.946554
0.019225 0.946554
0.019324 0.946554
0.019424 0.946320
0.019524 0.946085
0.019624 0.945851
0.019723 0.945851
0.019823 0.945851
0.019923 0.945382
0.020023 0.945148
0.020122 0.945148
0.020222 0.945148
0.020322 0.944913
0.020421 0.944913
0.020521 0.944679
0.020621 0.944210
0.020721 0.944210
0.020820 0.944210
0.020920 0.943741
0.021020 0.943741
0.021120 0.943741
0.021219 0.943741
0.021319 0.943741
0.021419 0.943741
0.021518 0.943507
0.021618 0.943038
0.021718 0.942569
0.021818 0.942569
0.021917 0.942100
0.022017 0.942100
0.022117 0.941866
0.022217 0.941397
0.022316 0.941397
0.022416 0.941163
0.022516 0.940928
0.022615 0.940928
0.022715 0.940928
0.022815 0.940694
0.022915 0.940694
0.023014 0.940459
0.023114 0.940459
0.023214 0.940225
0.023314 0.940225
0.023413 0.939756
0.023513 0.939756
0.023613 0.939522
0.023712 0.939287
0.023812 0.939287
0.023912 0.939287
0.024012 0.939287
0.024111 0.939287
0.024211 0.939287
0.024311 0.939287
0.024411 0.939287
0.024510 0.939053
0.024610 0.939053
0.024710 0.939053
0.024809 0.939053
0.024909 0.939053
0.025009 0.938819
0.025109 0.938584
0.025208 0.938584
0.025308 0.938584
0.025408 0.938584
0.025508 0.937647
0.025607 0.937412
0.025707 0.937412
0.025807 0.937178
0.025906 0.937178
0.026006 0.936943
0.026106 0.936709
0.026206 0.936709
0.026305 0.936474
0.026405 0.936474
0.026505 0.936240
0.026605 0.936006
0.026704 0.936006
0.026804 0.936006
0.026904 0.935771
0.027003 0.935771
0.027103 0.935537
0.027203 0.935302
0.027303 0.934834
0.027402 0.934834
0.027502 0.934130
0.027602 0.933896
0.027702 0.933896
0.027801 0.933662
0.027901 0.933427
0.028001 0.933193
0.028100 0.933193
0.028200 0.933193
0.028300 0.933193
0.028400 0.933193
0.028499 0.932958
0.028599 0.932724
0.028699 0.932489
0.028799 0.932021
0.028898 0.931786
0.028998 0.931552
0.029098 0.931552
0.029197 0.931552
0.029297 0.931317
0.029397 0.931317
0.029497 0.930849
0.029596 0.930849
0.029696 0.930614
0.029796 0.930614
0.029896 0.929677
0.029995 0.929677
0.030095 0.929208
0.030195 0.929208
0.030294 0.928973
0.030394 0.928973
0.030494 0.928739
0.030594 0.928504
0.030693 0.928036
0.030793 0.927801
0.030893 0.927801
0.030993 0.927567
0.031092 0.927567
0.031192 0.927332
0.031292 0.927332
0.031391 0.927098
0.031491 0.926864
0.031591 0.926629
0.031691 0.926395
0.031790 0.926160
0.031890 0.925692
0.031990 0.925223
0.032090 0.924988
0.032189 0.924519
0.032289 0.924519
0.032389 0.924519
0.032488 0.924285
0.032588 0.924051
0.032688 0.923816
0.032788 0.923347
0.032887 0.923347
0.032987 0.923113
0.033087 0.922879
0.033187 0.922644
0.033286 0.922410
0.033386 0.922410
0.033486 0.922410
0.033585 0.922175
0.033685 0.921941
0.033785 0.921941
0.033885 0.921707
0.033984 0.921472
0.034084 0.921472
0.034184 0.921472
0.034284 0.921003
0.034383 0.921003
0.034483 0.921003
0.034583 0.920534
0.034682 0.920066
0.034782 0.919831
0.034882 0.919831
0.034982 0.919362
0.035081 0.918894
0.035181 0.918894
0.035281 0.918659
0.035381 0.918425
0.035480 0.918190
0.035580 0.918190
0.035680 0.918190
0.035779 0.918190
0.035879 0.918190
0.035979 0.917956
0.036079 0.917722
0.036178 0.917722
0.036278 0.917722
0.036378 0.917487
0.036478 0.917253
0.036577 0.916784
0.036677 0.916784
0.036777 0.916784
0.036876 0.916784
0.036976 0.916549
0.037076 0.916315
0.037176 0.915612
0.037275 0.915612
0.037375 0.915612
0.037475 0.915143
0.037575 0.915143
0.037674 0.915143
0.037774 0.914440
0.037874 0.914205
0.037973 0.914205
0.038073 0.913971
0.038173 0.913033
0.038273 0.913033
0.038372 0.912564
0.038472 0.912564
0.038572 0.912564
0.038672 0.912564
0.038771 0.912330
0.038871 0.912096
0.038971 0.912096
0.039070 0.912096
0.039170 0.911861
0.039270 0.911392
0.039370 0.910924
0.039469 0.910924
0.039569 0.910924
0.039669 0.910455
0.039769 0.910220
0.039868 0.910220
0.039968 0.910220
0.040068 0.909752
0.040167 0.909752
0.040267 0.909283
0.040367 0.909048
0.040467 0.908814
0.040566 0.908111
0.040666 0.907642
0.040766 0.907642
0.040866 0.907173
0.040965 0.906470
0.041065 0.906470
0.041165 0.906235
0.041264 0.906235
0.041364 0.906001
0.041464 0.906001
0.041564 0.906001
0.041663 0.905767
0.041763 0.905767
0.041863 0.905532
0.041963 0.905532
0.042062 0.904594
0.042162 0.904360
0.042262 0.904126
0.042361 0.903891
0.042461 0.903422
0.042561 0.903188
0.042661 0.903188
0.042760 0.903188
0.042860 0.902485
0.042960 0.902250
0.043060 0.902250
0.043159 0.901547
0.043259 0.900844
0.043359 0.900844
0.043458 0.900141
0.043558 0.900141
0.043658 0.900141
0.043758 0.900141
0.043857 0.899906
0.043957 0.899672
0.044057 0.899203
0.044157 0.899203
0.044256 0.899203
0.044356 0.899203
0.044456 0.898734
0.044555 0.898500
0.044655 0.898265
0.044755 0.898265
0.044855 0.897797
0.044954 0.897797
0.045054 0.897797
0.045154 0.897562
0.045254 0.897562
0.045353 0.897328
0.045453 0.897328
0.045553 0.897093
0.045652 0.897093
0.045752 0.896624
0.045852 0.896624
0.045952 0.896624
0.046051 0.895921
0.046151 0.895452
0.046251 0.895452
0.046351 0.895218
0.046450 0.895218
0.046550 0.894984
0.046650 0.894984
0.046749 0.894515
0.046849 0.893812
0.046949 0.893108
0.047049 0.892874
0.047148 0.892874
0.047248 0.892639
0.047348 0.892639
0.047448 0.892639
0.047547 0.892171
0.047647 0.892171
0.047747 0.892171
0.047846 0.892171
0.047946 0.892171
0.048046 0.892171
0.048146 0.891936
0.048245 0.891936
0.048345 0.891467
0.048445 0.891233
0.048545 0.890999
0.048644 0.890764
0.048744 0.890295
0.048844 0.890061
0.048943 0.890061
0.049043 0.889827
0.049143 0.889827
0.049243 0.889827
0.049342 0.889827
0.049442 0.889592
0.049542 0.889123
0.049642 0.888889
0.049741 0.888889
0.049841 0.888889
0.049941 0.888889
0.050040 0.888420
0.050140 0.888186
0.050240 0.888186
0.050340 0.887717
0.050439 0.887717
0.050539 0.887717
0.050639 0.887717
0.050739 0.887717
0.050838 0.887248
0.050938 0.887248
0.051038 0.887014
0.051137 0.886779
0.051237 0.886779
0.051337 0.886779
0.051437 0.886779
0.051536 0.886545
0.051636 0.886310
0.051736 0.886310
0.051836 0.886076
0.051935 0.885842
0.052035 0.885842
0.052135 0.885842
0.052234 0.885607
0.052334 0.885607
0.052434 0.885373
0.052534 0.885373
0.052633 0.885138
0.052733 0.884669
0.052833 0.884201
0.052933 0.883966
0.053032 0.883966
0.053132 0.883966
0.053232 0.883497
0.053331 0.883029
0.053431 0.883029
0.053531 0.882560
0.053631 0.881857
0.053730 0.881857
0.053830 0.881388
0.053930 0.880919
0.054030 0.880684
0.054129 0.880684
0.054229 0.880684
0.054329 0.880216
0.054428 0.879981
0.054528 0.879512
0.054628 0.879278
0.054728 0.879278
0.054827 0.879278
0.054927 0.879044
0.055027 0.878809
0.055127 0.878575
0.055226 0.878340
0.055326 0.877872
0.055426 0.877637
0.055525 0.877637
0.055625 0.877403
0.055725 0.876934
0.055825 0.876934
0.055924 0.876934
0.056024 0.876934
0.056124 0.876699
0.056224 0.875762
0.056323 0.875059
0.056423 0.875059
0.056523 0.874824
0.056622 0.874824
0.056722 0.874824
0.056822 0.874590
0.056922 0.874590
0.057021 0.874590
0.057121 0.874355
0.057221 0.874355
0.057321 0.874355
0.057420 0.874355
0.057520 0.874355
0.057620 0.874355
0.057719 0.874355
0.057819 0.874355
0.057919 0.874121
0.058019 0.873887
0.058118 0.873652
0.058218 0.873418
0.058318 0.873183
0.058418 0.872714
0.058517 0.872714
0.058617 0.872480
0.058717 0.871777
0.058816 0.871542
0.058916 0.871542
0.059016 0.871074
0.059116 0.871074
0.059215 0.871074
0.059315 0.871074
0.059415 0.870605
0.059515 0.869902
0.059614 0.869198
0.059714 0.869198
0.059814 0.868964
0.059913 0.868964
0.060013 0.868729
0.060113 0.868495
0.060213 0.868261
0.060312 0.867792
0.060412 0.867323
0.060512 0.867089
0.060612 0.866854
0.060711 0.866854
0.060811 0.866620
0.060911 0.866151
0.061010 0.865682
0.061110 0.865448
0.061210 0.865213
0.061310 0.864979
0.061409 0.864979
0.061509 0.864744
0.061609 0.864744
0.061709 0.864510
0.061808 0.864510
0.061908 0.864276
0.062008 0.863572
0.062107 0.863104
0.062207 0.862869
0.062307 0.862869
0.062407 0.862400
0.062506 0.862400
0.062606 0.861932
0.062706 0.861932
0.062806 0.861697
0.062905 0.861228
0.063005 0.860291
0.063105 0.860056
0.063204 0.860056
0.063304 0.860056
0.063404 0.860056
0.063504 0.860056
0.063603 0.860056
0.063703 0.859587
0.063803 0.859587
0.063903 0.858884
0.064002 0.858884
0.064102 0.858650
0.064202 0.858415
0.064301 0.857712
0.064401 0.857712
0.064501 0.857009
0.064601 0.856774
0.064700 0.856774
0.064800 0.856540
0.064900 0.856540
0.065000 0.856540
0.065099 0.855837
0.065199 0.855837
0.065299 0.855837
0.065398 0.855134
0.065498 0.855134
0.065598 0.854899
0.065698 0.854899
0.065797 0.854899
0.065897 0.854665
0.065997 0.854196
0.066097 0.853962
0.066196 0.853258
0.066296 0.853024
0.066396 0.852789
0.066495 0.852321
0.066595 0.851852
0.066695 0.851852
0.066795 0.851852
0.066894 0.851617
0.066994 0.851617
0.067094 0.851383
0.067194 0.851149
0.067293 0.850914
0.067393 0.850914
0.067493 0.850445
0.067592 0.850445
0.067692 0.850445
0.067792 0.850445
0.067892 0.850445
0.067991 0.850211
0.068091 0.849508
0.068191 0.849508
0.068291 0.849508
0.068390 0.849039
0.068490 0.848336
0.068590 0.848101
0.068689 0.847632
0.068789 0.847632
0.068889 0.846929
0.068989 0.846929
0.069088 0.846929
0.069188 0.846929
0.069288 0.846695
0.069388 0.846460
0.069487 0.846226
0.069587 0.845757
0.069687 0.845523
0.069786 0.845523
0.069886 0.845288
0.069986 0.845288
0.070086 0.845288
0.070185 0.845054
0.070285 0.844820
0.070385 0.844585
0.070485 0.843882
0.070584 0.843882
0.070684 0.843882
0.070784 0.843647
0.070883 0.842710
0.070983 0.842475
0.071083 0.842241
0.071183 0.842007
0.071282 0.841772
0.071382 0.841772
0.071482 0.841538
0.071582 0.841538
0.071681 0.841538
0.071781 0.841069
0.071881 0.840600
0.071980 0.840600
0.072080 0.840600
0.072180 0.840366
0.072280 0.840366
0.072379 0.840366
0.072479 0.840131
0.072579 0.839897
0.072679 0.839897
0.072778 0.839897
0.072878 0.839897
0.072978 0.839897
0.073077 0.839897
0.073177 0.839662
0.073277 0.839662
0.073377 0.839428
0.073476 0.839428
0.073576 0.839428
0.073676 0.839194
0.073776 0.839194
0.073875 0.839194
0.073975 0.839194
0.074075 0.838959
0.074174 0.838959
0.074274 0.838725
0.074374 0.838490
0.074474 0.838022
0.074573 0.837553
0.074673 0.837318
0.074773 0.837084
0.074873 0.836615
0.074972 0.836381
0.075072 0.836381
0.075172 0.835912
0.075271 0.835443
0.075371 0.835209
0.075471 0.834974
0.075571 0.834740
0.075670 0.834740
0.075770 0.834505
0.075870 0.834505
0.075970 0.834271
0.076069 0.833568
0.076169 0.833568
0.076269 0.833333
0.076368 0.833099
0.076468 0.832865
0.076568 0.832630
0.076668 0.832396
0.076767 0.832396
0.076867 0.831692
0.076967 0.830989
0.077067 0.830989
0.077166 0.830755
0.077266 0.830755
0.077366 0.830755
0.077465 0.830052
0.077565 0.829817
0.077665 0.829583
0.077765 0.829583
0.077864 0.829114
0.077964 0.829114
0.078064 0.829114
0.078164 0.829114
0.078263 0.828880
0.078363 0.828176
0.078463 0.827942
0.078562 0.827707
0.078662 0.827473
0.078762 0.827473
0.078862 0.827473
0.078961 0.827473
0.079061 0.826535
0.079161 0.826535
0.079261 0.826301
0.079360 0.826067
0.079460 0.826067
0.079560 0.826067
0.079659 0.825832
0.079759 0.825598
0.079859 0.825598
0.079959 0.825363
0.080058 0.825129
0.080158 0.824895
0.080258 0.824895
0.080358 0.824426
0.080457 0.823957
0.080557 0.823722
0.080657 0.823722
0.080756 0.823722
0.080856 0.823722
0.080956 0.823488
0.081056 0.823019
0.081155 0.823019
0.081255 0.822550
0.081355 0.822316
0.081455 0.822082
0.081554 0.822082
0.081654 0.821613
0.081754 0.821613
0.081853 0.821378
0.081953 0.821378
0.082053 0.821378
0.082153 0.821144
0.082252 0.820910
0.082352 0.820675
0.082452 0.820441
0.082552 0.820441
0.082651 0.820206
0.082751 0.820206
0.082851 0.819972
0.082950 0.819972
0.083050 0.819503
0.083150 0.819503
0.083250 0.819269
0.083349 0.819034
0.083449 0.819034
0.083549 0.819034
0.083649 0.818565
0.083748 0.818565
0.083848 0.817628
0.083948 0.817628
0.084047 0.817393
0.084147 0.817393
0.084247 0.817159
0.084347 0.817159
0.084446 0.816690
0.084546 0.816690
0.084646 0.816456
0.084746 0.816456
0.084845 0.816221
0.084945 0.815518
0.085045 0.815049
0.085144 0.814815
0.085244 0.814580
0.085344 0.813877
0.085444 0.813408
0.085543 0.813174
0.085643 0.813174
0.085743 0.812705
0.085843 0.812705
0.085942 0.812236
0.086042 0.812236
0.086142 0.812236
0.086241 0.812236
0.086341 0.812236
0.086441 0.812002
0.086541 0.812002
0.086640 0.811767
0.086740 0.811299
0.086840 0.811299
0.086940 0.811299
0.087039 0.811299
0.087139 0.811064
0.087239 0.811064
0.087338 0.811064
0.087438 0.811064
0.087538 0.810830
0.087638 0.810830
0.087737 0.810830
0.087837 0.810830
0.087937 0.810595
0.088037 0.810595
0.088136 0.810361
0.088236 0.810361
0.088336 0.810361
0.088435 0.810361
0.088535 0.810127
0.088635 0.810127
0.088735 0.810127
0.088834 0.809892
0.088934 0.809658
0.089034 0.809658
0.089134 0.809189
0.089233 0.809189
0.089333 0.808955
0.089433 0.808955
0.089532 0.808720
0.089632 0.808720
0.089732 0.808251
0.089832 0.808251
0.089931 0.807782
0.090031 0.807782
0.090131 0.807548
0.090231 0.807548
0.090330 0.807548
0.090430 0.807548
0.090530 0.807314
0.090629 0.807314
0.090729 0.807314
0.090829 0.807079
0.090929 0.806845
0.091028 0.806845
0.091128 0.806845
0.091228 0.806610
0.091328 0.806610
0.091427 0.806376
0.091527 0.806376
0.091627 0.805907
0.091726 0.805907
0.091826 0.805438
0.091926 0.805204
0.092026 0.805204
0.092125 0.804735
0.092225 0.804501
0.092325 0.804032
0.092425 0.804032
0.092524 0.804032
0.092624 0.803797
0.092724 0.803797
0.092823 0.803563
0.092923 0.803563
0.093023 0.803563
0.093123 0.803094
0.093222 0.803094
0.093322 0.803094
0.093422 0.802625
0.093522 0.802157
0.093621 0.802157
0.093721 0.802157
0.093821 0.802157
0.093920 0.802157
0.094020 0.801453
0.094120 0.800985
0.094220 0.800750
0.094319 0.800750
0.094419 0.800750
0.094519 0.800750
0.094619 0.800750
0.094718 0.800516
0.094818 0.800516
0.094918 0.800281
0.095017 0.800281
0.095117 0.800281
0.095217 0.800281
0.095317 0.800047
0.095416 0.800047
0.095516 0.800047
0.095616 0.800047
0.095716 0.800047
0.095815 0.800047
0.095915 0.799812
0.096015 0.799344
0.096114 0.799109
0.096214 0.798875
0.096314 0.798172
0.096414 0.797937
0.096513 0.797468
0.096613 0.797234
0.096713 0.797234
0.096813 0.796765
0.096912 0.796765
0.097012 0.796531
0.097112 0.796531
0.097211 0.796531
0.097311 0.796531
0.097411 0.796296
0.097511 0.796296
0.097610 0.796062
0.097710 0.795827
0.097810 0.795593
0.097910 0.795124
0.098009 0.794890
0.098109 0.794655
0.098209 0.794421
0.098308 0.794421
0.098408 0.794421
0.098508 0.794421
0.098608 0.794187
0.098707 0.793952
0.098807 0.793718
0.098907 0.793718
0.099007 0.793483
0.099106 0.792311
0.099206 0.792311
0.099306 0.792311
0.099405 0.792311
0.099505 0.792077
0.099605 0.792077
0.099705 0.791842
0.099804 0.791842
0.099904 0.791608
0.100004 0.791374
0.100104 0.790905
0.100203 0.789967
0.100303 0.789967
0.100403 0.789733
0.100502 0.789733
0.100602 0.789498
0.100702 0.789498
0.100802 0.789264
0.100901 0.789030
0.101001 0.788795
0.101101 0.788795
0.101201 0.788795
0.101300 0.788795
0.101400 0.788326
0.101500 0.787857
0.101599 0.787623
0.101699 0.787389
0.101799 0.787389
0.101899 0.787154
0.101998 0.786920
0.102098 0.786920
0.102198 0.786217
0.102298 0.786217
0.102397 0.785982
0.102497 0.785982
0.102597 0.785982
0.102696 0.785982
0.102796 0.785982
0.102896 0.785982
0.102996 0.785513
0.103095 0.785279
0.103195 0.784576
0.103295 0.784341
0.103395 0.784341
0.103494 0.784341
0.103594 0.784341
0.103694 0.784341
0.103793 0.783872
0.103893 0.783872
0.103993 0.783638
0.104093 0.783638
0.104192 0.783404
0.104292 0.783169
0.104392 0.783169
0.104492 0.782935
0.104591 0.782935
0.104691 0.782700
0.104791 0.782466
0.104890 0.782466
0.104990 0.782466
0.105090 0.782466
0.105190 0.782466
0.105289 0.782466
0.105389 0.782232
0.105489 0.781997
0.105589 0.781763
0.105688 0.781763
0.105788 0.781763
0.105888 0.781528
0.105987 0.781294
0.106087 0.781294
0.106187 0.781294
0.106287 0.780591
0.106386 0.780356
0.106486 0.780356
0.106586 0.780122
0.106686 0.779887
0.106785 0.779887
0.106885 0.779887
0.106985 0.779887
0.107084 0.779887
0.107184 0.779887
0.107284 0.779184
0.107384 0.778950
0.107483 0.778715
0.107583 0.778012
0.107683 0.778012
0.107783 0.778012
0.107882 0.777778
0.107982 0.777543
0.108082 0.777075
0.108181 0.776840
0.108281 0.776371
0.108381 0.776137
0.108481 0.775902
0.108580 0.775668
0.108680 0.774965
0.108780 0.774730
0.108880 0.774496
0.108979 0.774027
0.109079 0.774027
0.109179 0.773793
0.109278 0.773793
0.109378 0.773558
0.109478 0.773324
0.109578 0.773090
0.109677 0.772855
0.109777 0.772855
0.109877 0.772621
0.109977 0.772386
0.110076 0.772152
0.110176 0.772152
0.110276 0.771917
0.110375 0.771683
0.110475 0.771449
0.110575 0.771449
0.110675 0.771449
0.110774 0.771449
0.110874 0.771449
0.110974 0.771214
0.111074 0.771214
0.111173 0.771214
0.111273 0.770980
0.111373 0.770980
0.111472 0.770745
0.111572 0.770511
0.111672 0.770277
0.111772 0.769808
0.111871 0.769339
0.111971 0.769105
0.112071 0.768870
0.112171 0.768636
0.112270 0.768636
0.112370 0.768167
0.112470 0.767932
0.112569 0.767698
0.112669 0.767464
0.112769 0.766760
0.112869 0.766526
0.112968 0.766292
0.113068 0.766057
0.113168 0.765823
0.113268 0.765823
0.113367 0.765354
0.113467 0.765354
0.113567 0.764885
0.113666 0.764885
0.113766 0.764651
0.113866 0.763947
0.113966 0.763947
0.114065 0.763947
0.114165 0.763947
0.114265 0.763947
0.114365 0.763713
0.114464 0.763713
0.114564 0.763479
0.114664 0.763244
0.114763 0.763244
0.114863 0.762775
0.114963 0.762541
0.115063 0.762307
0.115162 0.762072
0.115262 0.761838
0.115362 0.761603
0.115462 0.761369
0.115561 0.760900
0.115661 0.760197
0.115761 0.759962
0.115860 0.759962
0.115960 0.759962
0.116060 0.759728
0.116160 0.759728
0.116259 0.759025
0.116359 0.758790
0.116459 0.758322
0.116559 0.758087
0.116658 0.757853
0.116758 0.757618
0.116858 0.757384
0.116957 0.757384
0.117057 0.757384
0.117157 0.757150
0.117257 0.756915
0.117356 0.756681
0.117456 0.756681
0.117556 0.756212
0.117656 0.756212
0.117755 0.755977
0.117855 0.755977
0.117955 0.755743
0.118054 0.755743
0.118154 0.755743
0.118254 0.755743
0.118354 0.755509
0.118453 0.755040
0.118553 0.754805
0.118653 0.754805
0.118753 0.754337
0.118852 0.753868
0.118952 0.753868
0.119052 0.753633
0.119151 0.753633
0.119251 0.753165
0.119351 0.752930
0.119451 0.752696
0.119550 0.752696
0.119650 0.752461
0.119750 0.751992
0.119850 0.751992
0.119949 0.751289
0.120049 0.751055
0.120149 0.751055
0.120248 0.750820
0.120348 0.750586
0.120448 0.750586
0.120548 0.750117
0.120647 0.749883
0.120747 0.749883
0.120847 0.749414
0.120947 0.749180
0.121046 0.748945
0.121146 0.748945
0.121246 0.748945
0.121345 0.748945
0.121445 0.748476
0.121545 0.748476
0.121645 0.748008
0.121744 0.747773
0.121844 0.747539
0.121944 0.747539
0.122044 0.747070
0.122143 0.746367
0.122243 0.746367
0.122343 0.746132
0.122442 0.746132
0.122542 0.745898
0.122642 0.745898
0.122742 0.745898
0.122841 0.745898
0.122941 0.745195
0.123041 0.744491
0.123141 0.744491
0.123240 0.744257
0.123340 0.743554
0.123440 0.743554
0.123539 0.743085
0.123639 0.742616
0.123739 0.742616
0.123839 0.742382
0.123938 0.742147
0.124038 0.741444
0.124138 0.741210
0.124238 0.741210
0.124337 0.740975
0.124437 0.740506
0.124537 0.740506
0.124636 0.740272
0.124736 0.740038
0.124836 0.739803
0.124936 0.739569
0.125035 0.739100
0.125135 0.738631
0.125235 0.738631
0.125335 0.738397
0.125434 0.738397
0.125534 0.738397
0.125634 0.738162
0.125733 0.737928
0.125833 0.737459
0.125933 0.737459
0.126033 0.737225
0.126132 0.736990
0.126232 0.736990
0.126332 0.736521
0.126432 0.736287
0.126531 0.736287
0.126631 0.735818
0.126731 0.735584
0.126830 0.735349
0.126930 0.734646
0.127030 0.734412
0.127130 0.734412
0.127229 0.734412
0.127329 0.734177
0.127429 0.733943
0.127529 0.733943
0.127628 0.733474
0.127728 0.733474
0.127828 0.733474
0.127927 0.732771
0.128027 0.732536
0.128127 0.732068
0.128227 0.732068
0.128326 0.732068
0.128426 0.731833
0.128526 0.731833
0.128626 0.731364
0.128725 0.731130
0.128825 0.730895
0.128925 0.730661
0.129024 0.730427
0.129124 0.730192
0.129224 0.730192
0.129324 0.729723
0.129423 0.729489
0.129523 0.729489
0.129623 0.729489
0.129723 0.729020
0.129822 0.728551
0.129922 0.728551
0.130022 0.728317
0.130121 0.727848
0.130221 0.727848
0.130321 0.727614
0.130421 0.727614
0.130520 0.727614
0.130620 0.727614
0.130720 0.727614
0.130820 0.727614
0.130919 0.727379
0.131019 0.727145
0.131119 0.727145
0.131218 0.726910
0.131318 0.726910
0.131418 0.726910
0.131518 0.726910
0.131617 0.726676
0.131717 0.726442
0.131817 0.726207
0.131917 0.726207
0.132016 0.726207
0.132116 0.725973
0.132216 0.725973
0.132315 0.725738
0.132415 0.725738
0.132515 0.725738
0.132615 0.725738
0.132714 0.725504
0.132814 0.725270
0.132914 0.725035
0.133014 0.724801
0.133113 0.724801
0.133213 0.724566
0.133313 0.723863
0.133412 0.723863
0.133512 0.723629
0.133612 0.723629
0.133712 0.723394
0.133811 0.722691
0.133911 0.722457
0.134011 0.722457
0.134111 0.722222
0.134210 0.721988
0.134310 0.721753
0.134410 0.721519
0.134509 0.721519
0.134609 0.721519
0.134709 0.721519
0.134809 0.720816
0.134908 0.720581
0.135008 0.720347
0.135108 0.720347
0.135208 0.719878
0.135307 0.719878
0.135407 0.719878
0.135507 0.719878
0.135606 0.719878
0.135706 0.719409
0.135806 0.719175
0.135906 0.719175
0.136005 0.718940
0.136105 0.718472
0.136205 0.718237
0.136305 0.717768
0.136404 0.717534
0.136504 0.717534
0.136604 0.717300
0.136703 0.717065
0.136803 0.716831
0.136903 0.716831
0.137003 0.716596
0.137102 0.716362
0.137202 0.716128
0.137302 0.715893
0.137402 0.715893
0.137501 0.715893
0.137601 0.715659
0.137701 0.715424
0.137800 0.715424
0.137900 0.715190
0.138000 0.714955
0.138100 0.714721
0.138199 0.714487
0.138299 0.714487
0.138399 0.714018
0.138499 0.714018
0.138598 0.713783
0.138698 0.713783
0.138798 0.713783
0.138897 0.713549
0.138997 0.713080
0.139097 0.712611
0.139197 0.712377
0.139296 0.712143
0.139396 0.712143
0.139496 0.712143
0.139596 0.711908
0.139695 0.711908
0.139795 0.711908
0.139895 0.711908
0.139994 0.711908
0.140094 0.711674
0.140194 0.711205
0.140294 0.711205
0.140393 0.711205
0.140493 0.710970
0.140593 0.710970
0.140693 0.710970
0.140792 0.710970
0.140892 0.710502
0.140992 0.710502
0.141091 0.710267
0.141191 0.710267
0.141291 0.710033
0.141391 0.709798
0.141490 0.709798
0.141590 0.709564
0.141690 0.709564
0.141790 0.709330
0.141889 0.709330
0.141989 0.709095
0.142089 0.709095
0.142188 0.708861
0.142288 0.708626
0.142388 0.708392
0.142488 0.708392
0.142587 0.708392
0.142687 0.708158
0.142787 0.708158
0.142887 0.707923
0.142986 0.707689
0.143086 0.707454
0.143186 0.707454
0.143285 0.707454
0.143385 0.707454
0.143485 0.707454
0.143585 0.706985
0.143684 0.706985
0.143784 0.706985
0.143884 0.706985
0.143984 0.706517
0.144083 0.706048
0.144183 0.705813
0.144283 0.705579
0.144382 0.705579
0.144482 0.705110
0.144582 0.704876
0.144682 0.704876
0.144781 0.704876
0.144881 0.704641
0.144981 0.704641
0.145081 0.704407
0.145180 0.704407
0.145280 0.704407
0.145380 0.704173
0.145479 0.703938
0.145579 0.703704
0.145679 0.703704
0.145779 0.703235
0.145878 0.703235
0.145978 0.703235
0.146078 0.703000
0.146178 0.703000
0.146277 0.702766
0.146377 0.702766
0.146477 0.702766
0.146576 0.702766
0.146676 0.702297
0.146776 0.702297
0.146876 0.702297
0.146975 0.702063
0.147075 0.701594
0.147175 0.701594
0.147275 0.701360
0.147374 0.700891
0.147474 0.700656
0.147574 0.700656
0.147673 0.700422
0.147773 0.700422
0.147873 0.700422
0.147973 0.700422
0.148072 0.700188
0.148172 0.700188
0.148272 0.699484
0.148372 0.699015
0.148471 0.698781
0.148571 0.698781
0.148671 0.698312
0.148770 0.698312
0.148870 0.698312
0.148970 0.697843
0.149070 0.697843
0.149169 0.697843
0.149269 0.697375
0.149369 0.697140
0.149469 0.696906
0.149568 0.696437
0.149668 0.696437
0.149768 0.696437
0.149867 0.696437
0.149967 0.696203
0.150067 0.695968
0.150167 0.695499
0.150266 0.694796
0.150366 0.694327
0.150466 0.694093
0.150566 0.693858
0.150665 0.693858
0.150765 0.693858
0.150865 0.693858
0.150964 0.693858
0.151064 0.693155
0.151164 0.693155
0.151264 0.692686
0.151363 0.692452
0.151463 0.692218
0.151563 0.692218
0.151663 0.692218
0.151762 0.692218
0.151862 0.692218
0.151962 0.691983
0.152061 0.691983
0.152161 0.691749
0.152261 0.691280
0.152361 0.691280
0.152460 0.690811
0.152560 0.690342
0.152660 0.690342
0.152760 0.690108
0.152859 0.689873
0.152959 0.689405
0.153059 0.689170
0.153158 0.689170
0.153258 0.689170
0.153358 0.689170
0.153458 0.688467
0.153557 0.688467
0.153657 0.688467
0.153757 0.688233
0.153857 0.687998
0.153956 0.687998
0.154056 0.687764
0.154156 0.687295
0.154255 0.686826
0.154355 0.686826
0.154455 0.686826
0.154555 0.686592
0.154654 0.686592
0.154754 0.686592
0.154854 0.686123
0.154954 0.686123
0.155053 0.685888
0.155153 0.684951
0.155253 0.684951
0.155352 0.684716
0.155452 0.684482
0.155552 0.684482
0.155652 0.684482
0.155751 0.684248
0.155851 0.683779
0.155951 0.683544
0.156051 0.683544
0.156150 0.683310
0.156250 0.682607
0.156350 0.682372
0.156449 0.682372
0.156549 0.682138
0.156649 0.682138
0.156749 0.682138
0.156848 0.681903
0.156948 0.681669
0.157048 0.681435
0.157148 0.681435
0.157247 0.680497
0.157347 0.680263
0.157447 0.680263
0.157546 0.680263
0.157646 0.680028
0.157746 0.680028
0.157846 0.679559
0.157945 0.679559
0.158045 0.678856
0.158145 0.678622
0.158245 0.678387
0.158344 0.678153
0.158444 0.677918
0.158544 0.677684
0.158643 0.677450
0.158743 0.677215
0.158843 0.676512
0.158943 0.676512
0.159042 0.676278
0.159142 0.676278
0.159242 0.676278
0.159342 0.676278
0.159441 0.676043
0.159541 0.675809
0.159641 0.675574
0.159740 0.675574
0.159840 0.675574
0.159940 0.675340
0.160040 0.674871
0.160139 0.674637
0.160239 0.674168
0.160339 0.674168
0.160439 0.673699
0.160538 0.673699
0.160638 0.673699
0.160738 0.673230
0.160837 0.672761
0.160937 0.672527
0.161037 0.672527
0.161137 0.672527
0.161236 0.671589
0.161336 0.671355
0.161436 0.671355
0.161536 0.671355
0.161635 0.671355
0.161735 0.671120
0.161835 0.670886
0.161934 0.670652
0.162034 0.670652
0.162134 0.670417
0.162234 0.670183
0.162333 0.669948
0.162433 0.669948
0.162533 0.669714
0.162633 0.669480
0.162732 0.669480
0.162832 0.668776
0.162932 0.668542
0.163031 0.668308
0.163131 0.667839
0.163231 0.667370
0.163331 0.667370
0.163430 0.666901
0.163530 0.666432
0.163630 0.666432
0.163730 0.666432
0.163829 0.666432
0.163929 0.666198
0.164029 0.666198
0.164128 0.665963
0.164228 0.665729
0.164328 0.665495
0.164428 0.665260
0.164527 0.665026
0.164627 0.664557
0.164727 0.664557
0.164827 0.664557
0.164926 0.664557
0.165026 0.664323
0.165126 0.664323
0.165225 0.664323
0.165325 0.664088
0.165425 0.663854
0.165525 0.663619
0.165624 0.663385
0.165724 0.663385
0.165824 0.663385
0.165924 0.663150
0.166023 0.662916
0.166123 0.662916
0.166223 0.662916
0.166322 0.662916
0.166422 0.662447
0.166522 0.662213
0.166622 0.662213
0.166721 0.661978
0.166821 0.661978
0.166921 0.661978
0.167021 0.661978
0.167120 0.661978
0.167220 0.661744
0.167320 0.661041
0.167419 0.660572
0.167519 0.660338
0.167619 0.660103
0.167719 0.659869
0.167818 0.659634
0.167918 0.659400
0.168018 0.659400
0.168118 0.659165
0.168217 0.658931
0.168317 0.658697
0.168417 0.658697
0.168516 0.658462
0.168616 0.658462
0.168716 0.657525
0.168816 0.657290
0.168915 0.657290
0.169015 0.657056
0.169115 0.657056
0.169215 0.657056
0.169314 0.656821
0.169414 0.656587
0.169514 0.656353
0.169613 0.656353
0.169713 0.656118
0.169813 0.655884
0.169913 0.655649
0.170012 0.655649
0.170112 0.655649
0.170212 0.654712
0.170312 0.654477
0.170411 0.654243
0.170511 0.654008
0.170611 0.654008
0.170710 0.653774
0.170810 0.653540
0.170910 0.653540
0.171010 0.653540
0.171109 0.653071
0.171209 0.652836
0.171309 0.652836
0.171409 0.652368
0.171508 0.652368
0.171608 0.652133
0.171708 0.651664
0.171807 0.651430
0.171907 0.651430
0.172007 0.651430
0.172107 0.651430
0.172206 0.651195
0.172306 0.650727
0.172406 0.650258
0.172506 0.650258
0.172605 0.649789
0.172705 0.649555
0.172805 0.649320
0.172904 0.649086
0.173004 0.648617
0.173104 0.648383
0.173204 0.648148
0.173303 0.647914
0.173403 0.647914
0.173503 0.647914
0.173603 0.647914
0.173702 0.647679
0.173802 0.647445
0.173902 0.647211
0.174001 0.646742
0.174101 0.646742
0.174201 0.646507
0.174301 0.646507
0.174400 0.646507
0.174500 0.646507
0.174600 0.646273
0.174700 0.646273
0.174799 0.646273
0.174899 0.646273
0.174999 0.646038
0.175098 0.645804
0.175198 0.645335
0.175298 0.645335
0.175398 0.645101
0.175497 0.644632
0.175597 0.644632
0.175697 0.644632
0.175797 0.644398
0.175896 0.644398
0.175996 0.644398
0.176096 0.644163
0.176195 0.643929
0.176295 0.643929
0.176395 0.643929
0.176495 0.643929
0.176594 0.643929
0.176694 0.643929
0.176794 0.643694
0.176894 0.643694
0.176993 0.643226
0.177093 0.643226
0.177193 0.643226
0.177292 0.642991
0.177392 0.642991
0.177492 0.642991
0.177592 0.642991
0.177691 0.642991
0.177791 0.642522
0.177891 0.642053
0.177991 0.641819
0.178090 0.641116
0.178190 0.640881
0.178290 0.640881
0.178389 0.640647
0.178489 0.640413
0.178589 0.640413
0.178689 0.640178
0.178788 0.639944
0.178888 0.639944
0.178988 0.639944
0.179088 0.639475
0.179187 0.639475
0.179287 0.639006
0.179387 0.639006
0.179486 0.638537
0.179586 0.638537
0.179686 0.638303
0.179786 0.637834
0.179885 0.637834
0.179985 0.637600
0.180085 0.637365
0.180185 0.637131
0.180284 0.637131
0.180384 0.636896
0.180484 0.636662
0.180583 0.636662
0.180683 0.636662
0.180783 0.635959
0.180883 0.635490
0.180982 0.635490
0.181082 0.635490
0.181182 0.635021
0.181282 0.634318
0.181381 0.634318
0.181481 0.634083
0.181581 0.633849
0.181680 0.633615
0.181780 0.633146
0.181880 0.632911
0.181980 0.632911
0.182079 0.632443
0.182179 0.631974
0.182279 0.631505
0.182379 0.631505
0.182478 0.631271
0.182578 0.631036
0.182678 0.630802
0.182777 0.630567
0.182877 0.630567
0.182977 0.630567
0.183077 0.630098
0.183176 0.629864
0.183276 0.629630
0.183376 0.629395
0.183476 0.629395
0.183575 0.629395
0.183675 0.629395
0.183775 0.629395
0.183874 0.629395
0.183974 0.629161
0.184074 0.629161
0.184174 0.628926
0.184273 0.628692
0.184373 0.628458
0.184473 0.627754
0.184573 0.627286
0.184672 0.627286
0.184772 0.627051
0.184872 0.627051
0.184971 0.626582
0.185071 0.626582
0.185171 0.625879
0.185271 0.625879
0.185370 0.625879
0.185470 0.625645
0.185570 0.625176
0.185670 0.625176
0.185769 0.625176
0.185869 0.624238
0.185969 0.623769
0.186068 0.623769
0.186168 0.623769
0.186268 0.623769
0.186368 0.623769
0.186467 0.623535
0.186567 0.623066
0.186667 0.623066
0.186767 0.623066
0.186866 0.623066
0.186966 0.621894
0.187066 0.621425
0.187165 0.621425
0.187265 0.621191
0.187365 0.621191
0.187465 0.621191
0.187564 0.621191
0.187664 0.621191
0.187764 0.620956
0.187864 0.620722
0.187963 0.620488
0.188063 0.620253
0.188163 0.620253
0.188262 0.620253
0.188362 0.619550
0.188462 0.619081
0.188562 0.619081
0.188661 0.619081
0.188761 0.619081
0.188861 0.618612
0.188961 0.618143
0.189060 0.618143
0.189160 0.617909
0.189260 0.617909
0.189359 0.617909
0.189459 0.617675
0.189559 0.617675
0.189659 0.617440
0.189758 0.617440
0.189858 0.616971
0.189958 0.616737
0.190058 0.616737
0.190157 0.616268
0.190257 0.615331
0.190357 0.615096
0.190456 0.614627
0.190556 0.614393
0.190656 0.614393
0.190756 0.613924
0.190855 0.613924
0.190955 0.613924
0.191055 0.613221
0.191155 0.612986
0.191254 0.612986
0.191354 0.612752
0.191454 0.612283
0.191553 0.612283
0.191653 0.611580
0.191753 0.611580
0.191853 0.611346
0.191952 0.611346
0.192052 0.611111
0.192152 0.611111
0.192252 0.610642
0.192351 0.610642
0.192451 0.610408
0.192551 0.610408
0.192650 0.610408
0.192750 0.609939
0.192850 0.609705
0.192950 0.609236
0.193049 0.609001
0.193149 0.609001
0.193249 0.609001
0.193349 0.609001
0.193448 0.609001
0.193548 0.609001
0.193648 0.609001
0.193747 0.609001
0.193847 0.608767
0.193947 0.608533
0.194047 0.608533
0.194146 0.608533
0.194246 0.608533
0.194346 0.608533
0.194446 0.608298
0.194545 0.608064
0.194645 0.607829
0.194745 0.607829
0.194844 0.606657
0.194944 0.606657
0.195044 0.606657
0.195144 0.606657
0.195243 0.606423
0.195343 0.606188
0.195443 0.606188
0.195543 0.606188
0.195642 0.605954
0.195742 0.605954
0.195842 0.605954
0.195941 0.605720
0.196041 0.605485
0.196141 0.605485
0.196241 0.604782
0.196340 0.604548
0.196440 0.604548
0.196540 0.604313
0.196640 0.604079
0.196739 0.603844
0.196839 0.603141
0.196939 0.603141
0.197038 0.602907
0.197138 0.602907
0.197238 0.602672
0.197338 0.602672
0.197437 0.602438
0.197537 0.602203
0.197637 0.602203
0.197737 0.602203
0.197836 0.602203
0.197936 0.602203
0.198036 0.602203
0.198135 0.601735
0.198235 0.601735
0.198335 0.601500
0.198435 0.601266
0.198534 0.600328
0.198634 0.600094
0.198734 0.599625
0.198834 0.599391
0.198933 0.599391
0.199033 0.599391
0.199133 0.599391
0.199232 0.598922
0.199332 0.598687
0.199432 0.598218
0.199532 0.597750
0.199631 0.597515
0.199731 0.597281
0.199831 0.597281
0.199931 0.597046
0.200030 0.597046
0.200130 0.597046
0.200230 0.596812
0.200329 0.596812
0.200429 0.596812
0.200529 0.596812
0.200629 0.596578
0.200728 0.596578
0.200828 0.596343
0.200928 0.596343
0.201028 0.596343
0.201127 0.596343
0.201227 0.596343
0.201327 0.596109
0.201426 0.596109
0.201526 0.595874
0.201626 0.595171
0.201726 0.595171
0.201825 0.595171
0.201925 0.595171
0.202025 0.595171
0.202125 0.595171
0.202224 0.595171
0.202324 0.594937
0.202424 0.594233
0.202523 0.594233
0.202623 0.594233
0.202723 0.593999
0.202823 0.593765
0.202922 0.593765
0.203022 0.593530
0.203122 0.593530
0.203222 0.593296
0.203321 0.593296
0.203421 0.593296
0.203521 0.592358
0.203620 0.591889
0.203720 0.591655
0.203820 0.590952
0.203920 0.590952
0.204019 0.590952
0.204119 0.590717
0.204219 0.590248
0.204319 0.590014
0.204418 0.589780
0.204518 0.589780
0.204618 0.589780
0.204717 0.589780
0.204817 0.589780
0.204917 0.589311
0.205017 0.589076
0.205116 0.589076
0.205216 0.588608
0.205316 0.588608
0.205416 0.588139
0.205515 0.588139
0.205615 0.588139
0.205715 0.587670
0.205814 0.587670
0.205914 0.587670
0.206014 0.587436
0.206114 0.587201
0.206213 0.586967
0.206313 0.586967
0.206413 0.586732
0.206513 0.586732
0.206612 0.586732
0.206712 0.586732
0.206812 0.586498
0.206911 0.586263
0.207011 0.585560
0.207111 0.585560
0.207211 0.585326
0.207310 0.585326
0.207410 0.584857
0.207510 0.584623
0.207610 0.584388
0.207709 0.583919
0.207809 0.583919
0.207909 0.583919
0.208008 0.583919
0.208108 0.583685
0.208208 0.583451
0.208308 0.583451
0.208407 0.583216
0.208507 0.582747
0.208607 0.582513
0.208707 0.582278
0.208806 0.581810
0.208906 0.581810
0.209006 0.581575
0.209105 0.581575
0.209205 0.581341
0.209305 0.581341
0.209405 0.581106
0.209504 0.581106
0.209604 0.581106
0.209704 0.580872
0.209804 0.580169
0.209903 0.580169
0.210003 0.579934
0.210103 0.579934
0.210202 0.579700
0.210302 0.579466
0.210402 0.578762
0.210502 0.578762
0.210601 0.578762
0.210701 0.577825
0.210801 0.577825
0.210901 0.577590
0.211000 0.577590
0.211100 0.577590
0.211200 0.577356
0.211299 0.576887
0.211399 0.576418
0.211499 0.576184
0.211599 0.575949
0.211698 0.575949
0.211798 0.575715
0.211898 0.575715
0.211998 0.575481
0.212097 0.575246
0.212197 0.575246
0.212297 0.575246
0.212396 0.575246
0.212496 0.575246
0.212596 0.575012
0.212696 0.575012
0.212795 0.575012
0.212895 0.575012
0.212995 0.574777
0.213095 0.574777
0.213194 0.574543
0.213294 0.574308
0.213394 0.573840
0.213493 0.573840
0.213593 0.573605
0.213693 0.572902
0.213793 0.572902
0.213892 0.572433
0.213992 0.572199
0.214092 0.571964
0.214192 0.571964
0.214291 0.571964
0.214391 0.571964
0.214491 0.571496
0.214590 0.571261
0.214690 0.571261
0.214790 0.570792
0.214890 0.570558
0.214989 0.570558
0.215089 0.570323
0.215189 0.570323
0.215289 0.570323
0.215388 0.570089
0.215488 0.570089
0.215588 0.569620
0.215687 0.569386
0.215787 0.569151
0.215887 0.569151
0.215987 0.569151
0.216086 0.568917
0.216186 0.568917
0.216286 0.568917
0.216386 0.568683
0.216485 0.568448
0.216585 0.568214
0.216685 0.568214
0.216784 0.567979
0.216884 0.567979
0.216984 0.567745
0.217084 0.567745
0.217183 0.567511
0.217283 0.567511
0.217383 0.567276
0.217483 0.567042
0.217582 0.567042
0.217682 0.567042
0.217782 0.567042
0.217881 0.566807
0.217981 0.566338
0.218081 0.566338
0.218181 0.566338
0.218280 0.566104
0.218380 0.565870
0.218480 0.565635
0.218580 0.565401
0.218679 0.565166
0.218779 0.565166
0.218879 0.564932
0.218978 0.564229
0.219078 0.564229
0.219178 0.564229
0.219278 0.564229
0.219377 0.563994
0.219477 0.563994
0.219577 0.563526
0.219677 0.563526
0.219776 0.563526
0.219876 0.563291
0.219976 0.563291
0.220075 0.563291
0.220175 0.563291
0.220275 0.563291
0.220375 0.562822
0.220474 0.562822
0.220574 0.562353
0.220674 0.561650
0.220774 0.561650
0.220873 0.561416
0.220973 0.561181
0.221073 0.561181
0.221172 0.560947
0.221272 0.560713
0.221372 0.560244
0.221472 0.560009
0.221571 0.560009
0.221671 0.559775
0.221771 0.559306
0.221871 0.559072
0.221970 0.559072
0.222070 0.559072
0.222170 0.558837
0.222269 0.558603
0.222369 0.558603
0.222469 0.558368
0.222569 0.558368
0.222668 0.558368
0.222768 0.558368
0.222868 0.558134
0.222968 0.558134
0.223067 0.557665
0.223167 0.557431
0.223267 0.556962
0.223366 0.556259
0.223466 0.556024
0.223566 0.555321
0.223666 0.555321
0.223765 0.555321
0.223865 0.555321
0.223965 0.555087
0.224065 0.554618
0.224164 0.554149
0.224264 0.554149
0.224364 0.554149
0.224463 0.554149
0.224563 0.553915
0.224663 0.553680
0.224763 0.553680
0.224862 0.553680
0.224962 0.553680
0.225062 0.553211
0.225162 0.553211
0.225261 0.553211
0.225361 0.552977
0.225461 0.552977
0.225560 0.552508
0.225660 0.552508
0.225760 0.552274
0.225860 0.552039
0.225959 0.552039
0.226059 0.552039
0.226159 0.552039
0.226259 0.552039
0.226358 0.551805
0.226458 0.551571
0.226558 0.551336
0.226657 0.551336
0.226757 0.551336
0.226857 0.551336
0.226957 0.551336
0.227056 0.551102
0.227156 0.551102
0.227256 0.551102
0.227356 0.551102
0.227455 0.551102
0.227555 0.550633
0.227655 0.550164
0.227754 0.549930
0.227854 0.549695
0.227954 0.549695
0.228054 0.549461
0.228153 0.548992
0.228253 0.548758
0.228353 0.548523
0.228453 0.548523
0.228552 0.548289
0.228652 0.548054
0.228752 0.548054
0.228851 0.548054
0.228951 0.547820
0.229051 0.547586
0.229151 0.547586
0.229250 0.547586
0.229350 0.547586
0.229450 0.547351
0.229550 0.547351
0.229649 0.547117
0.229749 0.546648
0.229849 0.546648
0.229948 0.546414
0.230048 0.545710
0.230148 0.545710
0.230248 0.545476
0.230347 0.545476
0.230447 0.545476
0.230547 0.545476
0.230647 0.545476
0.230746 0.545476
0.230846 0.545241
0.230946 0.545241
0.231045 0.545007
0.231145 0.544538
0.231245 0.544538
0.231345 0.544069
0.231444 0.544069
0.231544 0.543835
0.231644 0.543835
0.231744 0.543835
0.231843 0.543835
0.231943 0.543835
0.232043 0.543835
0.232142 0.543835
0.232242 0.543835
0.232342 0.543601
0.232442 0.543366
0.232541 0.542897
0.232641 0.542663
0.232741 0.542429
0.232841 0.542194
0.232940 0.542194
0.233040 0.541960
0.233140 0.541725
0.233239 0.541491
0.233339 0.541256
0.233439 0.541022
0.233539 0.541022
0.233638 0.540788
0.233738 0.540553
0.233838 0.540553
0.233938 0.540319
0.234037 0.540084
0.234137 0.540084
0.234237 0.540084
0.234336 0.540084
0.234436 0.540084
0.234536 0.540084
0.234636 0.539850
0.234735 0.539850
0.234835 0.539616
0.234935 0.539616
0.235035 0.538912
0.235134 0.538912
0.235234 0.538444
0.235334 0.538209
0.235433 0.537975
0.235533 0.537975
0.235633 0.537975
0.235733 0.537975
0.235832 0.537975
0.235932 0.537975
0.236032 0.537975
0.236132 0.537975
0.236231 0.537740
0.236331 0.537740
0.236431 0.537740
0.236530 0.537740
0.236630 0.537506
0.236730 0.537506
0.236830 0.537506
0.236929 0.537506
0.237029 0.537271
0.237129 0.537271
0.237229 0.537271
0.237328 0.537037
0.237428 0.536803
0.237528 0.536803
0.237627 0.536334
0.237727 0.536334
0.237827 0.536334
0.237927 0.536099
0.238026 0.536099
0.238126 0.535865
0.238226 0.535631
0.238326 0.535631
0.238425 0.535396
0.238525 0.535396
0.238625 0.535396
0.238724 0.535396
0.238824 0.535396
0.238924 0.535396
0.239024 0.535396
0.239123 0.534927
0.239223 0.534927
0.239323 0.534693
0.239423 0.534693
0.239522 0.534693
0.239622 0.534224
0.239722 0.534224
0.239821 0.533755
0.239921 0.533521
0.240021 0.533521
0.240121 0.533521
0.240220 0.533521
0.240320 0.533286
0.240420 0.532818
0.240520 0.532583
0.240619 0.532114
0.240719 0.532114
0.240819 0.531646
0.240918 0.531411
0.241018 0.531411
0.241118 0.531177
0.241218 0.531177
0.241317 0.531177
0.241417 0.531177
0.241517 0.531177
0.241617 0.530942
0.241716 0.530708
0.241816 0.530708
0.241916 0.530708
0.242015 0.530708
0.242115 0.530708
0.242215 0.530708
0.242315 0.530474
0.242414 0.530474
0.242514 0.530474
0.242614 0.530474
0.242714 0.530474
0.242813 0.530239
0.242913 0.530239
0.243013 0.530239
0.243112 0.530005
0.243212 0.529536
0.243312 0.529067
0.243412 0.529067
0.243511 0.529067
0.243611 0.528598
0.243711 0.528598
0.243811 0.528364
0.243910 0.528129
0.244010 0.528129
0.244110 0.527895
0.244209 0.527895
0.244309 0.527661
0.244409 0.527426
0.244509 0.527426
0.244608 0.527426
0.244708 0.527426
0.244808 0.527426
0.244908 0.527426
0.245007 0.527192
0.245107 0.526957
0.245207 0.526957
0.245306 0.526957
0.245406 0.526957
0.245506 0.526723
0.245606 0.526489
0.245705 0.526489
0.245805 0.526254
0.245905 0.525785
0.246005 0.525785
0.246104 0.525785
0.246204 0.525785
0.246304 0.525551
0.246403 0.525316
0.246503 0.524848
0.246603 0.524848
0.246703 0.524613
0.246802 0.524613
0.246902 0.524144
0.247002 0.524144
0.247102 0.524144
0.247201 0.524144
0.247301 0.523910
0.247401 0.523676
0.247500 0.523441
0.247600 0.523441
0.247700 0.523441
0.247800 0.523207
0.247899 0.522972
0.247999 0.522738
0.248099 0.522738
0.248199 0.522269
0.248298 0.521800
0.248398 0.521331
0.248498 0.521097
0.248597 0.520863
0.248697 0.520863
0.248797 0.520394
0.248897 0.520394
0.248996 0.520394
0.249096 0.520159
0.249196 0.520159
0.249296 0.519925
0.249395 0.519691
0.249495 0.519222
0.249595 0.518753
0.249694 0.518519
0.249794 0.518519
0.249894 0.518284
0.249994 0.518050
0.250093 0.517815
0.250193 0.517581
0.250293 0.517581
0.250393 0.517346
0.250492 0.516409
0.250592 0.516174
0.250692 0.515706
0.250791 0.515706
0.250891 0.515471
0.250991 0.515237
0.251091 0.515237
0.251190 0.515237
0.251290 0.515002
0.251390 0.514534
0.251490 0.514299
0.251589 0.514299
0.251689 0.514299
0.251789 0.513830
0.251888 0.513361
0.251988 0.513127
0.252088 0.513127
0.252188 0.513127
0.252287 0.512893
0.252387 0.512893
0.252487 0.512893
0.252587 0.512658
0.252686 0.512424
0.252786 0.512424
0.252886 0.511955
0.252985 0.511721
0.253085 0.511721
0.253185 0.511486
0.253285 0.511017
0.253384 0.511017
0.253484 0.511017
0.253584 0.510783
0.253684 0.510783
0.253783 0.510314
0.253883 0.510314
0.253983 0.510314
0.254082 0.509845
0.254182 0.509611
0.254282 0.509611
0.254382 0.509611
0.254481 0.509142
0.254581 0.509142
0.254681 0.509142
0.254781 0.508908
0.254880 0.508908
0.254980 0.508908
0.255080 0.508908
0.255179 0.508673
0.255279 0.508204
0.255379 0.508204
0.255479 0.508204
0.255578 0.507970
0.255678 0.507267
0.255778 0.507267
0.255878 0.507267
0.255977 0.506798
0.256077 0.506564
0.256177 0.506329
0.256276 0.506095
0.256376 0.506095
0.256476 0.505860
0.256576 0.505626
0.256675 0.505626
0.256775 0.505626
0.256875 0.505626
0.256975 0.505626
0.257074 0.505391
0.257174 0.505391
0.257274 0.505391
0.257373 0.505157
0.257473 0.504454
0.257573 0.504454
0.257673 0.504219
0.257772 0.504219
0.257872 0.503751
0.257972 0.503751
0.258072 0.503516
0.258171 0.503047
0.258271 0.503047
0.258371 0.502813
0.258470 0.502344
0.258570 0.502344
0.258670 0.502344
0.258770 0.502110
0.258869 0.501875
0.258969 0.501875
0.259069 0.501875
0.259169 0.501875
0.259268 0.501875
0.259368 0.501875
0.259468 0.501406
0.259567 0.501406
0.259667 0.501406
0.259767 0.501172
0.259867 0.500938
0.259966 0.500469
0.260066 0.500469
0.260166 0.500234
0.260266 0.500234
0.260365 0.500234
0.260465 0.500234
0.260565 0.500234
0.260664 0.500234
0.260764 0.499766
0.260864 0.499297
0.260964 0.499062
0.261063 0.498359
0.261163 0.497890
0.261263 0.497656
0.261363 0.497656
0.261462 0.497656
0.261562 0.497656
0.261662 0.497656
0.261761 0.497656
0.261861 0.497656
0.261961 0.497656
0.262061 0.497421
0.262160 0.497421
0.262260 0.497421
0.262360 0.497187
0.262460 0.497187
0.262559 0.496953
0.262659 0.496953
0.262759 0.496718
0.262858 0.496484
0.262958 0.496484
0.263058 0.496484
0.263158 0.496484
0.263257 0.496484
0.263357 0.496484
0.263457 0.496484
0.263557 0.496249
0.263656 0.496249
0.263756 0.495781
0.263856 0.495546
0.263955 0.495546
0.264055 0.495312
0.264155 0.495077
0.264255 0.495077
0.264354 0.495077
0.264454 0.494843
0.264554 0.494843
0.264654 0.494843
0.264753 0.494843
0.264853 0.494140
0.264953 0.494140
0.265052 0.494140
0.265152 0.493905
0.265252 0.493436
0.265352 0.493436
0.265451 0.493436
0.265551 0.493436
0.265651 0.492968
0.265751 0.492733
0.265850 0.492030
0.265950 0.492030
0.266050 0.491561
0.266149 0.491327
0.266249 0.491092
0.266349 0.490858
0.266449 0.490155
0.266548 0.490155
0.266648 0.489920
0.266748 0.489686
0.266848 0.489686
0.266947 0.489451
0.267047 0.488983
0.267147 0.488983
0.267246 0.488514
0.267346 0.488279
0.267446 0.487576
0.267546 0.487576
0.267645 0.487576
0.267745 0.487342
0.267845 0.487342
0.267945 0.487342
0.268044 0.487107
0.268144 0.487107
0.268244 0.486639
0.268343 0.486639
0.268443 0.486639
0.268543 0.486639
0.268643 0.486639
0.268742 0.486639
0.268842 0.486404
0.268942 0.486404
0.269042 0.486170
0.269141 0.485935
0.269241 0.485701
0.269341 0.485701
0.269440 0.485232
0.269540 0.484763
0.269640 0.484294
0.269740 0.484294
0.269839 0.483826
0.269939 0.483591
0.270039 0.483591
0.270139 0.483357
0.270238 0.482888
0.270338 0.482654
0.270438 0.481950
0.270537 0.481950
0.270637 0.481950
0.270737 0.481716
0.270837 0.481716
0.270936 0.481716
0.271036 0.481716
0.271136 0.481481
0.271236 0.481481
0.271335 0.481481
0.271435 0.481247
0.271535 0.481247
0.271634 0.481013
0.271734 0.480778
0.271834 0.480544
0.271934 0.480544
0.272033 0.480544
0.272133 0.480309
0.272233 0.480309
0.272333 0.480075
0.272432 0.480075
0.272532 0.479841
0.272632 0.479841
0.272731 0.479606
0.272831 0.479606
0.272931 0.479137
0.273031 0.479137
0.273130 0.478669
0.273230 0.478669
0.273330 0.478434
0.273430 0.478200
0.273529 0.478200
0.273629 0.477731
0.273729 0.477496
0.273828 0.477262
0.273928 0.477262
0.274028 0.477028
0.274128 0.476793
0.274227 0.476324
0.274327 0.475621
0.274427 0.475387
0.274527 0.475152
0.274626 0.475152
0.274726 0.474918
0.274826 0.474918
0.274925 0.474449
0.275025 0.474449
0.275125 0.474449
0.275225 0.474449
0.275324 0.474449
0.275424 0.474449
0.275524 0.474215
0.275624 0.474215
0.275723 0.473980
0.275823 0.473746
0.275923 0.473746
0.276022 0.473746
0.276122 0.473511
0.276222 0.473277
0.276322 0.473277
0.276421 0.473043
0.276521 0.472574
0.276621 0.472574
0.276721 0.472105
0.276820 0.472105
0.276920 0.472105
0.277020 0.471871
0.277119 0.471636
0.277219 0.471636
0.277319 0.471402
0.277419 0.471167
0.277518 0.471167
0.277618 0.470933
0.277718 0.470933
0.277818 0.470699
0.277917 0.470699
0.278017 0.469995
0.278117 0.469761
0.278216 0.469761
0.278316 0.469761
0.278416 0.469761
0.278516 0.469761
0.278615 0.469292
0.278715 0.469292
0.278815 0.469292
0.278915 0.469292
0.279014 0.469292
0.279114 0.469292
0.279214 0.468823
0.279313 0.468354
0.279413 0.468120
0.279513 0.468120
0.279613 0.467886
0.279712 0.467651
0.279812 0.467417
0.279912 0.467417
0.280012 0.467417
0.280111 0.467182
0.280211 0.467182
0.280311 0.466948
0.280410 0.466714
0.280510 0.466479
0.280610 0.466245
0.280710 0.466245
0.280809 0.466010
0.280909 0.466010
0.281009 0.465776
0.281109 0.465307
0.281208 0.464838
0.281308 0.464604
0.281408 0.464604
0.281507 0.464369
0.281607 0.463901
0.281707 0.463666
0.281807 0.463666
0.281906 0.463432
0.282006 0.463432
0.282106 0.463432
0.282206 0.463432
0.282305 0.463432
0.282405 0.463432
0.282505 0.463432
0.282604 0.462963
0.282704 0.462963
0.282804 0.462729
0.282904 0.462494
0.283003 0.462260
0.283103 0.462260
0.283203 0.461791
0.283303 0.461791
0.283402 0.461791
0.283502 0.461088
0.283602 0.460853
0.283701 0.460619
0.283801 0.460619
0.283901 0.460619
0.284001 0.460619
0.284100 0.460384
0.284200 0.460150
0.284300 0.460150
0.284400 0.459916
0.284499 0.459916
0.284599 0.459681
0.284699 0.459681
0.284798 0.459681
0.284898 0.459447
0.284998 0.459212
0.285098 0.458978
0.285197 0.458744
0.285297 0.458509
0.285397 0.457806
0.285496 0.457806
0.285596 0.457806
0.285696 0.457337
0.285796 0.457337
0.285895 0.457337
0.285995 0.457337
0.286095 0.457337
0.286195 0.457103
0.286294 0.457103
0.286394 0.457103
0.286494 0.456868
0.286593 0.456868
0.286693 0.456634
0.286793 0.456399
0.286893 0.456165
0.286992 0.456165
0.287092 0.456165
0.287192 0.455931
0.287292 0.455696
0.287391 0.455696
0.287491 0.455696
0.287591 0.455462
0.287690 0.455227
0.287790 0.455227
0.287890 0.454524
0.287990 0.454524
0.288089 0.454290
0.288189 0.454290
0.288289 0.454290
0.288389 0.454290
0.288488 0.454290
0.288588 0.454290
0.288688 0.454055
0.288787 0.453821
0.288887 0.453821
0.288987 0.453821
0.289087 0.453118
0.289186 0.452649
0.289286 0.452414
0.289386 0.452180
0.289486 0.452180
0.289585 0.452180
0.289685 0.451711
0.289785 0.451477
0.289884 0.451477
0.289984 0.451242
0.290084 0.451242
0.290184 0.451242
0.290283 0.451242
0.290383 0.451008
0.290483 0.451008
0.290583 0.451008
0.290682 0.451008
0.290782 0.451008
0.290882 0.451008
0.290981 0.451008
0.291081 0.451008
0.291181 0.450539
0.291281 0.450539
0.291380 0.450539
0.291480 0.450305
0.291580 0.450070
0.291680 0.449836
0.291779 0.449836
0.291879 0.449133
0.291979 0.449133
0.292078 0.449133
0.292178 0.449133
0.292278 0.449133
0.292378 0.448898
0.292477 0.448898
0.292577 0.448429
0.292677 0.448195
0.292777 0.448195
0.292876 0.448195
0.292976 0.448195
0.293076 0.448195
0.293175 0.448195
0.293275 0.447961
0.293375 0.447726
0.293475 0.447726
0.293574 0.447726
0.293674 0.447492
0.293774 0.447492
0.293874 0.447257
0.293973 0.447257
0.294073 0.446789
0.294173 0.446789
0.294272 0.446320
0.294372 0.446320
0.294472 0.445851
0.294572 0.445148
0.294671 0.445148
0.294771 0.444444
0.294871 0.444444
0.294971 0.444444
0.295070 0.444210
0.295170 0.443976
0.295270 0.443976
0.295369 0.443976
0.295469 0.443976
0.295569 0.443741
0.295669 0.443507
0.295768 0.443038
0.295868 0.443038
0.295968 0.442804
0.296068 0.442804
0.296167 0.442804
0.296267 0.442804
0.296367 0.442804
0.296466 0.442804
0.296566 0.442804
0.296666 0.442804
0.296766 0.442804
0.296865 0.442804
0.296965 0.442804
0.297065 0.442335
0.297165 0.442100
0.297264 0.441866
0.297364 0.441632
0.297464 0.441397
0.297563 0.441163
0.297663 0.440928
0.297763 0.440694
0.297863 0.440459
0.297962 0.439991
0.298062 0.439756
0.298162 0.439756
0.298262 0.439756
0.298361 0.439522
0.298461 0.439522
0.298561 0.439522
0.298660 0.439287
0.298760 0.439287
0.298860 0.439287
0.298960 0.438819
0.299059 0.438584
0.299159 0.438350
0.299259 0.438115
0.299359 0.438115
0.299458 0.438115
0.299558 0.438115
0.299658 0.438115
0.299757 0.438115
0.299857 0.438115
0.299957 0.438115
0.300057 0.438115
0.300156 0.438115
0.300256 0.438115
0.300356 0.438115
0.300456 0.437881
0.300555 0.437647
0.300655 0.437647
0.300755 0.437647
0.300854 0.437412
0.300954 0.437178
0.301054 0.437178
0.301154 0.437178
0.301253 0.436709
0.301353 0.436709
0.301453 0.436709
0.301553 0.436474
0.301652 0.436240
0.301752 0.436240
0.301852 0.436240
0.301951 0.436240
0.302051 0.436240
0.302151 0.436006
0.302251 0.435771
0.302350 0.435537
0.302450 0.435302
0.302550 0.435068
0.302650 0.434834
0.302749 0.434834
0.302849 0.434834
0.302949 0.434599
0.303048 0.434365
0.303148 0.434365
0.303248 0.434130
0.303348 0.434130
0.303447 0.434130
0.303547 0.434130
0.303647 0.434130
0.303747 0.434130
0.303846 0.433896
0.303946 0.433896
0.304046 0.433896
0.304145 0.433896
0.304245 0.433896
0.304345 0.433662
0.304445 0.433427
0.304544 0.433427
0.304644 0.433427
0.304744 0.433427
0.304844 0.433193
0.304943 0.433193
0.305043 0.433193
0.305143 0.432958
0.305242 0.432724
0.305342 0.432489
0.305442 0.432489
0.305542 0.432489
0.305641 0.432255
0.305741 0.432021
0.305841 0.432021
0.305941 0.432021
0.306040 0.431317
0.306140 0.431317
0.306240 0.430849
0.306339 0.430614
0.306439 0.430145
0.306539 0.429911
0.306639 0.429677
0.306738 0.429677
0.306838 0.429208
0.306938 0.428973
0.307038 0.428504
0.307137 0.428504
0.307237 0.428270
0.307337 0.428270
0.307436 0.428270
0.307536 0.428270
0.307636 0.428270
0.307736 0.428036
0.307835 0.427801
0.307935 0.427801
0.308035 0.427567
0.308135 0.427098
0.308234 0.427098
0.308334 0.427098
0.308434 0.427098
0.308533 0.427098
0.308633 0.426629
0.308733 0.426629
0.308833 0.426160
0.308932 0.425926
0.309032 0.425926
0.309132 0.425926
0.309232 0.425926
0.309331 0.425926
0.309431 0.425692
0.309531 0.425457
0.309630 0.425223
0.309730 0.424988
0.309830 0.424285
0.309930 0.424285
0.310029 0.423816
0.310129 0.423816
0.310229 0.423816
0.310329 0.423582
0.310428 0.423582
0.310528 0.423347
0.310628 0.423113
0.310727 0.423113
0.310827 0.422879
0.310927 0.422879
0.311027 0.422879
0.311126 0.422644
0.311226 0.422410
0.311326 0.422175
0.311426 0.421941
0.311525 0.421941
0.311625 0.421941
0.311725 0.421941
0.311824 0.421707
0.311924 0.421707
0.312024 0.421707
0.312124 0.421707
0.312223 0.421707
0.312323 0.421707
0.312423 0.421472
0.312523 0.421003
0.312622 0.420534
0.312722 0.420534
0.312822 0.420300
0.312921 0.420066
0.313021 0.420066
0.313121 0.419831
0.313221 0.419597
0.313320 0.419597
0.313420 0.419597
0.313520 0.418894
0.313620 0.418425
0.313719 0.418190
0.313819 0.417956
0.313919 0.417722
0.314018 0.417722
0.314118 0.417722
0.314218 0.417722
0.314318 0.417487
0.314417 0.417487
0.314517 0.417487
0.314617 0.417253
0.314717 0.417018
0.314816 0.417018
0.314916 0.417018
0.315016 0.417018
0.315115 0.416784
0.315215 0.416784
0.315315 0.416549
0.315415 0.416549
0.315514 0.416315
0.315614 0.416081
0.315714 0.416081
0.315814 0.416081
0.315913 0.415846
0.316013 0.415612
0.316113 0.415612
0.316212 0.415612
0.316312 0.415377
0.316412 0.415377
0.316512 0.415143
0.316611 0.414909
0.316711 0.414674
0.316811 0.414674
0.316911 0.414674
0.317010 0.414674
0.317110 0.414674
0.317210 0.414440
0.317309 0.414440
0.317409 0.414440
0.317509 0.414440
0.317609 0.414440
0.317708 0.414440
0.317808 0.414205
0.317908 0.414205
0.318008 0.414205
0.318107 0.413971
0.318207 0.413971
0.318307 0.413737
0.318406 0.413737
0.318506 0.413502
0.318606 0.413502
0.318706 0.413502
0.318805 0.412799
0.318905 0.412799
0.319005 0.412799
0.319105 0.412564
0.319204 0.411861
0.319304 0.411861
0.319404 0.411627
0.319503 0.411627
0.319603 0.411627
0.319703 0.411392
0.319803 0.411392
0.319902 0.410924
0.320002 0.410689
0.320102 0.410689
0.320202 0.410455
0.320301 0.410455
0.320401 0.410455
0.320501 0.410455
0.320600 0.410455
0.320700 0.410220
0.320800 0.410220
0.320900 0.410220
0.320999 0.409752
0.321099 0.409752
0.321199 0.409517
0.321299 0.409517
0.321398 0.409517
0.321498 0.409283
0.321598 0.409283
0.321697 0.409283
0.321797 0.409048
0.321897 0.409048
0.321997 0.409048
0.322096 0.408814
0.322196 0.408579
0.322296 0.408345
0.322396 0.408111
0.322495 0.407876
0.322595 0.407642
0.322695 0.407407
0.322794 0.407173
0.322894 0.407173
0.322994 0.406939
0.323094 0.406939
0.323193 0.406704
0.323293 0.406704
0.323393 0.406470
0.323493 0.406470
0.323592 0.406470
0.323692 0.406470
0.323792 0.406235
0.323891 0.406001
0.323991 0.406001
0.324091 0.406001
0.324191 0.406001
0.324290 0.406001
0.324390 0.405767
0.324490 0.405767
0.324590 0.405767
0.324689 0.405532
0.324789 0.405532
0.324889 0.405532
0.324988 0.405532
0.325088 0.405298
0.325188 0.405063
0.325288 0.405063
0.325387 0.405063
0.325487 0.405063
0.325587 0.404829
0.325687 0.404360
0.325786 0.404360
0.325886 0.404360
0.325986 0.404360
0.326085 0.404126
0.326185 0.403891
0.326285 0.403891
0.326385 0.403891
0.326484 0.403657
0.326584 0.403422
0.326684 0.403422
0.326784 0.403188
0.326883 0.403188
0.326983 0.403188
0.327083 0.403188
0.327182 0.402719
0.327282 0.402719
0.327382 0.402719
0.327482 0.402719
0.327581 0.402485
0.327681 0.402250
0.327781 0.402250
0.327881 0.402250
0.327980 0.402250
0.328080 0.402250
0.328180 0.402016
0.328279 0.401782
0.328379 0.401782
0.328479 0.401782
0.328579 0.401782
0.328678 0.401782
0.328778 0.401782
0.328878 0.401782
0.328978 0.401782
0.329077 0.401782
0.329177 0.401547
0.329277 0.401313
0.329376 0.401313
0.329476 0.401313
0.329576 0.401078
0.329676 0.401078
0.329775 0.401078
0.329875 0.401078
0.329975 0.401078
0.330075 0.401078
0.330174 0.401078
0.330274 0.401078
0.330374 0.400609
0.330473 0.400609
0.330573 0.400609
0.330673 0.400609
0.330773 0.399906
0.330872 0.399672
0.330972 0.399672
0.331072 0.399672
0.331172 0.399672
0.331271 0.399672
0.331371 0.399437
0.331471 0.399437
0.331570 0.399203
0.331670 0.398734
0.331770 0.398734
0.331870 0.398734
0.331969 0.398734
0.332069 0.398500
0.332169 0.398500
0.332269 0.398265
0.332368 0.398031
0.332468 0.398031
0.332568 0.398031
0.332667 0.398031
0.332767 0.398031
0.332867 0.397328
0.332967 0.397328
0.333066 0.397328
0.333166 0.397328
0.333266 0.397328
0.333366 0.396624
0.333465 0.396624
0.333565 0.396624
0.333665 0.396390
0.333764 0.396156
0.333864 0.396156
0.333964 0.395921
0.334064 0.395921
0.334163 0.395921
0.334263 0.395687
0.334363 0.395687
0.334463 0.395687
0.334562 0.395687
0.334662 0.395452
0.334762 0.395218
0.334861 0.394984
0.334961 0.394984
0.335061 0.394515
0.335161 0.394280
0.335260 0.394046
0.335360 0.393812
0.335460 0.393812
0.335560 0.393812
0.335659 0.393343
0.335759 0.393108
0.335859 0.393108
0.335958 0.393108
0.336058 0.392874
0.336158 0.392874
0.336258 0.392874
0.336357 0.392874
0.336457 0.392639
0.336557 0.391936
0.336657 0.391702
0.336756 0.391467
0.336856 0.391467
0.336956 0.391467
0.337055 0.390999
0.337155 0.390530
0.337255 0.390295
0.337355 0.390295
0.337454 0.389827
0.337554 0.389592
0.337654 0.389358
0.337754 0.389358
0.337853 0.389358
0.337953 0.389123
0.338053 0.389123
0.338152 0.389123
0.338252 0.389123
0.338352 0.388889
0.338452 0.388654
0.338551 0.388654
0.338651 0.388654
0.338751 0.388654
0.338851 0.388186
0.338950 0.388186
0.339050 0.388186
0.339150 0.388186
0.339249 0.387951
0.339349 0.387951
0.339449 0.387717
0.339549 0.387717
0.339648 0.387717
0.339748 0.387717
0.339848 0.387482
0.339948 0.387482
0.340047 0.387248
0.340147 0.386779
0.340247 0.386779
0.340346 0.386310
0.340446 0.386310
0.340546 0.386310
0.340646 0.386310
0.340745 0.386310
0.340845 0.386076
0.340945 0.386076
0.341045 0.385842
0.341144 0.385842
0.341244 0.385842
0.341344 0.385842
0.341443 0.385373
0.341543 0.385138
0.341643 0.385138
0.341743 0.385138
0.341842 0.384669
0.341942 0.384435
0.342042 0.384435
0.342142 0.383966
0.342241 0.383497
0.342341 0.383497
0.342441 0.383263
0.342540 0.383263
0.342640 0.383029
0.342740 0.382794
0.342840 0.382560
0.342939 0.382560
0.343039 0.382560
0.343139 0.382091
0.343239 0.381622
0.343338 0.381622
0.343438 0.381388
0.343538 0.381388
0.343637 0.381388
0.343737 0.381388
0.343837 0.381153
0.343937 0.381153
0.344036 0.381153
0.344136 0.380684
0.344236 0.380684
0.344336 0.380684
0.344435 0.380216
0.344535 0.379981
0.344635 0.379512
0.344734 0.379512
0.344834 0.379278
0.344934 0.379278
0.345034 0.379044
0.345133 0.378809
0.345233 0.378809
0.345333 0.378575
0.345433 0.378575
0.345532 0.378575
0.345632 0.378575
0.345732 0.378340
0.345831 0.378340
0.345931 0.378340
0.346031 0.378340
0.346131 0.377872
0.346230 0.377872
0.346330 0.377872
0.346430 0.377637
0.346530 0.377637
0.346629 0.377637
0.346729 0.377403
0.346829 0.377403
0.346928 0.377168
0.347028 0.377168
0.347128 0.376934
0.347228 0.376934
0.347327 0.376699
0.347427 0.376465
0.347527 0.375996
0.347627 0.375996
0.347726 0.375762
0.347826 0.375762
0.347926 0.375527
0.348025 0.375527
0.348125 0.375293
0.348225 0.375059
0.348325 0.375059
0.348424 0.375059
0.348524 0.374590
0.348624 0.374355
0.348724 0.374355
0.348823 0.374121
0.348923 0.373887
0.349023 0.373887
0.349122 0.373887
0.349222 0.373652
0.349322 0.373652
0.349422 0.373652
0.349521 0.373183
0.349621 0.372949
0.349721 0.372949
0.349821 0.372949
0.349920 0.372714
0.350020 0.372714
0.350120 0.372480
0.350219 0.372246
0.350319 0.372246
0.350419 0.372011
0.350519 0.372011
0.350618 0.372011
0.350718 0.371542
0.350818 0.371542
0.350918 0.371542
0.351017 0.371308
0.351117 0.371308
0.351217 0.370839
0.351316 0.370370
0.351416 0.370136
0.351516 0.370136
0.351616 0.369902
0.351715 0.369667
0.351815 0.369433
0.351915 0.369198
0.352015 0.369198
0.352114 0.369198
0.352214 0.368729
0.352314 0.368261
0.352413 0.368026
0.352513 0.367792
0.352613 0.367557
0.352713 0.367323
0.352812 0.367323
0.352912 0.367323
0.353012 0.367323
0.353112 0.367323
0.353211 0.367089
0.353311 0.367089
0.353411 0.367089
0.353510 0.366854
0.353610 0.366854
0.353710 0.366620
0.353810 0.366385
0.353909 0.366385
0.354009 0.366151
0.354109 0.365917
0.354209 0.365448
0.354308 0.365448
0.354408 0.365448
0.354508 0.365213
0.354607 0.365213
0.354707 0.365213
0.354807 0.365213
0.354907 0.365213
0.355006 0.365213
0.355106 0.365213
0.355206 0.365213
0.355306 0.364979
0.355405 0.364979
0.355505 0.364744
0.355605 0.364744
0.355704 0.364744
0.355804 0.364510
0.355904 0.364276
0.356004 0.364276
0.356103 0.364041
0.356203 0.364041
0.356303 0.363807
0.356403 0.363807
0.356502 0.363572
0.356602 0.363572
0.356702 0.363572
0.356801 0.363572
0.356901 0.363572
0.357001 0.363572
0.357101 0.363572
0.357200 0.363572
0.357300 0.363572
0.357400 0.363572
0.357500 0.363572
0.357599 0.363338
0.357699 0.363338
0.357799 0.363104
0.357898 0.363104
0.357998 0.363104
0.358098 0.362869
0.358198 0.362869
0.358297 0.362869
0.358397 0.362635
0.358497 0.362400
0.358597 0.362400
0.358696 0.362166
0.358796 0.362166
0.358896 0.362166
0.358995 0.361463
0.359095 0.361228
0.359195 0.361228
0.359295 0.360759
0.359394 0.359822
0.359494 0.359587
0.359594 0.359353
0.359694 0.359353
0.359793 0.359353
0.359893 0.358650
0.359993 0.357947
0.360092 0.357712
0.360192 0.357712
0.360292 0.357712
0.360392 0.357712
0.360491 0.357712
0.360591 0.357712
0.360691 0.357478
0.360791 0.357243
0.360890 0.357009
0.360990 0.357009
0.361090 0.357009
0.361189 0.357009
0.361289 0.357009
0.361389 0.356540
0.361489 0.356540
0.361588 0.356540
0.361688 0.356306
0.361788 0.356306
0.361888 0.356071
0.361987 0.355602
0.362087 0.355368
0.362187 0.355134
0.362286 0.354899
0.362386 0.354899
0.362486 0.354665
0.362586 0.354665
0.362685 0.354196
0.362785 0.354196
0.362885 0.353493
0.362985 0.353024
0.363084 0.353024
0.363184 0.353024
0.363284 0.353024
0.363383 0.353024
0.363483 0.353024
0.363583 0.353024
0.363683 0.353024
0.363782 0.353024
0.363882 0.353024
0.363982 0.352555
0.364082 0.352555
0.364181 0.352321
0.364281 0.352321
0.364381 0.352321
0.364480 0.352321
0.364580 0.352321
0.364680 0.352321
0.364780 0.352086
0.364879 0.352086
0.364979 0.352086
0.365079 0.351852
0.365179 0.351617
0.365278 0.351617
0.365378 0.351617
0.365478 0.351617
0.365577 0.351383
0.365677 0.351383
0.365777 0.351149
0.365877 0.351149
0.365976 0.350914
0.366076 0.350680
0.366176 0.350445
0.366276 0.350445
0.366375 0.350211
0.366475 0.349977
0.366575 0.349742
0.366674 0.349742
0.366774 0.349508
0.366874 0.349508
0.366974 0.349508
0.367073 0.349039
0.367173 0.349039
0.367273 0.349039
0.367373 0.349039
0.367472 0.348805
0.367572 0.348805
0.367672 0.348570
0.367771 0.348101
0.367871 0.348101
0.367971 0.347632
0.368071 0.347632
0.368170 0.347632
0.368270 0.347632
0.368370 0.347164
0.368470 0.347164
0.368569 0.347164
0.368669 0.347164
0.368769 0.347164
0.368868 0.346929
0.368968 0.346929
0.369068 0.346460
0.369168 0.346460
0.369267 0.345992
0.369367 0.345992
0.369467 0.345757
0.369567 0.345757
0.369666 0.345757
0.369766 0.345523
0.369866 0.345523
0.369965 0.345523
0.370065 0.345523
0.370165 0.345523
0.370265 0.345523
0.370364 0.345288
0.370464 0.345054
0.370564 0.345054
0.370664 0.344820
0.370763 0.344820
0.370863 0.344820
0.370963 0.344820
0.371062 0.344820
0.371162 0.344820
0.371262 0.344351
0.371362 0.344351
0.371461 0.344351
0.371561 0.344116
0.371661 0.344116
0.371761 0.343882
0.371860 0.343647
0.371960 0.343413
0.372060 0.343179
0.372159 0.342944
0.372259 0.342944
0.372359 0.342944
0.372459 0.342944
0.372558 0.342710
0.372658 0.342710
0.372758 0.342710
0.372858 0.342710
0.372957 0.342475
0.373057 0.342475
0.373157 0.342241
0.373256 0.342241
0.373356 0.341772
0.373456 0.341069
0.373556 0.341069
0.373655 0.340835
0.373755 0.340835
0.373855 0.340835
0.373955 0.340835
0.374054 0.340835
0.374154 0.340366
0.374254 0.340366
0.374353 0.340366
0.374453 0.340366
0.374553 0.340366
0.374653 0.340366
0.374752 0.339897
0.374852 0.339897
0.374952 0.339897
0.375052 0.339897
0.375151 0.339662
0.375251 0.339662
0.375351 0.339662
0.375450 0.339662
0.375550 0.339194
0.375650 0.339194
0.375750 0.338959
0.375849 0.338725
0.375949 0.338725
0.376049 0.338725
0.376149 0.338256
0.376248 0.338022
0.376348 0.338022
0.376448 0.337787
0.376547 0.337787
0.376647 0.337553
0.376747 0.337318
0.376847 0.337084
0.376946 0.336850
0.377046 0.336850
0.377146 0.336615
0.377246 0.336615
0.377345 0.336615
0.377445 0.336615
0.377545 0.336615
0.377644 0.336615
0.377744 0.336615
0.377844 0.336381
0.377944 0.336381
0.378043 0.336381
0.378143 0.336381
0.378243 0.336381
0.378343 0.335912
0.378442 0.335912
0.378542 0.335912
0.378642 0.335912
0.378741 0.335912
0.378841 0.335912
0.378941 0.335912
0.379041 0.335677
0.379140 0.335677
0.379240 0.335677
0.379340 0.335677
0.379440 0.335677
0.379539 0.335677
0.379639 0.335677
0.379739 0.335677
0.379838 0.335677
0.379938 0.335443
0.380038 0.335443
0.380138 0.334740
0.380237 0.334505
0.380337 0.334505
0.380437 0.334505
0.380537 0.334505
0.380636 0.334505
0.380736 0.334271
0.380836 0.334037
0.380935 0.334037
0.381035 0.334037
0.381135 0.334037
0.381235 0.334037
0.381334 0.334037
0.381434 0.333802
0.381534 0.333333
0.381634 0.333333
0.381733 0.333333
0.381833 0.333333
0.381933 0.333333
0.382032 0.333099
0.382132 0.333099
0.382232 0.333099
0.382332 0.333099
0.382431 0.333099
0.382531 0.333099
0.382631 0.333099
0.382731 0.332865
0.382830 0.332865
0.382930 0.332865
0.383030 0.332865
0.383129 0.332630
0.383229 0.332161
0.383329 0.332161
0.383429 0.332161
0.383528 0.332161
0.383628 0.332161
0.383728 0.332161
0.383828 0.332161
0.383927 0.331692
0.384027 0.331692
0.384127 0.331224
0.384226 0.330989
0.384326 0.330755
0.384426 0.330755
0.384526 0.330755
0.384625 0.330755
0.384725 0.330520
0.384825 0.330520
0.384925 0.330286
0.385024 0.330286
0.385124 0.330286
0.385224 0.330286
0.385323 0.330052
0.385423 0.329817
0.385523 0.329817
0.385623 0.329817
0.385722 0.329817
0.385822 0.329817
0.385922 0.329817
0.386022 0.329817
0.386121 0.329817
0.386221 0.329817
0.386321 0.329583
0.386420 0.329348
0.386520 0.329114
0.386620 0.328880
0.386720 0.328880
0.386819 0.328880
0.386919 0.328880
0.387019 0.328645
0.387119 0.328176
0.387218 0.328176
0.387318 0.327942
0.387418 0.327942
0.387517 0.327942
0.387617 0.327707
0.387717 0.327707
0.387817 0.327707
0.387916 0.327239
0.388016 0.327239
0.388116 0.327239
0.388216 0.327004
0.388315 0.326770
0.388415 0.326535
0.388515 0.326535
0.388614 0.326535
0.388714 0.326301
0.388814 0.326067
0.388914 0.326067
0.389013 0.325832
0.389113 0.325832
0.389213 0.325598
0.389313 0.325598
0.389412 0.325598
0.389512 0.325598
0.389612 0.325363
0.389711 0.325363
0.389811 0.325363
0.389911 0.324895
0.390011 0.324895
0.390110 0.324895
0.390210 0.324895
0.390310 0.324660
0.390410 0.324426
0.390509 0.324426
0.390609 0.324426
0.390709 0.324426
0.390808 0.324191
0.390908 0.324191
0.391008 0.324191
0.391108 0.323722
0.391207 0.323488
0.391307 0.323488
0.391407 0.323488
0.391507 0.323019
0.391606 0.323019
0.391706 0.322785
0.391806 0.322785
0.391905 0.322785
0.392005 0.322785
0.392105 0.322785
0.392205 0.322785
0.392304 0.322785
0.392404 0.322785
0.392504 0.322550
0.392604 0.322550
0.392703 0.322316
0.392803 0.322082
0.392903 0.321847
0.393002 0.321847
0.393102 0.321847
0.393202 0.321378
0.393302 0.321378
0.393401 0.321144
0.393501 0.320910
0.393601 0.320441
0.393701 0.320441
0.393800 0.320206
0.393900 0.320206
0.394000 0.320206
0.394099 0.319737
0.394199 0.319737
0.394299 0.319737
0.394399 0.319737
0.394498 0.319503
0.394598 0.319503
0.394698 0.319503
0.394798 0.319503
0.394897 0.319503
0.394997 0.319269
0.395097 0.319269
0.395196 0.319269
0.395296 0.319269
0.395396 0.319269
0.395496 0.319034
0.395595 0.319034
0.395695 0.318800
0.395795 0.318565
0.395895 0.318097
0.395994 0.318097
0.396094 0.318097
0.396194 0.318097
0.396293 0.317862
0.396393 0.317628
0.396493 0.316925
0.396593 0.316925
0.396692 0.316925
0.396792 0.316925
0.396892 0.316925
0.396992 0.316925
0.397091 0.316690
0.397191 0.316690
0.397291 0.316690
0.397390 0.316456
0.397490 0.316221
0.397590 0.315987
0.397690 0.315987
0.397789 0.315518
0.397889 0.315518
0.397989 0.315518
0.398089 0.315284
0.398188 0.315284
0.398288 0.315049
0.398388 0.315049
0.398487 0.314815
0.398587 0.314815
0.398687 0.314580
0.398787 0.314346
0.398886 0.314346
0.398986 0.314346
0.399086 0.314346
0.399186 0.314346
0.399285 0.314346
0.399385 0.314346
0.399485 0.314346
0.399584 0.314346
0.399684 0.314112
0.399784 0.313408
0.399884 0.313174
0.399983 0.313174
0.400083 0.313174
0.400183 0.312705
0.400283 0.312471
0.400382 0.312471
0.400482 0.312471
0.400582 0.312471
0.400681 0.312471
0.400781 0.312236
0.400881 0.312236
0.400981 0.312002
0.401080 0.311767
0.401180 0.311767
0.401280 0.311533
0.401380 0.311533
0.401479 0.311533
0.401579 0.311533
0.401679 0.311299
0.401778 0.311299
0.401878 0.311299
0.401978 0.310830
0.402078 0.310595
0.402177 0.310361
0.402277 0.310361
0.402377 0.310361
0.402477 0.310127
0.402576 0.310127
0.402676 0.309892
0.402776 0.309892
0.402875 0.309892
0.402975 0.309892
0.403075 0.309658
0.403175 0.309658
0.403274 0.309658
0.403374 0.309658
0.403474 0.309423
0.403574 0.309423
0.403673 0.309423
0.403773 0.309423
0.403873 0.309189
0.403972 0.309189
0.404072 0.309189
0.404172 0.309189
0.404272 0.308955
0.404371 0.308955
0.404471 0.308720
0.404571 0.308720
0.404671 0.308720
0.404770 0.308720
0.404870 0.308720
0.404970 0.308486
0.405069 0.308486
0.405169 0.308251
0.405269 0.308251
0.405369 0.307548
0.405468 0.307548
0.405568 0.307314
0.405668 0.307314
0.405768 0.307079
0.405867 0.306845
0.405967 0.306845
0.406067 0.306845
0.406166 0.306845
0.406266 0.306845
0.406366 0.306845
0.406466 0.306845
0.406565 0.306845
0.406665 0.306845
0.406765 0.306845
0.406865 0.306845
0.406964 0.306845
0.407064 0.306845
0.407164 0.306610
0.407263 0.306610
0.407363 0.306610
0.407463 0.306376
0.407563 0.306142
0.407662 0.306142
0.407762 0.306142
0.407862 0.305907
0.407962 0.305673
0.408061 0.305673
0.408161 0.305673
0.408261 0.305438
0.408360 0.305438
0.408460 0.305438
0.408560 0.305438
0.408660 0.305438
0.408759 0.305438
0.408859 0.305204
0.408959 0.305204
0.409059 0.304970
0.409158 0.304501
0.409258 0.304032
0.409358 0.304032
0.409457 0.304032
0.409557 0.304032
0.409657 0.304032
0.409757 0.304032
0.409856 0.304032
0.409956 0.304032
0.410056 0.304032
0.410156 0.304032
0.410255 0.304032
0.410355 0.303797
0.410455 0.303797
0.410554 0.303797
0.410654 0.303797
0.410754 0.303797
0.410854 0.303563
0.410953 0.303563
0.411053 0.303563
0.411153 0.303329
0.411253 0.303094
0.411352 0.302860
0.411452 0.302860
0.411552 0.302860
0.411651 0.302860
0.411751 0.302625
0.411851 0.302391
0.411951 0.302391
0.412050 0.302157
0.412150 0.301922
0.412250 0.301922
0.412350 0.301922
0.412449 0.301453
0.412549 0.301219
0.412649 0.300985
0.412748 0.300516
0.412848 0.300047
0.412948 0.300047
0.413048 0.299812
0.413147 0.299578
0.413247 0.299344
0.413347 0.299344
0.413447 0.299344
0.413546 0.299344
0.413646 0.299344
0.413746 0.299344
0.413845 0.299344
0.413945 0.299344
0.414045 0.299344
0.414145 0.299344
0.414244 0.299344
0.414344 0.299344
0.414444 0.299109
0.414544 0.299109
0.414643 0.299109
0.414743 0.299109
0.414843 0.299109
0.414942 0.299109
0.415042 0.298875
0.415142 0.298640
0.415242 0.298172
0.415341 0.298172
0.415441 0.298172
0.415541 0.298172
0.415641 0.298172
0.415740 0.298172
0.415840 0.298172
0.415940 0.298172
0.416039 0.298172
0.416139 0.298172
0.416239 0.297937
0.416339 0.297703
0.416438 0.297703
0.416538 0.297703
0.416638 0.297703
0.416738 0.297703
0.416837 0.297468
0.416937 0.297468
0.417037 0.297468
0.417136 0.297468
0.417236 0.297234
0.417336 0.297234
0.417436 0.297234
0.417535 0.297234
0.417635 0.297234
0.417735 0.297234
0.417835 0.297234
0.417934 0.297000
0.418034 0.296296
0.418134 0.296062
0.418233 0.295593
0.418333 0.295124
0.418433 0.295124
0.418533 0.295124
0.418632 0.294890
0.418732 0.294655
0.418832 0.294655
0.418932 0.294655
0.419031 0.294655
0.419131 0.294655
0.419231 0.294421
0.419330 0.294187
0.419430 0.293952
0.419530 0.293952
0.419630 0.293718
0.419729 0.293718
0.419829 0.293483
0.419929 0.293249
0.420029 0.293249
0.420128 0.293249
0.420228 0.292780
0.420328 0.292780
0.420427 0.292780
0.420527 0.292780
0.420627 0.292780
0.420727 0.292311
0.420826 0.292311
0.420926 0.292311
0.421026 0.292077
0.421126 0.292077
0.421225 0.291842
0.421325 0.291842
0.421425 0.291842
0.421524 0.291842
0.421624 0.291842
0.421724 0.291374
0.421824 0.291374
0.421923 0.291139
0.422023 0.291139
0.422123 0.291139
0.422223 0.290905
0.422322 0.290436
0.422422 0.290202
0.422522 0.290202
0.422621 0.290202
0.422721 0.289967
0.422821 0.289967
0.422921 0.289967
0.423020 0.289967
0.423120 0.289967
0.423220 0.289967
0.423320 0.289967
0.423419 0.289967
0.423519 0.289498
0.423619 0.289264
0.423718 0.289264
0.423818 0.289030
0.423918 0.289030
0.424018 0.289030
0.424117 0.289030
0.424217 0.288795
0.424317 0.288795
0.424417 0.288795
0.424516 0.288561
0.424616 0.288326
0.424716 0.288326
0.424815 0.288326
0.424915 0.287857
0.425015 0.287857
0.425115 0.287857
0.425214 0.287857
0.425314 0.287623
0.425414 0.287389
0.425514 0.287154
0.425613 0.286920
0.425713 0.286920
0.425813 0.286920
0.425912 0.286920
0.426012 0.286685
0.426112 0.286451
0.426212 0.286451
0.426311 0.286217
0.426411 0.285982
0.426511 0.285982
0.426611 0.285748
0.426710 0.285513
0.426810 0.285513
0.426910 0.285279
0.427009 0.284810
0.427109 0.284810
0.427209 0.284810
0.427309 0.284810
0.427408 0.284810
0.427508 0.284810
0.427608 0.284810
0.427708 0.284810
0.427807 0.284810
0.427907 0.284810
0.428007 0.284810
0.428106 0.284810
0.428206 0.284810
0.428306 0.284341
0.428406 0.284341
0.428505 0.284341
0.428605 0.284341
0.428705 0.284341
0.428805 0.284341
0.428904 0.284341
0.429004 0.284341
0.429104 0.284341
0.429203 0.283872
0.429303 0.283638
0.429403 0.283638
0.429503 0.283404
0.429602 0.283404
0.429702 0.283404
0.429802 0.283404
0.429902 0.283404
0.430001 0.283404
0.430101 0.283404
0.430201 0.283169
0.430300 0.282700
0.430400 0.282700
0.430500 0.282700
0.430600 0.282700
0.430699 0.282700
0.430799 0.282700
0.430899 0.282700
0.430999 0.282466
0.431098 0.282466
0.431198 0.282466
0.431298 0.282466
0.431397 0.282466
0.431497 0.282466
0.431597 0.282232
0.431697 0.282232
0.431796 0.281997
0.431896 0.281763
0.431996 0.281528
0.432096 0.281528
0.432195 0.281060
0.432295 0.281060
0.432395 0.280825
0.432494 0.280825
0.432594 0.280825
0.432694 0.280825
0.432794 0.280591
0.432893 0.280591
0.432993 0.280591
0.433093 0.280356
0.433193 0.280356
0.433292 0.280356
0.433392 0.280122
0.433492 0.280122
0.433591 0.279653
0.433691 0.279653
0.433791 0.279653
0.433891 0.279419
0.433990 0.279184
0.434090 0.278715
0.434190 0.278715
0.434290 0.278715
0.434389 0.278247
0.434489 0.278247
0.434589 0.278012
0.434688 0.278012
0.434788 0.277778
0.434888 0.277778
0.434988 0.277778
0.435087 0.277778
0.435187 0.277543
0.435287 0.277543
0.435387 0.277309
0.435486 0.277309
0.435586 0.277075
0.435686 0.277075
0.435785 0.277075
0.435885 0.277075
0.435985 0.277075
0.436085 0.276840
0.436184 0.276840
0.436284 0.276606
0.436384 0.276606
0.436484 0.276606
0.436583 0.276606
0.436683 0.276606
0.436783 0.276606
0.436882 0.276606
0.436982 0.276606
0.437082 0.276606
0.437182 0.276371
0.437281 0.276137
0.437381 0.275902
0.437481 0.275902
0.437581 0.275902
0.437680 0.275668
0.437780 0.275668
0.437880 0.275668
0.437979 0.275668
0.438079 0.275199
0.438179 0.274965
0.438279 0.274965
0.438378 0.274965
0.438478 0.274965
0.438578 0.274965
0.438678 0.274965
0.438777 0.274965
0.438877 0.274965
0.438977 0.274730
0.439076 0.274730
0.439176 0.274730
0.439276 0.274496
0.439376 0.274262
0.439475 0.274027
0.439575 0.273793
0.439675 0.273558
0.439775 0.273558
0.439874 0.273324
0.439974 0.273324
0.440074 0.273324
0.440173 0.273324
0.440273 0.273324
0.440373 0.273324
0.440473 0.273090
0.440572 0.273090
0.440672 0.273090
0.440772 0.272621
0.440872 0.272621
0.440971 0.272621
0.441071 0.272386
0.441171 0.272386
0.441270 0.271917
0.441370 0.271449
0.441470 0.271449
0.441570 0.270980
0.441669 0.270980
0.441769 0.270980
0.441869 0.270980
0.441969 0.270511
0.442068 0.270042
0.442168 0.270042
0.442268 0.270042
0.442367 0.270042
0.442467 0.270042
0.442567 0.270042
0.442667 0.269808
0.442766 0.269573
0.442866 0.269573
0.442966 0.269573
0.443066 0.269573
0.443165 0.269105
0.443265 0.269105
0.443365 0.269105
0.443464 0.269105
0.443564 0.268636
0.443664 0.268636
0.443764 0.268636
0.443863 0.268636
0.443963 0.268401
0.444063 0.268401
0.444163 0.268401
0.444262 0.268401
0.444362 0.268401
0.444462 0.268167
0.444561 0.268167
0.444661 0.267698
0.444761 0.267698
0.444861 0.267698
0.444960 0.267229
0.445060 0.267229
0.445160 0.267229
0.445260 0.267229
0.445359 0.266760
0.445459 0.266760
0.445559 0.266760
0.445658 0.266526
0.445758 0.266057
0.445858 0.265823
0.445958 0.265823
0.446057 0.265823
0.446157 0.265823
0.446257 0.265588
0.446357 0.265588
0.446456 0.265588
0.446556 0.265588
0.446656 0.265120
0.446755 0.265120
0.446855 0.264885
0.446955 0.264885
0.447055 0.264651
0.447154 0.264651
0.447254 0.263947
0.447354 0.263947
0.447454 0.263713
0.447553 0.263713
0.447653 0.263713
0.447753 0.263479
0.447852 0.263244
0.447952 0.263244
0.448052 0.263244
0.448152 0.263244
0.448251 0.263244
0.448351 0.263244
0.448451 0.263244
0.448551 0.262775
0.448650 0.262541
0.448750 0.262307
0.448850 0.262072
0.448949 0.261603
0.449049 0.261603
0.449149 0.261603
0.449249 0.261369
0.449348 0.261369
0.449448 0.261369
0.449548 0.261369
0.449648 0.261369
0.449747 0.261369
0.449847 0.260900
0.449947 0.260900
0.450046 0.260900
0.450146 0.260900
0.450246 0.260666
0.450346 0.260666
0.450445 0.260666
0.450545 0.260666
0.450645 0.260666
0.450745 0.260431
0.450844 0.260431
0.450944 0.260197
0.451044 0.260197
0.451143 0.260197
0.451243 0.260197
0.451343 0.260197
0.451443 0.260197
0.451542 0.260197
0.451642 0.260197
0.451742 0.260197
0.451842 0.260197
0.451941 0.260197
0.452041 0.259962
0.452141 0.259728
0.452240 0.259728
0.452340 0.259728
0.452440 0.259728
0.452540 0.259494
0.452639 0.259494
0.452739 0.259259
0.452839 0.259259
0.452939 0.259259
0.453038 0.259259
0.453138 0.259259
0.453238 0.259025
0.453337 0.259025
0.453437 0.259025
0.453537 0.259025
0.453637 0.258790
0.453736 0.258556
0.453836 0.258556
0.453936 0.258322
0.454036 0.258087
0.454135 0.258087
0.454235 0.258087
0.454335 0.258087
0.454434 0.258087
0.454534 0.258087
0.454634 0.258087
0.454734 0.257853
0.454833 0.257853
0.454933 0.257618
0.455033 0.257618
0.455133 0.257618
0.455232 0.257618
0.455332 0.257384
0.455432 0.257150
0.455531 0.256681
0.455631 0.256681
0.455731 0.256446
0.455831 0.256446
0.455930 0.256446
0.456030 0.256212
0.456130 0.255977
0.456230 0.255977
0.456329 0.255977
0.456429 0.255977
0.456529 0.255977
0.456628 0.255977
0.456728 0.255743
0.456828 0.255743
0.456928 0.255509
0.457027 0.255509
0.457127 0.255509
0.457227 0.255509
0.457327 0.255509
0.457426 0.255509
0.457526 0.255509
0.457626 0.255274
0.457725 0.255040
0.457825 0.254805
0.457925 0.254805
0.458025 0.254571
0.458124 0.254337
0.458224 0.254337
0.458324 0.254102
0.458424 0.254102
0.458523 0.254102
0.458623 0.254102
0.458723 0.254102
0.458822 0.254102
0.458922 0.254102
0.459022 0.254102
0.459122 0.254102
0.459221 0.254102
0.459321 0.254102
0.459421 0.253868
0.459521 0.253868
0.459620 0.253868
0.459720 0.253633
0.459820 0.253633
0.459919 0.253399
0.460019 0.253399
0.460119 0.253399
0.460219 0.253399
0.460318 0.253165
0.460418 0.252930
0.460518 0.252930
0.460618 0.252930
0.460717 0.252696
0.460817 0.252696
0.460917 0.252461
0.461016 0.252461
0.461116 0.251992
0.461216 0.251992
0.461316 0.251758
0.461415 0.251524
0.461515 0.251524
0.461615 0.251524
0.461715 0.251289
0.461814 0.251055
0.461914 0.251055
0.462014 0.251055
0.462113 0.251055
0.462213 0.251055
0.462313 0.251055
0.462413 0.251055
0.462512 0.251055
0.462612 0.250820
0.462712 0.250820
0.462812 0.250820
0.462911 0.250820
0.463011 0.250820
0.463111 0.250586
0.463210 0.250586
0.463310 0.250586
0.463410 0.250586
0.463510 0.250586
0.463609 0.250352
0.463709 0.250117
0.463809 0.250117
0.463909 0.249648
0.464008 0.249648
0.464108 0.249414
0.464208 0.249180
0.464307 0.249180
0.464407 0.249180
0.464507 0.248945
0.464607 0.248945
0.464706 0.248711
0.464806 0.248711
0.464906 0.248711
0.465006 0.248711
0.465105 0.248711
0.465205 0.248711
0.465305 0.248711
0.465404 0.248008
0.465504 0.248008
0.465604 0.247773
0.465704 0.247539
0.465803 0.247539
0.465903 0.247304
0.466003 0.247304
0.466103 0.247304
0.466202 0.247304
0.466302 0.247304
0.466402 0.247304
0.466501 0.247304
0.466601 0.247070
0.466701 0.247070
0.466801 0.246835
0.466900 0.246601
0.467000 0.246367
0.467100 0.246367
0.467200 0.246132
0.467299 0.245898
0.467399 0.245898
0.467499 0.245429
0.467598 0.245195
0.467698 0.244960
0.467798 0.244960
0.467898 0.244960
0.467997 0.244960
0.468097 0.244960
0.468197 0.244960
0.468297 0.244960
0.468396 0.244960
0.468496 0.244960
0.468596 0.244960
0.468695 0.244960
0.468795 0.244960
0.468895 0.244960
0.468995 0.244960
0.469094 0.244960
0.469194 0.244960
0.469294 0.244960
0.469394 0.244960
0.469493 0.244726
0.469593 0.244726
0.469693 0.244726
0.469792 0.244726
0.469892 0.244491
0.469992 0.244491
0.470092 0.244491
0.470191 0.244491
0.470291 0.244023
0.470391 0.244023
0.470491 0.243788
0.470590 0.243788
0.470690 0.243554
0.470790 0.243085
0.470889 0.242850
0.470989 0.242850
0.471089 0.242850
0.471189 0.242850
0.471288 0.242850
0.471388 0.242850
0.471488 0.242616
0.471588 0.242147
0.471687 0.242147
0.471787 0.241913
0.471887 0.241678
0.471986 0.241678
0.472086 0.241678
0.472186 0.241678
0.472286 0.241444
0.472385 0.241210
0.472485 0.240975
0.472585 0.240741
0.472685 0.240741
0.472784 0.240741
0.472884 0.240506
0.472984 0.240272
0.473083 0.240272
0.473183 0.240272
0.473283 0.240038
0.473383 0.239803
0.473482 0.239569
0.473582 0.239569
0.473682 0.239334
0.473782 0.239100
0.473881 0.239100
0.473981 0.239100
0.474081 0.239100
0.474180 0.239100
0.474280 0.239100
0.474380 0.239100
0.474480 0.239100
0.474579 0.239100
0.474679 0.239100
0.474779 0.239100
0.474879 0.239100
0.474978 0.239100
0.475078 0.239100
0.475178 0.239100
0.475277 0.239100
0.475377 0.239100
0.475477 0.239100
0.475577 0.238631
0.475676 0.238397
0.475776 0.238397
0.475876 0.238397
0.475976 0.238397
0.476075 0.237928
0.476175 0.237928
0.476275 0.237928
0.476374 0.237928
0.476474 0.237928
0.476574 0.237928
0.476674 0.237928
0.476773 0.237928
0.476873 0.237693
0.476973 0.237693
0.477073 0.237459
0.477172 0.237459
0.477272 0.237459
0.477372 0.236990
0.477471 0.236990
0.477571 0.236990
0.477671 0.236990
0.477771 0.236990
0.477870 0.236521
0.477970 0.236521
0.478070 0.236287
0.478170 0.236287
0.478269 0.236053
0.478369 0.235818
0.478469 0.235818
0.478568 0.235584
0.478668 0.235584
0.478768 0.235115
0.478868 0.235115
0.478967 0.235115
0.479067 0.235115
0.479167 0.235115
0.479267 0.235115
0.479366 0.235115
0.479466 0.235115
0.479566 0.235115
0.479665 0.235115
0.479765 0.235115
0.479865 0.235115
0.479965 0.235115
0.480064 0.235115
0.480164 0.235115
0.480264 0.235115
0.480364 0.235115
0.480463 0.235115
0.480563 0.235115
0.480663 0.234646
0.480762 0.234646
0.480862 0.234412
0.480962 0.234412
0.481062 0.234412
0.481161 0.234412
0.481261 0.234177
0.481361 0.234177
0.481461 0.234177
0.481560 0.234177
0.481660 0.234177
0.481760 0.234177
0.481859 0.234177
0.481959 0.234177
0.482059 0.234177
0.482159 0.234177
0.482258 0.234177
0.482358 0.234177
0.482458 0.234177
0.482558 0.234177
0.482657 0.234177
0.482757 0.233943
0.482857 0.233943
0.482956 0.233943
0.483056 0.233708
0.483156 0.233708
0.483256 0.233708
0.483355 0.233708
0.483455 0.233708
0.483555 0.233708
0.483655 0.233708
0.483754 0.233708
0.483854 0.233708
0.483954 0.233474
0.484053 0.233474
0.484153 0.233474
0.484253 0.233240
0.484353 0.233005
0.484452 0.233005
0.484552 0.233005
0.484652 0.233005
0.484752 0.232771
0.484851 0.232771
0.484951 0.232771
0.485051 0.232771
0.485150 0.232536
0.485250 0.232302
0.485350 0.231833
0.485450 0.231130
0.485549 0.230895
0.485649 0.230661
0.485749 0.230661
0.485849 0.230661
0.485948 0.230661
0.486048 0.230427
0.486148 0.229958
0.486247 0.229958
0.486347 0.229958
0.486447 0.229723
0.486547 0.229723
0.486646 0.229489
0.486746 0.229489
0.486846 0.229489
0.486946 0.229255
0.487045 0.229255
0.487145 0.229020
0.487245 0.228786
0.487344 0.228786
0.487444 0.228786
0.487544 0.228786
0.487644 0.228786
0.487743 0.228786
0.487843 0.228786
0.487943 0.228786
0.488043 0.228786
0.488142 0.228551
0.488242 0.228317
0.488342 0.228317
0.488441 0.228317
0.488541 0.228317
0.488641 0.227848
0.488741 0.227848
0.488840 0.227848
0.488940 0.227848
0.489040 0.227614
0.489140 0.227614
0.489239 0.227614
0.489339 0.227614
0.489439 0.227614
0.489538 0.227379
0.489638 0.227379
0.489738 0.227379
0.489838 0.227379
0.489937 0.227379
0.490037 0.227145
0.490137 0.226676
0.490237 0.226676
0.490336 0.226676
0.490436 0.226442
0.490536 0.226207
0.490635 0.225973
0.490735 0.225973
0.490835 0.225973
0.490935 0.225973
0.491034 0.225973
0.491134 0.225738
0.491234 0.225504
0.491334 0.225504
0.491433 0.225504
0.491533 0.225504
0.491633 0.225270
0.491732 0.225270
0.491832 0.225270
0.491932 0.225270
0.492032 0.225035
0.492131 0.225035
0.492231 0.225035
0.492331 0.224566
0.492431 0.224566
0.492530 0.224566
0.492630 0.224566
0.492730 0.224332
0.492829 0.223863
0.492929 0.223629
0.493029 0.223160
0.493129 0.223160
0.493228 0.223160
0.493328 0.223160
0.493428 0.222925
0.493528 0.222691
0.493627 0.222457
0.493727 0.222457
0.493827 0.222457
0.493926 0.222222
0.494026 0.222222
0.494126 0.222222
0.494226 0.222222
0.494325 0.222222
0.494425 0.222222
0.494525 0.222222
0.494625 0.221988
0.494724 0.221988
0.494824 0.221988
0.494924 0.221519
0.495023 0.221519
0.495123 0.221519
0.495223 0.221519
0.495323 0.221285
0.495422 0.221285
0.495522 0.221050
0.495622 0.221050
0.495722 0.220816
0.495821 0.220816
0.495921 0.220816
0.496021 0.220816
0.496120 0.220581
0.496220 0.220581
0.496320 0.220581
0.496420 0.220581
0.496519 0.220581
0.496619 0.220581
0.496719 0.220581
0.496819 0.220581
0.496918 0.220581
0.497018 0.220581
0.497118 0.220581
0.497217 0.220581
0.497317 0.220581
0.497417 0.220581
0.497517 0.220581
0.497616 0.220347
0.497716 0.220113
0.497816 0.220113
0.497916 0.220113
0.498015 0.219878
0.498115 0.219878
0.498215 0.219644
0.498314 0.219644
0.498414 0.219644
0.498514 0.219644
0.498614 0.219644
0.498713 0.219644
0.498813 0.219644
0.498913 0.219644
0.499013 0.219409
0.499112 0.218940
0.499212 0.218940
0.499312 0.218940
0.499411 0.218940
0.499511 0.218940
0.499611 0.218940
0.499711 0.218940
0.499810 0.218706
0.499910 0.218472
0.500010 0.218472
0.500110 0.218003
0.500209 0.218003
0.500309 0.217768
0.500409 0.217768
0.500508 0.217768
0.500608 0.217768
0.500708 0.217768
0.500808 0.217768
0.500907 0.217768
0.501007 0.217534
0.501107 0.217534
0.501207 0.217534
0.501306 0.217534
0.501406 0.217534
0.501506 0.217300
0.501605 0.217300
0.501705 0.217300
0.501805 0.217065
0.501905 0.216831
0.502004 0.216596
0.502104 0.216596
0.502204 0.216596
0.502304 0.216596
0.502403 0.216128
0.502503 0.216128
0.502603 0.215893
0.502702 0.215893
0.502802 0.215893
0.502902 0.215893
0.503002 0.215893
0.503101 0.215893
0.503201 0.215893
0.503301 0.215893
0.503401 0.215893
0.503500 0.215893
0.503600 0.215893
0.503700 0.215659
0.503799 0.215424
0.503899 0.215190
0.503999 0.215190
0.504099 0.215190
0.504198 0.215190
0.504298 0.214955
0.504398 0.214721
0.504498 0.214721
0.504597 0.214721
0.504697 0.214721
0.504797 0.214721
0.504896 0.214721
0.504996 0.214721
0.505096 0.214721
0.505196 0.214721
0.505295 0.214721
0.505395 0.214487
0.505495 0.214487
0.505595 0.214018
0.505694 0.214018
0.505794 0.214018
0.505894 0.213783
0.505993 0.213783
0.506093 0.213783
0.506193 0.213783
0.506293 0.213783
0.506392 0.213783
0.506492 0.213549
0.506592 0.213315
0.506692 0.213315
0.506791 0.213315
0.506891 0.213315
0.506991 0.213080
0.507090 0.212846
0.507190 0.212846
0.507290 0.212611
0.507390 0.212377
0.507489 0.212377
0.507589 0.212377
0.507689 0.212377
0.507789 0.212377
0.507888 0.212377
0.507988 0.212377
0.508088 0.212377
0.508187 0.212377
0.508287 0.212377
0.508387 0.212377
0.508487 0.212377
0.508586 0.212377
0.508686 0.212377
0.508786 0.212377
0.508886 0.212377
0.508985 0.212377
0.509085 0.212143
0.509185 0.212143
0.509284 0.212143
0.509384 0.211908
0.509484 0.211908
0.509584 0.211674
0.509683 0.211439
0.509783 0.211439
0.509883 0.211439
0.509983 0.210970
0.510082 0.210970
0.510182 0.210970
0.510282 0.210970
0.510381 0.210970
0.510481 0.210736
0.510581 0.210736
0.510681 0.210736
0.510780 0.210736
0.510880 0.210736
0.510980 0.210736
0.511080 0.210502
0.511179 0.210267
0.511279 0.210267
0.511379 0.210267
0.511478 0.210267
0.511578 0.210267
0.511678 0.210033
0.511778 0.210033
0.511877 0.209798
0.511977 0.209798
0.512077 0.209798
0.512177 0.209798
0.512276 0.209564
0.512376 0.209564
0.512476 0.209564
0.512575 0.209564
0.512675 0.209564
0.512775 0.209564
0.512875 0.209564
0.512974 0.209564
0.513074 0.209564
0.513174 0.209564
0.513274 0.209564
0.513373 0.209330
0.513473 0.209330
0.513573 0.209330
0.513672 0.209330
0.513772 0.209330
0.513872 0.209330
0.513972 0.209330
0.514071 0.209330
0.514171 0.208861
0.514271 0.208861
0.514371 0.208626
0.514470 0.208626
0.514570 0.208626
0.514670 0.208626
0.514769 0.208626
0.514869 0.208626
0.514969 0.208626
0.515069 0.208626
0.515168 0.208626
0.515268 0.208626
0.515368 0.208626
0.515468 0.208392
0.515567 0.208392
0.515667 0.208392
0.515767 0.208392
0.515866 0.208158
0.515966 0.208158
0.516066 0.208158
0.516166 0.208158
0.516265 0.208158
0.516365 0.207923
0.516465 0.207923
0.516565 0.207923
0.516664 0.207689
0.516764 0.207689
0.516864 0.207454
0.516963 0.207454
0.517063 0.207220
0.517163 0.206751
0.517263 0.206517
0.517362 0.206282
0.517462 0.206048
0.517562 0.206048
0.517662 0.206048
0.517761 0.205813
0.517861 0.205579
0.517961 0.205579
0.518060 0.205579
0.518160 0.205110
0.518260 0.205110
0.518360 0.205110
0.518459 0.205110
0.518559 0.205110
0.518659 0.205110
0.518759 0.204876
0.518858 0.204641
0.518958 0.204641
0.519058 0.204173
0.519157 0.203704
0.519257 0.203704
0.519357 0.203704
0.519457 0.203704
0.519556 0.203469
0.519656 0.203469
0.519756 0.203469
0.519856 0.203469
0.519955 0.203469
0.520055 0.203469
0.520155 0.203235
0.520254 0.203235
0.520354 0.203235
0.520454 0.203235
0.520554 0.202766
0.520653 0.202766
0.520753 0.202532
0.520853 0.202532
0.520953 0.202297
0.521052 0.202297
0.521152 0.202297
0.521252 0.202063
0.521351 0.202063
0.521451 0.202063
0.521551 0.201828
0.521651 0.201360
0.521750 0.201360
0.521850 0.201360
0.521950 0.201360
0.522050 0.201360
0.522149 0.201360
0.522249 0.201360
0.522349 0.201360
0.522448 0.201360
0.522548 0.201360
0.522648 0.201125
0.522748 0.201125
0.522847 0.201125
0.522947 0.201125
0.523047 0.200891
0.523147 0.200422
0.523246 0.200422
0.523346 0.199484
0.523446 0.199250
0.523545 0.199250
0.523645 0.199015
0.523745 0.199015
0.523845 0.199015
0.523944 0.199015
0.524044 0.199015
0.524144 0.199015
0.524244 0.199015
0.524343 0.199015
0.524443 0.199015
0.524543 0.198547
0.524642 0.198312
0.524742 0.198078
0.524842 0.198078
0.524942 0.197843
0.525041 0.197843
0.525141 0.197609
0.525241 0.197609
0.525341 0.197609
0.525440 0.197609
0.525540 0.197609
0.525640 0.197609
0.525739 0.197609
0.525839 0.197609
0.525939 0.197609
0.526039 0.197375
0.526138 0.197140
0.526238 0.197140
0.526338 0.196906
0.526438 0.196906
0.526537 0.196906
0.526637 0.196906
0.526737 0.196906
0.526836 0.196906
0.526936 0.196906
0.527036 0.196906
0.527136 0.196671
0.527235 0.196203
0.527335 0.195968
0.527435 0.195968
0.527535 0.195968
0.527634 0.195968
0.527734 0.195968
0.527834 0.195968
0.527933 0.195968
0.528033 0.195734
0.528133 0.195499
0.528233 0.195030
0.528332 0.194796
0.528432 0.194796
0.528532 0.194796
0.528632 0.194796
0.528731 0.194562
0.528831 0.194327
0.528931 0.194327
0.529030 0.194327
0.529130 0.194327
0.529230 0.194327
0.529330 0.194327
0.529429 0.194327
0.529529 0.194093
0.529629 0.194093
0.529729 0.194093
0.529828 0.193858
0.529928 0.193624
0.530028 0.193390
0.530127 0.193390
0.530227 0.193390
0.530327 0.193390
0.530427 0.193155
0.530526 0.193155
0.530626 0.193155
0.530726 0.193155
0.530826 0.193155
0.530925 0.192921
0.531025 0.192921
0.531125 0.192921
0.531224 0.192921
0.531324 0.192686
0.531424 0.192452
0.531524 0.192452
0.531623 0.192452
0.531723 0.192452
0.531823 0.192452
0.531923 0.191749
0.532022 0.191280
0.532122 0.191280
0.532222 0.191280
0.532321 0.191280
0.532421 0.191280
0.532521 0.191280
0.532621 0.191280
0.532720 0.191280
0.532820 0.191280
0.532920 0.191280
0.533020 0.191280
0.533119 0.191045
0.533219 0.191045
0.533319 0.191045
0.533418 0.191045
0.533518 0.191045
0.533618 0.191045
0.533718 0.191045
0.533817 0.191045
0.533917 0.191045
0.534017 0.191045
0.534117 0.191045
0.534216 0.191045
0.534316 0.190811
0.534416 0.190342
0.534515 0.190342
0.534615 0.190342
0.534715 0.190108
0.534815 0.190108
0.534914 0.190108
0.535014 0.189873
0.535114 0.189873
0.535214 0.189873
0.535313 0.189873
0.535413 0.189873
0.535513 0.189639
0.535612 0.189170
0.535712 0.189170
0.535812 0.189170
0.535912 0.189170
0.536011 0.188936
0.536111 0.188936
0.536211 0.188701
0.536311 0.188467
0.536410 0.188467
0.536510 0.188467
0.536610 0.188467
0.536709 0.188467
0.536809 0.188467
0.536909 0.188233
0.537009 0.187998
0.537108 0.187998
0.537208 0.187998
0.537308 0.187998
0.537408 0.187998
0.537507 0.187764
0.537607 0.187529
0.537707 0.187529
0.537806 0.187529
0.537906 0.187529
0.538006 0.187529
0.538106 0.187295
0.538205 0.187060
0.538305 0.187060
0.538405 0.187060
0.538505 0.186826
0.538604 0.186592
0.538704 0.186357
0.538804 0.186357
0.538903 0.186123
0.539003 0.186123
0.539103 0.185888
0.539203 0.185888
0.539302 0.185888
0.539402 0.185888
0.539502 0.185654
0.539602 0.185654
0.539701 0.185654
0.539801 0.185420
0.539901 0.185420
0.540000 0.185420
0.540100 0.185420
0.540200 0.185185
0.540300 0.184951
0.540399 0.184951
0.540499 0.184951
0.540599 0.184951
0.540699 0.184951
0.540798 0.184716
0.540898 0.184716
0.540998 0.184482
0.541097 0.184482
0.541197 0.184482
0.541297 0.184482
0.541397 0.184482
0.541496 0.184482
0.541596 0.184482
0.541696 0.184482
0.541796 0.184248
0.541895 0.184248
0.541995 0.184248
0.542095 0.184248
0.542194 0.184248
0.542294 0.184248
0.542394 0.184248
0.542494 0.184248
0.542593 0.184248
0.542693 0.184248
0.542793 0.184248
0.542893 0.184248
0.542992 0.184248
0.543092 0.184248
0.543192 0.184248
0.543291 0.184248
0.543391 0.184013
0.543491 0.183779
0.543591 0.183779
0.543690 0.183779
0.543790 0.183779
0.543890 0.183779
0.543990 0.183779
0.544089 0.183779
0.544189 0.183310
0.544289 0.183310
0.544388 0.183310
0.544488 0.183310
0.544588 0.183310
0.544688 0.183310
0.544787 0.183075
0.544887 0.183075
0.544987 0.182841
0.545087 0.182841
0.545186 0.182841
0.545286 0.182841
0.545386 0.182607
0.545485 0.182607
0.545585 0.182607
0.545685 0.182372
0.545785 0.182372
0.545884 0.182138
0.545984 0.181903
0.546084 0.181903
0.546184 0.181903
0.546283 0.181669
0.546383 0.181435
0.546483 0.181435
0.546582 0.181435
0.546682 0.181435
0.546782 0.181435
0.546882 0.181435
0.546981 0.181435
0.547081 0.181200
0.547181 0.181200
0.547281 0.181200
0.547380 0.181200
0.547480 0.181200
0.547580 0.180966
0.547679 0.180966
0.547779 0.180966
0.547879 0.180966
0.547979 0.180966
0.548078 0.180497
0.548178 0.180497
0.548278 0.180497
0.548378 0.180263
0.548477 0.180263
0.548577 0.180263
0.548677 0.180028
0.548776 0.180028
0.548876 0.180028
0.548976 0.179794
0.549076 0.179794
0.549175 0.179794
0.549275 0.179794
0.549375 0.179794
0.549475 0.179559
0.549574 0.179559
0.549674 0.179559
0.549774 0.179559
0.549873 0.179559
0.549973 0.179325
0.550073 0.179325
0.550173 0.179325
0.550272 0.179325
0.550372 0.179090
0.550472 0.179090
0.550572 0.178856
0.550671 0.178856
0.550771 0.178856
0.550871 0.178856
0.550970 0.178622
0.551070 0.178387
0.551170 0.178387
0.551270 0.178387
0.551369 0.178387
0.551469 0.178387
0.551569 0.178387
0.551669 0.178387
0.551768 0.178387
0.551868 0.178387
0.551968 0.178387
0.552067 0.178387
0.552167 0.178387
0.552267 0.178387
0.552367 0.177918
0.552466 0.177684
0.552566 0.177450
0.552666 0.177450
0.552766 0.177215
0.552865 0.177215
0.552965 0.177215
0.553065 0.177215
0.553164 0.176981
0.553264 0.176981
0.553364 0.176981
0.553464 0.176981
0.553563 0.176981
0.553663 0.176746
0.553763 0.176746
0.553863 0.176512
0.553962 0.176278
0.554062 0.176278
0.554162 0.176278
0.554261 0.175809
0.554361 0.175809
0.554461 0.175809
0.554561 0.175809
0.554660 0.175574
0.554760 0.175105
0.554860 0.174871
0.554960 0.174871
0.555059 0.174871
0.555159 0.174871
0.555259 0.174637
0.555358 0.174637
0.555458 0.174637
0.555558 0.174168
0.555658 0.174168
0.555757 0.174168
0.555857 0.173933
0.555957 0.173933
0.556056 0.173465
0.556156 0.173465
0.556256 0.173465
0.556356 0.173230
0.556455 0.172996
0.556555 0.172761
0.556655 0.172761
0.556755 0.172293
0.556854 0.172293
0.556954 0.172058
0.557054 0.171824
0.557153 0.171589
0.557253 0.171589
0.557353 0.171589
0.557453 0.171589
0.557552 0.171589
0.557652 0.171589
0.557752 0.170886
0.557852 0.170886
0.557951 0.170886
0.558051 0.170886
0.558151 0.170886
0.558250 0.170652
0.558350 0.170652
0.558450 0.170652
0.558550 0.170652
0.558649 0.170417
0.558749 0.170417
0.558849 0.170183
0.558949 0.170183
0.559048 0.170183
0.559148 0.170183
0.559248 0.170183
0.559347 0.170183
0.559447 0.169948
0.559547 0.169948
0.559647 0.169948
0.559746 0.169948
0.559846 0.169948
0.559946 0.169948
0.560046 0.169948
0.560145 0.169948
0.560245 0.169948
0.560345 0.169948
0.560444 0.169714
0.560544 0.169714
0.560644 0.169480
0.560744 0.169480
0.560843 0.169480
0.560943 0.169480
0.561043 0.169245
0.561143 0.169245
0.561242 0.169245
0.561342 0.169245
0.561442 0.168776
0.561541 0.168776
0.561641 0.168542
0.561741 0.168542
0.561841 0.168542
0.561940 0.168542
0.562040 0.168542
0.562140 0.168542
0.562240 0.168542
0.562339 0.168542
0.562439 0.168308
0.562539 0.168308
0.562638 0.168308
0.562738 0.168308
0.562838 0.168308
0.562938 0.168308
0.563037 0.168308
0.563137 0.168073
0.563237 0.168073
0.563337 0.168073
0.563436 0.168073
0.563536 0.167839
0.563636 0.167839
0.563735 0.167839
0.563835 0.167839
0.563935 0.167839
0.564035 0.167839
0.564134 0.167839
0.564234 0.167839
0.564334 0.167604
0.564434 0.167604
0.564533 0.167370
0.564633 0.166901
0.564733 0.166432
0.564832 0.166198
0.564932 0.166198
0.565032 0.165729
0.565132 0.165729
0.565231 0.165729
0.565331 0.165729
0.565431 0.165729
0.565531 0.165729
0.565630 0.165729
0.565730 0.165729
0.565830 0.165495
0.565929 0.165260
0.566029 0.165260
0.566129 0.165260
0.566229 0.165260
0.566328 0.165026
0.566428 0.164791
0.566528 0.164791
0.566628 0.164791
0.566727 0.164791
0.566827 0.164557
0.566927 0.164557
0.567026 0.164557
0.567126 0.164557
0.567226 0.164323
0.567326 0.163854
0.567425 0.163619
0.567525 0.163619
0.567625 0.163619
0.567725 0.163619
0.567824 0.163385
0.567924 0.163150
0.568024 0.162916
0.568123 0.162682
0.568223 0.162682
0.568323 0.162682
0.568423 0.162682
0.568522 0.162682
0.568622 0.162682
0.568722 0.162682
0.568822 0.162682
0.568921 0.162682
0.569021 0.162682
0.569121 0.162682
0.569220 0.162682
0.569320 0.162682
0.569420 0.162213
0.569520 0.162213
0.569619 0.162213
0.569719 0.161978
0.569819 0.161744
0.569919 0.161744
0.570018 0.161744
0.570118 0.161744
0.570218 0.161744
0.570317 0.161744
0.570417 0.161510
0.570517 0.161041
0.570617 0.161041
0.570716 0.161041
0.570816 0.161041
0.570916 0.161041
0.571016 0.161041
0.571115 0.160806
0.571215 0.160806
0.571315 0.160806
0.571414 0.160806
0.571514 0.160806
0.571614 0.160806
0.571714 0.160572
0.571813 0.160572
0.571913 0.160338
0.572013 0.159869
0.572113 0.159634
0.572212 0.159400
0.572312 0.159400
0.572412 0.159400
0.572511 0.159400
0.572611 0.159400
0.572711 0.159400
0.572811 0.159400
0.572910 0.159400
0.573010 0.159400
0.573110 0.159400
0.573210 0.159400
0.573309 0.159400
0.573409 0.159165
0.573509 0.159165
0.573608 0.159165
0.573708 0.159165
0.573808 0.159165
0.573908 0.159165
0.574007 0.159165
0.574107 0.159165
0.574207 0.159165
0.574307 0.159165
0.574406 0.159165
0.574506 0.159165
0.574606 0.159165
0.574705 0.159165
0.574805 0.159165
0.574905 0.158931
0.575005 0.158697
0.575104 0.158697
0.575204 0.158697
0.575304 0.158697
0.575404 0.158462
0.575503 0.158462
0.575603 0.158462
0.575703 0.158462
0.575802 0.157993
0.575902 0.157993
0.576002 0.157993
0.576102 0.157759
0.576201 0.157759
0.576301 0.157056
0.576401 0.157056
0.576501 0.157056
0.576600 0.156821
0.576700 0.156821
0.576800 0.156587
0.576899 0.156118
0.576999 0.156118
0.577099 0.156118
0.577199 0.155884
0.577298 0.155884
0.577398 0.155884
0.577498 0.155884
0.577598 0.155649
0.577697 0.155649
0.577797 0.155649
0.577897 0.155649
0.577996 0.155649
0.578096 0.155415
0.578196 0.155415
0.578296 0.155415
0.578395 0.155415
0.578495 0.155415
0.578595 0.155415
0.578695 0.155415
0.578794 0.155415
0.578894 0.155415
0.578994 0.155415
0.579093 0.155415
0.579193 0.155415
0.579293 0.155180
0.579393 0.154712
0.579492 0.154712
0.579592 0.154712
0.579692 0.154477
0.579792 0.154243
0.579891 0.154008
0.579991 0.153540
0.580091 0.153540
0.580190 0.153540
0.580290 0.153305
0.580390 0.153305
0.580490 0.153305
0.580589 0.153071
0.580689 0.153071
0.580789 0.153071
0.580889 0.153071
0.580988 0.153071
0.581088 0.153071
0.581188 0.153071
0.581287 0.152836
0.581387 0.152836
0.581487 0.152602
0.581587 0.152602
0.581686 0.152602
0.581786 0.152602
0.581886 0.152602
0.581986 0.152368
0.582085 0.152368
0.582185 0.152368
0.582285 0.152133
0.582384 0.152133
0.582484 0.152133
0.582584 0.152133
0.582684 0.151899
0.582783 0.151899
0.582883 0.151899
0.582983 0.151664
0.583083 0.151664
0.583182 0.151430
0.583282 0.151430
0.583382 0.151430
0.583481 0.151430
0.583581 0.151430
0.583681 0.151430
0.583781 0.151430
0.583880 0.151430
0.583980 0.151430
0.584080 0.151430
0.584180 0.151430
0.584279 0.151430
0.584379 0.151195
0.584479 0.151195
0.584578 0.151195
0.584678 0.151195
0.584778 0.151195
0.584878 0.150961
0.584977 0.150727
0.585077 0.150727
0.585177 0.150492
0.585277 0.150492
0.585376 0.150492
0.585476 0.150492
0.585576 0.150492
0.585675 0.150492
0.585775 0.150492
0.585875 0.150492
0.585975 0.150492
0.586074 0.150492
0.586174 0.150492
0.586274 0.150492
0.586374 0.150492
0.586473 0.150492
0.586573 0.150492
0.586673 0.150492
0.586772 0.150492
0.586872 0.150492
0.586972 0.150492
0.587072 0.150492
0.587171 0.150258
0.587271 0.150258
0.587371 0.149789
0.587471 0.149789
0.587570 0.149789
0.587670 0.149555
0.587770 0.149555
0.587869 0.149555
0.587969 0.149555
0.588069 0.149555
0.588169 0.149320
0.588268 0.149086
0.588368 0.149086
0.588468 0.149086
0.588568 0.149086
0.588667 0.149086
0.588767 0.148851
0.588867 0.148851
0.588966 0.148851
0.589066 0.148851
0.589166 0.148851
0.589266 0.148851
0.589365 0.148851
0.589465 0.148851
0.589565 0.148851
0.589665 0.148851
0.589764 0.148851
0.589864 0.148851
0.589964 0.148617
0.590063 0.148383
0.590163 0.148383
0.590263 0.148383
0.590363 0.147914
0.590462 0.147914
0.590562 0.147914
0.590662 0.147914
0.590762 0.147914
0.590861 0.147679
0.590961 0.147679
0.591061 0.147679
0.591160 0.147679
0.591260 0.147679
0.591360 0.147211
0.591460 0.147211
0.591559 0.146976
0.591659 0.146976
0.591759 0.146976
0.591859 0.146742
0.591958 0.146742
0.592058 0.146507
0.592158 0.146507
0.592257 0.146507
0.592357 0.146507
0.592457 0.146507
0.592557 0.146507
0.592656 0.146507
0.592756 0.146273
0.592856 0.146273
0.592956 0.146273
0.593055 0.145804
0.593155 0.145804
0.593255 0.145570
0.593354 0.145570
0.593454 0.145335
0.593554 0.145335
0.593654 0.145101
0.593753 0.145101
0.593853 0.145101
0.593953 0.144866
0.594053 0.144866
0.594152 0.144866
0.594252 0.144866
0.594352 0.144866
0.594451 0.144866
0.594551 0.144866
0.594651 0.144866
0.594751 0.144632
0.594850 0.144398
0.594950 0.144398
0.595050 0.144398
0.595150 0.144163
0.595249 0.144163
0.595349 0.144163
0.595449 0.144163
0.595548 0.144163
0.595648 0.143929
0.595748 0.143929
0.595848 0.143694
0.595947 0.143694
0.596047 0.143694
0.596147 0.143694
0.596247 0.143694
0.596346 0.143694
0.596446 0.143694
0.596546 0.143694
0.596645 0.143694
0.596745 0.143694
0.596845 0.143694
0.596945 0.143460
0.597044 0.143460
0.597144 0.143460
0.597244 0.143460
0.597344 0.143460
0.597443 0.143460
0.597543 0.143460
0.597643 0.143460
0.597742 0.143460
0.597842 0.143460
0.597942 0.143460
0.598042 0.143226
0.598141 0.143226
0.598241 0.143226
0.598341 0.143226
0.598441 0.143226
0.598540 0.143226
0.598640 0.143226
0.598740 0.142991
0.598839 0.142991
0.598939 0.142991
0.599039 0.142757
0.599139 0.142757
0.599238 0.142757
0.599338 0.142757
0.599438 0.142522
0.599538 0.142522
0.599637 0.142522
0.599737 0.142053
0.599837 0.142053
0.599936 0.142053
0.600036 0.142053
0.600136 0.142053
0.600236 0.142053
0.600335 0.142053
0.600435 0.142053
0.600535 0.142053
0.600635 0.141819
0.600734 0.141819
0.600834 0.141819
0.600934 0.141585
0.601033 0.141585
0.601133 0.141585
0.601233 0.141585
0.601333 0.141585
0.601432 0.141585
0.601532 0.141350
0.601632 0.141350
0.601732 0.141350
0.601831 0.141350
0.601931 0.141350
0.602031 0.140881
0.602130 0.140881
0.602230 0.140647
0.602330 0.140647
0.602430 0.140647
0.602529 0.140647
0.602629 0.140413
0.602729 0.140413
0.602829 0.140178
0.602928 0.139944
0.603028 0.139944
0.603128 0.139709
0.603227 0.139709
0.603327 0.139709
0.603427 0.139709
0.603527 0.139475
0.603626 0.139241
0.603726 0.139006
0.603826 0.139006
0.603926 0.139006
0.604025 0.139006
0.604125 0.139006
0.604225 0.139006
0.604324 0.139006
0.604424 0.139006
0.604524 0.138772
0.604624 0.138772
0.604723 0.138772
0.604823 0.138772
0.604923 0.138772
0.605023 0.138772
0.605122 0.138772
0.605222 0.138772
0.605322 0.138772
0.605421 0.138772
0.605521 0.138537
0.605621 0.138068
0.605721 0.137834
0.605820 0.137834
0.605920 0.137834
0.606020 0.137834
0.606120 0.137834
0.606219 0.137834
0.606319 0.137834
0.606419 0.137600
0.606518 0.137365
0.606618 0.137365
0.606718 0.137365
0.606818 0.137365
0.606917 0.137365
0.607017 0.136896
0.607117 0.136896
0.607217 0.136896
0.607316 0.136896
0.607416 0.136896
0.607516 0.136662
0.607615 0.136662
0.607715 0.136662
0.607815 0.136662
0.607915 0.136193
0.608014 0.135959
0.608114 0.135724
0.608214 0.135724
0.608314 0.135724
0.608413 0.135490
0.608513 0.135256
0.608613 0.135256
0.608712 0.135256
0.608812 0.135256
0.608912 0.135256
0.609012 0.135256
0.609111 0.135256
0.609211 0.135256
0.609311 0.135021
0.609411 0.134787
0.609510 0.134787
0.609610 0.134787
0.609710 0.134787
0.609809 0.134787
0.609909 0.134552
0.610009 0.134552
0.610109 0.134552
0.610208 0.134552
0.610308 0.134083
0.610408 0.134083
0.610508 0.133849
0.610607 0.133849
0.610707 0.133849
0.610807 0.133615
0.610906 0.133615
0.611006 0.132911
0.611106 0.132911
0.611206 0.132443
0.611305 0.132443
0.611405 0.132208
0.611505 0.132208
0.611605 0.132208
0.611704 0.131974
0.611804 0.131974
0.611904 0.131974
0.612003 0.131739
0.612103 0.131739
0.612203 0.131739
0.612303 0.131739
0.612402 0.131739
0.612502 0.131505
0.612602 0.131505
0.612702 0.131505
0.612801 0.131505
0.612901 0.131271
0.613001 0.131271
0.613100 0.130802
0.613200 0.130567
0.613300 0.130333
0.613400 0.129864
0.613499 0.129630
0.613599 0.129630
0.613699 0.129630
0.613799 0.129630
0.613898 0.129395
0.613998 0.128926
0.614098 0.128692
0.614197 0.128692
0.614297 0.128692
0.614397 0.128458
0.614497 0.128223
0.614596 0.128223
0.614696 0.128223
0.614796 0.128223
0.614896 0.128223
0.614995 0.127754
0.615095 0.127754
0.615195 0.127754
0.615294 0.127754
0.615394 0.127754
0.615494 0.127754
0.615594 0.127754
0.615693 0.127754
0.615793 0.127520
0.615893 0.127520
0.615993 0.127520
0.616092 0.127520
0.616192 0.127520
0.616292 0.127520
0.616391 0.127520
0.616491 0.127520
0.616591 0.127520
0.616691 0.127520
0.616790 0.127051
0.616890 0.127051
0.616990 0.127051
0.617090 0.127051
0.617189 0.126348
0.617289 0.126348
0.617389 0.126348
0.617488 0.126348
0.617588 0.126348
0.617688 0.126348
0.617788 0.126113
0.617887 0.126113
0.617987 0.126113
0.618087 0.125879
0.618187 0.125645
0.618286 0.125645
0.618386 0.125645
0.618486 0.125645
0.618585 0.125410
0.618685 0.125410
0.618785 0.125410
0.618885 0.125410
0.618984 0.125410
0.619084 0.125410
0.619184 0.125410
0.619284 0.125176
0.619383 0.125176
0.619483 0.124941
0.619583 0.124941
0.619682 0.124941
0.619782 0.124941
0.619882 0.124941
0.619982 0.124941
0.620081 0.124707
0.620181 0.124707
0.620281 0.124707
0.620381 0.124707
0.620480 0.124707
0.620580 0.124707
0.620680 0.124707
0.620779 0.124707
0.620879 0.124707
0.620979 0.124473
0.621079 0.124473
0.621178 0.124473
0.621278 0.124473
0.621378 0.124473
0.621478 0.124473
0.621577 0.124473
0.621677 0.124473
0.621777 0.124238
0.621876 0.124004
0.621976 0.123769
0.622076 0.123769
0.622176 0.123769
0.622275 0.123769
0.622375 0.123769
0.622475 0.123769
0.622575 0.123769
0.622674 0.123769
0.622774 0.123769
0.622874 0.123769
0.622973 0.123535
0.623073 0.123535
0.623173 0.123301
0.623273 0.123301
0.623372 0.123066
0.623472 0.123066
0.623572 0.123066
0.623672 0.123066
0.623771 0.123066
0.623871 0.123066
0.623971 0.123066
0.624070 0.122832
0.624170 0.122832
0.624270 0.122832
0.624370 0.122832
0.624469 0.122832
0.624569 0.122832
0.624669 0.122832
0.624769 0.122832
0.624868 0.122832
0.624968 0.122597
0.625068 0.122363
0.625167 0.122363
0.625267 0.122363
0.625367 0.122363
0.625467 0.122128
0.625566 0.122128
0.625666 0.122128
0.625766 0.122128
0.625866 0.122128
0.625965 0.122128
0.626065 0.121894
0.626165 0.121894
0.626264 0.121894
0.626364 0.121894
0.626464 0.121894
0.626564 0.121894
0.626663 0.121660
0.626763 0.121660
0.626863 0.121660
0.626963 0.121660
0.627062 0.121660
0.627162 0.121660
0.627262 0.121425
0.627361 0.121425
0.627461 0.121425
0.627561 0.121425
0.627661 0.121425
0.627760 0.121425
0.627860 0.121425
0.627960 0.121425
0.628060 0.120956
0.628159 0.120956
0.628259 0.120956
0.628359 0.120722
0.628458 0.120722
0.628558 0.120722
0.628658 0.120722
0.628758 0.120722
0.628857 0.120488
0.628957 0.120253
0.629057 0.120019
0.629157 0.120019
0.629256 0.119550
0.629356 0.119550
0.629456 0.119316
0.629555 0.119316
0.629655 0.119316
0.629755 0.119316
0.629855 0.119081
0.629954 0.119081
0.630054 0.119081
0.630154 0.119081
0.630254 0.119081
0.630353 0.119081
0.630453 0.119081
0.630553 0.119081
0.630652 0.118847
0.630752 0.118612
0.630852 0.118612
0.630952 0.118378
0.631051 0.118378
0.631151 0.118378
0.631251 0.118378
0.631351 0.118378
0.631450 0.118378
0.631550 0.118143
0.631650 0.118143
0.631749 0.118143
0.631849 0.117909
0.631949 0.117909
0.632049 0.117675
0.632148 0.117440
0.632248 0.117206
0.632348 0.117206
0.632448 0.117206
0.632547 0.116971
0.632647 0.116971
0.632747 0.116971
0.632846 0.116503
0.632946 0.116503
0.633046 0.116503
0.633146 0.116503
0.633245 0.116503
0.633345 0.116503
0.633445 0.116503
0.633545 0.116503
0.633644 0.116503
0.633744 0.116503
0.633844 0.116503
0.633943 0.116503
0.634043 0.116503
0.634143 0.116503
0.634243 0.116503
0.634342 0.116268
0.634442 0.116268
0.634542 0.116268
0.634642 0.116268
0.634741 0.116034
0.634841 0.116034
0.634941 0.116034
0.635040 0.116034
0.635140 0.116034
0.635240 0.116034
0.635340 0.116034
0.635439 0.116034
0.635539 0.116034
0.635639 0.116034
0.635739 0.116034
0.635838 0.116034
0.635938 0.116034
0.636038 0.116034
0.636137 0.116034
0.636237 0.116034
0.636337 0.116034
0.636437 0.116034
0.636536 0.115799
0.636636 0.115799
0.636736 0.115799
0.636836 0.115799
0.636935 0.115096
0.637035 0.115096
0.637135 0.115096
0.637234 0.115096
0.637334 0.115096
0.637434 0.115096
0.637534 0.115096
0.637633 0.115096
0.637733 0.115096
0.637833 0.115096
0.637933 0.114862
0.638032 0.114862
0.638132 0.114627
0.638232 0.114627
0.638331 0.114393
0.638431 0.114158
0.638531 0.114158
0.638631 0.114158
0.638730 0.114158
0.638830 0.113924
0.638930 0.113924
0.639030 0.113924
0.639129 0.113924
0.639229 0.113924
0.639329 0.113924
0.639428 0.113924
0.639528 0.113690
0.639628 0.113690
0.639728 0.113455
0.639827 0.113455
0.639927 0.113455
0.640027 0.113455
0.640127 0.113455
0.640226 0.113455
0.640326 0.113455
0.640426 0.113455
0.640525 0.113455
0.640625 0.113455
0.640725 0.113455
0.640825 0.113455
0.640924 0.113455
0.641024 0.113455
0.641124 0.113455
0.641224 0.113455
0.641323 0.113455
0.641423 0.113221
0.641523 0.113221
0.641622 0.112986
0.641722 0.112986
0.641822 0.112986
0.641922 0.112986
0.642021 0.112986
0.642121 0.112986
0.642221 0.112986
0.642321 0.112986
0.642420 0.112752
0.642520 0.112752
0.642620 0.112752
0.642719 0.112752
0.642819 0.112518
0.642919 0.112518
0.643019 0.112518
0.643118 0.112518
0.643218 0.112518
0.643318 0.112518
0.643418 0.112518
0.643517 0.112518
0.643617 0.112283
0.643717 0.112049
0.643816 0.112049
0.643916 0.111814
0.644016 0.111814
0.644116 0.111814
0.644215 0.111346
0.644315 0.111346
0.644415 0.111346
0.644515 0.111346
0.644614 0.111346
0.644714 0.111346
0.644814 0.111346
0.644913 0.111346
0.645013 0.111346
0.645113 0.111346
0.645213 0.111346
0.645312 0.111346
0.645412 0.111346
0.645512 0.111111
0.645612 0.111111
0.645711 0.111111
0.645811 0.111111
0.645911 0.111111
0.646010 0.111111
0.646110 0.111111
0.646210 0.110642
0.646310 0.110408
0.646409 0.110408
0.646509 0.110408
0.646609 0.109939
0.646709 0.109939
0.646808 0.109939
0.646908 0.109705
0.647008 0.109705
0.647107 0.109705
0.647207 0.109705
0.647307 0.109705
0.647407 0.109705
0.647506 0.109705
0.647606 0.109705
0.647706 0.109705
0.647806 0.109705
0.647905 0.109705
0.648005 0.109470
0.648105 0.109470
0.648204 0.109236
0.648304 0.109236
0.648404 0.109236
0.648504 0.108767
0.648603 0.108767
0.648703 0.108767
0.648803 0.108767
0.648903 0.108767
0.649002 0.108767
0.649102 0.108767
0.649202 0.108767
0.649301 0.108533
0.649401 0.108533
0.649501 0.108533
0.649601 0.108533
0.649700 0.108533
0.649800 0.108298
0.649900 0.108298
0.650000 0.108298
0.650099 0.108298
0.650199 0.108298
0.650299 0.108298
0.650398 0.108298
0.650498 0.108064
0.650598 0.108064
0.650698 0.108064
0.650797 0.108064
0.650897 0.108064
0.650997 0.108064
0.651097 0.107829
0.651196 0.107829
0.651296 0.107829
0.651396 0.107595
0.651495 0.107595
0.651595 0.107595
0.651695 0.107595
0.651795 0.107361
0.651894 0.107126
0.651994 0.107126
0.652094 0.107126
0.652194 0.107126
0.652293 0.107126
0.652393 0.107126
0.652493 0.107126
0.652592 0.106892
0.652692 0.106892
0.652792 0.106657
0.652892 0.106423
0.652991 0.106423
0.653091 0.106423
0.653191 0.106423
0.653291 0.106423
0.653390 0.106423
0.653490 0.106423
0.653590 0.106423
0.653689 0.106423
0.653789 0.106423
0.653889 0.106423
0.653989 0.106423
0.654088 0.106188
0.654188 0.106188
0.654288 0.106188
0.654388 0.106188
0.654487 0.106188
0.654587 0.106188
0.654687 0.106188
0.654786 0.105954
0.654886 0.105720
0.654986 0.105720
0.655086 0.105485
0.655185 0.105485
0.655285 0.105485
0.655385 0.105485
0.655485 0.105485
0.655584 0.105016
0.655684 0.104782
0.655784 0.104313
0.655883 0.104313
0.655983 0.104313
0.656083 0.104313
0.656183 0.104313
0.656282 0.104079
0.656382 0.104079
0.656482 0.103844
0.656582 0.103844
0.656681 0.103844
0.656781 0.103844
0.656881 0.103610
0.656980 0.103610
0.657080 0.102907
0.657180 0.102907
0.657280 0.102907
0.657379 0.102907
0.657479 0.102907
0.657579 0.102907
0.657679 0.102907
0.657778 0.102907
0.657878 0.102672
0.657978 0.102438
0.658077 0.102203
0.658177 0.102203
0.658277 0.102203
0.658377 0.102203
0.658476 0.102203
0.658576 0.102203
0.658676 0.102203
0.658776 0.102203
0.658875 0.101969
0.658975 0.101969
0.659075 0.101969
0.659174 0.101969
0.659274 0.101969
0.659374 0.101969
0.659474 0.101969
0.659573 0.101969
0.659673 0.101735
0.659773 0.101735
0.659873 0.101735
0.659972 0.101735
0.660072 0.101735
0.660172 0.101735
0.660271 0.101735
0.660371 0.101735
0.660471 0.101735
0.660571 0.101500
0.660670 0.101500
0.660770 0.101500
0.660870 0.101500
0.660970 0.101500
0.661069 0.101500
0.661169 0.101500
0.661269 0.101266
0.661368 0.101031
0.661468 0.100797
0.661568 0.100797
0.661668 0.100797
0.661767 0.100797
0.661867 0.100797
0.661967 0.100797
0.662067 0.100797
0.662166 0.100563
0.662266 0.100563
0.662366 0.100328
0.662465 0.100328
0.662565 0.100328
0.662665 0.100094
0.662765 0.100094
0.662864 0.100094
0.662964 0.100094
0.663064 0.100094
0.663164 0.099859
0.663263 0.099625
0.663363 0.099625
0.663463 0.099625
0.663562 0.099625
0.663662 0.099625
0.663762 0.099625
0.663862 0.099625
0.663961 0.099625
0.664061 0.099625
0.664161 0.099391
0.664261 0.099156
0.664360 0.099156
0.664460 0.099156
0.664560 0.099156
0.664659 0.099156
0.664759 0.099156
0.664859 0.099156
0.664959 0.099156
0.665058 0.099156
0.665158 0.099156
0.665258 0.098922
0.665358 0.098922
0.665457 0.098922
0.665557 0.098687
0.665657 0.098687
0.665756 0.098453
0.665856 0.098453
0.665956 0.098453
0.666056 0.098453
0.666155 0.098453
0.666255 0.098453
0.666355 0.098218
0.666455 0.098218
0.666554 0.097984
0.666654 0.097750
0.666754 0.097515
0.666853 0.097515
0.666953 0.097515
0.667053 0.097515
0.667153 0.097515
0.667252 0.097515
0.667352 0.097515
0.667452 0.097515
0.667552 0.097281
0.667651 0.097046
0.667751 0.096812
0.667851 0.096812
0.667950 0.096812
0.668050 0.096578
0.668150 0.096578
0.668250 0.096578
0.668349 0.096578
0.668449 0.096578
0.668549 0.096578
0.668649 0.096343
0.668748 0.096343
0.668848 0.096343
0.668948 0.096343
0.669047 0.096343
0.669147 0.096343
0.669247 0.096343
0.669347 0.096343
0.669446 0.096343
0.669546 0.096343
0.669646 0.096343
0.669746 0.096343
0.669845 0.096343
0.669945 0.096343
0.670045 0.096343
0.670144 0.096343
0.670244 0.095874
0.670344 0.095874
0.670444 0.095874
0.670543 0.095874
0.670643 0.095874
0.670743 0.095874
0.670843 0.095874
0.670942 0.095874
0.671042 0.095874
0.671142 0.095406
0.671241 0.095406
0.671341 0.095406
0.671441 0.095406
0.671541 0.095406
0.671640 0.095406
0.671740 0.095406
0.671840 0.095406
0.671940 0.095406
0.672039 0.095406
0.672139 0.095406
0.672239 0.095406
0.672338 0.095406
0.672438 0.095406
0.672538 0.095171
0.672638 0.095171
0.672737 0.095171
0.672837 0.095171
0.672937 0.095171
0.673037 0.095171
0.673136 0.094702
0.673236 0.094702
0.673336 0.094702
0.673435 0.094702
0.673535 0.094702
0.673635 0.094702
0.673735 0.094702
0.673834 0.094702
0.673934 0.094702
0.674034 0.094702
0.674134 0.094702
0.674233 0.094468
0.674333 0.094468
0.674433 0.094468
0.674532 0.094468
0.674632 0.094468
0.674732 0.094468
0.674832 0.094233
0.674931 0.094233
0.675031 0.093999
0.675131 0.093999
0.675231 0.093999
0.675330 0.093999
0.675430 0.093765
0.675530 0.093765
0.675629 0.093765
0.675729 0.093765
0.675829 0.093765
0.675929 0.093765
0.676028 0.093765
0.676128 0.093765
0.676228 0.093765
0.676328 0.093765
0.676427 0.093765
0.676527 0.093765
0.676627 0.093530
0.676726 0.093530
0.676826 0.093530
0.676926 0.093530
0.677026 0.093530
0.677125 0.093530
0.677225 0.093530
0.677325 0.093530
0.677425 0.093530
0.677524 0.093530
0.677624 0.093530
0.677724 0.093530
0.677823 0.093296
0.677923 0.093061
0.678023 0.093061
0.678123 0.093061
0.678222 0.093061
0.678322 0.093061
0.678422 0.092827
0.678522 0.092827
0.678621 0.092827
0.678721 0.092827
0.678821 0.092827
0.678920 0.092827
0.679020 0.092827
0.679120 0.092827
0.679220 0.092827
0.679319 0.092593
0.679419 0.092358
0.679519 0.092124
0.679619 0.092124
0.679718 0.092124
0.679818 0.091889
0.679918 0.091889
0.680017 0.091655
0.680117 0.091421
0.680217 0.091421
0.680317 0.091421
0.680416 0.091186
0.680516 0.091186
0.680616 0.090952
0.680716 0.090952
0.680815 0.090952
0.680915 0.090952
0.681015 0.090952
0.681114 0.090952
0.681214 0.090952
0.681314 0.090717
0.681414 0.090717
0.681513 0.090717
0.681613 0.090717
0.681713 0.090717
0.681813 0.090483
0.681912 0.090483
0.682012 0.090248
0.682112 0.090248
0.682211 0.090014
0.682311 0.090014
0.682411 0.089780
0.682511 0.089780
0.682610 0.089780
0.682710 0.089780
0.682810 0.089780
0.682910 0.089780
0.683009 0.089780
0.683109 0.089780
0.683209 0.089780
0.683308 0.089780
0.683408 0.089780
0.683508 0.089780
0.683608 0.089545
0.683707 0.089545
0.683807 0.089545
0.683907 0.089545
0.684007 0.089545
0.684106 0.089311
0.684206 0.089311
0.684306 0.089311
0.684405 0.089311
0.684505 0.089311
0.684605 0.088842
0.684705 0.088842
0.684804 0.088842
0.684904 0.088842
0.685004 0.088842
0.685104 0.088842
0.685203 0.088842
0.685303 0.088842
0.685403 0.088842
0.685502 0.088842
0.685602 0.088842
0.685702 0.088608
0.685802 0.088608
0.685901 0.088608
0.686001 0.088608
0.686101 0.088608
0.686201 0.088608
0.686300 0.088608
0.686400 0.088608
0.686500 0.088608
0.686599 0.088608
0.686699 0.088608
0.686799 0.088373
0.686899 0.088373
0.686998 0.088373
0.687098 0.088373
0.687198 0.088373
0.687298 0.088373
0.687397 0.088139
0.687497 0.088139
0.687597 0.087904
0.687696 0.087904
0.687796 0.087670
0.687896 0.087670
0.687996 0.087670
0.688095 0.087436
0.688195 0.087436
0.688295 0.087436
0.688395 0.087201
0.688494 0.086967
0.688594 0.086967
0.688694 0.086967
0.688793 0.086967
0.688893 0.086967
0.688993 0.086967
0.689093 0.086967
0.689192 0.086967
0.689292 0.086967
0.689392 0.086967
0.689492 0.086967
0.689591 0.086967
0.689691 0.086967
0.689791 0.086967
0.689890 0.086967
0.689990 0.086732
0.690090 0.086732
0.690190 0.086732
0.690289 0.086732
0.690389 0.086732
0.690489 0.086732
0.690589 0.086732
0.690688 0.086732
0.690788 0.086732
0.690888 0.086732
0.690987 0.086732
0.691087 0.086732
0.691187 0.086732
0.691287 0.086732
0.691386 0.086732
0.691486 0.086732
0.691586 0.086732
0.691686 0.086732
0.691785 0.086732
0.691885 0.086732
0.691985 0.086732
0.692084 0.086732
0.692184 0.086732
0.692284 0.086732
0.692384 0.086498
0.692483 0.086498
0.692583 0.086498
0.692683 0.086498
0.692783 0.086498
0.692882 0.086498
0.692982 0.086498
0.693082 0.086498
0.693181 0.086498
0.693281 0.086498
0.693381 0.086498
0.693481 0.086498
0.693580 0.086498
0.693680 0.086498
0.693780 0.086498
0.693880 0.086498
0.693979 0.086263
0.694079 0.086263
0.694179 0.086263
0.694278 0.086263
0.694378 0.086029
0.694478 0.086029
0.694578 0.086029
0.694677 0.086029
0.694777 0.085560
0.694877 0.085560
0.694977 0.085560
0.695076 0.085560
0.695176 0.085326
0.695276 0.085326
0.695375 0.085326
0.695475 0.085326
0.695575 0.085326
0.695675 0.085326
0.695774 0.085326
0.695874 0.085326
0.695974 0.085326
0.696074 0.085326
0.696173 0.085326
0.696273 0.085326
0.696373 0.085091
0.696472 0.085091
0.696572 0.085091
0.696672 0.085091
0.696772 0.084857
0.696871 0.084857
0.696971 0.084857
0.697071 0.084857
0.697171 0.084857
0.697270 0.084857
0.697370 0.084857
0.697470 0.084857
0.697569 0.084623
0.697669 0.084388
0.697769 0.084388
0.697869 0.084388
0.697968 0.084388
0.698068 0.084388
0.698168 0.084388
0.698268 0.084388
0.698367 0.084388
0.698467 0.084388
0.698567 0.084388
0.698666 0.084154
0.698766 0.084154
0.698866 0.084154
0.698966 0.084154
0.699065 0.084154
0.699165 0.083919
0.699265 0.083919
0.699365 0.083685
0.699464 0.083685
0.699564 0.083685
0.699664 0.083451
0.699763 0.083451
0.699863 0.083451
0.699963 0.083451
0.700063 0.083451
0.700162 0.083451
0.700262 0.083451
0.700362 0.083451
0.700462 0.083216
0.700561 0.083216
0.700661 0.083216
0.700761 0.082982
0.700860 0.082747
0.700960 0.082747
0.701060 0.082747
0.701160 0.082747
0.701259 0.082747
0.701359 0.082747
0.701459 0.082747
0.701559 0.082747
0.701658 0.082747
0.701758 0.082747
0.701858 0.082747
0.701957 0.082747
0.702057 0.082747
0.702157 0.082747
0.702257 0.082747
0.702356 0.082747
0.702456 0.082747
0.702556 0.082747
0.702656 0.082513
0.702755 0.082278
0.702855 0.082278
0.702955 0.082278
0.703054 0.082278
0.703154 0.082278
0.703254 0.082278
0.703354 0.082278
0.703453 0.082278
0.703553 0.082044
0.703653 0.082044
0.703753 0.082044
0.703852 0.082044
0.703952 0.082044
0.704052 0.081810
0.704151 0.081810
0.704251 0.081810
0.704351 0.081810
0.704451 0.081810
0.704550 0.081810
0.704650 0.081810
0.704750 0.081575
0.704850 0.081575
0.704949 0.081341
0.705049 0.081106
0.705149 0.080872
0.705248 0.080872
0.705348 0.080872
0.705448 0.080872
0.705548 0.080872
0.705647 0.080872
0.705747 0.080872
0.705847 0.080872
0.705947 0.080872
0.706046 0.080872
0.706146 0.080872
0.706246 0.080872
0.706345 0.080872
0.706445 0.080638
0.706545 0.080638
0.706645 0.080638
0.706744 0.080638
0.706844 0.080638
0.706944 0.080638
0.707044 0.080403
0.707143 0.080403
0.707243 0.080403
0.707343 0.080403
0.707442 0.080403
0.707542 0.080403
0.707642 0.080403
0.707742 0.080403
0.707841 0.080403
0.707941 0.080403
0.708041 0.080169
0.708141 0.080169
0.708240 0.080169
0.708340 0.079934
0.708440 0.079934
0.708539 0.079934
0.708639 0.079934
0.708739 0.079934
0.708839 0.079934
0.708938 0.079934
0.709038 0.079700
0.709138 0.079700
0.709238 0.079700
0.709337 0.079700
0.709437 0.079700
0.709537 0.079700
0.709636 0.079700
0.709736 0.079466
0.709836 0.079466
0.709936 0.079466
0.710035 0.079231
0.710135 0.079231
0.710235 0.079231
0.710335 0.079231
0.710434 0.079231
0.710534 0.078997
0.710634 0.078997
0.710733 0.078997
0.710833 0.078762
0.710933 0.078762
0.711033 0.078528
0.711132 0.078528
0.711232 0.078528
0.711332 0.078528
0.711432 0.078528
0.711531 0.078293
0.711631 0.078293
0.711731 0.078293
0.711830 0.078293
0.711930 0.078293
0.712030 0.078293
0.712130 0.078293
0.712229 0.078293
0.712329 0.078293
0.712429 0.078059
0.712529 0.078059
0.712628 0.077825
0.712728 0.077590
0.712828 0.077356
0.712927 0.077356
0.713027 0.077356
0.713127 0.077356
0.713227 0.077356
0.713326 0.077356
0.713426 0.077356
0.713526 0.077356
0.713626 0.077121
0.713725 0.077121
0.713825 0.077121
0.713925 0.076887
0.714024 0.076887
0.714124 0.076887
0.714224 0.076653
0.714324 0.076653
0.714423 0.076653
0.714523 0.076653
0.714623 0.076418
0.714723 0.076418
0.714822 0.076184
0.714922 0.076184
0.715022 0.075949
0.715121 0.075949
0.715221 0.075715
0.715321 0.075715
0.715421 0.075481
0.715520 0.075481
0.715620 0.075481
0.715720 0.075481
0.715820 0.075246
0.715919 0.075246
0.716019 0.075246
0.716119 0.075246
0.716218 0.075246
0.716318 0.075012
0.716418 0.075012
0.716518 0.075012
0.716617 0.075012
0.716717 0.075012
0.716817 0.074777
0.716917 0.074777
0.717016 0.074777
0.717116 0.074543
0.717216 0.074543
0.717315 0.074543
0.717415 0.074543
0.717515 0.074543
0.717615 0.074543
0.717714 0.074543
0.717814 0.074308
0.717914 0.074308
0.718014 0.074308
0.718113 0.074308
0.718213 0.074308
0.718313 0.074308
0.718412 0.074308
0.718512 0.074308
0.718612 0.074308
0.718712 0.074074
0.718811 0.073605
0.718911 0.073605
0.719011 0.073371
0.719111 0.073371
0.719210 0.073371
0.719310 0.073371
0.719410 0.073371
0.719509 0.073371
0.719609 0.073371
0.719709 0.073371
0.719809 0.073371
0.719908 0.073371
0.720008 0.073371
0.720108 0.073371
0.720208 0.073371
0.720307 0.073371
0.720407 0.073371
0.720507 0.073371
0.720606 0.073136
0.720706 0.073136
0.720806 0.072902
0.720906 0.072902
0.721005 0.072902
0.721105 0.072668
0.721205 0.072668
0.721305 0.072668
0.721404 0.072668
0.721504 0.072668
0.721604 0.072668
0.721703 0.072668
0.721803 0.072668
0.721903 0.072668
0.722003 0.072433
0.722102 0.072433
0.722202 0.072433
0.722302 0.072433
0.722402 0.071964
0.722501 0.071964
0.722601 0.071964
0.722701 0.071964
0.722800 0.071964
0.722900 0.071964
0.723000 0.071964
0.723100 0.071964
0.723199 0.071964
0.723299 0.071964
0.723399 0.071964
0.723499 0.071964
0.723598 0.071964
0.723698 0.071964
0.723798 0.071964
0.723897 0.071964
0.723997 0.071964
0.724097 0.071964
0.724197 0.071496
0.724296 0.071496
0.724396 0.071496
0.724496 0.071496
0.724596 0.071496
0.724695 0.071496
0.724795 0.071496
0.724895 0.071496
0.724994 0.071496
0.725094 0.071261
0.725194 0.071261
0.725294 0.071261
0.725393 0.071261
0.725493 0.071261
0.725593 0.071261
0.725693 0.071261
0.725792 0.071261
0.725892 0.071261
0.725992 0.071261
0.726091 0.071261
0.726191 0.071261
0.726291 0.071261
0.726391 0.071261
0.726490 0.071261
0.726590 0.071261
0.726690 0.071261
0.726790 0.071261
0.726889 0.071261
0.726989 0.071027
0.727089 0.071027
0.727188 0.071027
0.727288 0.071027
0.727388 0.070792
0.727488 0.070792
0.727587 0.070792
0.727687 0.070792
0.727787 0.070792
0.727887 0.070792
0.727986 0.070792
0.728086 0.070792
0.728186 0.070792
0.728285 0.070792
0.728385 0.070792
0.728485 0.070792
0.728585 0.070558
0.728684 0.070558
0.728784 0.070558
0.728884 0.070323
0.728984 0.070089
0.729083 0.070089
0.729183 0.070089
0.729283 0.070089
0.729382 0.070089
0.729482 0.070089
0.729582 0.070089
0.729682 0.070089
0.729781 0.070089
0.729881 0.070089
0.729981 0.070089
0.730081 0.070089
0.730180 0.069855
0.730280 0.069855
0.730380 0.069855
0.730479 0.069386
0.730579 0.069386
0.730679 0.069386
0.730779 0.069386
0.730878 0.069151
0.730978 0.069151
0.731078 0.069151
0.731178 0.069151
0.731277 0.069151
0.731377 0.069151
0.731477 0.069151
0.731576 0.069151
0.731676 0.069151
0.731776 0.069151
0.731876 0.069151
0.731975 0.069151
0.732075 0.068917
0.732175 0.068917
0.732275 0.068683
0.732374 0.068683
0.732474 0.068683
0.732574 0.068683
0.732673 0.068683
0.732773 0.068683
0.732873 0.068683
0.732973 0.068683
0.733072 0.068683
0.733172 0.068683
0.733272 0.068683
0.733372 0.068683
0.733471 0.068683
0.733571 0.068683
0.733671 0.068683
0.733770 0.068683
0.733870 0.068683
0.733970 0.068683
0.734070 0.068448
0.734169 0.068448
0.734269 0.068448
0.734369 0.068448
0.734469 0.068448
0.734568 0.067745
0.734668 0.067745
0.734768 0.067745
0.734867 0.067511
0.734967 0.067511
0.735067 0.067511
0.735167 0.067511
0.735266 0.067511
0.735366 0.067511
0.735466 0.067276
0.735566 0.067276
0.735665 0.067276
0.735765 0.067276
0.735865 0.067276
0.735964 0.066807
0.736064 0.066807
0.736164 0.066573
0.736264 0.066573
0.736363 0.066573
0.736463 0.066573
0.736563 0.066573
0.736663 0.066338
0.736762 0.066338
0.736862 0.066338
0.736962 0.066104
0.737061 0.066104
0.737161 0.065870
0.737261 0.065870
0.737361 0.065870
0.737460 0.065870
0.737560 0.065870
0.737660 0.065870
0.737760 0.065870
0.737859 0.065870
0.737959 0.065870
0.738059 0.065635
0.738158 0.065166
0.738258 0.064698
0.738358 0.064698
0.738458 0.064698
0.738557 0.064698
0.738657 0.064698
0.738757 0.064698
0.738857 0.064698
0.738956 0.064698
0.739056 0.064698
0.739156 0.064463
0.739255 0.064229
0.739355 0.064229
0.739455 0.064229
0.739555 0.064229
0.739654 0.064229
0.739754 0.064229
0.739854 0.063994
0.739954 0.063994
0.740053 0.063994
0.740153 0.063994
0.740253 0.063994
0.740352 0.063994
0.740452 0.063994
0.740552 0.063994
0.740652 0.063994
0.740751 0.063994
0.740851 0.063760
0.740951 0.063760
0.741051 0.063760
0.741150 0.063760
0.741250 0.063760
0.741350 0.063760
0.741449 0.063760
0.741549 0.063760
0.741649 0.063760
0.741749 0.063760
0.741848 0.063760
0.741948 0.063760
0.742048 0.063760
0.742148 0.063526
0.742247 0.063526
0.742347 0.063526
0.742447 0.063526
0.742546 0.063526
0.742646 0.063526
0.742746 0.063526
0.742846 0.063526
0.742945 0.063526
0.743045 0.063526
0.743145 0.063526
0.743245 0.063526
0.743344 0.063526
0.743444 0.063526
0.743544 0.063526
0.743643 0.063526
0.743743 0.063526
0.743843 0.063526
0.743943 0.063291
0.744042 0.063291
0.744142 0.063291
0.744242 0.063057
0.744342 0.062822
0.744441 0.062822
0.744541 0.062822
0.744641 0.062822
0.744740 0.062822
0.744840 0.062353
0.744940 0.062119
0.745040 0.062119
0.745139 0.062119
0.745239 0.062119
0.745339 0.061885
0.745439 0.061885
0.745538 0.061885
0.745638 0.061885
0.745738 0.061885
0.745837 0.061885
0.745937 0.061650
0.746037 0.061650
0.746137 0.061416
0.746236 0.061416
0.746336 0.061181
0.746436 0.061181
0.746536 0.061181
0.746635 0.060947
0.746735 0.060947
0.746835 0.060947
0.746934 0.060947
0.747034 0.060947
0.747134 0.060947
0.747234 0.060713
0.747333 0.060713
0.747433 0.060713
0.747533 0.060713
0.747633 0.060713
0.747732 0.060478
0.747832 0.060478
0.747932 0.060478
0.748031 0.060244
0.748131 0.060244
0.748231 0.060009
0.748331 0.060009
0.748430 0.060009
0.748530 0.060009
0.748630 0.059775
0.748730 0.059541
0.748829 0.059541
0.748929 0.059306
0.749029 0.059306
0.749128 0.059306
0.749228 0.059072
0.749328 0.058837
0.749428 0.058603
0.749527 0.058603
0.749627 0.058603
0.749727 0.058603
0.749827 0.058368
0.749926 0.058368
0.750026 0.057900
0.750126 0.057900
0.750225 0.057900
0.750325 0.057900
0.750425 0.057900
0.750525 0.057900
0.750624 0.057900
0.750724 0.057900
0.750824 0.057900
0.750924 0.057900
0.751023 0.057900
0.751123 0.057900
0.751223 0.057900
0.751322 0.057900
0.751422 0.057900
0.751522 0.057900
0.751622 0.057900
0.751721 0.057900
0.751821 0.057665
0.751921 0.057665
0.752021 0.057665
0.752120 0.057665
0.752220 0.057665
0.752320 0.057665
0.752419 0.057665
0.752519 0.057665
0.752619 0.057431
0.752719 0.057431
0.752818 0.057431
0.752918 0.057431
0.753018 0.057431
0.753118 0.057431
0.753217 0.057431
0.753317 0.057431
0.753417 0.057431
0.753516 0.057196
0.753616 0.057196
0.753716 0.057196
0.753816 0.057196
0.753915 0.057196
0.754015 0.057196
0.754115 0.057196
0.754215 0.056962
0.754314 0.056728
0.754414 0.056493
0.754514 0.056493
0.754613 0.056493
0.754713 0.056493
0.754813 0.056493
0.754913 0.056493
0.755012 0.056259
0.755112 0.056259
0.755212 0.056024
0.755312 0.056024
0.755411 0.055790
0.755511 0.055790
0.755611 0.055790
0.755710 0.055790
0.755810 0.055790
0.755910 0.055790
0.756010 0.055790
0.756109 0.055790
0.756209 0.055556
0.756309 0.055321
0.756409 0.055087
0.756508 0.055087
0.756608 0.055087
0.756708 0.055087
0.756807 0.055087
0.756907 0.055087
0.757007 0.055087
0.757107 0.055087
0.757206 0.055087
0.757306 0.055087
0.757406 0.055087
0.757506 0.055087
0.757605 0.055087
0.757705 0.055087
0.757805 0.055087
0.757904 0.055087
0.758004 0.055087
0.758104 0.055087
0.758204 0.055087
0.758303 0.055087
0.758403 0.055087
0.758503 0.055087
0.758603 0.054852
0.758702 0.054852
0.758802 0.054852
0.758902 0.054852
0.759001 0.054852
0.759101 0.054852
0.759201 0.054852
0.759301 0.054618
0.759400 0.054618
0.759500 0.054618
0.759600 0.054383
0.759700 0.054383
0.759799 0.054383
0.759899 0.054383
0.759999 0.054383
0.760098 0.054383
0.760198 0.054383
0.760298 0.053915
0.760398 0.053915
0.760497 0.053446
0.760597 0.053446
0.760697 0.053446
0.760797 0.053446
0.760896 0.053211
0.760996 0.053211
0.761096 0.053211
0.761195 0.053211
0.761295 0.052977
0.761395 0.052977
0.761495 0.052977
0.761594 0.052977
0.761694 0.052977
0.761794 0.052743
0.761894 0.052743
0.761993 0.052743
0.762093 0.052743
0.762193 0.052743
0.762292 0.052743
0.762392 0.052508
0.762492 0.052508
0.762592 0.052508
0.762691 0.052508
0.762791 0.052508
0.762891 0.052508
0.762991 0.052508
0.763090 0.052508
0.763190 0.052508
0.763290 0.052508
0.763389 0.052508
0.763489 0.052508
0.763589 0.052508
0.763689 0.052508
0.763788 0.052508
0.763888 0.052508
0.763988 0.052274
0.764088 0.052274
0.764187 0.052274
0.764287 0.052274
0.764387 0.052274
0.764486 0.052274
0.764586 0.052274
0.764686 0.052039
0.764786 0.052039
0.764885 0.051805
0.764985 0.051805
0.765085 0.051805
0.765185 0.051805
0.765284 0.051805
0.765384 0.051571
0.765484 0.051571
0.765583 0.051571
0.765683 0.051571
0.765783 0.051571
0.765883 0.051571
0.765982 0.051336
0.766082 0.051336
0.766182 0.051102
0.766282 0.051102
0.766381 0.051102
0.766481 0.050867
0.766581 0.050867
0.766680 0.050867
0.766780 0.050867
0.766880 0.050633
0.766980 0.050398
0.767079 0.050398
0.767179 0.050398
0.767279 0.050398
0.767379 0.050398
0.767478 0.050398
0.767578 0.050398
0.767678 0.050398
0.767777 0.050398
0.767877 0.050398
0.767977 0.050398
0.768077 0.050398
0.768176 0.050164
0.768276 0.049930
0.768376 0.049930
0.768476 0.049930
0.768575 0.049930
0.768675 0.049930
0.768775 0.049930
0.768874 0.049930
0.768974 0.049930
0.769074 0.049930
0.769174 0.049930
0.769273 0.049930
0.769373 0.049930
0.769473 0.049930
0.769573 0.049930
0.769672 0.049695
0.769772 0.049695
0.769872 0.049695
0.769971 0.049461
0.770071 0.049461
0.770171 0.049461
0.770271 0.049461
0.770370 0.049461
0.770470 0.049461
0.770570 0.049461
0.770670 0.049461
0.770769 0.049461
0.770869 0.049226
0.770969 0.049226
0.771068 0.049226
0.771168 0.048992
0.771268 0.048992
0.771368 0.048992
0.771467 0.048992
0.771567 0.048992
0.771667 0.048992
0.771767 0.048992
0.771866 0.048992
0.771966 0.048992
0.772066 0.048992
0.772165 0.048992
0.772265 0.048992
0.772365 0.048992
0.772465 0.048992
0.772564 0.048758
0.772664 0.048758
0.772764 0.048758
0.772864 0.048758
0.772963 0.048758
0.773063 0.048523
0.773163 0.048523
0.773262 0.048523
0.773362 0.048523
0.773462 0.048523
0.773562 0.048523
0.773661 0.048523
0.773761 0.048289
0.773861 0.048289
0.773961 0.048289
0.774060 0.047820
0.774160 0.047820
0.774260 0.047820
0.774359 0.047820
0.774459 0.047820
0.774559 0.047820
0.774659 0.047820
0.774758 0.047586
0.774858 0.047586
0.774958 0.047586
0.775058 0.047586
0.775157 0.047586
0.775257 0.047586
0.775357 0.047586
0.775456 0.047586
0.775556 0.047586
0.775656 0.047586
0.775756 0.047586
0.775855 0.047351
0.775955 0.047351
0.776055 0.047351
0.776155 0.047351
0.776254 0.047351
0.776354 0.047351
0.776454 0.047117
0.776553 0.047117
0.776653 0.047117
0.776753 0.047117
0.776853 0.047117
0.776952 0.047117
0.777052 0.046882
0.777152 0.046882
0.777252 0.046882
0.777351 0.046882
0.777451 0.046882
0.777551 0.046882
0.777650 0.046882
0.777750 0.046882
0.777850 0.046882
0.777950 0.046648
0.778049 0.046648
0.778149 0.046648
0.778249 0.046648
0.778349 0.046414
0.778448 0.046414
0.778548 0.046414
0.778648 0.046414
0.778747 0.046414
0.778847 0.046414
0.778947 0.046414
0.779047 0.046414
0.779146 0.046414
0.779246 0.046414
0.779346 0.046414
0.779446 0.046179
0.779545 0.046179
0.779645 0.046179
0.779745 0.046179
0.779844 0.046179
0.779944 0.046179
0.780044 0.045945
0.780144 0.045945
0.780243 0.045945
0.780343 0.045945
0.780443 0.045945
0.780543 0.045945
0.780642 0.045945
0.780742 0.045945
0.780842 0.045945
0.780941 0.045945
0.781041 0.045945
0.781141 0.045945
0.781241 0.045710
0.781340 0.045710
0.781440 0.045710
0.781540 0.045710
0.781640 0.045710
0.781739 0.045476
0.781839 0.045476
0.781939 0.045476
0.782038 0.045476
0.782138 0.045476
0.782238 0.045476
0.782338 0.045476
0.782437 0.045476
0.782537 0.045241
0.782637 0.045241
0.782737 0.045007
0.782836 0.045007
0.782936 0.045007
0.783036 0.045007
0.783135 0.045007
0.783235 0.044773
0.783335 0.044538
0.783435 0.044304
0.783534 0.044069
0.783634 0.044069
0.783734 0.043835
0.783834 0.043601
0.783933 0.043366
0.784033 0.043366
0.784133 0.043366
0.784232 0.043366
0.784332 0.043132
0.784432 0.042897
0.784532 0.042897
0.784631 0.042663
0.784731 0.042429
0.784831 0.042429
0.784931 0.042194
0.785030 0.042194
0.785130 0.041960
0.785230 0.041960
0.785329 0.041960
0.785429 0.041960
0.785529 0.041960
0.785629 0.041960
0.785728 0.041960
0.785828 0.041960
0.785928 0.041725
0.786028 0.041725
0.786127 0.041725
0.786227 0.041725
0.786327 0.041725
0.786426 0.041725
0.786526 0.041491
0.786626 0.041491
0.786726 0.041491
0.786825 0.041491
0.786925 0.041256
0.787025 0.041022
0.787125 0.041022
0.787224 0.041022
0.787324 0.041022
0.787424 0.041022
0.787523 0.040788
0.787623 0.040788
0.787723 0.040553
0.787823 0.040553
0.787922 0.040553
0.788022 0.040553
0.788122 0.040319
0.788222 0.040319
0.788321 0.040319
0.788421 0.040319
0.788521 0.040319
0.788620 0.040319
0.788720 0.040319
0.788820 0.040319
0.788920 0.040319
0.789019 0.040319
0.789119 0.040319
0.789219 0.040319
0.789319 0.040084
0.789418 0.040084
0.789518 0.040084
0.789618 0.040084
0.789717 0.040084
0.789817 0.040084
0.789917 0.040084
0.790017 0.039850
0.790116 0.039850
0.790216 0.039616
0.790316 0.039616
0.790416 0.039616
0.790515 0.039616
0.790615 0.039381
0.790715 0.039381
0.790814 0.039381
0.790914 0.039381
0.791014 0.039381
0.791114 0.039381
0.791213 0.039381
0.791313 0.039381
0.791413 0.039381
0.791513 0.039147
0.791612 0.039147
0.791712 0.038678
0.791812 0.038678
0.791911 0.038678
0.792011 0.038678
0.792111 0.038678
0.792211 0.038678
0.792310 0.038678
0.792410 0.038678
0.792510 0.038678
0.792610 0.038444
0.792709 0.038444
0.792809 0.038444
0.792909 0.038209
0.793008 0.038209
0.793108 0.038209
0.793208 0.038209
0.793308 0.038209
0.793407 0.037975
0.793507 0.037975
0.793607 0.037975
0.793707 0.037975
0.793806 0.037975
0.793906 0.037975
0.794006 0.037975
0.794105 0.037975
0.794205 0.037975
0.794305 0.037975
0.794405 0.037975
0.794504 0.037975
0.794604 0.037740
0.794704 0.037740
0.794804 0.037740
0.794903 0.037740
0.795003 0.037740
0.795103 0.037740
0.795202 0.037740
0.795302 0.037740
0.795402 0.037740
0.795502 0.037506
0.795601 0.037506
0.795701 0.037506
0.795801 0.037506
0.795901 0.037506
0.796000 0.037506
0.796100 0.037506
0.796200 0.037506
0.796299 0.037506
0.796399 0.037506
0.796499 0.037506
0.796599 0.037271
0.796698 0.037271
0.796798 0.037271
0.796898 0.037271
0.796998 0.037271
0.797097 0.037271
0.797197 0.037271
0.797297 0.037271
0.797396 0.037271
0.797496 0.037037
0.797596 0.037037
0.797696 0.037037
0.797795 0.036803
0.797895 0.036803
0.797995 0.036803
0.798095 0.036803
0.798194 0.036803
0.798294 0.036803
0.798394 0.036803
0.798493 0.036568
0.798593 0.036568
0.798693 0.036568
0.798793 0.036568
0.798892 0.036568
0.798992 0.036568
0.799092 0.036568
0.799192 0.036568
0.799291 0.036568
0.799391 0.036568
0.799491 0.036568
0.799590 0.036568
0.799690 0.036568
0.799790 0.036568
0.799890 0.036568
0.799989 0.036334
0.800089 0.036334
0.800189 0.036334
0.800289 0.036334
0.800388 0.036334
0.800488 0.036334
0.800588 0.036334
0.800687 0.036334
0.800787 0.036334
0.800887 0.036334
0.800987 0.036334
0.801086 0.036334
0.801186 0.036334
0.801286 0.036334
0.801386 0.036334
0.801485 0.036334
0.801585 0.036099
0.801685 0.036099
0.801784 0.036099
0.801884 0.036099
0.801984 0.036099
0.802084 0.036099
0.802183 0.036099
0.802283 0.035631
0.802383 0.035631
0.802483 0.035631
0.802582 0.035631
0.802682 0.035631
0.802782 0.035631
0.802881 0.035631
0.802981 0.035631
0.803081 0.035631
0.803181 0.035631
0.803280 0.035631
0.803380 0.035631
0.803480 0.035631
0.803580 0.035631
0.803679 0.035631
0.803779 0.035631
0.803879 0.035631
0.803978 0.035631
0.804078 0.035631
0.804178 0.035631
0.804278 0.035631
0.804377 0.035631
0.804477 0.035631
0.804577 0.035631
0.804677 0.035631
0.804776 0.035631
0.804876 0.035631
0.804976 0.035631
0.805075 0.035396
0.805175 0.035396
0.805275 0.035396
0.805375 0.035396
0.805474 0.035396
0.805574 0.035396
0.805674 0.035162
0.805774 0.035162
0.805873 0.035162
0.805973 0.035162
0.806073 0.035162
0.806172 0.035162
0.806272 0.035162
0.806372 0.035162
0.806472 0.035162
0.806571 0.034927
0.806671 0.034927
0.806771 0.034927
0.806871 0.034927
0.806970 0.034927
0.807070 0.034927
0.807170 0.034927
0.807269 0.034927
0.807369 0.034927
0.807469 0.034927
0.807569 0.034927
0.807668 0.034927
0.807768 0.034927
0.807868 0.034927
0.807968 0.034459
0.808067 0.034459
0.808167 0.034459
0.808267 0.034459
0.808366 0.034459
0.808466 0.034459
0.808566 0.034459
0.808666 0.034459
0.808765 0.034224
0.808865 0.034224
0.808965 0.034224
0.809065 0.034224
0.809164 0.034224
0.809264 0.034224
0.809364 0.034224
0.809463 0.034224
0.809563 0.034224
0.809663 0.034224
0.809763 0.034224
0.809862 0.034224
0.809962 0.034224
0.810062 0.034224
0.810162 0.034224
0.810261 0.033990
0.810361 0.033990
0.810461 0.033990
0.810560 0.033990
0.810660 0.033990
0.810760 0.033990
0.810860 0.033990
0.810959 0.033755
0.811059 0.033755
0.811159 0.033521
0.811259 0.033521
0.811358 0.033052
0.811458 0.033052
0.811558 0.033052
0.811657 0.033052
0.811757 0.033052
0.811857 0.033052
0.811957 0.033052
0.812056 0.033052
0.812156 0.033052
0.812256 0.033052
0.812356 0.033052
0.812455 0.033052
0.812555 0.032818
0.812655 0.032818
0.812754 0.032583
0.812854 0.032583
0.812954 0.032583
0.813054 0.032583
0.813153 0.032583
0.813253 0.032583
0.813353 0.032349
0.813453 0.032349
0.813552 0.032349
0.813652 0.032349
0.813752 0.032349
0.813851 0.032114
0.813951 0.032114
0.814051 0.031880
0.814151 0.031880
0.814250 0.031880
0.814350 0.031880
0.814450 0.031880
0.814550 0.031880
0.814649 0.031646
0.814749 0.031646
0.814849 0.031646
0.814948 0.031646
0.815048 0.031646
0.815148 0.031646
0.815248 0.031646
0.815347 0.031646
0.815447 0.031411
0.815547 0.031411
0.815647 0.031411
0.815746 0.031411
0.815846 0.031411
0.815946 0.031411
0.816045 0.031411
0.816145 0.031177
0.816245 0.030942
0.816345 0.030708
0.816444 0.030708
0.816544 0.030708
0.816644 0.030708
0.816744 0.030474
0.816843 0.030474
0.816943 0.030474
0.817043 0.030474
0.817142 0.030474
0.817242 0.030474
0.817342 0.030474
0.817442 0.030474
0.817541 0.030474
0.817641 0.030474
0.817741 0.030474
0.817841 0.030474
0.817940 0.030474
0.818040 0.030474
0.818140 0.030474
0.818239 0.030239
0.818339 0.030239
0.818439 0.030239
0.818539 0.030239
0.818638 0.030239
0.818738 0.030239
0.818838 0.030239
0.818938 0.030239
0.819037 0.030239
0.819137 0.030239
0.819237 0.030239
0.819336 0.030005
0.819436 0.030005
0.819536 0.030005
0.819636 0.030005
0.819735 0.030005
0.819835 0.030005
0.819935 0.030005
0.820035 0.030005
0.820134 0.030005
0.820234 0.030005
0.820334 0.030005
0.820433 0.030005
0.820533 0.030005
0.820633 0.030005
0.820733 0.029770
0.820832 0.029770
0.820932 0.029770
0.821032 0.029536
0.821132 0.029536
0.821231 0.029536
0.821331 0.029536
0.821431 0.029536
0.821530 0.029536
0.821630 0.029536
0.821730 0.029536
0.821830 0.029536
0.821929 0.029536
0.822029 0.029536
0.822129 0.029536
0.822229 0.029536
0.822328 0.029536
0.822428 0.029536
0.822528 0.029301
0.822627 0.029301
0.822727 0.029301
0.822827 0.029301
0.822927 0.029301
0.823026 0.029301
0.823126 0.029301
0.823226 0.029301
0.823326 0.029067
0.823425 0.029067
0.823525 0.029067
0.823625 0.029067
0.823724 0.029067
0.823824 0.029067
0.823924 0.029067
0.824024 0.029067
0.824123 0.029067
0.824223 0.029067
0.824323 0.029067
0.824423 0.029067
0.824522 0.029067
0.824622 0.029067
0.824722 0.029067
0.824821 0.029067
0.824921 0.029067
0.825021 0.029067
0.825121 0.029067
0.825220 0.028833
0.825320 0.028598
0.825420 0.028364
0.825520 0.028364
0.825619 0.028364
0.825719 0.028364
0.825819 0.028364
0.825918 0.028364
0.826018 0.028364
0.826118 0.028129
0.826218 0.028129
0.826317 0.028129
0.826417 0.027895
0.826517 0.027895
0.826616 0.027895
0.826716 0.027895
0.826816 0.027895
0.826916 0.027895
0.827015 0.027895
0.827115 0.027895
0.827215 0.027895
0.827315 0.027895
0.827414 0.027895
0.827514 0.027895
0.827614 0.027661
0.827713 0.027661
0.827813 0.027661
0.827913 0.027661
0.828013 0.027661
0.828112 0.027661
0.828212 0.027426
0.828312 0.027426
0.828412 0.027426
0.828511 0.027426
0.828611 0.027426
0.828711 0.027426
0.828810 0.027426
0.828910 0.027426
0.829010 0.027426
0.829110 0.027426
0.829209 0.027192
0.829309 0.027192
0.829409 0.027192
0.829509 0.027192
0.829608 0.027192
0.829708 0.027192
0.829808 0.027192
0.829907 0.027192
0.830007 0.027192
0.830107 0.027192
0.830207 0.027192
0.830306 0.027192
0.830406 0.026957
0.830506 0.026957
0.830606 0.026957
0.830705 0.026957
0.830805 0.026957
0.830905 0.026957
0.831004 0.026957
0.831104 0.026957
0.831204 0.026957
0.831304 0.026957
0.831403 0.026957
0.831503 0.026957
0.831603 0.026957
0.831703 0.026957
0.831802 0.026957
0.831902 0.026957
0.832002 0.026957
0.832101 0.026957
0.832201 0.026957
0.832301 0.026957
0.832401 0.026957
0.832500 0.026957
0.832600 0.026957
0.832700 0.026957
0.832800 0.026957
0.832899 0.026957
0.832999 0.026723
0.833099 0.026723
0.833198 0.026723
0.833298 0.026489
0.833398 0.026489
0.833498 0.026489
0.833597 0.026489
0.833697 0.026489
0.833797 0.026489
0.833897 0.026489
0.833996 0.026489
0.834096 0.026489
0.834196 0.026489
0.834295 0.026489
0.834395 0.026489
0.834495 0.026489
0.834595 0.026489
0.834694 0.026254
0.834794 0.026254
0.834894 0.026254
0.834994 0.026254
0.835093 0.026254
0.835193 0.026254
0.835293 0.026254
0.835392 0.026020
0.835492 0.026020
0.835592 0.026020
0.835692 0.026020
0.835791 0.026020
0.835891 0.026020
0.835991 0.026020
0.836091 0.026020
0.836190 0.025785
0.836290 0.025785
0.836390 0.025785
0.836489 0.025785
0.836589 0.025785
0.836689 0.025785
0.836789 0.025785
0.836888 0.025551
0.836988 0.025551
0.837088 0.025551
0.837188 0.025551
0.837287 0.025551
0.837387 0.025551
0.837487 0.025316
0.837586 0.025316
0.837686 0.025316
0.837786 0.025316
0.837886 0.025316
0.837985 0.025316
0.838085 0.025316
0.838185 0.025316
0.838285 0.025316
0.838384 0.025316
0.838484 0.025316
0.838584 0.025316
0.838683 0.025316
0.838783 0.025316
0.838883 0.025316
0.838983 0.025316
0.839082 0.025316
0.839182 0.025082
0.839282 0.024848
0.839382 0.024848
0.839481 0.024848
0.839581 0.024848
0.839681 0.024848
0.839780 0.024848
0.839880 0.024848
0.839980 0.024848
0.840080 0.024848
0.840179 0.024848
0.840279 0.024848
0.840379 0.024848
0.840479 0.024848
0.840578 0.024848
0.840678 0.024848
0.840778 0.024848
0.840877 0.024848
0.840977 0.024848
0.841077 0.024848
0.841177 0.024848
0.841276 0.024848
0.841376 0.024848
0.841476 0.024848
0.841576 0.024848
0.841675 0.024848
0.841775 0.024613
0.841875 0.024613
0.841974 0.024613
0.842074 0.024613
0.842174 0.024613
0.842274 0.024613
0.842373 0.024613
0.842473 0.024613
0.842573 0.024613
0.842673 0.024613
0.842772 0.024613
0.842872 0.024613
0.842972 0.024613
0.843071 0.024613
0.843171 0.024379
0.843271 0.024379
0.843371 0.024379
0.843470 0.024379
0.843570 0.024379
0.843670 0.024379
0.843770 0.024379
0.843869 0.024379
0.843969 0.024379
0.844069 0.024379
0.844168 0.024144
0.844268 0.024144
0.844368 0.024144
0.844468 0.024144
0.844567 0.024144
0.844667 0.024144
0.844767 0.024144
0.844867 0.024144
0.844966 0.023910
0.845066 0.023910
0.845166 0.023910
0.845265 0.023910
0.845365 0.023910
0.845465 0.023910
0.845565 0.023910
0.845664 0.023676
0.845764 0.023676
0.845864 0.023676
0.845964 0.023676
0.846063 0.023676
0.846163 0.023676
0.846263 0.023676
0.846362 0.023676
0.846462 0.023441
0.846562 0.023441
0.846662 0.023207
0.846761 0.023207
0.846861 0.023207
0.846961 0.023207
0.847061 0.023207
0.847160 0.023207
0.847260 0.023207
0.847360 0.023207
0.847459 0.023207
0.847559 0.023207
0.847659 0.023207
0.847759 0.023207
0.847858 0.023207
0.847958 0.023207
0.848058 0.023207
0.848158 0.023207
0.848257 0.022972
0.848357 0.022972
0.848457 0.022738
0.848556 0.022738
0.848656 0.022738
0.848756 0.022738
0.848856 0.022504
0.848955 0.022504
0.849055 0.022504
0.849155 0.022504
0.849255 0.022504
0.849354 0.022504
0.849454 0.022504
0.849554 0.022504
0.849653 0.022504
0.849753 0.022504
0.849853 0.022504
0.849953 0.022269
0.850052 0.022035
0.850152 0.022035
0.850252 0.022035
0.850352 0.022035
0.850451 0.022035
0.850551 0.022035
0.850651 0.022035
0.850750 0.021800
0.850850 0.021800
0.850950 0.021800
0.851050 0.021800
0.851149 0.021800
0.851249 0.021800
0.851349 0.021800
0.851449 0.021800
0.851548 0.021800
0.851648 0.021800
0.851748 0.021800
0.851847 0.021800
0.851947 0.021800
0.852047 0.021800
0.852147 0.021800
0.852246 0.021800
0.852346 0.021800
0.852446 0.021800
0.852546 0.021800
0.852645 0.021800
0.852745 0.021800
0.852845 0.021800
0.852944 0.021800
0.853044 0.021566
0.853144 0.021566
0.853244 0.021566
0.853343 0.021566
0.853443 0.021566
0.853543 0.021566
0.853643 0.021566
0.853742 0.021566
0.853842 0.021331
0.853942 0.021331
0.854041 0.021331
0.854141 0.021331
0.854241 0.021331
0.854341 0.021331
0.854440 0.021331
0.854540 0.021097
0.854640 0.020863
0.854740 0.020863
0.854839 0.020863
0.854939 0.020628
0.855039 0.020628
0.855138 0.020628
0.855238 0.020628
0.855338 0.020628
0.855438 0.020394
0.855537 0.020394
0.855637 0.020394
0.855737 0.020394
0.855837 0.020394
0.855936 0.020394
0.856036 0.020394
0.856136 0.020394
0.856235 0.020394
0.856335 0.020394
0.856435 0.020394
0.856535 0.020394
0.856634 0.020394
0.856734 0.020394
0.856834 0.020394
0.856934 0.020394
0.857033 0.020394
0.857133 0.020394
0.857233 0.020394
0.857332 0.020394
0.857432 0.020394
0.857532 0.020394
0.857632 0.020394
0.857731 0.020394
0.857831 0.020394
0.857931 0.020394
0.858031 0.020394
0.858130 0.020394
0.858230 0.020394
0.858330 0.020394
0.858429 0.020394
0.858529 0.020394
0.858629 0.020394
0.858729 0.020394
0.858828 0.020394
0.858928 0.020394
0.859028 0.020394
0.859128 0.020394
0.859227 0.020394
0.859327 0.020394
0.859427 0.020394
0.859526 0.020394
0.859626 0.020394
0.859726 0.020159
0.859826 0.020159
0.859925 0.020159
0.860025 0.020159
0.860125 0.020159
0.860225 0.020159
0.860324 0.020159
0.860424 0.020159
0.860524 0.020159
0.860623 0.020159
0.860723 0.020159
0.860823 0.020159
0.860923 0.020159
0.861022 0.020159
0.861122 0.020159
0.861222 0.020159
0.861322 0.020159
0.861421 0.019925
0.861521 0.019925
0.861621 0.019925
0.861720 0.019925
0.861820 0.019925
0.861920 0.019456
0.862020 0.019456
0.862119 0.019222
0.862219 0.019222
0.862319 0.019222
0.862419 0.019222
0.862518 0.019222
0.862618 0.018987
0.862718 0.018987
0.862817 0.018987
0.862917 0.018987
0.863017 0.018987
0.863117 0.018753
0.863216 0.018753
0.863316 0.018753
0.863416 0.018753
0.863516 0.018753
0.863615 0.018753
0.863715 0.018753
0.863815 0.018753
0.863914 0.018753
0.864014 0.018753
0.864114 0.018753
0.864214 0.018753
0.864313 0.018753
0.864413 0.018519
0.864513 0.018519
0.864613 0.018519
0.864712 0.018519
0.864812 0.018519
0.864912 0.018519
0.865011 0.018519
0.865111 0.018519
0.865211 0.018519
0.865311 0.018519
0.865410 0.018519
0.865510 0.018519
0.865610 0.018519
0.865710 0.018519
0.865809 0.018519
0.865909 0.018519
0.866009 0.018284
0.866108 0.018284
0.866208 0.018284
0.866308 0.018284
0.866408 0.018284
0.866507 0.018284
0.866607 0.018284
0.866707 0.018284
0.866807 0.018284
0.866906 0.018284
0.867006 0.018284
0.867106 0.018284
0.867205 0.018284
0.867305 0.018284
0.867405 0.018284
0.867505 0.018284
0.867604 0.018284
0.867704 0.018284
0.867804 0.018284
0.867904 0.018284
0.868003 0.018284
0.868103 0.018284
0.868203 0.018284
0.868302 0.018284
0.868402 0.018284
0.868502 0.018284
0.868602 0.018284
0.868701 0.018284
0.868801 0.018284
0.868901 0.018284
0.869001 0.018284
0.869100 0.018284
0.869200 0.018284
0.869300 0.018284
0.869399 0.018284
0.869499 0.018284
0.869599 0.018284
0.869699 0.018284
0.869798 0.018284
0.869898 0.018284
0.869998 0.018284
0.870098 0.018284
0.870197 0.018284
0.870297 0.018284
0.870397 0.018284
0.870496 0.018284
0.870596 0.018284
0.870696 0.018284
0.870796 0.018050
0.870895 0.018050
0.870995 0.018050
0.871095 0.018050
0.871195 0.018050
0.871294 0.017815
0.871394 0.017815
0.871494 0.017815
0.871593 0.017815
0.871693 0.017815
0.871793 0.017815
0.871893 0.017815
0.871992 0.017815
0.872092 0.017815
0.872192 0.017581
0.872292 0.017581
0.872391 0.017581
0.872491 0.017581
0.872591 0.017581
0.872690 0.017581
0.872790 0.017581
0.872890 0.017581
0.872990 0.017581
0.873089 0.017581
0.873189 0.017581
0.873289 0.017581
0.873389 0.017581
0.873488 0.017581
0.873588 0.017581
0.873688 0.017581
0.873787 0.017581
0.873887 0.017581
0.873987 0.017581
0.874087 0.017581
0.874186 0.017346
0.874286 0.017346
0.874386 0.017346
0.874486 0.017346
0.874585 0.017346
0.874685 0.017346
0.874785 0.017346
0.874884 0.017346
0.874984 0.017346
0.875084 0.017346
0.875184 0.017346
0.875283 0.017346
0.875383 0.017346
0.875483 0.017346
0.875583 0.017346
0.875682 0.017346
0.875782 0.017346
0.875882 0.017346
0.875981 0.017346
0.876081 0.017346
0.876181 0.017346
0.876281 0.017346
0.876380 0.017346
0.876480 0.017346
0.876580 0.017112
0.876680 0.017112
0.876779 0.017112
0.876879 0.017112
0.876979 0.017112
0.877078 0.017112
0.877178 0.017112
0.877278 0.017112
0.877378 0.017112
0.877477 0.017112
0.877577 0.017112
0.877677 0.017112
0.877777 0.017112
0.877876 0.017112
0.877976 0.017112
0.878076 0.017112
0.878175 0.017112
0.878275 0.016878
0.878375 0.016643
0.878475 0.016643
0.878574 0.016409
0.878674 0.016409
0.878774 0.016409
0.878874 0.016409
0.878973 0.016409
0.879073 0.016409
0.879173 0.016409
0.879272 0.016409
0.879372 0.016409
0.879472 0.016409
0.879572 0.016409
0.879671 0.016409
0.879771 0.016409
0.879871 0.016409
0.879971 0.016409
0.880070 0.016409
0.880170 0.016409
0.880270 0.016409
0.880369 0.016409
0.880469 0.016409
0.880569 0.016174
0.880669 0.016174
0.880768 0.016174
0.880868 0.016174
0.880968 0.016174
0.881068 0.015940
0.881167 0.015940
0.881267 0.015940
0.881367 0.015940
0.881466 0.015940
0.881566 0.015940
0.881666 0.015940
0.881766 0.015940
0.881865 0.015940
0.881965 0.015940
0.882065 0.015940
0.882165 0.015706
0.882264 0.015471
0.882364 0.015471
0.882464 0.015471
0.882563 0.015002
0.882663 0.015002
0.882763 0.015002
0.882863 0.015002
0.882962 0.015002
0.883062 0.015002
0.883162 0.014768
0.883262 0.014768
0.883361 0.014768
0.883461 0.014534
0.883561 0.014534
0.883660 0.014534
0.883760 0.014534
0.883860 0.014534
0.883960 0.014299
0.884059 0.014299
0.884159 0.014299
0.884259 0.014299
0.884359 0.014299
0.884458 0.014065
0.884558 0.014065
0.884658 0.014065
0.884757 0.014065
0.884857 0.014065
0.884957 0.014065
0.885057 0.014065
0.885156 0.014065
0.885256 0.014065
0.885356 0.014065
0.885456 0.014065
0.885555 0.014065
0.885655 0.014065
0.885755 0.014065
0.885854 0.014065
0.885954 0.014065
0.886054 0.014065
0.886154 0.014065
0.886253 0.014065
0.886353 0.014065
0.886453 0.014065
0.886553 0.013830
0.886652 0.013830
0.886752 0.013830
0.886852 0.013830
0.886951 0.013830
0.887051 0.013830
0.887151 0.013830
0.887251 0.013830
0.887350 0.013830
0.887450 0.013830
0.887550 0.013830
0.887650 0.013830
0.887749 0.013596
0.887849 0.013596
0.887949 0.013596
0.888048 0.013596
0.888148 0.013596
0.888248 0.013596
0.888348 0.013596
0.888447 0.013361
0.888547 0.013361
0.888647 0.013127
0.888747 0.013127
0.888846 0.013127
0.888946 0.013127
0.889046 0.012893
0.889145 0.012893
0.889245 0.012893
0.889345 0.012658
0.889445 0.012658
0.889544 0.012658
0.889644 0.012658
0.889744 0.012658
0.889844 0.012658
0.889943 0.012658
0.890043 0.012658
0.890143 0.012658
0.890242 0.012658
0.890342 0.012658
0.890442 0.012658
0.890542 0.012658
0.890641 0.012658
0.890741 0.012658
0.890841 0.012658
0.890941 0.012658
0.891040 0.012658
0.891140 0.012658
0.891240 0.012658
0.891339 0.012658
0.891439 0.012658
0.891539 0.012658
0.891639 0.012658
0.891738 0.012658
0.891838 0.012658
0.891938 0.012658
0.892038 0.012658
0.892137 0.012658
0.892237 0.012658
0.892337 0.012658
0.892436 0.012658
0.892536 0.012658
0.892636 0.012424
0.892736 0.012424
0.892835 0.012424
0.892935 0.012424
0.893035 0.012424
0.893135 0.012189
0.893234 0.012189
0.893334 0.012189
0.893434 0.012189
0.893533 0.012189
0.893633 0.012189
0.893733 0.012189
0.893833 0.011955
0.893932 0.011955
0.894032 0.011955
0.894132 0.011955
0.894232 0.011955
0.894331 0.011955
0.894431 0.011955
0.894531 0.011955
0.894630 0.011955
0.894730 0.011955
0.894830 0.011955
0.894930 0.011955
0.895029 0.011955
0.895129 0.011955
0.895229 0.011955
0.895329 0.011955
0.895428 0.011955
0.895528 0.011955
0.895628 0.011955
0.895727 0.011955
0.895827 0.011955
0.895927 0.011955
0.896027 0.011955
0.896126 0.011721
0.896226 0.011721
0.896326 0.011721
0.896426 0.011721
0.896525 0.011721
0.896625 0.011721
0.896725 0.011721
0.896824 0.011486
0.896924 0.011486
0.897024 0.011486
0.897124 0.011252
0.897223 0.011252
0.897323 0.011252
0.897423 0.011252
0.897523 0.011252
0.897622 0.011017
0.897722 0.011017
0.897822 0.010549
0.897921 0.010549
0.898021 0.010549
0.898121 0.010549
0.898221 0.010549
0.898320 0.010549
0.898420 0.010549
0.898520 0.010549
0.898620 0.010549
0.898719 0.010549
0.898819 0.010549
0.898919 0.010314
0.899018 0.010314
0.899118 0.010314
0.899218 0.010314
0.899318 0.010314
0.899417 0.010314
0.899517 0.010314
0.899617 0.010314
0.899717 0.010314
0.899816 0.010314
0.899916 0.010314
0.900016 0.010314
0.900115 0.010314
0.900215 0.010314
0.900315 0.010314
0.900415 0.010314
0.900514 0.010314
0.900614 0.010314
0.900714 0.010314
0.900814 0.010080
0.900913 0.010080
0.901013 0.010080
0.901113 0.010080
0.901212 0.010080
0.901312 0.010080
0.901412 0.010080
0.901512 0.010080
0.901611 0.010080
0.901711 0.010080
0.901811 0.010080
0.901911 0.010080
0.902010 0.009845
0.902110 0.009845
0.902210 0.009845
0.902309 0.009845
0.902409 0.009845
0.902509 0.009845
0.902609 0.009845
0.902708 0.009845
0.902808 0.009845
0.902908 0.009845
0.903008 0.009845
0.903107 0.009845
0.903207 0.009845
0.903307 0.009611
0.903406 0.009611
0.903506 0.009611
0.903606 0.009611
0.903706 0.009611
0.903805 0.009611
0.903905 0.009611
0.904005 0.009611
0.904105 0.009611
0.904204 0.009611
0.904304 0.009611
0.904404 0.009611
0.904503 0.009611
0.904603 0.009611
0.904703 0.009611
0.904803 0.009611
0.904902 0.009611
0.905002 0.009611
0.905102 0.009611
0.905202 0.009611
0.905301 0.009611
0.905401 0.009611
0.905501 0.009611
0.905600 0.009611
0.905700 0.009611
0.905800 0.009611
0.905900 0.009611
0.905999 0.009611
0.906099 0.009611
0.906199 0.009611
0.906299 0.009611
0.906398 0.009611
0.906498 0.009611
0.906598 0.009611
0.906697 0.009611
0.906797 0.009611
0.906897 0.009611
0.906997 0.009611
0.907096 0.009611
0.907196 0.009611
0.907296 0.009611
0.907396 0.009611
0.907495 0.009611
0.907595 0.009611
0.907695 0.009611
0.907794 0.009611
0.907894 0.009611
0.907994 0.009611
0.908094 0.009611
0.908193 0.009611
0.908293 0.009611
0.908393 0.009611
0.908493 0.009611
0.908592 0.009611
0.908692 0.009611
0.908792 0.009611
0.908891 0.009611
0.908991 0.009611
0.909091 0.009611
0.909191 0.009611
0.909290 0.009611
0.909390 0.009611
0.909490 0.009611
0.909590 0.009611
0.909689 0.009611
0.909789 0.009611
0.909889 0.009611
0.909988 0.009611
0.910088 0.009611
0.910188 0.009611
0.910288 0.009611
0.910387 0.009611
0.910487 0.009611
0.910587 0.009611
0.910687 0.009611
0.910786 0.009611
0.910886 0.009611
0.910986 0.009611
0.911085 0.009611
0.911185 0.009611
0.911285 0.009611
0.911385 0.009611
0.911484 0.009611
0.911584 0.009611
0.911684 0.009611
0.911784 0.009611
0.911883 0.009611
0.911983 0.009611
0.912083 0.009611
0.912182 0.009611
0.912282 0.009611
0.912382 0.009611
0.912482 0.009611
0.912581 0.009611
0.912681 0.009611
0.912781 0.009611
0.912881 0.009611
0.912980 0.009611
0.913080 0.009611
0.913180 0.009611
0.913279 0.009376
0.913379 0.009376
0.913479 0.009376
0.913579 0.009376
0.913678 0.009376
0.913778 0.009376
0.913878 0.009376
0.913978 0.009376
0.914077 0.009376
0.914177 0.009376
0.914277 0.009376
0.914376 0.009376
0.914476 0.008908
0.914576 0.008908
0.914676 0.008908
0.914775 0.008908
0.914875 0.008908
0.914975 0.008908
0.915075 0.008908
0.915174 0.008908
0.915274 0.008908
0.915374 0.008908
0.915473 0.008908
0.915573 0.008908
0.915673 0.008908
0.915773 0.008908
0.915872 0.008908
0.915972 0.008908
0.916072 0.008908
0.916172 0.008908
0.916271 0.008673
0.916371 0.008673
0.916471 0.008673
0.916570 0.008673
0.916670 0.008673
0.916770 0.008673
0.916870 0.008673
0.916969 0.008673
0.917069 0.008673
0.917169 0.008673
0.917269 0.008673
0.917368 0.008673
0.917468 0.008673
0.917568 0.008673
0.917667 0.008673
0.917767 0.008439
0.917867 0.008439
0.917967 0.008439
0.918066 0.008439
0.918166 0.008439
0.918266 0.008439
0.918366 0.008439
0.918465 0.008439
0.918565 0.008439
0.918665 0.008439
0.918764 0.008439
0.918864 0.008439
0.918964 0.008439
0.919064 0.008439
0.919163 0.008439
0.919263 0.008439
0.919363 0.008439
0.919463 0.008204
0.919562 0.008204
0.919662 0.008204
0.919762 0.008204
0.919861 0.008204
0.919961 0.008204
0.920061 0.008204
0.920161 0.008204
0.920260 0.007970
0.920360 0.007970
0.920460 0.007970
0.920560 0.007970
0.920659 0.007970
0.920759 0.007970
0.920859 0.007970
0.920958 0.007970
0.921058 0.007970
0.921158 0.007970
0.921258 0.007970
0.921357 0.007970
0.921457 0.007970
0.921557 0.007970
0.921657 0.007970
0.921756 0.007970
0.921856 0.007970
0.921956 0.007970
0.922055 0.007970
0.922155 0.007970
0.922255 0.007970
0.922355 0.007970
0.922454 0.007736
0.922554 0.007736
0.922654 0.007736
0.922754 0.007736
0.922853 0.007736
0.922953 0.007736
0.923053 0.007736
0.923152 0.007736
0.923252 0.007736
0.923352 0.007736
0.923452 0.007736
0.923551 0.007736
0.923651 0.007501
0.923751 0.007501
0.923851 0.007501
0.923950 0.007501
0.924050 0.007501
0.924150 0.007501
0.924249 0.007501
0.924349 0.007501
0.924449 0.007501
0.924549 0.007501
0.924648 0.007267
0.924748 0.007267
0.924848 0.007032
0.924948 0.007032
0.925047 0.007032
0.925147 0.007032
0.925247 0.007032
0.925346 0.007032
0.925446 0.007032
0.925546 0.007032
0.925646 0.006798
0.925745 0.006798
0.925845 0.006798
0.925945 0.006798
0.926045 0.006798
0.926144 0.006798
0.926244 0.006798
0.926344 0.006798
0.926443 0.006798
0.926543 0.006798
0.926643 0.006798
0.926743 0.006798
0.926842 0.006798
0.926942 0.006798
0.927042 0.006564
0.927142 0.006564
0.927241 0.006329
0.927341 0.006329
0.927441 0.006329
0.927540 0.006329
0.927640 0.006329
0.927740 0.006329
0.927840 0.006329
0.927939 0.006329
0.928039 0.006095
0.928139 0.006095
0.928239 0.006095
0.928338 0.006095
0.928438 0.006095
0.928538 0.006095
0.928637 0.006095
0.928737 0.006095
0.928837 0.006095
0.928937 0.006095
0.929036 0.006095
0.929136 0.006095
0.929236 0.006095
0.929336 0.006095
0.929435 0.006095
0.929535 0.006095
0.929635 0.006095
0.929734 0.006095
0.929834 0.006095
0.929934 0.006095
0.930034 0.006095
0.930133 0.006095
0.930233 0.006095
0.930333 0.006095
0.930433 0.006095
0.930532 0.006095
0.930632 0.006095
0.930732 0.006095
0.930831 0.006095
0.930931 0.006095
0.931031 0.006095
0.931131 0.006095
0.931230 0.006095
0.931330 0.006095
0.931430 0.006095
0.931530 0.006095
0.931629 0.006095
0.931729 0.006095
0.931829 0.006095
0.931928 0.006095
0.932028 0.006095
0.932128 0.006095
0.932228 0.006095
0.932327 0.006095
0.932427 0.005860
0.932527 0.005860
0.932627 0.005860
0.932726 0.005860
0.932826 0.005860
0.932926 0.005860
0.933025 0.005860
0.933125 0.005860
0.933225 0.005860
0.933325 0.005860
0.933424 0.005860
0.933524 0.005860
0.933624 0.005860
0.933724 0.005860
0.933823 0.005860
0.933923 0.005860
0.934023 0.005860
0.934122 0.005860
0.934222 0.005860
0.934322 0.005860
0.934422 0.005626
0.934521 0.005626
0.934621 0.005626
0.934721 0.005626
0.934821 0.005391
0.934920 0.005391
0.935020 0.005157
0.935120 0.005157
0.935219 0.005157
0.935319 0.005157
0.935419 0.005157
0.935519 0.005157
0.935618 0.005157
0.935718 0.005157
0.935818 0.005157
0.935918 0.005157
0.936017 0.005157
0.936117 0.005157
0.936217 0.005157
0.936316 0.004923
0.936416 0.004923
0.936516 0.004923
0.936616 0.004923
0.936715 0.004923
0.936815 0.004923
0.936915 0.004923
0.937015 0.004923
0.937114 0.004923
0.937214 0.004923
0.937314 0.004923
0.937413 0.004923
0.937513 0.004923
0.937613 0.004923
0.937713 0.004923
0.937812 0.004923
0.937912 0.004923
0.938012 0.004923
0.938112 0.004923
0.938211 0.004923
0.938311 0.004923
0.938411 0.004923
0.938510 0.004923
0.938610 0.004923
0.938710 0.004923
0.938810 0.004923
0.938909 0.004923
0.939009 0.004923
0.939109 0.004923
0.939209 0.004923
0.939308 0.004923
0.939408 0.004923
0.939508 0.004923
0.939607 0.004923
0.939707 0.004923
0.939807 0.004923
0.939907 0.004923
0.940006 0.004923
0.940106 0.004923
0.940206 0.004923
0.940306 0.004923
0.940405 0.004923
0.940505 0.004923
0.940605 0.004923
0.940704 0.004923
0.940804 0.004923
0.940904 0.004923
0.941004 0.004923
0.941103 0.004923
0.941203 0.004923
0.941303 0.004923
0.941403 0.004923
0.941502 0.004923
0.941602 0.004923
0.941702 0.004923
0.941801 0.004923
0.941901 0.004923
0.942001 0.004923
0.942101 0.004923
0.942200 0.004923
0.942300 0.004923
0.942400 0.004923
0.942500 0.004923
0.942599 0.004923
0.942699 0.004923
0.942799 0.004923
0.942898 0.004923
0.942998 0.004923
0.943098 0.004923
0.943198 0.004923
0.943297 0.004923
0.943397 0.004923
0.943497 0.004923
0.943597 0.004923
0.943696 0.004923
0.943796 0.004923
0.943896 0.004923
0.943995 0.004923
0.944095 0.004923
0.944195 0.004923
0.944295 0.004923
0.944394 0.004923
0.944494 0.004923
0.944594 0.004923
0.944694 0.004923
0.944793 0.004923
0.944893 0.004923
0.944993 0.004923
0.945092 0.004923
0.945192 0.004923
0.945292 0.004923
0.945392 0.004923
0.945491 0.004923
0.945591 0.004923
0.945691 0.004923
0.945791 0.004923
0.945890 0.004923
0.945990 0.004923
0.946090 0.004923
0.946189 0.004923
0.946289 0.004923
0.946389 0.004923
0.946489 0.004923
0.946588 0.004923
0.946688 0.004923
0.946788 0.004923
0.946888 0.004923
0.946987 0.004923
0.947087 0.004923
0.947187 0.004923
0.947286 0.004923
0.947386 0.004923
0.947486 0.004923
0.947586 0.004923
0.947685 0.004923
0.947785 0.004923
0.947885 0.004923
0.947985 0.004688
0.948084 0.004688
0.948184 0.004688
0.948284 0.004688
0.948383 0.004688
0.948483 0.004688
0.948583 0.004688
0.948683 0.004688
0.948782 0.004688
0.948882 0.004688
0.948982 0.004688
0.949082 0.004688
0.949181 0.004688
0.949281 0.004688
0.949381 0.004688
0.949480 0.004688
0.949580 0.004688
0.949680 0.004688
0.949780 0.004688
0.949879 0.004688
0.949979 0.004688
0.950079 0.004688
0.950179 0.004688
0.950278 0.004454
0.950378 0.004454
0.950478 0.004454
0.950577 0.004454
0.950677 0.004454
0.950777 0.004454
0.950877 0.004454
0.950976 0.004454
0.951076 0.004454
0.951176 0.004454
0.951276 0.004454
0.951375 0.004454
0.951475 0.004454
0.951575 0.004454
0.951674 0.004454
0.951774 0.004454
0.951874 0.004454
0.951974 0.004454
0.952073 0.004454
0.952173 0.004219
0.952273 0.004219
0.952373 0.004219
0.952472 0.004219
0.952572 0.004219
0.952672 0.004219
0.952771 0.004219
0.952871 0.004219
0.952971 0.004219
0.953071 0.004219
0.953170 0.004219
0.953270 0.004219
0.953370 0.004219
0.953470 0.004219
0.953569 0.004219
0.953669 0.004219
0.953769 0.004219
0.953868 0.004219
0.953968 0.004219
0.954068 0.004219
0.954168 0.004219
0.954267 0.004219
0.954367 0.004219
0.954467 0.004219
0.954567 0.004219
0.954666 0.004219
0.954766 0.003985
0.954866 0.003985
0.954965 0.003985
0.955065 0.003985
0.955165 0.003985
0.955265 0.003985
0.955364 0.003751
0.955464 0.003751
0.955564 0.003751
0.955664 0.003516
0.955763 0.003516
0.955863 0.003516
0.955963 0.003516
0.956062 0.003516
0.956162 0.003516
0.956262 0.003282
0.956362 0.003282
0.956461 0.003282
0.956561 0.003282
0.956661 0.003282
0.956761 0.003282
0.956860 0.003282
0.956960 0.003282
0.957060 0.003282
0.957159 0.003282
0.957259 0.003282
0.957359 0.003282
0.957459 0.003282
0.957558 0.003047
0.957658 0.002813
0.957758 0.002813
0.957858 0.002813
0.957957 0.002813
0.958057 0.002813
0.958157 0.002813
0.958256 0.002813
0.958356 0.002813
0.958456 0.002813
0.958556 0.002813
0.958655 0.002813
0.958755 0.002813
0.958855 0.002813
0.958955 0.002813
0.959054 0.002813
0.959154 0.002813
0.959254 0.002813
0.959353 0.002813
0.959453 0.002813
0.959553 0.002813
0.959653 0.002813
0.959752 0.002813
0.959852 0.002813
0.959952 0.002813
0.960052 0.002813
0.960151 0.002813
0.960251 0.002813
0.960351 0.002813
0.960450 0.002813
0.960550 0.002813
0.960650 0.002813
0.960750 0.002813
0.960849 0.002813
0.960949 0.002813
0.961049 0.002813
0.961149 0.002813
0.961248 0.002813
0.961348 0.002813
0.961448 0.002579
0.961547 0.002579
0.961647 0.002579
0.961747 0.002579
0.961847 0.002579
0.961946 0.002579
0.962046 0.002579
0.962146 0.002579
0.962246 0.002344
0.962345 0.002344
0.962445 0.002344
0.962545 0.002344
0.962644 0.002344
0.962744 0.002344
0.962844 0.002110
0.962944 0.002110
0.963043 0.002110
0.963143 0.002110
0.963243 0.002110
0.963343 0.002110
0.963442 0.002110
0.963542 0.002110
0.963642 0.001875
0.963741 0.001875
0.963841 0.001875
0.963941 0.001875
0.964041 0.001875
0.964140 0.001875
0.964240 0.001875
0.964340 0.001875
0.964440 0.001875
0.964539 0.001875
0.964639 0.001875
0.964739 0.001875
0.964838 0.001875
0.964938 0.001875
0.965038 0.001875
0.965138 0.001875
0.965237 0.001875
0.965337 0.001875
0.965437 0.001875
0.965537 0.001875
0.965636 0.001875
0.965736 0.001875
0.965836 0.001875
0.965935 0.001875
0.966035 0.001875
0.966135 0.001875
0.966235 0.001875
0.966334 0.001875
0.966434 0.001875
0.966534 0.001875
0.966634 0.001875
0.966733 0.001875
0.966833 0.001875
0.966933 0.001875
0.967032 0.001875
0.967132 0.001875
0.967232 0.001875
0.967332 0.001875
0.967431 0.001875
0.967531 0.001875
0.967631 0.001875
0.967731 0.001641
0.967830 0.001641
0.967930 0.001641
0.968030 0.001641
0.968129 0.001641
0.968229 0.001641
0.968329 0.001641
0.968429 0.001641
0.968528 0.001641
0.968628 0.001641
0.968728 0.001641
0.968828 0.001641
0.968927 0.001641
0.969027 0.001641
0.969127 0.001641
0.969226 0.001641
0.969326 0.001641
0.969426 0.001641
0.969526 0.001641
0.969625 0.001641
0.969725 0.001641
0.969825 0.001641
0.969925 0.001641
0.970024 0.001641
0.970124 0.001641
0.970224 0.001406
0.970323 0.001406
0.970423 0.001406
0.970523 0.001406
0.970623 0.001406
0.970722 0.001406
0.970822 0.001406
0.970922 0.001406
0.971022 0.001406
0.971121 0.001406
0.971221 0.001406
0.971321 0.001406
0.971420 0.001406
0.971520 0.001406
0.971620 0.001406
0.971720 0.001406
0.971819 0.001406
0.971919 0.001406
0.972019 0.001406
0.972119 0.001406
0.972218 0.001406
0.972318 0.001406
0.972418 0.001406
0.972517 0.001406
0.972617 0.001406
0.972717 0.001406
0.972817 0.001406
0.972916 0.001406
0.973016 0.001406
0.973116 0.001406
0.973216 0.001406
0.973315 0.001406
0.973415 0.001406
0.973515 0.001406
0.973614 0.001406
0.973714 0.001406
0.973814 0.001406
0.973914 0.001406
0.974013 0.001406
0.974113 0.001406
0.974213 0.001406
0.974313 0.001406
0.974412 0.001406
0.974512 0.001406
0.974612 0.001406
0.974711 0.001172
0.974811 0.001172
0.974911 0.001172
0.975011 0.001172
0.975110 0.001172
0.975210 0.001172
0.975310 0.001172
0.975410 0.001172
0.975509 0.001172
0.975609 0.001172
0.975709 0.001172
0.975808 0.001172
0.975908 0.001172
0.976008 0.001172
0.976108 0.001172
0.976207 0.001172
0.976307 0.001172
0.976407 0.001172
0.976507 0.001172
0.976606 0.001172
0.976706 0.001172
0.976806 0.001172
0.976905 0.001172
0.977005 0.001172
0.977105 0.001172
0.977205 0.001172
0.977304 0.001172
0.977404 0.001172
0.977504 0.001172
0.977604 0.001172
0.977703 0.001172
0.977803 0.001172
0.977903 0.001172
0.978002 0.001172
0.978102 0.001172
0.978202 0.001172
0.978302 0.001172
0.978401 0.001172
0.978501 0.001172
0.978601 0.001172
0.978701 0.001172
0.978800 0.001172
0.978900 0.001172
0.979000 0.001172
0.979099 0.001172
0.979199 0.001172
0.979299 0.001172
0.979399 0.001172
0.979498 0.001172
0.979598 0.001172
0.979698 0.001172
0.979798 0.001172
0.979897 0.001172
0.979997 0.001172
0.980097 0.001172
0.980196 0.001172
0.980296 0.001172
0.980396 0.001172
0.980496 0.001172
0.980595 0.001172
0.980695 0.001172
0.980795 0.001172
0.980895 0.001172
0.980994 0.001172
0.981094 0.001172
0.981194 0.001172
0.981293 0.001172
0.981393 0.001172
0.981493 0.000938
0.981593 0.000938
0.981692 0.000938
0.981792 0.000938
0.981892 0.000938
0.981992 0.000703
0.982091 0.000703
0.982191 0.000703
0.982291 0.000703
0.982390 0.000703
0.982490 0.000703
0.982590 0.000703
0.982690 0.000703
0.982789 0.000703
0.982889 0.000703
0.982989 0.000703
0.983089 0.000703
0.983188 0.000703
0.983288 0.000703
0.983388 0.000703
0.983487 0.000703
0.983587 0.000703
0.983687 0.000703
0.983787 0.000703
0.983886 0.000703
0.983986 0.000703
0.984086 0.000703
0.984186 0.000703
0.984285 0.000703
0.984385 0.000703
0.984485 0.000703
0.984584 0.000703
0.984684 0.000703
0.984784 0.000703
0.984884 0.000703
0.984983 0.000703
0.985083 0.000703
0.985183 0.000703
0.985283 0.000703
0.985382 0.000703
0.985482 0.000703
0.985582 0.000703
0.985681 0.000703
0.985781 0.000703
0.985881 0.000703
0.985981 0.000703
0.986080 0.000703
0.986180 0.000703
0.986280 0.000703
0.986380 0.000703
0.986479 0.000703
0.986579 0.000703
0.986679 0.000703
0.986778 0.000703
0.986878 0.000703
0.986978 0.000703
0.987078 0.000703
0.987177 0.000703
0.987277 0.000703
0.987377 0.000703
0.987477 0.000703
0.987576 0.000703
0.987676 0.000703
0.987776 0.000703
0.987875 0.000703
0.987975 0.000703
0.988075 0.000703
0.988175 0.000703
0.988274 0.000703
0.988374 0.000703
0.988474 0.000703
0.988574 0.000703
0.988673 0.000703
0.988773 0.000703
0.988873 0.000703
0.988972 0.000703
0.989072 0.000703
0.989172 0.000703
0.989272 0.000703
0.989371 0.000703
0.989471 0.000703
0.989571 0.000703
0.989671 0.000703
0.989770 0.000703
0.989870 0.000703
0.989970 0.000469
0.990069 0.000469
0.990169 0.000469
0.990269 0.000469
0.990369 0.000469
0.990468 0.000469
0.990568 0.000469
0.990668 0.000469
0.990768 0.000469
0.990867 0.000469
0.990967 0.000469
0.991067 0.000469
0.991166 0.000469
0.991266 0.000469
0.991366 0.000469
0.991466 0.000469
0.991565 0.000469
0.991665 0.000469
0.991765 0.000469
0.991865 0.000469
0.991964 0.000469
0.992064 0.000469
0.992164 0.000469
0.992263 0.000469
0.992363 0.000469
0.992463 0.000469
0.992563 0.000469
0.992662 0.000469
0.992762 0.000469
0.992862 0.000469
0.992962 0.000469
0.993061 0.000469
0.993161 0.000469
0.993261 0.000469
0.993360 0.000469
0.993460 0.000469
0.993560 0.000469
0.993660 0.000469
0.993759 0.000469
0.993859 0.000469
0.993959 0.000469
0.994059 0.000469
0.994158 0.000469
0.994258 0.000469
0.994358 0.000469
0.994457 0.000469
0.994557 0.000469
0.994657 0.000469
0.994757 0.000469
0.994856 0.000469
0.994956 0.000469
0.995056 0.000469
0.995156 0.000469
0.995255 0.000234
0.995355 0.000234
0.995455 0.000234
0.995554 0.000234
0.995654 0.000234
0.995754 0.000234
0.995854 0.000234
0.995953 0.000234
0.996053 0.000234
0.996153 0.000000
0.996253 0.000000
0.996352 0.000000
0.996452 0.000000
0.996552 0.000000
0.996651 0.000000
0.996751 0.000000
0.996851 0.000000
0.996951 0.000000
0.997050 0.000000
0.997150 0.000000
0.997250 0.000000
0.997350 0.000000
0.997449 0.000000
0.997549 0.000000
0.997649 0.000000
0.997748 0.000000
0.997848 0.000000
0.997948 0.000000
0.998048 0.000000
0.998147 0.000000
0.998247 0.000000
0.998347 0.000000
