# Threshold Efficiency
0.008281 1.000000
0.008380 1.000000
0.008479 1.000000
0.008578 1.000000
0.008678 1.000000
0.008777 1.000000
0.008876 1.000000
0.008975 1.000000
0.009074 1.000000
0.009173 1.000000
0.009272 1.000000
0.009371 1.000000
0.009471 1.000000
0.009570 1.000000
0.009669 1.000000
0.009768 1.000000
0.009867 1.000000
0.009966 1.000000
0.010065 1.000000
0.010164 1.000000
0.010264 1.000000
0.010363 1.000000
0.010462 1.000000
0.010561 1.000000
0.010660 1.000000
0.010759 1.000000
0.010858 1.000000
0.010957 1.000000
0.011057 1.000000
0.011156 1.000000
0.011255 1.000000
0.011354 1.000000
0.011453 1.000000
0.011552 1.000000
0.011651 1.000000
0.011750 1.000000
0.011850 1.000000
0.011949 1.000000
0.012048 1.000000
0.012147 1.000000
0.012246 1.000000
0.012345 1.000000
0.012444 1.000000
0.012544 1.000000
0.012643 1.000000
0.012742 1.000000
0.012841 1.000000
0.012940 1.000000
0.013039 1.000000
0.013138 1.000000
0.013237 1.000000
0.013337 1.000000
0.013436 1.000000
0.013535 1.000000
0.013634 1.000000
0.013733 1.000000
0.013832 1.000000
0.013931 1.000000
0.014030 1.000000
0.014130 1.000000
0.014229 1.000000
0.014328 1.000000
0.014427 1.000000
0.014526 1.000000
0.014625 1.000000
0.014724 1.000000
0.014823 1.000000
0.014923 1.000000
0.015022 1.000000
0.015121 1.000000
0.015220 1.000000
0.015319 1.000000
0.015418 1.000000
0.015517 1.000000
0.015616 1.000000
0.015716 1.000000
0.015815 1.000000
0.015914 1.000000
0.016013 1.000000
0.016112 1.000000
0.016211 1.000000
0.016310 1.000000
0.016409 1.000000
0.016509 1.000000
0.016608 1.000000
0.016707 1.000000
0.016806 1.000000
0.016905 1.000000
0.017004 1.000000
0.017103 1.000000
0.017202 1.000000
0.017302 1.000000
0.017401 1.000000
0.017500 1.000000
0.017599 1.000000
0.017698 1.000000
0.017797 1.000000
0.017896 1.000000
0.017995 1.000000
0.018095 1.000000
0.018194 1.000000
0.018293 1.000000
0.018392 1.000000
0.018491 1.000000
0.018590 1.000000
0.018689 1.000000
0.018788 1.000000
0.018888 1.000000
0.018987 1.000000
0.019086 1.000000
0.019185 1.000000
0.019284 1.000000
0.019383 1.000000
0.019482 1.000000
0.019581 1.000000
0.019681 1.000000
0.019780 1.000000
0.019879 1.000000
0.019978 1.000000
0.020077 1.000000
0.020176 1.000000
0.020275 1.000000
0.020374 1.000000
0.020474 1.000000
0.020573 1.000000
0.020672 1.000000
0.020771 1.000000
0.020870 1.000000
0.020969 1.000000
0.021068 1.000000
0.021168 1.000000
0.021267 1.000000
0.021366 1.000000
0.021465 1.000000
0.021564 1.000000
0.021663 1.000000
0.021762 1.000000
0.021861 1.000000
0.021961 1.000000
0.022060 1.000000
0.022159 1.000000
0.022258 1.000000
0.022357 1.000000
0.022456 1.000000
0.022555 1.000000
0.022654 1.000000
0.022754 1.000000
0.022853 1.000000
0.022952 1.000000
0.023051 1.000000
0.023150 1.000000
0.023249 1.000000
0.023348 1.000000
0.023447 1.000000
0.023547 1.000000
0.023646 1.000000
0.023745 1.000000
0.023844 1.000000
0.023943 1.000000
0.024042 1.000000
0.024141 1.000000
0.024240 1.000000
0.024340 0.998866
0.024439 0.998866
0.024538 0.998866
0.024637 0.998866
0.024736 0.998866
0.024835 0.998866
0.024934 0.998866
0.025033 0.998866
0.025133 0.998866
0.025232 0.998866
0.025331 0.998866
0.025430 0.998866
0.025529 0.998866
0.025628 0.998866
0.025727 0.998866
0.025826 0.998866
0.025926 0.998866
0.026025 0.998866
0.026124 0.998866
0.026223 0.998866
0.026322 0.998866
0.026421 0.998866
0.026520 0.998866
0.026619 0.998866
0.026719 0.998866
0.026818 0.998866
0.026917 0.998866
0.027016 0.998866
0.027115 0.998866
0.027214 0.997732
0.027313 0.997732
0.027412 0.997732
0.027512 0.997732
0.027611 0.997732
0.027710 0.997732
0.027809 0.997732
0.027908 0.997732
0.028007 0.997732
0.028106 0.997732
0.028205 0.997732
0.028305 0.997732
0.028404 0.997732
0.028503 0.997732
0.028602 0.997732
0.028701 0.997732
0.028800 0.997732
0.028899 0.997732
0.028998 0.997732
0.029098 0.997732
0.029197 0.997732
0.029296 0.997732
0.029395 0.997732
0.029494 0.997732
0.029593 0.997732
0.029692 0.997732
0.029792 0.997732
0.029891 0.997732
0.029990 0.997732
0.030089 0.997732
0.030188 0.997732
0.030287 0.997732
0.030386 0.997732
0.030485 0.997732
0.030585 0.997732
0.030684 0.997732
0.030783 0.997732
0.030882 0.997732
0.030981 0.997732
0.031080 0.997732
0.031179 0.997732
0.031278 0.997732
0.031378 0.997732
0.031477 0.997732
0.031576 0.997732
0.031675 0.997732
0.031774 0.997732
0.031873 0.997732
0.031972 0.997732
0.032071 0.997732
0.032171 0.997732
0.032270 0.997732
0.032369 0.997732
0.032468 0.997732
0.032567 0.997732
0.032666 0.997732
0.032765 0.997732
0.032864 0.997732
0.032964 0.997732
0.033063 0.997732
0.033162 0.997732
0.033261 0.997732
0.033360 0.997732
0.033459 0.997732
0.033558 0.997732
0.033657 0.997732
0.033757 0.997732
0.033856 0.997732
0.033955 0.997732
0.034054 0.997732
0.034153 0.997732
0.034252 0.997732
0.034351 0.997732
0.034450 0.997732
0.034550 0.997732
0.034649 0.997732
0.034748 0.997732
0.034847 0.997732
0.034946 0.997732
0.035045 0.997732
0.035144 0.997732
0.035243 0.997732
0.035343 0.997732
0.035442 0.997732
0.035541 0.997732
0.035640 0.997732
0.035739 0.997732
0.035838 0.997732
0.035937 0.997732
0.036036 0.997732
0.036136 0.997732
0.036235 0.997732
0.036334 0.997732
0.036433 0.997732
0.036532 0.997732
0.036631 0.997732
0.036730 0.997732
0.036829 0.997732
0.036929 0.997732
0.037028 0.997732
0.037127 0.997732
0.037226 0.997732
0.037325 0.997732
0.037424 0.997732
0.037523 0.997732
0.037622 0.997732
0.037722 0.997732
0.037821 0.997732
0.037920 0.997732
0.038019 0.997732
0.038118 0.997732
0.038217 0.997732
0.038316 0.997732
0.038416 0.997732
0.038515 0.997732
0.038614 0.997732
0.038713 0.997732
0.038812 0.997732
0.038911 0.997732
0.039010 0.997732
0.039109 0.997732
0.039209 0.997732
0.039308 0.997732
0.039407 0.997732
0.039506 0.997732
0.039605 0.997732
0.039704 0.997732
0.039803 0.997732
0.039902 0.997732
0.040002 0.997732
0.040101 0.997732
0.040200 0.997732
0.040299 0.997732
0.040398 0.997732
0.040497 0.997732
0.040596 0.997732
0.040695 0.997732
0.040795 0.997732
0.040894 0.997732
0.040993 0.997732
0.041092 0.997732
0.041191 0.997732
0.041290 0.997732
0.041389 0.997732
0.041488 0.997732
0.041588 0.997732
0.041687 0.997732
0.041786 0.997732
0.041885 0.997732
0.041984 0.997732
0.042083 0.997732
0.042182 0.997732
0.042281 0.997732
0.042381 0.997732
0.042480 0.997732
0.042579 0.997732
0.042678 0.997732
0.042777 0.997732
0.042876 0.997732
0.042975 0.997732
0.043074 0.997732
0.043174 0.997732
0.043273 0.997732
0.043372 0.997732
0.043471 0.997732
0.043570 0.997732
0.043669 0.997732
0.043768 0.997732
0.043867 0.997732
0.043967 0.997732
0.044066 0.997732
0.044165 0.997732
0.044264 0.997732
0.044363 0.997732
0.044462 0.997732
0.044561 0.997732
0.044660 0.997732
0.044760 0.997732
0.044859 0.997732
0.044958 0.997732
0.045057 0.997732
0.045156 0.997732
0.045255 0.997732
0.045354 0.997732
0.045453 0.997732
0.045553 0.997732
0.045652 0.997732
0.045751 0.997732
0.045850 0.997732
0.045949 0.997732
0.046048 0.997732
0.046147 0.997732
0.046246 0.997732
0.046346 0.997732
0.046445 0.997732
0.046544 0.997732
0.046643 0.997732
0.046742 0.997732
0.046841 0.997732
0.046940 0.997732
0.047040 0.997732
0.047139 0.997732
0.047238 0.997732
0.047337 0.997732
0.047436 0.997732
0.047535 0.997732
0.047634 0.997732
0.047733 0.997732
0.047833 0.997732
0.047932 0.997732
0.048031 0.997732
0.048130 0.997732
0.048229 0.997732
0.048328 0.997732
0.048427 0.997732
0.048526 0.997732
0.048626 0.997732
0.048725 0.997732
0.048824 0.997732
0.048923 0.997732
0.049022 0.997732
0.049121 0.997732
0.049220 0.997732
0.049319 0.997732
0.049419 0.997732
0.049518 0.997732
0.049617 0.997732
0.049716 0.997732
0.049815 0.997732
0.049914 0.997732
0.050013 0.996599
0.050112 0.996599
0.050212 0.996599
0.050311 0.996599
0.050410 0.996599
0.050509 0.996599
0.050608 0.996599
0.050707 0.996599
0.050806 0.996599
0.050905 0.996599
0.051005 0.996599
0.051104 0.996599
0.051203 0.996599
0.051302 0.996599
0.051401 0.996599
0.051500 0.996599
0.051599 0.996599
0.051698 0.996599
0.051798 0.996599
0.051897 0.995465
0.051996 0.995465
0.052095 0.995465
0.052194 0.995465
0.052293 0.995465
0.052392 0.995465
0.052491 0.995465
0.052591 0.995465
0.052690 0.995465
0.052789 0.995465
0.052888 0.995465
0.052987 0.995465
0.053086 0.995465
0.053185 0.995465
0.053284 0.995465
0.053384 0.995465
0.053483 0.995465
0.053582 0.995465
0.053681 0.994331
0.053780 0.994331
0.053879 0.994331
0.053978 0.994331
0.054077 0.994331
0.054177 0.994331
0.054276 0.994331
0.054375 0.994331
0.054474 0.994331
0.054573 0.994331
0.054672 0.994331
0.054771 0.994331
0.054870 0.994331
0.054970 0.994331
0.055069 0.994331
0.055168 0.994331
0.055267 0.994331
0.055366 0.994331
0.055465 0.994331
0.055564 0.994331
0.055664 0.994331
0.055763 0.994331
0.055862 0.994331
0.055961 0.994331
0.056060 0.994331
0.056159 0.994331
0.056258 0.994331
0.056357 0.994331
0.056457 0.994331
0.056556 0.994331
0.056655 0.994331
0.056754 0.994331
0.056853 0.994331
0.056952 0.994331
0.057051 0.994331
0.057150 0.994331
0.057250 0.994331
0.057349 0.994331
0.057448 0.994331
0.057547 0.994331
0.057646 0.994331
0.057745 0.994331
0.057844 0.994331
0.057943 0.994331
0.058043 0.994331
0.058142 0.994331
0.058241 0.994331
0.058340 0.994331
0.058439 0.994331
0.058538 0.994331
0.058637 0.994331
0.058736 0.994331
0.058836 0.994331
0.058935 0.994331
0.059034 0.994331
0.059133 0.994331
0.059232 0.994331
0.059331 0.994331
0.059430 0.994331
0.059529 0.994331
0.059629 0.994331
0.059728 0.994331
0.059827 0.994331
0.059926 0.994331
0.060025 0.994331
0.060124 0.994331
0.060223 0.994331
0.060322 0.994331
0.060422 0.993197
0.060521 0.993197
0.060620 0.993197
0.060719 0.993197
0.060818 0.993197
0.060917 0.993197
0.061016 0.993197
0.061115 0.993197
0.061215 0.993197
0.061314 0.993197
0.061413 0.993197
0.061512 0.993197
0.061611 0.993197
0.061710 0.993197
0.061809 0.993197
0.061908 0.993197
0.062008 0.993197
0.062107 0.993197
0.062206 0.993197
0.062305 0.993197
0.062404 0.993197
0.062503 0.993197
0.062602 0.993197
0.062701 0.993197
0.062801 0.993197
0.062900 0.993197
0.062999 0.993197
0.063098 0.993197
0.063197 0.993197
0.063296 0.993197
0.063395 0.993197
0.063494 0.993197
0.063594 0.993197
0.063693 0.993197
0.063792 0.993197
0.063891 0.993197
0.063990 0.993197
0.064089 0.993197
0.064188 0.993197
0.064288 0.993197
0.064387 0.992063
0.064486 0.992063
0.064585 0.992063
0.064684 0.992063
0.064783 0.992063
0.064882 0.992063
0.064981 0.992063
0.065081 0.992063
0.065180 0.992063
0.065279 0.992063
0.065378 0.992063
0.065477 0.992063
0.065576 0.992063
0.065675 0.992063
0.065774 0.992063
0.065874 0.992063
0.065973 0.992063
0.066072 0.992063
0.066171 0.992063
0.066270 0.992063
0.066369 0.992063
0.066468 0.992063
0.066567 0.992063
0.066667 0.992063
0.066766 0.992063
0.066865 0.992063
0.066964 0.992063
0.067063 0.992063
0.067162 0.992063
0.067261 0.992063
0.067360 0.992063
0.067460 0.992063
0.067559 0.992063
0.067658 0.992063
0.067757 0.992063
0.067856 0.992063
0.067955 0.992063
0.068054 0.992063
0.068153 0.992063
0.068253 0.992063
0.068352 0.992063
0.068451 0.992063
0.068550 0.992063
0.068649 0.992063
0.068748 0.992063
0.068847 0.992063
0.068946 0.992063
0.069046 0.992063
0.069145 0.992063
0.069244 0.992063
0.069343 0.992063
0.069442 0.992063
0.069541 0.992063
0.069640 0.992063
0.069739 0.992063
0.069839 0.992063
0.069938 0.992063
0.070037 0.992063
0.070136 0.992063
0.070235 0.992063
0.070334 0.992063
0.070433 0.992063
0.070532 0.992063
0.070632 0.992063
0.070731 0.992063
0.070830 0.992063
0.070929 0.992063
0.071028 0.992063
0.071127 0.992063
0.071226 0.992063
0.071325 0.992063
0.071425 0.992063
0.071524 0.992063
0.071623 0.992063
0.071722 0.992063
0.071821 0.992063
0.071920 0.990930
0.072019 0.990930
0.072118 0.990930
0.072218 0.990930
0.072317 0.990930
0.072416 0.990930
0.072515 0.990930
0.072614 0.990930
0.072713 0.990930
0.072812 0.990930
0.072912 0.990930
0.073011 0.990930
0.073110 0.990930
0.073209 0.990930
0.073308 0.990930
0.073407 0.990930
0.073506 0.990930
0.073605 0.990930
0.073705 0.990930
0.073804 0.990930
0.073903 0.990930
0.074002 0.990930
0.074101 0.990930
0.074200 0.990930
0.074299 0.990930
0.074398 0.990930
0.074498 0.990930
0.074597 0.990930
0.074696 0.990930
0.074795 0.990930
0.074894 0.990930
0.074993 0.990930
0.075092 0.990930
0.075191 0.990930
0.075291 0.990930
0.075390 0.990930
0.075489 0.990930
0.075588 0.990930
0.075687 0.990930
0.075786 0.990930
0.075885 0.990930
0.075984 0.990930
0.076084 0.990930
0.076183 0.990930
0.076282 0.990930
0.076381 0.990930
0.076480 0.990930
0.076579 0.990930
0.076678 0.990930
0.076777 0.990930
0.076877 0.990930
0.076976 0.990930
0.077075 0.990930
0.077174 0.990930
0.077273 0.990930
0.077372 0.990930
0.077471 0.990930
0.077570 0.990930
0.077670 0.990930
0.077769 0.990930
0.077868 0.990930
0.077967 0.990930
0.078066 0.990930
0.078165 0.990930
0.078264 0.990930
0.078363 0.990930
0.078463 0.990930
0.078562 0.990930
0.078661 0.990930
0.078760 0.990930
0.078859 0.990930
0.078958 0.990930
0.079057 0.990930
0.079156 0.990930
0.079256 0.990930
0.079355 0.990930
0.079454 0.990930
0.079553 0.990930
0.079652 0.990930
0.079751 0.990930
0.079850 0.990930
0.079949 0.990930
0.080049 0.990930
0.080148 0.990930
0.080247 0.990930
0.080346 0.990930
0.080445 0.990930
0.080544 0.990930
0.080643 0.990930
0.080742 0.990930
0.080842 0.990930
0.080941 0.990930
0.081040 0.990930
0.081139 0.990930
0.081238 0.990930
0.081337 0.990930
0.081436 0.990930
0.081536 0.990930
0.081635 0.990930
0.081734 0.990930
0.081833 0.990930
0.081932 0.990930
0.082031 0.990930
0.082130 0.990930
0.082229 0.990930
0.082329 0.990930
0.082428 0.990930
0.082527 0.990930
0.082626 0.990930
0.082725 0.990930
0.082824 0.990930
0.082923 0.990930
0.083022 0.990930
0.083122 0.990930
0.083221 0.990930
0.083320 0.990930
0.083419 0.990930
0.083518 0.990930
0.083617 0.990930
0.083716 0.990930
0.083815 0.990930
0.083915 0.990930
0.084014 0.990930
0.084113 0.990930
0.084212 0.990930
0.084311 0.990930
0.084410 0.990930
0.084509 0.990930
0.084608 0.990930
0.084708 0.990930
0.084807 0.990930
0.084906 0.990930
0.085005 0.990930
0.085104 0.990930
0.085203 0.990930
0.085302 0.990930
0.085401 0.990930
0.085501 0.990930
0.085600 0.990930
0.085699 0.990930
0.085798 0.990930
0.085897 0.990930
0.085996 0.990930
0.086095 0.990930
0.086194 0.990930
0.086294 0.990930
0.086393 0.990930
0.086492 0.990930
0.086591 0.990930
0.086690 0.990930
0.086789 0.990930
0.086888 0.990930
0.086987 0.990930
0.087087 0.990930
0.087186 0.990930
0.087285 0.990930
0.087384 0.990930
0.087483 0.990930
0.087582 0.990930
0.087681 0.990930
0.087780 0.990930
0.087880 0.990930
0.087979 0.990930
0.088078 0.990930
0.088177 0.990930
0.088276 0.990930
0.088375 0.990930
0.088474 0.990930
0.088573 0.990930
0.088673 0.990930
0.088772 0.990930
0.088871 0.990930
0.088970 0.990930
0.089069 0.990930
0.089168 0.990930
0.089267 0.990930
0.089366 0.989796
0.089466 0.989796
0.089565 0.989796
0.089664 0.989796
0.089763 0.989796
0.089862 0.989796
0.089961 0.989796
0.090060 0.989796
0.090160 0.989796
0.090259 0.989796
0.090358 0.989796
0.090457 0.989796
0.090556 0.989796
0.090655 0.989796
0.090754 0.989796
0.090853 0.989796
0.090953 0.989796
0.091052 0.989796
0.091151 0.989796
0.091250 0.989796
0.091349 0.989796
0.091448 0.989796
0.091547 0.989796
0.091646 0.989796
0.091746 0.989796
0.091845 0.989796
0.091944 0.989796
0.092043 0.989796
0.092142 0.989796
0.092241 0.989796
0.092340 0.989796
0.092439 0.989796
0.092539 0.989796
0.092638 0.989796
0.092737 0.989796
0.092836 0.989796
0.092935 0.989796
0.093034 0.989796
0.093133 0.989796
0.093232 0.989796
0.093332 0.989796
0.093431 0.989796
0.093530 0.989796
0.093629 0.989796
0.093728 0.989796
0.093827 0.989796
0.093926 0.989796
0.094025 0.989796
0.094125 0.989796
0.094224 0.989796
0.094323 0.989796
0.094422 0.989796
0.094521 0.989796
0.094620 0.989796
0.094719 0.989796
0.094818 0.989796
0.094918 0.989796
0.095017 0.989796
0.095116 0.989796
0.095215 0.989796
0.095314 0.989796
0.095413 0.989796
0.095512 0.989796
0.095611 0.989796
0.095711 0.989796
0.095810 0.989796
0.095909 0.989796
0.096008 0.989796
0.096107 0.989796
0.096206 0.989796
0.096305 0.989796
0.096404 0.989796
0.096504 0.989796
0.096603 0.989796
0.096702 0.989796
0.096801 0.989796
0.096900 0.989796
0.096999 0.989796
0.097098 0.989796
0.097197 0.989796
0.097297 0.989796
0.097396 0.989796
0.097495 0.989796
0.097594 0.989796
0.097693 0.989796
0.097792 0.989796
0.097891 0.989796
0.097990 0.989796
0.098090 0.989796
0.098189 0.989796
0.098288 0.989796
0.098387 0.989796
0.098486 0.989796
0.098585 0.989796
0.098684 0.989796
0.098784 0.989796
0.098883 0.989796
0.098982 0.989796
0.099081 0.989796
0.099180 0.989796
0.099279 0.989796
0.099378 0.989796
0.099477 0.989796
0.099577 0.989796
0.099676 0.989796
0.099775 0.989796
0.099874 0.989796
0.099973 0.989796
0.100072 0.989796
0.100171 0.989796
0.100270 0.989796
0.100370 0.989796
0.100469 0.989796
0.100568 0.989796
0.100667 0.989796
0.100766 0.989796
0.100865 0.989796
0.100964 0.989796
0.101063 0.989796
0.101163 0.989796
0.101262 0.989796
0.101361 0.989796
0.101460 0.989796
0.101559 0.989796
0.101658 0.989796
0.101757 0.989796
0.101856 0.989796
0.101956 0.989796
0.102055 0.989796
0.102154 0.989796
0.102253 0.988662
0.102352 0.988662
0.102451 0.988662
0.102550 0.987528
0.102649 0.986395
0.102749 0.986395
0.102848 0.986395
0.102947 0.986395
0.103046 0.986395
0.103145 0.986395
0.103244 0.986395
0.103343 0.986395
0.103442 0.986395
0.103542 0.986395
0.103641 0.986395
0.103740 0.986395
0.103839 0.986395
0.103938 0.986395
0.104037 0.986395
0.104136 0.986395
0.104235 0.986395
0.104335 0.986395
0.104434 0.986395
0.104533 0.986395
0.104632 0.986395
0.104731 0.986395
0.104830 0.986395
0.104929 0.986395
0.105028 0.986395
0.105128 0.986395
0.105227 0.986395
0.105326 0.986395
0.105425 0.986395
0.105524 0.986395
0.105623 0.986395
0.105722 0.986395
0.105821 0.986395
0.105921 0.986395
0.106020 0.986395
0.106119 0.986395
0.106218 0.986395
0.106317 0.986395
0.106416 0.986395
0.106515 0.986395
0.106614 0.986395
0.106714 0.986395
0.106813 0.986395
0.106912 0.986395
0.107011 0.986395
0.107110 0.986395
0.107209 0.986395
0.107308 0.986395
0.107408 0.986395
0.107507 0.986395
0.107606 0.986395
0.107705 0.986395
0.107804 0.986395
0.107903 0.986395
0.108002 0.986395
0.108101 0.986395
0.108201 0.986395
0.108300 0.986395
0.108399 0.986395
0.108498 0.986395
0.108597 0.986395
0.108696 0.986395
0.108795 0.986395
0.108894 0.986395
0.108994 0.986395
0.109093 0.986395
0.109192 0.986395
0.109291 0.986395
0.109390 0.986395
0.109489 0.986395
0.109588 0.986395
0.109687 0.986395
0.109787 0.986395
0.109886 0.986395
0.109985 0.984127
0.110084 0.984127
0.110183 0.984127
0.110282 0.984127
0.110381 0.984127
0.110480 0.984127
0.110580 0.984127
0.110679 0.984127
0.110778 0.984127
0.110877 0.984127
0.110976 0.984127
0.111075 0.984127
0.111174 0.984127
0.111273 0.984127
0.111373 0.984127
0.111472 0.984127
0.111571 0.984127
0.111670 0.984127
0.111769 0.984127
0.111868 0.984127
0.111967 0.984127
0.112066 0.984127
0.112166 0.984127
0.112265 0.984127
0.112364 0.984127
0.112463 0.982993
0.112562 0.982993
0.112661 0.982993
0.112760 0.982993
0.112859 0.982993
0.112959 0.982993
0.113058 0.982993
0.113157 0.982993
0.113256 0.982993
0.113355 0.982993
0.113454 0.982993
0.113553 0.982993
0.113652 0.982993
0.113752 0.982993
0.113851 0.982993
0.113950 0.982993
0.114049 0.982993
0.114148 0.982993
0.114247 0.982993
0.114346 0.982993
0.114445 0.981859
0.114545 0.981859
0.114644 0.981859
0.114743 0.981859
0.114842 0.981859
0.114941 0.981859
0.115040 0.981859
0.115139 0.981859
0.115238 0.981859
0.115338 0.981859
0.115437 0.981859
0.115536 0.981859
0.115635 0.981859
0.115734 0.981859
0.115833 0.981859
0.115932 0.981859
0.116032 0.981859
0.116131 0.981859
0.116230 0.981859
0.116329 0.981859
0.116428 0.981859
0.116527 0.981859
0.116626 0.981859
0.116725 0.981859
0.116825 0.981859
0.116924 0.981859
0.117023 0.981859
0.117122 0.981859
0.117221 0.981859
0.117320 0.981859
0.117419 0.981859
0.117518 0.981859
0.117618 0.981859
0.117717 0.981859
0.117816 0.981859
0.117915 0.981859
0.118014 0.981859
0.118113 0.981859
0.118212 0.981859
0.118311 0.981859
0.118411 0.981859
0.118510 0.981859
0.118609 0.981859
0.118708 0.981859
0.118807 0.981859
0.118906 0.981859
0.119005 0.981859
0.119104 0.981859
0.119204 0.981859
0.119303 0.981859
0.119402 0.981859
0.119501 0.981859
0.119600 0.981859
0.119699 0.981859
0.119798 0.981859
0.119897 0.981859
0.119997 0.981859
0.120096 0.981859
0.120195 0.981859
0.120294 0.981859
0.120393 0.981859
0.120492 0.981859
0.120591 0.981859
0.120690 0.981859
0.120790 0.981859
0.120889 0.981859
0.120988 0.981859
0.121087 0.981859
0.121186 0.981859
0.121285 0.981859
0.121384 0.981859
0.121483 0.981859
0.121583 0.981859
0.121682 0.981859
0.121781 0.981859
0.121880 0.981859
0.121979 0.981859
0.122078 0.981859
0.122177 0.981859
0.122276 0.981859
0.122376 0.981859
0.122475 0.981859
0.122574 0.981859
0.122673 0.981859
0.122772 0.981859
0.122871 0.981859
0.122970 0.981859
0.123069 0.981859
0.123169 0.981859
0.123268 0.981859
0.123367 0.981859
0.123466 0.981859
0.123565 0.981859
0.123664 0.981859
0.123763 0.981859
0.123862 0.981859
0.123962 0.981859
0.124061 0.981859
0.124160 0.981859
0.124259 0.981859
0.124358 0.981859
0.124457 0.981859
0.124556 0.981859
0.124656 0.981859
0.124755 0.981859
0.124854 0.981859
0.124953 0.981859
0.125052 0.981859
0.125151 0.981859
0.125250 0.981859
0.125349 0.981859
0.125449 0.981859
0.125548 0.981859
0.125647 0.981859
0.125746 0.981859
0.125845 0.981859
0.125944 0.981859
0.126043 0.981859
0.126142 0.981859
0.126242 0.981859
0.126341 0.980726
0.126440 0.980726
0.126539 0.980726
0.126638 0.980726
0.126737 0.980726
0.126836 0.980726
0.126935 0.980726
0.127035 0.980726
0.127134 0.980726
0.127233 0.980726
0.127332 0.980726
0.127431 0.980726
0.127530 0.980726
0.127629 0.980726
0.127728 0.980726
0.127828 0.980726
0.127927 0.980726
0.128026 0.980726
0.128125 0.980726
0.128224 0.980726
0.128323 0.980726
0.128422 0.980726
0.128521 0.980726
0.128621 0.980726
0.128720 0.980726
0.128819 0.980726
0.128918 0.980726
0.129017 0.980726
0.129116 0.980726
0.129215 0.980726
0.129314 0.980726
0.129414 0.980726
0.129513 0.980726
0.129612 0.980726
0.129711 0.980726
0.129810 0.980726
0.129909 0.980726
0.130008 0.980726
0.130107 0.980726
0.130207 0.980726
0.130306 0.980726
0.130405 0.980726
0.130504 0.980726
0.130603 0.980726
0.130702 0.980726
0.130801 0.980726
0.130900 0.980726
0.131000 0.980726
0.131099 0.980726
0.131198 0.980726
0.131297 0.980726
0.131396 0.980726
0.131495 0.980726
0.131594 0.980726
0.131693 0.979592
0.131793 0.979592
0.131892 0.979592
0.131991 0.979592
0.132090 0.979592
0.132189 0.979592
0.132288 0.979592
0.132387 0.979592
0.132486 0.979592
0.132586 0.979592
0.132685 0.979592
0.132784 0.979592
0.132883 0.979592
0.132982 0.979592
0.133081 0.979592
0.133180 0.979592
0.133280 0.979592
0.133379 0.979592
0.133478 0.979592
0.133577 0.979592
0.133676 0.979592
0.133775 0.979592
0.133874 0.979592
0.133973 0.979592
0.134073 0.979592
0.134172 0.979592
0.134271 0.979592
0.134370 0.979592
0.134469 0.979592
0.134568 0.979592
0.134667 0.979592
0.134766 0.979592
0.134866 0.979592
0.134965 0.979592
0.135064 0.979592
0.135163 0.979592
0.135262 0.979592
0.135361 0.978458
0.135460 0.978458
0.135559 0.978458
0.135659 0.978458
0.135758 0.978458
0.135857 0.978458
0.135956 0.978458
0.136055 0.978458
0.136154 0.978458
0.136253 0.978458
0.136352 0.978458
0.136452 0.977324
0.136551 0.977324
0.136650 0.977324
0.136749 0.976190
0.136848 0.976190
0.136947 0.976190
0.137046 0.976190
0.137145 0.976190
0.137245 0.976190
0.137344 0.976190
0.137443 0.976190
0.137542 0.976190
0.137641 0.976190
0.137740 0.976190
0.137839 0.976190
0.137938 0.976190
0.138038 0.976190
0.138137 0.976190
0.138236 0.976190
0.138335 0.976190
0.138434 0.976190
0.138533 0.976190
0.138632 0.976190
0.138731 0.976190
0.138831 0.976190
0.138930 0.976190
0.139029 0.976190
0.139128 0.976190
0.139227 0.976190
0.139326 0.976190
0.139425 0.976190
0.139524 0.976190
0.139624 0.976190
0.139723 0.976190
0.139822 0.976190
0.139921 0.976190
0.140020 0.976190
0.140119 0.976190
0.140218 0.976190
0.140317 0.976190
0.140417 0.976190
0.140516 0.976190
0.140615 0.976190
0.140714 0.976190
0.140813 0.976190
0.140912 0.976190
0.141011 0.976190
0.141110 0.976190
0.141210 0.976190
0.141309 0.976190
0.141408 0.976190
0.141507 0.976190
0.141606 0.976190
0.141705 0.976190
0.141804 0.976190
0.141904 0.976190
0.142003 0.976190
0.142102 0.976190
0.142201 0.976190
0.142300 0.976190
0.142399 0.976190
0.142498 0.976190
0.142597 0.976190
0.142697 0.976190
0.142796 0.976190
0.142895 0.976190
0.142994 0.976190
0.143093 0.975057
0.143192 0.973923
0.143291 0.973923
0.143390 0.973923
0.143490 0.973923
0.143589 0.973923
0.143688 0.973923
0.143787 0.973923
0.143886 0.973923
0.143985 0.973923
0.144084 0.973923
0.144183 0.973923
0.144283 0.973923
0.144382 0.973923
0.144481 0.973923
0.144580 0.973923
0.144679 0.973923
0.144778 0.973923
0.144877 0.973923
0.144976 0.973923
0.145076 0.973923
0.145175 0.973923
0.145274 0.973923
0.145373 0.973923
0.145472 0.973923
0.145571 0.973923
0.145670 0.973923
0.145769 0.973923
0.145869 0.973923
0.145968 0.973923
0.146067 0.973923
0.146166 0.973923
0.146265 0.973923
0.146364 0.973923
0.146463 0.973923
0.146562 0.973923
0.146662 0.973923
0.146761 0.973923
0.146860 0.973923
0.146959 0.973923
0.147058 0.973923
0.147157 0.973923
0.147256 0.973923
0.147355 0.973923
0.147455 0.973923
0.147554 0.973923
0.147653 0.973923
0.147752 0.973923
0.147851 0.973923
0.147950 0.973923
0.148049 0.973923
0.148148 0.973923
0.148248 0.973923
0.148347 0.973923
0.148446 0.973923
0.148545 0.973923
0.148644 0.973923
0.148743 0.973923
0.148842 0.973923
0.148941 0.973923
0.149041 0.973923
0.149140 0.973923
0.149239 0.973923
0.149338 0.973923
0.149437 0.973923
0.149536 0.973923
0.149635 0.973923
0.149734 0.973923
0.149834 0.973923
0.149933 0.973923
0.150032 0.973923
0.150131 0.973923
0.150230 0.973923
0.150329 0.973923
0.150428 0.973923
0.150528 0.973923
0.150627 0.973923
0.150726 0.972789
0.150825 0.972789
0.150924 0.972789
0.151023 0.972789
0.151122 0.972789
0.151221 0.972789
0.151321 0.972789
0.151420 0.972789
0.151519 0.972789
0.151618 0.972789
0.151717 0.972789
0.151816 0.972789
0.151915 0.972789
0.152014 0.972789
0.152114 0.972789
0.152213 0.972789
0.152312 0.972789
0.152411 0.972789
0.152510 0.972789
0.152609 0.972789
0.152708 0.972789
0.152807 0.972789
0.152907 0.972789
0.153006 0.972789
0.153105 0.972789
0.153204 0.972789
0.153303 0.972789
0.153402 0.972789
0.153501 0.972789
0.153600 0.972789
0.153700 0.972789
0.153799 0.972789
0.153898 0.972789
0.153997 0.972789
0.154096 0.972789
0.154195 0.972789
0.154294 0.972789
0.154393 0.972789
0.154493 0.972789
0.154592 0.972789
0.154691 0.972789
0.154790 0.972789
0.154889 0.972789
0.154988 0.972789
0.155087 0.972789
0.155186 0.972789
0.155286 0.972789
0.155385 0.972789
0.155484 0.972789
0.155583 0.972789
0.155682 0.972789
0.155781 0.972789
0.155880 0.972789
0.155979 0.972789
0.156079 0.972789
0.156178 0.972789
0.156277 0.972789
0.156376 0.972789
0.156475 0.972789
0.156574 0.972789
0.156673 0.972789
0.156772 0.972789
0.156872 0.972789
0.156971 0.972789
0.157070 0.972789
0.157169 0.972789
0.157268 0.972789
0.157367 0.972789
0.157466 0.972789
0.157565 0.972789
0.157665 0.972789
0.157764 0.972789
0.157863 0.972789
0.157962 0.972789
0.158061 0.972789
0.158160 0.972789
0.158259 0.972789
0.158358 0.972789
0.158458 0.972789
0.158557 0.972789
0.158656 0.972789
0.158755 0.972789
0.158854 0.972789
0.158953 0.972789
0.159052 0.972789
0.159152 0.972789
0.159251 0.972789
0.159350 0.972789
0.159449 0.972789
0.159548 0.972789
0.159647 0.972789
0.159746 0.972789
0.159845 0.972789
0.159945 0.972789
0.160044 0.972789
0.160143 0.972789
0.160242 0.972789
0.160341 0.972789
0.160440 0.972789
0.160539 0.972789
0.160638 0.972789
0.160738 0.972789
0.160837 0.972789
0.160936 0.972789
0.161035 0.972789
0.161134 0.972789
0.161233 0.972789
0.161332 0.972789
0.161431 0.972789
0.161531 0.972789
0.161630 0.972789
0.161729 0.972789
0.161828 0.972789
0.161927 0.972789
0.162026 0.972789
0.162125 0.972789
0.162224 0.972789
0.162324 0.972789
0.162423 0.972789
0.162522 0.972789
0.162621 0.972789
0.162720 0.972789
0.162819 0.972789
0.162918 0.972789
0.163017 0.972789
0.163117 0.972789
0.163216 0.972789
0.163315 0.972789
0.163414 0.972789
0.163513 0.972789
0.163612 0.972789
0.163711 0.971655
0.163810 0.971655
0.163910 0.971655
0.164009 0.971655
0.164108 0.970522
0.164207 0.970522
0.164306 0.970522
0.164405 0.970522
0.164504 0.970522
0.164603 0.970522
0.164703 0.970522
0.164802 0.970522
0.164901 0.970522
0.165000 0.970522
0.165099 0.970522
0.165198 0.970522
0.165297 0.969388
0.165396 0.969388
0.165496 0.969388
0.165595 0.969388
0.165694 0.968254
0.165793 0.968254
0.165892 0.968254
0.165991 0.968254
0.166090 0.968254
0.166189 0.968254
0.166289 0.967120
0.166388 0.967120
0.166487 0.967120
0.166586 0.967120
0.166685 0.967120
0.166784 0.967120
0.166883 0.967120
0.166982 0.967120
0.167082 0.967120
0.167181 0.967120
0.167280 0.967120
0.167379 0.967120
0.167478 0.967120
0.167577 0.967120
0.167676 0.967120
0.167776 0.967120
0.167875 0.967120
0.167974 0.967120
0.168073 0.967120
0.168172 0.967120
0.168271 0.967120
0.168370 0.967120
0.168469 0.967120
0.168569 0.967120
0.168668 0.967120
0.168767 0.967120
0.168866 0.967120
0.168965 0.967120
0.169064 0.967120
0.169163 0.967120
0.169262 0.967120
0.169362 0.967120
0.169461 0.967120
0.169560 0.967120
0.169659 0.967120
0.169758 0.967120
0.169857 0.967120
0.169956 0.967120
0.170055 0.967120
0.170155 0.967120
0.170254 0.967120
0.170353 0.967120
0.170452 0.967120
0.170551 0.967120
0.170650 0.967120
0.170749 0.967120
0.170848 0.967120
0.170948 0.967120
0.171047 0.967120
0.171146 0.967120
0.171245 0.967120
0.171344 0.967120
0.171443 0.967120
0.171542 0.967120
0.171641 0.967120
0.171741 0.967120
0.171840 0.967120
0.171939 0.967120
0.172038 0.967120
0.172137 0.967120
0.172236 0.967120
0.172335 0.967120
0.172434 0.967120
0.172534 0.967120
0.172633 0.967120
0.172732 0.967120
0.172831 0.967120
0.172930 0.967120
0.173029 0.967120
0.173128 0.967120
0.173227 0.967120
0.173327 0.967120
0.173426 0.967120
0.173525 0.967120
0.173624 0.967120
0.173723 0.967120
0.173822 0.967120
0.173921 0.967120
0.174020 0.967120
0.174120 0.967120
0.174219 0.967120
0.174318 0.967120
0.174417 0.967120
0.174516 0.967120
0.174615 0.967120
0.174714 0.967120
0.174813 0.967120
0.174913 0.967120
0.175012 0.967120
0.175111 0.967120
0.175210 0.967120
0.175309 0.967120
0.175408 0.967120
0.175507 0.967120
0.175606 0.967120
0.175706 0.967120
0.175805 0.967120
0.175904 0.967120
0.176003 0.967120
0.176102 0.967120
0.176201 0.967120
0.176300 0.967120
0.176400 0.967120
0.176499 0.967120
0.176598 0.967120
0.176697 0.967120
0.176796 0.967120
0.176895 0.967120
0.176994 0.967120
0.177093 0.967120
0.177193 0.967120
0.177292 0.967120
0.177391 0.967120
0.177490 0.967120
0.177589 0.967120
0.177688 0.967120
0.177787 0.967120
0.177886 0.967120
0.177986 0.967120
0.178085 0.967120
0.178184 0.967120
0.178283 0.967120
0.178382 0.967120
0.178481 0.967120
0.178580 0.967120
0.178679 0.967120
0.178779 0.967120
0.178878 0.967120
0.178977 0.967120
0.179076 0.967120
0.179175 0.967120
0.179274 0.967120
0.179373 0.967120
0.179472 0.967120
0.179572 0.967120
0.179671 0.967120
0.179770 0.967120
0.179869 0.967120
0.179968 0.967120
0.180067 0.967120
0.180166 0.967120
0.180265 0.967120
0.180365 0.967120
0.180464 0.967120
0.180563 0.967120
0.180662 0.967120
0.180761 0.967120
0.180860 0.967120
0.180959 0.967120
0.181058 0.967120
0.181158 0.967120
0.181257 0.967120
0.181356 0.967120
0.181455 0.965986
0.181554 0.965986
0.181653 0.965986
0.181752 0.965986
0.181851 0.965986
0.181951 0.965986
0.182050 0.965986
0.182149 0.965986
0.182248 0.965986
0.182347 0.965986
0.182446 0.965986
0.182545 0.965986
0.182644 0.965986
0.182744 0.965986
0.182843 0.965986
0.182942 0.965986
0.183041 0.965986
0.183140 0.965986
0.183239 0.965986
0.183338 0.964853
0.183437 0.964853
0.183537 0.964853
0.183636 0.964853
0.183735 0.964853
0.183834 0.964853
0.183933 0.964853
0.184032 0.964853
0.184131 0.964853
0.184230 0.964853
0.184330 0.964853
0.184429 0.964853
0.184528 0.964853
0.184627 0.964853
0.184726 0.964853
0.184825 0.964853
0.184924 0.964853
0.185024 0.964853
0.185123 0.964853
0.185222 0.964853
0.185321 0.964853
0.185420 0.964853
0.185519 0.964853
0.185618 0.964853
0.185717 0.964853
0.185817 0.964853
0.185916 0.963719
0.186015 0.963719
0.186114 0.963719
0.186213 0.963719
0.186312 0.963719
0.186411 0.963719
0.186510 0.963719
0.186610 0.963719
0.186709 0.963719
0.186808 0.962585
0.186907 0.962585
0.187006 0.962585
0.187105 0.962585
0.187204 0.962585
0.187303 0.962585
0.187403 0.962585
0.187502 0.962585
0.187601 0.962585
0.187700 0.962585
0.187799 0.962585
0.187898 0.962585
0.187997 0.962585
0.188096 0.962585
0.188196 0.962585
0.188295 0.962585
0.188394 0.962585
0.188493 0.962585
0.188592 0.962585
0.188691 0.962585
0.188790 0.962585
0.188889 0.962585
0.188989 0.962585
0.189088 0.962585
0.189187 0.962585
0.189286 0.962585
0.189385 0.962585
0.189484 0.962585
0.189583 0.962585
0.189682 0.962585
0.189782 0.962585
0.189881 0.962585
0.189980 0.962585
0.190079 0.962585
0.190178 0.962585
0.190277 0.962585
0.190376 0.962585
0.190475 0.962585
0.190575 0.962585
0.190674 0.962585
0.190773 0.962585
0.190872 0.962585
0.190971 0.962585
0.191070 0.962585
0.191169 0.962585
0.191268 0.962585
0.191368 0.962585
0.191467 0.962585
0.191566 0.962585
0.191665 0.962585
0.191764 0.962585
0.191863 0.962585
0.191962 0.962585
0.192061 0.962585
0.192161 0.961451
0.192260 0.960317
0.192359 0.960317
0.192458 0.960317
0.192557 0.960317
0.192656 0.960317
0.192755 0.960317
0.192854 0.960317
0.192954 0.960317
0.193053 0.960317
0.193152 0.960317
0.193251 0.960317
0.193350 0.960317
0.193449 0.959184
0.193548 0.959184
0.193648 0.959184
0.193747 0.959184
0.193846 0.959184
0.193945 0.959184
0.194044 0.959184
0.194143 0.959184
0.194242 0.959184
0.194341 0.959184
0.194441 0.959184
0.194540 0.959184
0.194639 0.959184
0.194738 0.959184
0.194837 0.959184
0.194936 0.959184
0.195035 0.959184
0.195134 0.959184
0.195234 0.959184
0.195333 0.959184
0.195432 0.959184
0.195531 0.959184
0.195630 0.959184
0.195729 0.959184
0.195828 0.959184
0.195927 0.959184
0.196027 0.959184
0.196126 0.959184
0.196225 0.959184
0.196324 0.959184
0.196423 0.959184
0.196522 0.959184
0.196621 0.959184
0.196720 0.959184
0.196820 0.958050
0.196919 0.958050
0.197018 0.958050
0.197117 0.958050
0.197216 0.958050
0.197315 0.958050
0.197414 0.958050
0.197513 0.958050
0.197613 0.958050
0.197712 0.958050
0.197811 0.958050
0.197910 0.958050
0.198009 0.958050
0.198108 0.958050
0.198207 0.958050
0.198306 0.958050
0.198406 0.958050
0.198505 0.958050
0.198604 0.958050
0.198703 0.958050
0.198802 0.958050
0.198901 0.958050
0.199000 0.958050
0.199099 0.958050
0.199199 0.958050
0.199298 0.958050
0.199397 0.958050
0.199496 0.958050
0.199595 0.956916
0.199694 0.956916
0.199793 0.956916
0.199892 0.956916
0.199992 0.955782
0.200091 0.955782
0.200190 0.955782
0.200289 0.955782
0.200388 0.955782
0.200487 0.955782
0.200586 0.955782
0.200685 0.955782
0.200785 0.955782
0.200884 0.955782
0.200983 0.955782
0.201082 0.955782
0.201181 0.955782
0.201280 0.955782
0.201379 0.955782
0.201478 0.955782
0.201578 0.955782
0.201677 0.955782
0.201776 0.955782
0.201875 0.955782
0.201974 0.955782
0.202073 0.955782
0.202172 0.955782
0.202272 0.955782
0.202371 0.955782
0.202470 0.955782
0.202569 0.955782
0.202668 0.955782
0.202767 0.955782
0.202866 0.955782
0.202965 0.955782
0.203065 0.955782
0.203164 0.955782
0.203263 0.955782
0.203362 0.955782
0.203461 0.955782
0.203560 0.955782
0.203659 0.955782
0.203758 0.955782
0.203858 0.955782
0.203957 0.955782
0.204056 0.955782
0.204155 0.955782
0.204254 0.955782
0.204353 0.955782
0.204452 0.955782
0.204551 0.955782
0.204651 0.955782
0.204750 0.955782
0.204849 0.955782
0.204948 0.955782
0.205047 0.955782
0.205146 0.955782
0.205245 0.955782
0.205344 0.955782
0.205444 0.955782
0.205543 0.955782
0.205642 0.955782
0.205741 0.955782
0.205840 0.955782
0.205939 0.955782
0.206038 0.955782
0.206137 0.955782
0.206237 0.955782
0.206336 0.954649
0.206435 0.954649
0.206534 0.954649
0.206633 0.954649
0.206732 0.954649
0.206831 0.953515
0.206930 0.953515
0.207030 0.953515
0.207129 0.953515
0.207228 0.953515
0.207327 0.953515
0.207426 0.953515
0.207525 0.953515
0.207624 0.953515
0.207723 0.953515
0.207823 0.953515
0.207922 0.952381
0.208021 0.952381
0.208120 0.951247
0.208219 0.951247
0.208318 0.951247
0.208417 0.951247
0.208516 0.951247
0.208616 0.951247
0.208715 0.951247
0.208814 0.951247
0.208913 0.951247
0.209012 0.950113
0.209111 0.950113
0.209210 0.950113
0.209309 0.950113
0.209409 0.950113
0.209508 0.950113
0.209607 0.950113
0.209706 0.950113
0.209805 0.950113
0.209904 0.950113
0.210003 0.950113
0.210102 0.950113
0.210202 0.950113
0.210301 0.950113
0.210400 0.950113
0.210499 0.950113
0.210598 0.950113
0.210697 0.950113
0.210796 0.950113
0.210896 0.950113
0.210995 0.950113
0.211094 0.950113
0.211193 0.950113
0.211292 0.950113
0.211391 0.950113
0.211490 0.950113
0.211589 0.950113
0.211689 0.950113
0.211788 0.950113
0.211887 0.950113
0.211986 0.950113
0.212085 0.950113
0.212184 0.950113
0.212283 0.950113
0.212382 0.950113
0.212482 0.950113
0.212581 0.950113
0.212680 0.950113
0.212779 0.950113
0.212878 0.950113
0.212977 0.950113
0.213076 0.948980
0.213175 0.948980
0.213275 0.948980
0.213374 0.948980
0.213473 0.948980
0.213572 0.948980
0.213671 0.947846
0.213770 0.947846
0.213869 0.947846
0.213968 0.947846
0.214068 0.947846
0.214167 0.947846
0.214266 0.947846
0.214365 0.947846
0.214464 0.947846
0.214563 0.947846
0.214662 0.947846
0.214761 0.947846
0.214861 0.947846
0.214960 0.947846
0.215059 0.947846
0.215158 0.947846
0.215257 0.947846
0.215356 0.947846
0.215455 0.947846
0.215554 0.947846
0.215654 0.946712
0.215753 0.946712
0.215852 0.946712
0.215951 0.945578
0.216050 0.945578
0.216149 0.945578
0.216248 0.944444
0.216347 0.944444
0.216447 0.944444
0.216546 0.944444
0.216645 0.944444
0.216744 0.944444
0.216843 0.944444
0.216942 0.944444
0.217041 0.944444
0.217140 0.944444
0.217240 0.944444
0.217339 0.944444
0.217438 0.944444
0.217537 0.944444
0.217636 0.944444
0.217735 0.943311
0.217834 0.943311
0.217933 0.943311
0.218033 0.943311
0.218132 0.943311
0.218231 0.943311
0.218330 0.941043
0.218429 0.941043
0.218528 0.941043
0.218627 0.941043
0.218726 0.941043
0.218826 0.941043
0.218925 0.941043
0.219024 0.941043
0.219123 0.939909
0.219222 0.939909
0.219321 0.939909
0.219420 0.939909
0.219520 0.939909
0.219619 0.939909
0.219718 0.939909
0.219817 0.939909
0.219916 0.939909
0.220015 0.939909
0.220114 0.939909
0.220213 0.939909
0.220313 0.939909
0.220412 0.938776
0.220511 0.938776
0.220610 0.938776
0.220709 0.938776
0.220808 0.938776
0.220907 0.938776
0.221006 0.938776
0.221106 0.938776
0.221205 0.938776
0.221304 0.938776
0.221403 0.938776
0.221502 0.938776
0.221601 0.938776
0.221700 0.938776
0.221799 0.938776
0.221899 0.938776
0.221998 0.938776
0.222097 0.938776
0.222196 0.938776
0.222295 0.938776
0.222394 0.938776
0.222493 0.938776
0.222592 0.938776
0.222692 0.938776
0.222791 0.938776
0.222890 0.938776
0.222989 0.938776
0.223088 0.938776
0.223187 0.937642
0.223286 0.937642
0.223385 0.937642
0.223485 0.937642
0.223584 0.937642
0.223683 0.937642
0.223782 0.936508
0.223881 0.936508
0.223980 0.936508
0.224079 0.936508
0.224178 0.936508
0.224278 0.935374
0.224377 0.934240
0.224476 0.934240
0.224575 0.933107
0.224674 0.933107
0.224773 0.933107
0.224872 0.933107
0.224971 0.933107
0.225071 0.933107
0.225170 0.931973
0.225269 0.931973
0.225368 0.931973
0.225467 0.931973
0.225566 0.930839
0.225665 0.930839
0.225764 0.930839
0.225864 0.930839
0.225963 0.930839
0.226062 0.930839
0.226161 0.930839
0.226260 0.930839
0.226359 0.930839
0.226458 0.930839
0.226557 0.930839
0.226657 0.930839
0.226756 0.930839
0.226855 0.930839
0.226954 0.930839
0.227053 0.930839
0.227152 0.930839
0.227251 0.930839
0.227350 0.930839
0.227450 0.930839
0.227549 0.930839
0.227648 0.930839
0.227747 0.930839
0.227846 0.930839
0.227945 0.930839
0.228044 0.930839
0.228144 0.930839
0.228243 0.930839
0.228342 0.930839
0.228441 0.930839
0.228540 0.930839
0.228639 0.930839
0.228738 0.930839
0.228837 0.929705
0.228937 0.929705
0.229036 0.929705
0.229135 0.929705
0.229234 0.929705
0.229333 0.929705
0.229432 0.929705
0.229531 0.929705
0.229630 0.929705
0.229730 0.929705
0.229829 0.929705
0.229928 0.929705
0.230027 0.929705
0.230126 0.929705
0.230225 0.929705
0.230324 0.929705
0.230423 0.929705
0.230523 0.929705
0.230622 0.929705
0.230721 0.929705
0.230820 0.929705
0.230919 0.929705
0.231018 0.929705
0.231117 0.929705
0.231216 0.929705
0.231316 0.929705
0.231415 0.929705
0.231514 0.929705
0.231613 0.929705
0.231712 0.929705
0.231811 0.928571
0.231910 0.928571
0.232009 0.928571
0.232109 0.928571
0.232208 0.928571
0.232307 0.928571
0.232406 0.928571
0.232505 0.927438
0.232604 0.927438
0.232703 0.927438
0.232802 0.927438
0.232902 0.927438
0.233001 0.927438
0.233100 0.927438
0.233199 0.927438
0.233298 0.927438
0.233397 0.927438
0.233496 0.927438
0.233595 0.927438
0.233695 0.927438
0.233794 0.927438
0.233893 0.927438
0.233992 0.927438
0.234091 0.927438
0.234190 0.927438
0.234289 0.927438
0.234388 0.927438
0.234488 0.927438
0.234587 0.927438
0.234686 0.927438
0.234785 0.927438
0.234884 0.927438
0.234983 0.927438
0.235082 0.927438
0.235181 0.927438
0.235281 0.927438
0.235380 0.927438
0.235479 0.927438
0.235578 0.927438
0.235677 0.927438
0.235776 0.927438
0.235875 0.927438
0.235974 0.927438
0.236074 0.927438
0.236173 0.927438
0.236272 0.927438
0.236371 0.927438
0.236470 0.927438
0.236569 0.927438
0.236668 0.927438
0.236768 0.926304
0.236867 0.926304
0.236966 0.926304
0.237065 0.926304
0.237164 0.926304
0.237263 0.926304
0.237362 0.926304
0.237461 0.926304
0.237561 0.926304
0.237660 0.926304
0.237759 0.926304
0.237858 0.926304
0.237957 0.926304
0.238056 0.925170
0.238155 0.925170
0.238254 0.925170
0.238354 0.925170
0.238453 0.925170
0.238552 0.925170
0.238651 0.925170
0.238750 0.925170
0.238849 0.925170
0.238948 0.925170
0.239047 0.925170
0.239147 0.925170
0.239246 0.925170
0.239345 0.925170
0.239444 0.925170
0.239543 0.925170
0.239642 0.925170
0.239741 0.925170
0.239840 0.925170
0.239940 0.925170
0.240039 0.925170
0.240138 0.925170
0.240237 0.925170
0.240336 0.925170
0.240435 0.925170
0.240534 0.925170
0.240633 0.925170
0.240733 0.925170
0.240832 0.925170
0.240931 0.925170
0.241030 0.925170
0.241129 0.925170
0.241228 0.924036
0.241327 0.924036
0.241426 0.924036
0.241526 0.924036
0.241625 0.922902
0.241724 0.922902
0.241823 0.922902
0.241922 0.922902
0.242021 0.922902
0.242120 0.922902
0.242219 0.922902
0.242319 0.922902
0.242418 0.922902
0.242517 0.922902
0.242616 0.921769
0.242715 0.921769
0.242814 0.921769
0.242913 0.921769
0.243012 0.921769
0.243112 0.921769
0.243211 0.921769
0.243310 0.921769
0.243409 0.921769
0.243508 0.921769
0.243607 0.921769
0.243706 0.921769
0.243805 0.921769
0.243905 0.921769
0.244004 0.921769
0.244103 0.921769
0.244202 0.921769
0.244301 0.921769
0.244400 0.921769
0.244499 0.921769
0.244598 0.921769
0.244698 0.921769
0.244797 0.921769
0.244896 0.921769
0.244995 0.921769
0.245094 0.921769
0.245193 0.921769
0.245292 0.921769
0.245392 0.921769
0.245491 0.921769
0.245590 0.921769
0.245689 0.921769
0.245788 0.921769
0.245887 0.921769
0.245986 0.921769
0.246085 0.920635
0.246185 0.920635
0.246284 0.920635
0.246383 0.920635
0.246482 0.920635
0.246581 0.920635
0.246680 0.920635
0.246779 0.920635
0.246878 0.920635
0.246978 0.920635
0.247077 0.920635
0.247176 0.920635
0.247275 0.920635
0.247374 0.920635
0.247473 0.920635
0.247572 0.920635
0.247671 0.920635
0.247771 0.920635
0.247870 0.920635
0.247969 0.920635
0.248068 0.920635
0.248167 0.920635
0.248266 0.920635
0.248365 0.920635
0.248464 0.920635
0.248564 0.920635
0.248663 0.920635
0.248762 0.920635
0.248861 0.920635
0.248960 0.920635
0.249059 0.920635
0.249158 0.920635
0.249257 0.919501
0.249357 0.919501
0.249456 0.919501
0.249555 0.919501
0.249654 0.919501
0.249753 0.919501
0.249852 0.919501
0.249951 0.919501
0.250050 0.919501
0.250150 0.919501
0.250249 0.919501
0.250348 0.919501
0.250447 0.919501
0.250546 0.919501
0.250645 0.918367
0.250744 0.918367
0.250843 0.918367
0.250943 0.918367
0.251042 0.918367
0.251141 0.918367
0.251240 0.918367
0.251339 0.918367
0.251438 0.918367
0.251537 0.918367
0.251636 0.918367
0.251736 0.918367
0.251835 0.918367
0.251934 0.918367
0.252033 0.918367
0.252132 0.918367
0.252231 0.918367
0.252330 0.918367
0.252429 0.918367
0.252529 0.918367
0.252628 0.918367
0.252727 0.918367
0.252826 0.918367
0.252925 0.918367
0.253024 0.918367
0.253123 0.918367
0.253222 0.918367
0.253322 0.918367
0.253421 0.918367
0.253520 0.917234
0.253619 0.917234
0.253718 0.917234
0.253817 0.917234
0.253916 0.917234
0.254016 0.917234
0.254115 0.917234
0.254214 0.917234
0.254313 0.917234
0.254412 0.917234
0.254511 0.916100
0.254610 0.916100
0.254709 0.914966
0.254809 0.914966
0.254908 0.914966
0.255007 0.914966
0.255106 0.913832
0.255205 0.913832
0.255304 0.913832
0.255403 0.913832
0.255502 0.913832
0.255602 0.913832
0.255701 0.913832
0.255800 0.913832
0.255899 0.913832
0.255998 0.913832
0.256097 0.913832
0.256196 0.913832
0.256295 0.913832
0.256395 0.913832
0.256494 0.913832
0.256593 0.913832
0.256692 0.913832
0.256791 0.913832
0.256890 0.913832
0.256989 0.913832
0.257088 0.913832
0.257188 0.913832
0.257287 0.913832
0.257386 0.913832
0.257485 0.913832
0.257584 0.913832
0.257683 0.913832
0.257782 0.913832
0.257881 0.913832
0.257981 0.912698
0.258080 0.912698
0.258179 0.912698
0.258278 0.912698
0.258377 0.912698
0.258476 0.912698
0.258575 0.912698
0.258674 0.912698
0.258774 0.912698
0.258873 0.912698
0.258972 0.911565
0.259071 0.911565
0.259170 0.911565
0.259269 0.911565
0.259368 0.911565
0.259467 0.911565
0.259567 0.910431
0.259666 0.910431
0.259765 0.910431
0.259864 0.910431
0.259963 0.910431
0.260062 0.910431
0.260161 0.910431
0.260260 0.910431
0.260360 0.910431
0.260459 0.910431
0.260558 0.910431
0.260657 0.909297
0.260756 0.909297
0.260855 0.909297
0.260954 0.909297
0.261053 0.909297
0.261153 0.909297
0.261252 0.909297
0.261351 0.909297
0.261450 0.909297
0.261549 0.909297
0.261648 0.909297
0.261747 0.909297
0.261846 0.909297
0.261946 0.909297
0.262045 0.909297
0.262144 0.909297
0.262243 0.909297
0.262342 0.909297
0.262441 0.909297
0.262540 0.909297
0.262640 0.909297
0.262739 0.909297
0.262838 0.909297
0.262937 0.909297
0.263036 0.909297
0.263135 0.909297
0.263234 0.909297
0.263333 0.909297
0.263433 0.909297
0.263532 0.909297
0.263631 0.909297
0.263730 0.909297
0.263829 0.909297
0.263928 0.909297
0.264027 0.909297
0.264126 0.908163
0.264226 0.908163
0.264325 0.908163
0.264424 0.908163
0.264523 0.908163
0.264622 0.908163
0.264721 0.908163
0.264820 0.907029
0.264919 0.907029
0.265019 0.907029
0.265118 0.907029
0.265217 0.907029
0.265316 0.907029
0.265415 0.907029
0.265514 0.907029
0.265613 0.907029
0.265712 0.907029
0.265812 0.907029
0.265911 0.907029
0.266010 0.907029
0.266109 0.907029
0.266208 0.907029
0.266307 0.907029
0.266406 0.907029
0.266505 0.907029
0.266605 0.907029
0.266704 0.907029
0.266803 0.907029
0.266902 0.907029
0.267001 0.907029
0.267100 0.907029
0.267199 0.907029
0.267298 0.907029
0.267398 0.907029
0.267497 0.907029
0.267596 0.907029
0.267695 0.907029
0.267794 0.907029
0.267893 0.907029
0.267992 0.907029
0.268091 0.907029
0.268191 0.907029
0.268290 0.907029
0.268389 0.907029
0.268488 0.907029
0.268587 0.907029
0.268686 0.907029
0.268785 0.907029
0.268884 0.907029
0.268984 0.907029
0.269083 0.907029
0.269182 0.907029
0.269281 0.907029
0.269380 0.905896
0.269479 0.905896
0.269578 0.904762
0.269677 0.904762
0.269777 0.904762
0.269876 0.904762
0.269975 0.904762
0.270074 0.904762
0.270173 0.904762
0.270272 0.904762
0.270371 0.904762
0.270471 0.904762
0.270570 0.904762
0.270669 0.903628
0.270768 0.903628
0.270867 0.903628
0.270966 0.902494
0.271065 0.902494
0.271164 0.902494
0.271264 0.902494
0.271363 0.902494
0.271462 0.902494
0.271561 0.902494
0.271660 0.902494
0.271759 0.902494
0.271858 0.901361
0.271957 0.901361
0.272057 0.901361
0.272156 0.901361
0.272255 0.901361
0.272354 0.901361
0.272453 0.900227
0.272552 0.900227
0.272651 0.900227
0.272750 0.900227
0.272850 0.900227
0.272949 0.900227
0.273048 0.900227
0.273147 0.900227
0.273246 0.899093
0.273345 0.899093
0.273444 0.899093
0.273543 0.899093
0.273643 0.899093
0.273742 0.899093
0.273841 0.899093
0.273940 0.899093
0.274039 0.899093
0.274138 0.899093
0.274237 0.899093
0.274336 0.899093
0.274436 0.899093
0.274535 0.899093
0.274634 0.899093
0.274733 0.899093
0.274832 0.899093
0.274931 0.899093
0.275030 0.899093
0.275129 0.899093
0.275229 0.899093
0.275328 0.899093
0.275427 0.899093
0.275526 0.899093
0.275625 0.899093
0.275724 0.899093
0.275823 0.899093
0.275922 0.899093
0.276022 0.899093
0.276121 0.899093
0.276220 0.899093
0.276319 0.899093
0.276418 0.897959
0.276517 0.897959
0.276616 0.896825
0.276715 0.896825
0.276815 0.896825
0.276914 0.896825
0.277013 0.896825
0.277112 0.895692
0.277211 0.895692
0.277310 0.895692
0.277409 0.895692
0.277508 0.895692
0.277608 0.895692
0.277707 0.895692
0.277806 0.895692
0.277905 0.895692
0.278004 0.895692
0.278103 0.895692
0.278202 0.895692
0.278301 0.895692
0.278401 0.895692
0.278500 0.894558
0.278599 0.893424
0.278698 0.893424
0.278797 0.893424
0.278896 0.893424
0.278995 0.893424
0.279095 0.893424
0.279194 0.893424
0.279293 0.893424
0.279392 0.893424
0.279491 0.893424
0.279590 0.892290
0.279689 0.892290
0.279788 0.891156
0.279888 0.891156
0.279987 0.890023
0.280086 0.890023
0.280185 0.890023
0.280284 0.890023
0.280383 0.890023
0.280482 0.890023
0.280581 0.890023
0.280681 0.890023
0.280780 0.890023
0.280879 0.888889
0.280978 0.888889
0.281077 0.888889
0.281176 0.887755
0.281275 0.887755
0.281374 0.887755
0.281474 0.887755
0.281573 0.887755
0.281672 0.887755
0.281771 0.887755
0.281870 0.887755
0.281969 0.887755
0.282068 0.887755
0.282167 0.887755
0.282267 0.887755
0.282366 0.887755
0.282465 0.887755
0.282564 0.887755
0.282663 0.886621
0.282762 0.886621
0.282861 0.885488
0.282960 0.885488
0.283060 0.885488
0.283159 0.884354
0.283258 0.884354
0.283357 0.883220
0.283456 0.883220
0.283555 0.883220
0.283654 0.883220
0.283753 0.883220
0.283853 0.883220
0.283952 0.883220
0.284051 0.883220
0.284150 0.883220
0.284249 0.883220
0.284348 0.883220
0.284447 0.883220
0.284546 0.883220
0.284646 0.883220
0.284745 0.883220
0.284844 0.883220
0.284943 0.883220
0.285042 0.883220
0.285141 0.883220
0.285240 0.883220
0.285339 0.883220
0.285439 0.883220
0.285538 0.883220
0.285637 0.883220
0.285736 0.883220
0.285835 0.883220
0.285934 0.883220
0.286033 0.883220
0.286132 0.883220
0.286232 0.883220
0.286331 0.883220
0.286430 0.883220
0.286529 0.883220
0.286628 0.883220
0.286727 0.883220
0.286826 0.883220
0.286925 0.883220
0.287025 0.883220
0.287124 0.883220
0.287223 0.882086
0.287322 0.882086
0.287421 0.882086
0.287520 0.882086
0.287619 0.882086
0.287719 0.882086
0.287818 0.882086
0.287917 0.882086
0.288016 0.882086
0.288115 0.882086
0.288214 0.882086
0.288313 0.882086
0.288412 0.882086
0.288512 0.882086
0.288611 0.882086
0.288710 0.882086
0.288809 0.882086
0.288908 0.882086
0.289007 0.882086
0.289106 0.882086
0.289205 0.882086
0.289305 0.882086
0.289404 0.882086
0.289503 0.882086
0.289602 0.882086
0.289701 0.882086
0.289800 0.882086
0.289899 0.882086
0.289998 0.882086
0.290098 0.882086
0.290197 0.882086
0.290296 0.882086
0.290395 0.882086
0.290494 0.882086
0.290593 0.882086
0.290692 0.882086
0.290791 0.882086
0.290891 0.882086
0.290990 0.882086
0.291089 0.882086
0.291188 0.882086
0.291287 0.882086
0.291386 0.882086
0.291485 0.882086
0.291584 0.882086
0.291684 0.882086
0.291783 0.882086
0.291882 0.882086
0.291981 0.882086
0.292080 0.882086
0.292179 0.882086
0.292278 0.882086
0.292377 0.882086
0.292477 0.882086
0.292576 0.880952
0.292675 0.880952
0.292774 0.879819
0.292873 0.879819
0.292972 0.879819
0.293071 0.879819
0.293170 0.879819
0.293270 0.879819
0.293369 0.879819
0.293468 0.879819
0.293567 0.879819
0.293666 0.879819
0.293765 0.879819
0.293864 0.879819
0.293963 0.879819
0.294063 0.879819
0.294162 0.879819
0.294261 0.879819
0.294360 0.879819
0.294459 0.879819
0.294558 0.879819
0.294657 0.879819
0.294756 0.879819
0.294856 0.879819
0.294955 0.879819
0.295054 0.878685
0.295153 0.878685
0.295252 0.878685
0.295351 0.878685
0.295450 0.878685
0.295549 0.878685
0.295649 0.878685
0.295748 0.878685
0.295847 0.878685
0.295946 0.878685
0.296045 0.878685
0.296144 0.878685
0.296243 0.878685
0.296343 0.878685
0.296442 0.878685
0.296541 0.878685
0.296640 0.878685
0.296739 0.877551
0.296838 0.877551
0.296937 0.877551
0.297036 0.876417
0.297136 0.876417
0.297235 0.876417
0.297334 0.876417
0.297433 0.876417
0.297532 0.876417
0.297631 0.875283
0.297730 0.875283
0.297829 0.875283
0.297929 0.875283
0.298028 0.875283
0.298127 0.875283
0.298226 0.875283
0.298325 0.875283
0.298424 0.875283
0.298523 0.874150
0.298622 0.874150
0.298722 0.874150
0.298821 0.874150
0.298920 0.874150
0.299019 0.874150
0.299118 0.874150
0.299217 0.874150
0.299316 0.874150
0.299415 0.874150
0.299515 0.874150
0.299614 0.874150
0.299713 0.874150
0.299812 0.874150
0.299911 0.874150
0.300010 0.873016
0.300109 0.873016
0.300208 0.873016
0.300308 0.873016
0.300407 0.873016
0.300506 0.873016
0.300605 0.873016
0.300704 0.871882
0.300803 0.871882
0.300902 0.871882
0.301001 0.871882
0.301101 0.871882
0.301200 0.871882
0.301299 0.871882
0.301398 0.871882
0.301497 0.871882
0.301596 0.871882
0.301695 0.871882
0.301794 0.871882
0.301894 0.871882
0.301993 0.871882
0.302092 0.871882
0.302191 0.871882
0.302290 0.871882
0.302389 0.871882
0.302488 0.871882
0.302587 0.871882
0.302687 0.871882
0.302786 0.871882
0.302885 0.871882
0.302984 0.871882
0.303083 0.871882
0.303182 0.871882
0.303281 0.871882
0.303380 0.871882
0.303480 0.871882
0.303579 0.871882
0.303678 0.871882
0.303777 0.871882
0.303876 0.871882
0.303975 0.871882
0.304074 0.871882
0.304173 0.871882
0.304273 0.871882
0.304372 0.871882
0.304471 0.871882
0.304570 0.871882
0.304669 0.871882
0.304768 0.871882
0.304867 0.871882
0.304967 0.871882
0.305066 0.870748
0.305165 0.870748
0.305264 0.870748
0.305363 0.870748
0.305462 0.870748
0.305561 0.870748
0.305660 0.870748
0.305760 0.870748
0.305859 0.869615
0.305958 0.869615
0.306057 0.869615
0.306156 0.868481
0.306255 0.868481
0.306354 0.868481
0.306453 0.868481
0.306553 0.868481
0.306652 0.868481
0.306751 0.868481
0.306850 0.868481
0.306949 0.868481
0.307048 0.868481
0.307147 0.868481
0.307246 0.868481
0.307346 0.868481
0.307445 0.868481
0.307544 0.868481
0.307643 0.868481
0.307742 0.868481
0.307841 0.868481
0.307940 0.868481
0.308039 0.868481
0.308139 0.868481
0.308238 0.868481
0.308337 0.868481
0.308436 0.868481
0.308535 0.867347
0.308634 0.867347
0.308733 0.866213
0.308832 0.866213
0.308932 0.866213
0.309031 0.866213
0.309130 0.866213
0.309229 0.866213
0.309328 0.866213
0.309427 0.866213
0.309526 0.866213
0.309625 0.866213
0.309725 0.866213
0.309824 0.866213
0.309923 0.866213
0.310022 0.866213
0.310121 0.866213
0.310220 0.865079
0.310319 0.865079
0.310418 0.865079
0.310518 0.865079
0.310617 0.865079
0.310716 0.865079
0.310815 0.863946
0.310914 0.863946
0.311013 0.863946
0.311112 0.863946
0.311211 0.863946
0.311311 0.863946
0.311410 0.863946
0.311509 0.863946
0.311608 0.863946
0.311707 0.863946
0.311806 0.863946
0.311905 0.863946
0.312004 0.863946
0.312104 0.863946
0.312203 0.863946
0.312302 0.863946
0.312401 0.863946
0.312500 0.863946
0.312599 0.863946
0.312698 0.862812
0.312797 0.862812
0.312897 0.862812
0.312996 0.861678
0.313095 0.861678
0.313194 0.861678
0.313293 0.861678
0.313392 0.861678
0.313491 0.861678
0.313591 0.861678
0.313690 0.861678
0.313789 0.861678
0.313888 0.861678
0.313987 0.861678
0.314086 0.861678
0.314185 0.861678
0.314284 0.861678
0.314384 0.861678
0.314483 0.861678
0.314582 0.860544
0.314681 0.860544
0.314780 0.860544
0.314879 0.860544
0.314978 0.860544
0.315077 0.860544
0.315177 0.860544
0.315276 0.860544
0.315375 0.860544
0.315474 0.860544
0.315573 0.860544
0.315672 0.860544
0.315771 0.860544
0.315870 0.860544
0.315970 0.860544
0.316069 0.860544
0.316168 0.860544
0.316267 0.860544
0.316366 0.860544
0.316465 0.860544
0.316564 0.860544
0.316663 0.860544
0.316763 0.860544
0.316862 0.860544
0.316961 0.860544
0.317060 0.860544
0.317159 0.860544
0.317258 0.860544
0.317357 0.860544
0.317456 0.860544
0.317556 0.860544
0.317655 0.860544
0.317754 0.860544
0.317853 0.860544
0.317952 0.860544
0.318051 0.860544
0.318150 0.860544
0.318249 0.860544
0.318349 0.860544
0.318448 0.860544
0.318547 0.859410
0.318646 0.859410
0.318745 0.859410
0.318844 0.859410
0.318943 0.859410
0.319042 0.859410
0.319142 0.859410
0.319241 0.859410
0.319340 0.859410
0.319439 0.859410
0.319538 0.859410
0.319637 0.859410
0.319736 0.859410
0.319835 0.859410
0.319935 0.859410
0.320034 0.859410
0.320133 0.859410
0.320232 0.859410
0.320331 0.859410
0.320430 0.859410
0.320529 0.859410
0.320628 0.859410
0.320728 0.859410
0.320827 0.859410
0.320926 0.859410
0.321025 0.859410
0.321124 0.859410
0.321223 0.859410
0.321322 0.859410
0.321421 0.859410
0.321521 0.859410
0.321620 0.859410
0.321719 0.859410
0.321818 0.859410
0.321917 0.859410
0.322016 0.858277
0.322115 0.858277
0.322215 0.858277
0.322314 0.858277
0.322413 0.858277
0.322512 0.858277
0.322611 0.858277
0.322710 0.858277
0.322809 0.858277
0.322908 0.858277
0.323008 0.858277
0.323107 0.858277
0.323206 0.858277
0.323305 0.858277
0.323404 0.858277
0.323503 0.858277
0.323602 0.858277
0.323701 0.858277
0.323801 0.858277
0.323900 0.858277
0.323999 0.858277
0.324098 0.858277
0.324197 0.858277
0.324296 0.858277
0.324395 0.858277
0.324494 0.858277
0.324594 0.858277
0.324693 0.858277
0.324792 0.858277
0.324891 0.858277
0.324990 0.858277
0.325089 0.858277
0.325188 0.858277
0.325287 0.858277
0.325387 0.858277
0.325486 0.858277
0.325585 0.858277
0.325684 0.858277
0.325783 0.858277
0.325882 0.858277
0.325981 0.858277
0.326080 0.858277
0.326180 0.858277
0.326279 0.858277
0.326378 0.858277
0.326477 0.858277
0.326576 0.857143
0.326675 0.857143
0.326774 0.857143
0.326873 0.857143
0.326973 0.857143
0.327072 0.857143
0.327171 0.857143
0.327270 0.857143
0.327369 0.857143
0.327468 0.857143
0.327567 0.857143
0.327666 0.857143
0.327766 0.857143
0.327865 0.857143
0.327964 0.856009
0.328063 0.856009
0.328162 0.856009
0.328261 0.856009
0.328360 0.856009
0.328459 0.856009
0.328559 0.856009
0.328658 0.854875
0.328757 0.854875
0.328856 0.854875
0.328955 0.854875
0.329054 0.854875
0.329153 0.854875
0.329252 0.854875
0.329352 0.854875
0.329451 0.854875
0.329550 0.854875
0.329649 0.854875
0.329748 0.854875
0.329847 0.854875
0.329946 0.854875
0.330045 0.854875
0.330145 0.854875
0.330244 0.854875
0.330343 0.854875
0.330442 0.854875
0.330541 0.854875
0.330640 0.854875
0.330739 0.854875
0.330839 0.854875
0.330938 0.854875
0.331037 0.854875
0.331136 0.854875
0.331235 0.854875
0.331334 0.853741
0.331433 0.853741
0.331532 0.853741
0.331632 0.853741
0.331731 0.853741
0.331830 0.853741
0.331929 0.853741
0.332028 0.853741
0.332127 0.853741
0.332226 0.853741
0.332325 0.853741
0.332425 0.853741
0.332524 0.853741
0.332623 0.853741
0.332722 0.852608
0.332821 0.852608
0.332920 0.852608
0.333019 0.852608
0.333118 0.852608
0.333218 0.852608
0.333317 0.852608
0.333416 0.852608
0.333515 0.852608
0.333614 0.852608
0.333713 0.852608
0.333812 0.852608
0.333911 0.852608
0.334011 0.852608
0.334110 0.852608
0.334209 0.852608
0.334308 0.852608
0.334407 0.851474
0.334506 0.851474
0.334605 0.851474
0.334704 0.851474
0.334804 0.851474
0.334903 0.851474
0.335002 0.851474
0.335101 0.851474
0.335200 0.851474
0.335299 0.851474
0.335398 0.851474
0.335497 0.851474
0.335597 0.851474
0.335696 0.851474
0.335795 0.851474
0.335894 0.851474
0.335993 0.851474
0.336092 0.851474
0.336191 0.851474
0.336290 0.851474
0.336390 0.851474
0.336489 0.851474
0.336588 0.851474
0.336687 0.851474
0.336786 0.850340
0.336885 0.850340
0.336984 0.850340
0.337083 0.850340
0.337183 0.850340
0.337282 0.850340
0.337381 0.850340
0.337480 0.850340
0.337579 0.850340
0.337678 0.850340
0.337777 0.850340
0.337876 0.850340
0.337976 0.850340
0.338075 0.850340
0.338174 0.850340
0.338273 0.850340
0.338372 0.850340
0.338471 0.850340
0.338570 0.850340
0.338669 0.849206
0.338769 0.849206
0.338868 0.849206
0.338967 0.849206
0.339066 0.849206
0.339165 0.849206
0.339264 0.849206
0.339363 0.849206
0.339463 0.849206
0.339562 0.849206
0.339661 0.849206
0.339760 0.849206
0.339859 0.849206
0.339958 0.849206
0.340057 0.849206
0.340156 0.849206
0.340256 0.849206
0.340355 0.849206
0.340454 0.849206
0.340553 0.849206
0.340652 0.849206
0.340751 0.849206
0.340850 0.849206
0.340949 0.849206
0.341049 0.849206
0.341148 0.849206
0.341247 0.849206
0.341346 0.849206
0.341445 0.849206
0.341544 0.849206
0.341643 0.849206
0.341742 0.849206
0.341842 0.849206
0.341941 0.849206
0.342040 0.849206
0.342139 0.849206
0.342238 0.849206
0.342337 0.849206
0.342436 0.849206
0.342535 0.849206
0.342635 0.849206
0.342734 0.849206
0.342833 0.849206
0.342932 0.849206
0.343031 0.848073
0.343130 0.848073
0.343229 0.848073
0.343328 0.848073
0.343428 0.848073
0.343527 0.848073
0.343626 0.848073
0.343725 0.848073
0.343824 0.848073
0.343923 0.848073
0.344022 0.848073
0.344121 0.848073
0.344221 0.848073
0.344320 0.848073
0.344419 0.848073
0.344518 0.848073
0.344617 0.848073
0.344716 0.848073
0.344815 0.848073
0.344914 0.848073
0.345014 0.848073
0.345113 0.848073
0.345212 0.848073
0.345311 0.848073
0.345410 0.848073
0.345509 0.848073
0.345608 0.848073
0.345707 0.848073
0.345807 0.848073
0.345906 0.848073
0.346005 0.848073
0.346104 0.848073
0.346203 0.848073
0.346302 0.848073
0.346401 0.848073
0.346500 0.848073
0.346600 0.848073
0.346699 0.848073
0.346798 0.848073
0.346897 0.848073
0.346996 0.848073
0.347095 0.848073
0.347194 0.848073
0.347293 0.848073
0.347393 0.848073
0.347492 0.848073
0.347591 0.848073
0.347690 0.848073
0.347789 0.848073
0.347888 0.848073
0.347987 0.848073
0.348087 0.848073
0.348186 0.848073
0.348285 0.848073
0.348384 0.848073
0.348483 0.848073
0.348582 0.848073
0.348681 0.848073
0.348780 0.848073
0.348880 0.848073
0.348979 0.848073
0.349078 0.848073
0.349177 0.848073
0.349276 0.848073
0.349375 0.848073
0.349474 0.848073
0.349573 0.848073
0.349673 0.848073
0.349772 0.846939
0.349871 0.846939
0.349970 0.846939
0.350069 0.846939
0.350168 0.846939
0.350267 0.846939
0.350366 0.846939
0.350466 0.846939
0.350565 0.846939
0.350664 0.846939
0.350763 0.846939
0.350862 0.846939
0.350961 0.846939
0.351060 0.846939
0.351159 0.845805
0.351259 0.845805
0.351358 0.845805
0.351457 0.845805
0.351556 0.845805
0.351655 0.845805
0.351754 0.845805
0.351853 0.845805
0.351952 0.845805
0.352052 0.845805
0.352151 0.844671
0.352250 0.844671
0.352349 0.844671
0.352448 0.843537
0.352547 0.843537
0.352646 0.843537
0.352745 0.843537
0.352845 0.843537
0.352944 0.843537
0.353043 0.843537
0.353142 0.843537
0.353241 0.843537
0.353340 0.843537
0.353439 0.843537
0.353538 0.843537
0.353638 0.843537
0.353737 0.843537
0.353836 0.843537
0.353935 0.843537
0.354034 0.843537
0.354133 0.843537
0.354232 0.843537
0.354331 0.843537
0.354431 0.843537
0.354530 0.843537
0.354629 0.843537
0.354728 0.843537
0.354827 0.843537
0.354926 0.843537
0.355025 0.843537
0.355124 0.843537
0.355224 0.843537
0.355323 0.843537
0.355422 0.843537
0.355521 0.843537
0.355620 0.843537
0.355719 0.843537
0.355818 0.843537
0.355917 0.843537
0.356017 0.843537
0.356116 0.843537
0.356215 0.843537
0.356314 0.843537
0.356413 0.842404
0.356512 0.842404
0.356611 0.842404
0.356711 0.842404
0.356810 0.842404
0.356909 0.842404
0.357008 0.842404
0.357107 0.841270
0.357206 0.841270
0.357305 0.841270
0.357404 0.841270
0.357504 0.841270
0.357603 0.841270
0.357702 0.841270
0.357801 0.841270
0.357900 0.841270
0.357999 0.841270
0.358098 0.840136
0.358197 0.840136
0.358297 0.840136
0.358396 0.840136
0.358495 0.840136
0.358594 0.840136
0.358693 0.840136
0.358792 0.840136
0.358891 0.839002
0.358990 0.839002
0.359090 0.839002
0.359189 0.839002
0.359288 0.839002
0.359387 0.839002
0.359486 0.839002
0.359585 0.839002
0.359684 0.839002
0.359783 0.839002
0.359883 0.839002
0.359982 0.839002
0.360081 0.837868
0.360180 0.837868
0.360279 0.837868
0.360378 0.837868
0.360477 0.837868
0.360576 0.837868
0.360676 0.837868
0.360775 0.837868
0.360874 0.837868
0.360973 0.837868
0.361072 0.836735
0.361171 0.836735
0.361270 0.836735
0.361369 0.836735
0.361469 0.836735
0.361568 0.836735
0.361667 0.836735
0.361766 0.835601
0.361865 0.835601
0.361964 0.835601
0.362063 0.835601
0.362162 0.835601
0.362262 0.835601
0.362361 0.835601
0.362460 0.835601
0.362559 0.835601
0.362658 0.835601
0.362757 0.835601
0.362856 0.835601
0.362955 0.834467
0.363055 0.834467
0.363154 0.834467
0.363253 0.834467
0.363352 0.834467
0.363451 0.834467
0.363550 0.834467
0.363649 0.834467
0.363748 0.834467
0.363848 0.834467
0.363947 0.834467
0.364046 0.834467
0.364145 0.834467
0.364244 0.834467
0.364343 0.834467
0.364442 0.834467
0.364541 0.834467
0.364641 0.834467
0.364740 0.834467
0.364839 0.834467
0.364938 0.834467
0.365037 0.834467
0.365136 0.834467
0.365235 0.834467
0.365335 0.834467
0.365434 0.833333
0.365533 0.833333
0.365632 0.833333
0.365731 0.833333
0.365830 0.833333
0.365929 0.833333
0.366028 0.833333
0.366128 0.833333
0.366227 0.833333
0.366326 0.833333
0.366425 0.833333
0.366524 0.833333
0.366623 0.833333
0.366722 0.833333
0.366821 0.833333
0.366921 0.833333
0.367020 0.833333
0.367119 0.833333
0.367218 0.833333
0.367317 0.833333
0.367416 0.833333
0.367515 0.833333
0.367614 0.833333
0.367714 0.833333
0.367813 0.833333
0.367912 0.833333
0.368011 0.833333
0.368110 0.833333
0.368209 0.833333
0.368308 0.833333
0.368407 0.833333
0.368507 0.833333
0.368606 0.833333
0.368705 0.833333
0.368804 0.833333
0.368903 0.833333
0.369002 0.833333
0.369101 0.833333
0.369200 0.833333
0.369300 0.833333
0.369399 0.833333
0.369498 0.833333
0.369597 0.833333
0.369696 0.833333
0.369795 0.833333
0.369894 0.833333
0.369993 0.833333
0.370093 0.833333
0.370192 0.833333
0.370291 0.833333
0.370390 0.833333
0.370489 0.833333
0.370588 0.833333
0.370687 0.833333
0.370786 0.833333
0.370886 0.833333
0.370985 0.833333
0.371084 0.833333
0.371183 0.833333
0.371282 0.833333
0.371381 0.833333
0.371480 0.833333
0.371579 0.833333
0.371679 0.832200
0.371778 0.832200
0.371877 0.832200
0.371976 0.832200
0.372075 0.832200
0.372174 0.832200
0.372273 0.832200
0.372372 0.832200
0.372472 0.831066
0.372571 0.831066
0.372670 0.831066
0.372769 0.831066
0.372868 0.831066
0.372967 0.831066
0.373066 0.831066
0.373165 0.831066
0.373265 0.831066
0.373364 0.831066
0.373463 0.831066
0.373562 0.829932
0.373661 0.829932
0.373760 0.829932
0.373859 0.829932
0.373959 0.829932
0.374058 0.829932
0.374157 0.828798
0.374256 0.828798
0.374355 0.828798
0.374454 0.828798
0.374553 0.828798
0.374652 0.828798
0.374752 0.828798
0.374851 0.828798
0.374950 0.827664
0.375049 0.827664
0.375148 0.827664
0.375247 0.827664
0.375346 0.827664
0.375445 0.827664
0.375545 0.827664
0.375644 0.827664
0.375743 0.827664
0.375842 0.826531
0.375941 0.826531
0.376040 0.826531
0.376139 0.826531
0.376238 0.826531
0.376338 0.826531
0.376437 0.826531
0.376536 0.826531
0.376635 0.826531
0.376734 0.826531
0.376833 0.826531
0.376932 0.826531
0.377031 0.826531
0.377131 0.826531
0.377230 0.826531
0.377329 0.826531
0.377428 0.826531
0.377527 0.826531
0.377626 0.826531
0.377725 0.826531
0.377824 0.826531
0.377924 0.826531
0.378023 0.826531
0.378122 0.826531
0.378221 0.826531
0.378320 0.826531
0.378419 0.825397
0.378518 0.825397
0.378617 0.825397
0.378717 0.825397
0.378816 0.825397
0.378915 0.825397
0.379014 0.824263
0.379113 0.824263
0.379212 0.824263
0.379311 0.824263
0.379410 0.824263
0.379510 0.824263
0.379609 0.824263
0.379708 0.824263
0.379807 0.824263
0.379906 0.824263
0.380005 0.824263
0.380104 0.824263
0.380203 0.824263
0.380303 0.824263
0.380402 0.824263
0.380501 0.824263
0.380600 0.824263
0.380699 0.824263
0.380798 0.824263
0.380897 0.824263
0.380996 0.824263
0.381096 0.824263
0.381195 0.824263
0.381294 0.824263
0.381393 0.824263
0.381492 0.824263
0.381591 0.824263
0.381690 0.824263
0.381789 0.823129
0.381889 0.821995
0.381988 0.821995
0.382087 0.821995
0.382186 0.821995
0.382285 0.821995
0.382384 0.821995
0.382483 0.821995
0.382583 0.821995
0.382682 0.821995
0.382781 0.821995
0.382880 0.821995
0.382979 0.821995
0.383078 0.821995
0.383177 0.821995
0.383276 0.820862
0.383376 0.820862
0.383475 0.820862
0.383574 0.820862
0.383673 0.820862
0.383772 0.820862
0.383871 0.820862
0.383970 0.820862
0.384069 0.820862
0.384169 0.820862
0.384268 0.820862
0.384367 0.820862
0.384466 0.820862
0.384565 0.820862
0.384664 0.820862
0.384763 0.820862
0.384862 0.819728
0.384962 0.819728
0.385061 0.819728
0.385160 0.819728
0.385259 0.819728
0.385358 0.819728
0.385457 0.819728
0.385556 0.819728
0.385655 0.819728
0.385755 0.819728
0.385854 0.819728
0.385953 0.819728
0.386052 0.819728
0.386151 0.819728
0.386250 0.819728
0.386349 0.819728
0.386448 0.819728
0.386548 0.819728
0.386647 0.819728
0.386746 0.819728
0.386845 0.819728
0.386944 0.819728
0.387043 0.819728
0.387142 0.818594
0.387241 0.817460
0.387341 0.817460
0.387440 0.817460
0.387539 0.817460
0.387638 0.817460
0.387737 0.817460
0.387836 0.816327
0.387935 0.816327
0.388034 0.816327
0.388134 0.816327
0.388233 0.816327
0.388332 0.816327
0.388431 0.816327
0.388530 0.816327
0.388629 0.816327
0.388728 0.816327
0.388827 0.816327
0.388927 0.816327
0.389026 0.816327
0.389125 0.816327
0.389224 0.816327
0.389323 0.816327
0.389422 0.816327
0.389521 0.816327
0.389620 0.816327
0.389720 0.816327
0.389819 0.816327
0.389918 0.816327
0.390017 0.816327
0.390116 0.815193
0.390215 0.815193
0.390314 0.815193
0.390413 0.815193
0.390513 0.815193
0.390612 0.815193
0.390711 0.815193
0.390810 0.815193
0.390909 0.815193
0.391008 0.815193
0.391107 0.815193
0.391207 0.815193
0.391306 0.815193
0.391405 0.815193
0.391504 0.815193
0.391603 0.815193
0.391702 0.815193
0.391801 0.815193
0.391900 0.815193
0.392000 0.814059
0.392099 0.814059
0.392198 0.814059
0.392297 0.814059
0.392396 0.814059
0.392495 0.814059
0.392594 0.814059
0.392693 0.814059
0.392793 0.814059
0.392892 0.812925
0.392991 0.812925
0.393090 0.812925
0.393189 0.812925
0.393288 0.812925
0.393387 0.812925
0.393486 0.810658
0.393586 0.810658
0.393685 0.810658
0.393784 0.810658
0.393883 0.810658
0.393982 0.810658
0.394081 0.810658
0.394180 0.810658
0.394279 0.810658
0.394379 0.810658
0.394478 0.809524
0.394577 0.809524
0.394676 0.809524
0.394775 0.809524
0.394874 0.809524
0.394973 0.809524
0.395072 0.809524
0.395172 0.809524
0.395271 0.809524
0.395370 0.809524
0.395469 0.809524
0.395568 0.809524
0.395667 0.809524
0.395766 0.809524
0.395865 0.809524
0.395965 0.809524
0.396064 0.809524
0.396163 0.809524
0.396262 0.809524
0.396361 0.808390
0.396460 0.807256
0.396559 0.807256
0.396658 0.807256
0.396758 0.807256
0.396857 0.807256
0.396956 0.807256
0.397055 0.807256
0.397154 0.807256
0.397253 0.807256
0.397352 0.807256
0.397451 0.807256
0.397551 0.807256
0.397650 0.807256
0.397749 0.807256
0.397848 0.804989
0.397947 0.804989
0.398046 0.804989
0.398145 0.804989
0.398244 0.804989
0.398344 0.804989
0.398443 0.804989
0.398542 0.804989
0.398641 0.803855
0.398740 0.803855
0.398839 0.803855
0.398938 0.803855
0.399037 0.803855
0.399137 0.803855
0.399236 0.803855
0.399335 0.803855
0.399434 0.803855
0.399533 0.803855
0.399632 0.803855
0.399731 0.803855
0.399831 0.803855
0.399930 0.803855
0.400029 0.803855
0.400128 0.803855
0.400227 0.803855
0.400326 0.803855
0.400425 0.803855
0.400524 0.803855
0.400624 0.803855
0.400723 0.803855
0.400822 0.803855
0.400921 0.803855
0.401020 0.803855
0.401119 0.803855
0.401218 0.803855
0.401317 0.803855
0.401417 0.803855
0.401516 0.803855
0.401615 0.803855
0.401714 0.803855
0.401813 0.803855
0.401912 0.803855
0.402011 0.803855
0.402110 0.803855
0.402210 0.803855
0.402309 0.803855
0.402408 0.803855
0.402507 0.803855
0.402606 0.803855
0.402705 0.803855
0.402804 0.803855
0.402903 0.803855
0.403003 0.803855
0.403102 0.803855
0.403201 0.803855
0.403300 0.803855
0.403399 0.803855
0.403498 0.803855
0.403597 0.801587
0.403696 0.801587
0.403796 0.801587
0.403895 0.801587
0.403994 0.801587
0.404093 0.801587
0.404192 0.801587
0.404291 0.801587
0.404390 0.801587
0.404489 0.801587
0.404589 0.801587
0.404688 0.801587
0.404787 0.801587
0.404886 0.800454
0.404985 0.800454
0.405084 0.800454
0.405183 0.800454
0.405282 0.800454
0.405382 0.800454
0.405481 0.800454
0.405580 0.800454
0.405679 0.800454
0.405778 0.800454
0.405877 0.800454
0.405976 0.800454
0.406075 0.800454
0.406175 0.800454
0.406274 0.800454
0.406373 0.800454
0.406472 0.800454
0.406571 0.800454
0.406670 0.800454
0.406769 0.800454
0.406868 0.799320
0.406968 0.799320
0.407067 0.799320
0.407166 0.799320
0.407265 0.799320
0.407364 0.798186
0.407463 0.798186
0.407562 0.798186
0.407661 0.798186
0.407761 0.798186
0.407860 0.798186
0.407959 0.798186
0.408058 0.798186
0.408157 0.798186
0.408256 0.798186
0.408355 0.798186
0.408455 0.798186
0.408554 0.798186
0.408653 0.798186
0.408752 0.798186
0.408851 0.798186
0.408950 0.798186
0.409049 0.798186
0.409148 0.798186
0.409248 0.798186
0.409347 0.798186
0.409446 0.798186
0.409545 0.798186
0.409644 0.798186
0.409743 0.798186
0.409842 0.798186
0.409941 0.798186
0.410041 0.798186
0.410140 0.798186
0.410239 0.798186
0.410338 0.798186
0.410437 0.798186
0.410536 0.798186
0.410635 0.798186
0.410734 0.798186
0.410834 0.798186
0.410933 0.798186
0.411032 0.798186
0.411131 0.797052
0.411230 0.797052
0.411329 0.797052
0.411428 0.797052
0.411527 0.797052
0.411627 0.797052
0.411726 0.797052
0.411825 0.797052
0.411924 0.797052
0.412023 0.797052
0.412122 0.797052
0.412221 0.797052
0.412320 0.797052
0.412420 0.797052
0.412519 0.797052
0.412618 0.797052
0.412717 0.797052
0.412816 0.797052
0.412915 0.797052
0.413014 0.797052
0.413113 0.797052
0.413213 0.797052
0.413312 0.797052
0.413411 0.797052
0.413510 0.797052
0.413609 0.797052
0.413708 0.795918
0.413807 0.795918
0.413906 0.795918
0.414006 0.795918
0.414105 0.795918
0.414204 0.795918
0.414303 0.795918
0.414402 0.795918
0.414501 0.795918
0.414600 0.795918
0.414699 0.795918
0.414799 0.795918
0.414898 0.795918
0.414997 0.795918
0.415096 0.795918
0.415195 0.795918
0.415294 0.795918
0.415393 0.795918
0.415492 0.795918
0.415592 0.795918
0.415691 0.795918
0.415790 0.795918
0.415889 0.795918
0.415988 0.795918
0.416087 0.795918
0.416186 0.795918
0.416285 0.795918
0.416385 0.795918
0.416484 0.795918
0.416583 0.795918
0.416682 0.795918
0.416781 0.795918
0.416880 0.795918
0.416979 0.794785
0.417079 0.794785
0.417178 0.794785
0.417277 0.794785
0.417376 0.794785
0.417475 0.794785
0.417574 0.794785
0.417673 0.794785
0.417772 0.794785
0.417872 0.794785
0.417971 0.794785
0.418070 0.794785
0.418169 0.794785
0.418268 0.794785
0.418367 0.794785
0.418466 0.794785
0.418565 0.794785
0.418665 0.794785
0.418764 0.794785
0.418863 0.794785
0.418962 0.794785
0.419061 0.794785
0.419160 0.794785
0.419259 0.794785
0.419358 0.794785
0.419458 0.794785
0.419557 0.794785
0.419656 0.794785
0.419755 0.794785
0.419854 0.794785
0.419953 0.794785
0.420052 0.794785
0.420151 0.794785
0.420251 0.794785
0.420350 0.794785
0.420449 0.794785
0.420548 0.794785
0.420647 0.794785
0.420746 0.794785
0.420845 0.794785
0.420944 0.794785
0.421044 0.794785
0.421143 0.794785
0.421242 0.793651
0.421341 0.793651
0.421440 0.793651
0.421539 0.793651
0.421638 0.793651
0.421737 0.792517
0.421837 0.792517
0.421936 0.792517
0.422035 0.792517
0.422134 0.792517
0.422233 0.792517
0.422332 0.792517
0.422431 0.792517
0.422530 0.792517
0.422630 0.792517
0.422729 0.792517
0.422828 0.792517
0.422927 0.792517
0.423026 0.792517
0.423125 0.791383
0.423224 0.791383
0.423323 0.791383
0.423423 0.791383
0.423522 0.791383
0.423621 0.791383
0.423720 0.791383
0.423819 0.791383
0.423918 0.791383
0.424017 0.791383
0.424116 0.791383
0.424216 0.791383
0.424315 0.791383
0.424414 0.791383
0.424513 0.790249
0.424612 0.790249
0.424711 0.790249
0.424810 0.790249
0.424909 0.790249
0.425009 0.790249
0.425108 0.790249
0.425207 0.790249
0.425306 0.790249
0.425405 0.789116
0.425504 0.789116
0.425603 0.789116
0.425703 0.789116
0.425802 0.789116
0.425901 0.789116
0.426000 0.789116
0.426099 0.789116
0.426198 0.789116
0.426297 0.789116
0.426396 0.789116
0.426496 0.789116
0.426595 0.789116
0.426694 0.789116
0.426793 0.789116
0.426892 0.789116
0.426991 0.789116
0.427090 0.789116
0.427189 0.789116
0.427289 0.789116
0.427388 0.789116
0.427487 0.789116
0.427586 0.789116
0.427685 0.789116
0.427784 0.789116
0.427883 0.789116
0.427982 0.789116
0.428082 0.789116
0.428181 0.789116
0.428280 0.789116
0.428379 0.789116
0.428478 0.789116
0.428577 0.789116
0.428676 0.789116
0.428775 0.789116
0.428875 0.789116
0.428974 0.787982
0.429073 0.787982
0.429172 0.787982
0.429271 0.787982
0.429370 0.787982
0.429469 0.787982
0.429568 0.787982
0.429668 0.787982
0.429767 0.787982
0.429866 0.787982
0.429965 0.787982
0.430064 0.787982
0.430163 0.787982
0.430262 0.787982
0.430361 0.787982
0.430461 0.787982
0.430560 0.787982
0.430659 0.787982
0.430758 0.787982
0.430857 0.787982
0.430956 0.787982
0.431055 0.787982
0.431154 0.787982
0.431254 0.787982
0.431353 0.787982
0.431452 0.787982
0.431551 0.787982
0.431650 0.787982
0.431749 0.787982
0.431848 0.787982
0.431947 0.787982
0.432047 0.787982
0.432146 0.787982
0.432245 0.787982
0.432344 0.787982
0.432443 0.787982
0.432542 0.787982
0.432641 0.787982
0.432740 0.787982
0.432840 0.787982
0.432939 0.787982
0.433038 0.787982
0.433137 0.787982
0.433236 0.787982
0.433335 0.787982
0.433434 0.787982
0.433533 0.787982
0.433633 0.787982
0.433732 0.787982
0.433831 0.787982
0.433930 0.787982
0.434029 0.786848
0.434128 0.785714
0.434227 0.785714
0.434327 0.785714
0.434426 0.785714
0.434525 0.785714
0.434624 0.785714
0.434723 0.785714
0.434822 0.785714
0.434921 0.785714
0.435020 0.785714
0.435120 0.785714
0.435219 0.785714
0.435318 0.785714
0.435417 0.785714
0.435516 0.785714
0.435615 0.785714
0.435714 0.785714
0.435813 0.785714
0.435913 0.784580
0.436012 0.784580
0.436111 0.784580
0.436210 0.784580
0.436309 0.784580
0.436408 0.784580
0.436507 0.784580
0.436606 0.784580
0.436706 0.784580
0.436805 0.784580
0.436904 0.784580
0.437003 0.784580
0.437102 0.784580
0.437201 0.784580
0.437300 0.784580
0.437399 0.784580
0.437499 0.784580
0.437598 0.784580
0.437697 0.784580
0.437796 0.784580
0.437895 0.784580
0.437994 0.784580
0.438093 0.784580
0.438192 0.784580
0.438292 0.783447
0.438391 0.782313
0.438490 0.782313
0.438589 0.782313
0.438688 0.781179
0.438787 0.781179
0.438886 0.781179
0.438985 0.781179
0.439085 0.781179
0.439184 0.781179
0.439283 0.781179
0.439382 0.781179
0.439481 0.780045
0.439580 0.780045
0.439679 0.780045
0.439778 0.780045
0.439878 0.780045
0.439977 0.778912
0.440076 0.778912
0.440175 0.778912
0.440274 0.777778
0.440373 0.777778
0.440472 0.776644
0.440571 0.776644
0.440671 0.776644
0.440770 0.776644
0.440869 0.776644
0.440968 0.776644
0.441067 0.776644
0.441166 0.776644
0.441265 0.776644
0.441364 0.776644
0.441464 0.776644
0.441563 0.776644
0.441662 0.776644
0.441761 0.776644
0.441860 0.776644
0.441959 0.775510
0.442058 0.774376
0.442157 0.774376
0.442257 0.774376
0.442356 0.774376
0.442455 0.774376
0.442554 0.774376
0.442653 0.774376
0.442752 0.774376
0.442851 0.774376
0.442951 0.774376
0.443050 0.774376
0.443149 0.774376
0.443248 0.774376
0.443347 0.774376
0.443446 0.774376
0.443545 0.774376
0.443644 0.774376
0.443744 0.774376
0.443843 0.774376
0.443942 0.774376
0.444041 0.774376
0.444140 0.774376
0.444239 0.774376
0.444338 0.774376
0.444437 0.774376
0.444537 0.774376
0.444636 0.774376
0.444735 0.774376
0.444834 0.774376
0.444933 0.774376
0.445032 0.774376
0.445131 0.774376
0.445230 0.774376
0.445330 0.774376
0.445429 0.774376
0.445528 0.774376
0.445627 0.774376
0.445726 0.774376
0.445825 0.774376
0.445924 0.774376
0.446023 0.774376
0.446123 0.774376
0.446222 0.774376
0.446321 0.774376
0.446420 0.774376
0.446519 0.774376
0.446618 0.774376
0.446717 0.774376
0.446816 0.774376
0.446916 0.774376
0.447015 0.774376
0.447114 0.774376
0.447213 0.774376
0.447312 0.774376
0.447411 0.774376
0.447510 0.774376
0.447609 0.774376
0.447709 0.774376
0.447808 0.774376
0.447907 0.774376
0.448006 0.774376
0.448105 0.774376
0.448204 0.774376
0.448303 0.774376
0.448402 0.774376
0.448502 0.774376
0.448601 0.774376
0.448700 0.774376
0.448799 0.774376
0.448898 0.774376
0.448997 0.773243
0.449096 0.773243
0.449195 0.773243
0.449295 0.773243
0.449394 0.773243
0.449493 0.773243
0.449592 0.773243
0.449691 0.773243
0.449790 0.773243
0.449889 0.773243
0.449988 0.773243
0.450088 0.773243
0.450187 0.772109
0.450286 0.772109
0.450385 0.772109
0.450484 0.772109
0.450583 0.772109
0.450682 0.772109
0.450781 0.772109
0.450881 0.772109
0.450980 0.772109
0.451079 0.772109
0.451178 0.772109
0.451277 0.770975
0.451376 0.770975
0.451475 0.770975
0.451575 0.770975
0.451674 0.770975
0.451773 0.770975
0.451872 0.770975
0.451971 0.770975
0.452070 0.770975
0.452169 0.770975
0.452268 0.770975
0.452368 0.770975
0.452467 0.770975
0.452566 0.770975
0.452665 0.770975
0.452764 0.770975
0.452863 0.770975
0.452962 0.770975
0.453061 0.770975
0.453161 0.770975
0.453260 0.770975
0.453359 0.770975
0.453458 0.770975
0.453557 0.770975
0.453656 0.770975
0.453755 0.770975
0.453854 0.770975
0.453954 0.770975
0.454053 0.770975
0.454152 0.770975
0.454251 0.770975
0.454350 0.770975
0.454449 0.770975
0.454548 0.770975
0.454647 0.770975
0.454747 0.770975
0.454846 0.770975
0.454945 0.770975
0.455044 0.770975
0.455143 0.769841
0.455242 0.769841
0.455341 0.768707
0.455440 0.768707
0.455540 0.768707
0.455639 0.768707
0.455738 0.768707
0.455837 0.767574
0.455936 0.767574
0.456035 0.767574
0.456134 0.767574
0.456233 0.767574
0.456333 0.767574
0.456432 0.767574
0.456531 0.767574
0.456630 0.767574
0.456729 0.767574
0.456828 0.767574
0.456927 0.767574
0.457026 0.767574
0.457126 0.767574
0.457225 0.767574
0.457324 0.767574
0.457423 0.767574
0.457522 0.767574
0.457621 0.767574
0.457720 0.767574
0.457819 0.767574
0.457919 0.767574
0.458018 0.767574
0.458117 0.767574
0.458216 0.766440
0.458315 0.766440
0.458414 0.766440
0.458513 0.766440
0.458612 0.766440
0.458712 0.766440
0.458811 0.766440
0.458910 0.766440
0.459009 0.766440
0.459108 0.766440
0.459207 0.766440
0.459306 0.766440
0.459405 0.766440
0.459505 0.766440
0.459604 0.766440
0.459703 0.766440
0.459802 0.765306
0.459901 0.765306
0.460000 0.765306
0.460099 0.765306
0.460199 0.765306
0.460298 0.765306
0.460397 0.765306
0.460496 0.765306
0.460595 0.765306
0.460694 0.765306
0.460793 0.765306
0.460892 0.765306
0.460992 0.765306
0.461091 0.765306
0.461190 0.765306
0.461289 0.765306
0.461388 0.765306
0.461487 0.765306
0.461586 0.765306
0.461685 0.765306
0.461785 0.765306
0.461884 0.765306
0.461983 0.765306
0.462082 0.765306
0.462181 0.765306
0.462280 0.765306
0.462379 0.765306
0.462478 0.765306
0.462578 0.764172
0.462677 0.764172
0.462776 0.764172
0.462875 0.764172
0.462974 0.764172
0.463073 0.764172
0.463172 0.764172
0.463271 0.764172
0.463371 0.764172
0.463470 0.764172
0.463569 0.764172
0.463668 0.764172
0.463767 0.764172
0.463866 0.764172
0.463965 0.764172
0.464064 0.764172
0.464164 0.764172
0.464263 0.764172
0.464362 0.764172
0.464461 0.764172
0.464560 0.764172
0.464659 0.764172
0.464758 0.764172
0.464857 0.764172
0.464957 0.764172
0.465056 0.764172
0.465155 0.764172
0.465254 0.764172
0.465353 0.764172
0.465452 0.764172
0.465551 0.764172
0.465650 0.764172
0.465750 0.763039
0.465849 0.763039
0.465948 0.763039
0.466047 0.763039
0.466146 0.763039
0.466245 0.763039
0.466344 0.763039
0.466443 0.763039
0.466543 0.763039
0.466642 0.763039
0.466741 0.763039
0.466840 0.763039
0.466939 0.763039
0.467038 0.763039
0.467137 0.763039
0.467236 0.763039
0.467336 0.763039
0.467435 0.763039
0.467534 0.761905
0.467633 0.761905
0.467732 0.761905
0.467831 0.761905
0.467930 0.761905
0.468029 0.760771
0.468129 0.760771
0.468228 0.760771
0.468327 0.760771
0.468426 0.760771
0.468525 0.760771
0.468624 0.760771
0.468723 0.760771
0.468823 0.760771
0.468922 0.759637
0.469021 0.759637
0.469120 0.759637
0.469219 0.759637
0.469318 0.759637
0.469417 0.759637
0.469516 0.759637
0.469616 0.759637
0.469715 0.759637
0.469814 0.759637
0.469913 0.759637
0.470012 0.759637
0.470111 0.759637
0.470210 0.759637
0.470309 0.759637
0.470409 0.758503
0.470508 0.758503
0.470607 0.758503
0.470706 0.758503
0.470805 0.758503
0.470904 0.758503
0.471003 0.758503
0.471102 0.758503
0.471202 0.758503
0.471301 0.758503
0.471400 0.758503
0.471499 0.758503
0.471598 0.757370
0.471697 0.757370
0.471796 0.757370
0.471895 0.757370
0.471995 0.757370
0.472094 0.756236
0.472193 0.756236
0.472292 0.756236
0.472391 0.756236
0.472490 0.756236
0.472589 0.756236
0.472688 0.756236
0.472788 0.756236
0.472887 0.756236
0.472986 0.756236
0.473085 0.756236
0.473184 0.756236
0.473283 0.756236
0.473382 0.756236
0.473481 0.756236
0.473581 0.755102
0.473680 0.755102
0.473779 0.755102
0.473878 0.755102
0.473977 0.755102
0.474076 0.755102
0.474175 0.755102
0.474274 0.753968
0.474374 0.753968
0.474473 0.753968
0.474572 0.753968
0.474671 0.753968
0.474770 0.753968
0.474869 0.753968
0.474968 0.753968
0.475067 0.753968
0.475167 0.753968
0.475266 0.753968
0.475365 0.753968
0.475464 0.753968
0.475563 0.752834
0.475662 0.752834
0.475761 0.752834
0.475860 0.752834
0.475960 0.752834
0.476059 0.752834
0.476158 0.752834
0.476257 0.752834
0.476356 0.752834
0.476455 0.752834
0.476554 0.752834
0.476653 0.752834
0.476753 0.752834
0.476852 0.752834
0.476951 0.752834
0.477050 0.752834
0.477149 0.752834
0.477248 0.752834
0.477347 0.752834
0.477447 0.752834
0.477546 0.752834
0.477645 0.752834
0.477744 0.752834
0.477843 0.752834
0.477942 0.752834
0.478041 0.752834
0.478140 0.752834
0.478240 0.751701
0.478339 0.751701
0.478438 0.751701
0.478537 0.751701
0.478636 0.751701
0.478735 0.751701
0.478834 0.751701
0.478933 0.751701
0.479033 0.751701
0.479132 0.751701
0.479231 0.751701
0.479330 0.751701
0.479429 0.751701
0.479528 0.751701
0.479627 0.751701
0.479726 0.751701
0.479826 0.751701
0.479925 0.751701
0.480024 0.751701
0.480123 0.751701
0.480222 0.751701
0.480321 0.751701
0.480420 0.751701
0.480519 0.751701
0.480619 0.751701
0.480718 0.751701
0.480817 0.751701
0.480916 0.751701
0.481015 0.751701
0.481114 0.751701
0.481213 0.751701
0.481312 0.751701
0.481412 0.751701
0.481511 0.751701
0.481610 0.751701
0.481709 0.751701
0.481808 0.751701
0.481907 0.751701
0.482006 0.751701
0.482105 0.751701
0.482205 0.751701
0.482304 0.751701
0.482403 0.751701
0.482502 0.751701
0.482601 0.751701
0.482700 0.751701
0.482799 0.751701
0.482898 0.751701
0.482998 0.750567
0.483097 0.750567
0.483196 0.750567
0.483295 0.749433
0.483394 0.749433
0.483493 0.749433
0.483592 0.749433
0.483691 0.749433
0.483791 0.749433
0.483890 0.749433
0.483989 0.749433
0.484088 0.749433
0.484187 0.749433
0.484286 0.749433
0.484385 0.749433
0.484484 0.748299
0.484584 0.748299
0.484683 0.748299
0.484782 0.748299
0.484881 0.748299
0.484980 0.748299
0.485079 0.748299
0.485178 0.748299
0.485277 0.748299
0.485377 0.747166
0.485476 0.747166
0.485575 0.747166
0.485674 0.747166
0.485773 0.747166
0.485872 0.747166
0.485971 0.747166
0.486071 0.747166
0.486170 0.747166
0.486269 0.747166
0.486368 0.747166
0.486467 0.747166
0.486566 0.747166
0.486665 0.747166
0.486764 0.747166
0.486864 0.747166
0.486963 0.747166
0.487062 0.747166
0.487161 0.747166
0.487260 0.747166
0.487359 0.747166
0.487458 0.747166
0.487557 0.747166
0.487657 0.747166
0.487756 0.747166
0.487855 0.746032
0.487954 0.746032
0.488053 0.746032
0.488152 0.746032
0.488251 0.746032
0.488350 0.746032
0.488450 0.746032
0.488549 0.746032
0.488648 0.746032
0.488747 0.746032
0.488846 0.746032
0.488945 0.746032
0.489044 0.746032
0.489143 0.746032
0.489243 0.746032
0.489342 0.746032
0.489441 0.746032
0.489540 0.746032
0.489639 0.746032
0.489738 0.746032
0.489837 0.746032
0.489936 0.746032
0.490036 0.746032
0.490135 0.746032
0.490234 0.746032
0.490333 0.746032
0.490432 0.746032
0.490531 0.746032
0.490630 0.746032
0.490729 0.746032
0.490829 0.746032
0.490928 0.746032
0.491027 0.746032
0.491126 0.746032
0.491225 0.746032
0.491324 0.746032
0.491423 0.746032
0.491522 0.746032
0.491622 0.744898
0.491721 0.744898
0.491820 0.744898
0.491919 0.744898
0.492018 0.744898
0.492117 0.744898
0.492216 0.744898
0.492315 0.744898
0.492415 0.744898
0.492514 0.743764
0.492613 0.743764
0.492712 0.743764
0.492811 0.743764
0.492910 0.743764
0.493009 0.743764
0.493108 0.743764
0.493208 0.743764
0.493307 0.743764
0.493406 0.743764
0.493505 0.743764
0.493604 0.743764
0.493703 0.743764
0.493802 0.743764
0.493901 0.743764
0.494001 0.743764
0.494100 0.743764
0.494199 0.743764
0.494298 0.743764
0.494397 0.743764
0.494496 0.743764
0.494595 0.743764
0.494695 0.743764
0.494794 0.743764
0.494893 0.743764
0.494992 0.743764
0.495091 0.743764
0.495190 0.743764
0.495289 0.743764
0.495388 0.743764
0.495488 0.743764
0.495587 0.743764
0.495686 0.743764
0.495785 0.743764
0.495884 0.743764
0.495983 0.743764
0.496082 0.743764
0.496181 0.743764
0.496281 0.743764
0.496380 0.743764
0.496479 0.743764
0.496578 0.743764
0.496677 0.743764
0.496776 0.743764
0.496875 0.743764
0.496974 0.743764
0.497074 0.743764
0.497173 0.743764
0.497272 0.743764
0.497371 0.743764
0.497470 0.743764
0.497569 0.743764
0.497668 0.743764
0.497767 0.743764
0.497867 0.743764
0.497966 0.743764
0.498065 0.743764
0.498164 0.743764
0.498263 0.743764
0.498362 0.743764
0.498461 0.743764
0.498560 0.743764
0.498660 0.743764
0.498759 0.743764
0.498858 0.743764
0.498957 0.743764
0.499056 0.743764
0.499155 0.743764
0.499254 0.743764
0.499353 0.743764
0.499453 0.743764
0.499552 0.743764
0.499651 0.743764
0.499750 0.743764
0.499849 0.743764
0.499948 0.743764
0.500047 0.743764
0.500146 0.742630
0.500246 0.742630
0.500345 0.742630
0.500444 0.742630
0.500543 0.742630
0.500642 0.742630
0.500741 0.742630
0.500840 0.742630
0.500939 0.742630
0.501039 0.742630
0.501138 0.742630
0.501237 0.742630
0.501336 0.742630
0.501435 0.742630
0.501534 0.742630
0.501633 0.742630
0.501732 0.742630
0.501832 0.742630
0.501931 0.742630
0.502030 0.742630
0.502129 0.742630
0.502228 0.742630
0.502327 0.742630
0.502426 0.741497
0.502525 0.741497
0.502625 0.741497
0.502724 0.741497
0.502823 0.739229
0.502922 0.739229
0.503021 0.739229
0.503120 0.739229
0.503219 0.739229
0.503319 0.739229
0.503418 0.739229
0.503517 0.739229
0.503616 0.738095
0.503715 0.738095
0.503814 0.738095
0.503913 0.738095
0.504012 0.738095
0.504112 0.738095
0.504211 0.738095
0.504310 0.738095
0.504409 0.738095
0.504508 0.738095
0.504607 0.738095
0.504706 0.738095
0.504805 0.738095
0.504905 0.738095
0.505004 0.738095
0.505103 0.738095
0.505202 0.738095
0.505301 0.738095
0.505400 0.738095
0.505499 0.738095
0.505598 0.738095
0.505698 0.738095
0.505797 0.738095
0.505896 0.738095
0.505995 0.738095
0.506094 0.738095
0.506193 0.738095
0.506292 0.738095
0.506391 0.738095
0.506491 0.738095
0.506590 0.738095
0.506689 0.738095
0.506788 0.738095
0.506887 0.738095
0.506986 0.738095
0.507085 0.738095
0.507184 0.738095
0.507284 0.738095
0.507383 0.738095
0.507482 0.738095
0.507581 0.738095
0.507680 0.738095
0.507779 0.738095
0.507878 0.738095
0.507977 0.738095
0.508077 0.738095
0.508176 0.738095
0.508275 0.738095
0.508374 0.738095
0.508473 0.738095
0.508572 0.738095
0.508671 0.738095
0.508770 0.738095
0.508870 0.738095
0.508969 0.738095
0.509068 0.738095
0.509167 0.738095
0.509266 0.738095
0.509365 0.738095
0.509464 0.738095
0.509563 0.738095
0.509663 0.738095
0.509762 0.738095
0.509861 0.738095
0.509960 0.738095
0.510059 0.738095
0.510158 0.738095
0.510257 0.738095
0.510356 0.738095
0.510456 0.738095
0.510555 0.738095
0.510654 0.738095
0.510753 0.738095
0.510852 0.738095
0.510951 0.738095
0.511050 0.738095
0.511149 0.738095
0.511249 0.738095
0.511348 0.738095
0.511447 0.738095
0.511546 0.738095
0.511645 0.738095
0.511744 0.738095
0.511843 0.738095
0.511943 0.738095
0.512042 0.738095
0.512141 0.738095
0.512240 0.738095
0.512339 0.738095
0.512438 0.738095
0.512537 0.738095
0.512636 0.738095
0.512736 0.738095
0.512835 0.738095
0.512934 0.738095
0.513033 0.738095
0.513132 0.738095
0.513231 0.738095
0.513330 0.738095
0.513429 0.738095
0.513529 0.738095
0.513628 0.738095
0.513727 0.738095
0.513826 0.738095
0.513925 0.738095
0.514024 0.736961
0.514123 0.736961
0.514222 0.736961
0.514322 0.736961
0.514421 0.736961
0.514520 0.736961
0.514619 0.736961
0.514718 0.736961
0.514817 0.736961
0.514916 0.736961
0.515015 0.736961
0.515115 0.736961
0.515214 0.736961
0.515313 0.736961
0.515412 0.736961
0.515511 0.736961
0.515610 0.736961
0.515709 0.735828
0.515808 0.735828
0.515908 0.735828
0.516007 0.735828
0.516106 0.735828
0.516205 0.735828
0.516304 0.735828
0.516403 0.735828
0.516502 0.735828
0.516601 0.735828
0.516701 0.735828
0.516800 0.735828
0.516899 0.735828
0.516998 0.735828
0.517097 0.735828
0.517196 0.735828
0.517295 0.735828
0.517394 0.735828
0.517494 0.735828
0.517593 0.735828
0.517692 0.735828
0.517791 0.735828
0.517890 0.735828
0.517989 0.735828
0.518088 0.735828
0.518187 0.735828
0.518287 0.735828
0.518386 0.735828
0.518485 0.735828
0.518584 0.735828
0.518683 0.735828
0.518782 0.735828
0.518881 0.735828
0.518980 0.735828
0.519080 0.735828
0.519179 0.735828
0.519278 0.734694
0.519377 0.734694
0.519476 0.734694
0.519575 0.734694
0.519674 0.734694
0.519773 0.734694
0.519873 0.734694
0.519972 0.734694
0.520071 0.734694
0.520170 0.734694
0.520269 0.734694
0.520368 0.734694
0.520467 0.734694
0.520567 0.734694
0.520666 0.734694
0.520765 0.734694
0.520864 0.734694
0.520963 0.734694
0.521062 0.734694
0.521161 0.734694
0.521260 0.734694
0.521360 0.734694
0.521459 0.734694
0.521558 0.734694
0.521657 0.734694
0.521756 0.734694
0.521855 0.734694
0.521954 0.734694
0.522053 0.734694
0.522153 0.733560
0.522252 0.733560
0.522351 0.733560
0.522450 0.733560
0.522549 0.732426
0.522648 0.732426
0.522747 0.732426
0.522846 0.732426
0.522946 0.732426
0.523045 0.732426
0.523144 0.732426
0.523243 0.732426
0.523342 0.732426
0.523441 0.731293
0.523540 0.731293
0.523639 0.731293
0.523739 0.731293
0.523838 0.731293
0.523937 0.731293
0.524036 0.731293
0.524135 0.731293
0.524234 0.731293
0.524333 0.731293
0.524432 0.731293
0.524532 0.731293
0.524631 0.731293
0.524730 0.731293
0.524829 0.731293
0.524928 0.731293
0.525027 0.731293
0.525126 0.731293
0.525225 0.731293
0.525325 0.731293
0.525424 0.731293
0.525523 0.730159
0.525622 0.730159
0.525721 0.730159
0.525820 0.730159
0.525919 0.730159
0.526018 0.730159
0.526118 0.730159
0.526217 0.730159
0.526316 0.730159
0.526415 0.730159
0.526514 0.730159
0.526613 0.730159
0.526712 0.730159
0.526811 0.730159
0.526911 0.730159
0.527010 0.730159
0.527109 0.730159
0.527208 0.730159
0.527307 0.730159
0.527406 0.730159
0.527505 0.730159
0.527604 0.730159
0.527704 0.730159
0.527803 0.730159
0.527902 0.729025
0.528001 0.729025
0.528100 0.729025
0.528199 0.727891
0.528298 0.727891
0.528397 0.727891
0.528497 0.726757
0.528596 0.726757
0.528695 0.726757
0.528794 0.726757
0.528893 0.726757
0.528992 0.726757
0.529091 0.726757
0.529191 0.725624
0.529290 0.724490
0.529389 0.724490
0.529488 0.724490
0.529587 0.724490
0.529686 0.724490
0.529785 0.724490
0.529884 0.724490
0.529984 0.724490
0.530083 0.724490
0.530182 0.724490
0.530281 0.724490
0.530380 0.723356
0.530479 0.723356
0.530578 0.723356
0.530677 0.723356
0.530777 0.723356
0.530876 0.723356
0.530975 0.723356
0.531074 0.723356
0.531173 0.723356
0.531272 0.723356
0.531371 0.723356
0.531470 0.723356
0.531570 0.723356
0.531669 0.723356
0.531768 0.723356
0.531867 0.723356
0.531966 0.723356
0.532065 0.723356
0.532164 0.723356
0.532263 0.723356
0.532363 0.723356
0.532462 0.722222
0.532561 0.722222
0.532660 0.722222
0.532759 0.722222
0.532858 0.722222
0.532957 0.722222
0.533056 0.722222
0.533156 0.722222
0.533255 0.722222
0.533354 0.722222
0.533453 0.722222
0.533552 0.722222
0.533651 0.722222
0.533750 0.722222
0.533849 0.722222
0.533949 0.722222
0.534048 0.721088
0.534147 0.721088
0.534246 0.721088
0.534345 0.721088
0.534444 0.721088
0.534543 0.721088
0.534642 0.721088
0.534742 0.721088
0.534841 0.721088
0.534940 0.721088
0.535039 0.721088
0.535138 0.721088
0.535237 0.721088
0.535336 0.721088
0.535435 0.721088
0.535535 0.721088
0.535634 0.721088
0.535733 0.721088
0.535832 0.721088
0.535931 0.721088
0.536030 0.721088
0.536129 0.721088
0.536228 0.721088
0.536328 0.721088
0.536427 0.721088
0.536526 0.721088
0.536625 0.721088
0.536724 0.721088
0.536823 0.721088
0.536922 0.721088
0.537021 0.721088
0.537121 0.721088
0.537220 0.719955
0.537319 0.719955
0.537418 0.719955
0.537517 0.719955
0.537616 0.719955
0.537715 0.719955
0.537815 0.719955
0.537914 0.719955
0.538013 0.719955
0.538112 0.719955
0.538211 0.719955
0.538310 0.718821
0.538409 0.718821
0.538508 0.718821
0.538608 0.718821
0.538707 0.718821
0.538806 0.718821
0.538905 0.718821
0.539004 0.718821
0.539103 0.718821
0.539202 0.718821
0.539301 0.718821
0.539401 0.718821
0.539500 0.718821
0.539599 0.718821
0.539698 0.718821
0.539797 0.718821
0.539896 0.718821
0.539995 0.718821
0.540094 0.718821
0.540194 0.718821
0.540293 0.718821
0.540392 0.718821
0.540491 0.718821
0.540590 0.718821
0.540689 0.718821
0.540788 0.718821
0.540887 0.718821
0.540987 0.718821
0.541086 0.718821
0.541185 0.718821
0.541284 0.718821
0.541383 0.717687
0.541482 0.717687
0.541581 0.717687
0.541680 0.717687
0.541780 0.717687
0.541879 0.717687
0.541978 0.717687
0.542077 0.717687
0.542176 0.717687
0.542275 0.717687
0.542374 0.717687
0.542473 0.717687
0.542573 0.717687
0.542672 0.717687
0.542771 0.717687
0.542870 0.717687
0.542969 0.717687
0.543068 0.717687
0.543167 0.717687
0.543266 0.717687
0.543366 0.717687
0.543465 0.717687
0.543564 0.717687
0.543663 0.717687
0.543762 0.717687
0.543861 0.717687
0.543960 0.717687
0.544059 0.717687
0.544159 0.717687
0.544258 0.717687
0.544357 0.717687
0.544456 0.717687
0.544555 0.717687
0.544654 0.717687
0.544753 0.717687
0.544852 0.717687
0.544952 0.717687
0.545051 0.717687
0.545150 0.717687
0.545249 0.717687
0.545348 0.717687
0.545447 0.717687
0.545546 0.717687
0.545645 0.717687
0.545745 0.717687
0.545844 0.717687
0.545943 0.717687
0.546042 0.717687
0.546141 0.717687
0.546240 0.717687
0.546339 0.717687
0.546439 0.717687
0.546538 0.717687
0.546637 0.717687
0.546736 0.717687
0.546835 0.717687
0.546934 0.717687
0.547033 0.717687
0.547132 0.717687
0.547232 0.717687
0.547331 0.717687
0.547430 0.717687
0.547529 0.717687
0.547628 0.717687
0.547727 0.717687
0.547826 0.717687
0.547925 0.717687
0.548025 0.716553
0.548124 0.716553
0.548223 0.716553
0.548322 0.716553
0.548421 0.716553
0.548520 0.716553
0.548619 0.716553
0.548718 0.716553
0.548818 0.716553
0.548917 0.716553
0.549016 0.716553
0.549115 0.715420
0.549214 0.715420
0.549313 0.715420
0.549412 0.714286
0.549511 0.714286
0.549611 0.714286
0.549710 0.714286
0.549809 0.714286
0.549908 0.714286
0.550007 0.714286
0.550106 0.714286
0.550205 0.714286
0.550304 0.714286
0.550404 0.714286
0.550503 0.714286
0.550602 0.714286
0.550701 0.714286
0.550800 0.714286
0.550899 0.714286
0.550998 0.714286
0.551097 0.714286
0.551197 0.713152
0.551296 0.713152
0.551395 0.713152
0.551494 0.713152
0.551593 0.713152
0.551692 0.713152
0.551791 0.713152
0.551890 0.713152
0.551990 0.713152
0.552089 0.713152
0.552188 0.713152
0.552287 0.713152
0.552386 0.712018
0.552485 0.712018
0.552584 0.712018
0.552683 0.712018
0.552783 0.712018
0.552882 0.712018
0.552981 0.712018
0.553080 0.712018
0.553179 0.712018
0.553278 0.712018
0.553377 0.710884
0.553476 0.710884
0.553576 0.710884
0.553675 0.710884
0.553774 0.710884
0.553873 0.710884
0.553972 0.710884
0.554071 0.710884
0.554170 0.710884
0.554269 0.710884
0.554369 0.710884
0.554468 0.710884
0.554567 0.709751
0.554666 0.709751
0.554765 0.709751
0.554864 0.709751
0.554963 0.709751
0.555063 0.709751
0.555162 0.708617
0.555261 0.708617
0.555360 0.708617
0.555459 0.708617
0.555558 0.708617
0.555657 0.708617
0.555756 0.708617
0.555856 0.708617
0.555955 0.708617
0.556054 0.708617
0.556153 0.708617
0.556252 0.708617
0.556351 0.708617
0.556450 0.708617
0.556549 0.708617
0.556649 0.708617
0.556748 0.708617
0.556847 0.708617
0.556946 0.708617
0.557045 0.708617
0.557144 0.708617
0.557243 0.708617
0.557342 0.708617
0.557442 0.708617
0.557541 0.708617
0.557640 0.708617
0.557739 0.708617
0.557838 0.708617
0.557937 0.708617
0.558036 0.708617
0.558135 0.708617
0.558235 0.707483
0.558334 0.707483
0.558433 0.707483
0.558532 0.707483
0.558631 0.707483
0.558730 0.707483
0.558829 0.707483
0.558928 0.707483
0.559028 0.707483
0.559127 0.707483
0.559226 0.707483
0.559325 0.707483
0.559424 0.707483
0.559523 0.707483
0.559622 0.706349
0.559721 0.706349
0.559821 0.706349
0.559920 0.706349
0.560019 0.706349
0.560118 0.706349
0.560217 0.706349
0.560316 0.706349
0.560415 0.705215
0.560514 0.705215
0.560614 0.705215
0.560713 0.705215
0.560812 0.705215
0.560911 0.705215
0.561010 0.705215
0.561109 0.705215
0.561208 0.705215
0.561307 0.705215
0.561407 0.705215
0.561506 0.705215
0.561605 0.705215
0.561704 0.705215
0.561803 0.705215
0.561902 0.705215
0.562001 0.705215
0.562100 0.705215
0.562200 0.705215
0.562299 0.705215
0.562398 0.705215
0.562497 0.705215
0.562596 0.705215
0.562695 0.705215
0.562794 0.705215
0.562893 0.705215
0.562993 0.705215
0.563092 0.705215
0.563191 0.705215
0.563290 0.705215
0.563389 0.705215
0.563488 0.704082
0.563587 0.704082
0.563687 0.704082
0.563786 0.704082
0.563885 0.704082
0.563984 0.704082
0.564083 0.704082
0.564182 0.704082
0.564281 0.704082
0.564380 0.704082
0.564480 0.704082
0.564579 0.704082
0.564678 0.704082
0.564777 0.704082
0.564876 0.704082
0.564975 0.704082
0.565074 0.704082
0.565173 0.704082
0.565273 0.704082
0.565372 0.704082
0.565471 0.702948
0.565570 0.702948
0.565669 0.701814
0.565768 0.701814
0.565867 0.701814
0.565966 0.701814
0.566066 0.701814
0.566165 0.701814
0.566264 0.701814
0.566363 0.700680
0.566462 0.700680
0.566561 0.700680
0.566660 0.700680
0.566759 0.700680
0.566859 0.700680
0.566958 0.700680
0.567057 0.700680
0.567156 0.700680
0.567255 0.699546
0.567354 0.699546
0.567453 0.699546
0.567552 0.699546
0.567652 0.699546
0.567751 0.698413
0.567850 0.698413
0.567949 0.698413
0.568048 0.698413
0.568147 0.698413
0.568246 0.698413
0.568345 0.698413
0.568445 0.698413
0.568544 0.698413
0.568643 0.698413
0.568742 0.698413
0.568841 0.698413
0.568940 0.698413
0.569039 0.698413
0.569138 0.698413
0.569238 0.698413
0.569337 0.698413
0.569436 0.698413
0.569535 0.698413
0.569634 0.698413
0.569733 0.698413
0.569832 0.698413
0.569931 0.698413
0.570031 0.698413
0.570130 0.698413
0.570229 0.698413
0.570328 0.698413
0.570427 0.698413
0.570526 0.698413
0.570625 0.698413
0.570724 0.698413
0.570824 0.698413
0.570923 0.698413
0.571022 0.698413
0.571121 0.698413
0.571220 0.698413
0.571319 0.698413
0.571418 0.698413
0.571517 0.698413
0.571617 0.698413
0.571716 0.698413
0.571815 0.698413
0.571914 0.698413
0.572013 0.698413
0.572112 0.698413
0.572211 0.698413
0.572311 0.698413
0.572410 0.698413
0.572509 0.697279
0.572608 0.697279
0.572707 0.697279
0.572806 0.697279
0.572905 0.697279
0.573004 0.697279
0.573104 0.697279
0.573203 0.697279
0.573302 0.697279
0.573401 0.697279
0.573500 0.697279
0.573599 0.696145
0.573698 0.696145
0.573797 0.696145
0.573897 0.696145
0.573996 0.695011
0.574095 0.695011
0.574194 0.695011
0.574293 0.695011
0.574392 0.695011
0.574491 0.695011
0.574590 0.695011
0.574690 0.695011
0.574789 0.695011
0.574888 0.695011
0.574987 0.695011
0.575086 0.695011
0.575185 0.695011
0.575284 0.695011
0.575383 0.695011
0.575483 0.695011
0.575582 0.695011
0.575681 0.693878
0.575780 0.693878
0.575879 0.693878
0.575978 0.692744
0.576077 0.692744
0.576176 0.691610
0.576276 0.690476
0.576375 0.690476
0.576474 0.690476
0.576573 0.690476
0.576672 0.689342
0.576771 0.689342
0.576870 0.689342
0.576969 0.689342
0.577069 0.689342
0.577168 0.689342
0.577267 0.689342
0.577366 0.689342
0.577465 0.689342
0.577564 0.689342
0.577663 0.689342
0.577762 0.689342
0.577862 0.689342
0.577961 0.689342
0.578060 0.688209
0.578159 0.688209
0.578258 0.688209
0.578357 0.688209
0.578456 0.688209
0.578555 0.687075
0.578655 0.685941
0.578754 0.685941
0.578853 0.685941
0.578952 0.685941
0.579051 0.685941
0.579150 0.685941
0.579249 0.685941
0.579348 0.684807
0.579448 0.684807
0.579547 0.684807
0.579646 0.684807
0.579745 0.684807
0.579844 0.684807
0.579943 0.684807
0.580042 0.684807
0.580141 0.683673
0.580241 0.683673
0.580340 0.682540
0.580439 0.682540
0.580538 0.682540
0.580637 0.682540
0.580736 0.682540
0.580835 0.682540
0.580935 0.682540
0.581034 0.682540
0.581133 0.682540
0.581232 0.682540
0.581331 0.682540
0.581430 0.682540
0.581529 0.681406
0.581628 0.681406
0.581728 0.681406
0.581827 0.681406
0.581926 0.681406
0.582025 0.681406
0.582124 0.681406
0.582223 0.681406
0.582322 0.681406
0.582421 0.681406
0.582521 0.681406
0.582620 0.681406
0.582719 0.681406
0.582818 0.681406
0.582917 0.681406
0.583016 0.681406
0.583115 0.681406
0.583214 0.681406
0.583314 0.681406
0.583413 0.681406
0.583512 0.681406
0.583611 0.681406
0.583710 0.681406
0.583809 0.681406
0.583908 0.681406
0.584007 0.681406
0.584107 0.681406
0.584206 0.681406
0.584305 0.681406
0.584404 0.681406
0.584503 0.681406
0.584602 0.681406
0.584701 0.681406
0.584800 0.681406
0.584900 0.681406
0.584999 0.681406
0.585098 0.681406
0.585197 0.681406
0.585296 0.681406
0.585395 0.681406
0.585494 0.681406
0.585593 0.681406
0.585693 0.681406
0.585792 0.681406
0.585891 0.681406
0.585990 0.681406
0.586089 0.681406
0.586188 0.680272
0.586287 0.679138
0.586386 0.679138
0.586486 0.679138
0.586585 0.679138
0.586684 0.679138
0.586783 0.679138
0.586882 0.679138
0.586981 0.679138
0.587080 0.679138
0.587179 0.679138
0.587279 0.679138
0.587378 0.679138
0.587477 0.679138
0.587576 0.678005
0.587675 0.678005
0.587774 0.678005
0.587873 0.678005
0.587972 0.678005
0.588072 0.678005
0.588171 0.678005
0.588270 0.678005
0.588369 0.678005
0.588468 0.678005
0.588567 0.678005
0.588666 0.678005
0.588765 0.678005
0.588865 0.678005
0.588964 0.678005
0.589063 0.678005
0.589162 0.678005
0.589261 0.678005
0.589360 0.678005
0.589459 0.678005
0.589559 0.678005
0.589658 0.678005
0.589757 0.678005
0.589856 0.678005
0.589955 0.678005
0.590054 0.678005
0.590153 0.678005
0.590252 0.678005
0.590352 0.678005
0.590451 0.678005
0.590550 0.676871
0.590649 0.676871
0.590748 0.676871
0.590847 0.676871
0.590946 0.676871
0.591045 0.676871
0.591145 0.676871
0.591244 0.676871
0.591343 0.676871
0.591442 0.676871
0.591541 0.676871
0.591640 0.676871
0.591739 0.676871
0.591838 0.676871
0.591938 0.676871
0.592037 0.676871
0.592136 0.676871
0.592235 0.676871
0.592334 0.676871
0.592433 0.676871
0.592532 0.676871
0.592631 0.676871
0.592731 0.676871
0.592830 0.676871
0.592929 0.676871
0.593028 0.676871
0.593127 0.676871
0.593226 0.676871
0.593325 0.676871
0.593424 0.676871
0.593524 0.676871
0.593623 0.676871
0.593722 0.676871
0.593821 0.676871
0.593920 0.676871
0.594019 0.675737
0.594118 0.675737
0.594217 0.675737
0.594317 0.675737
0.594416 0.675737
0.594515 0.675737
0.594614 0.674603
0.594713 0.674603
0.594812 0.674603
0.594911 0.674603
0.595010 0.674603
0.595110 0.674603
0.595209 0.674603
0.595308 0.674603
0.595407 0.674603
0.595506 0.674603
0.595605 0.674603
0.595704 0.673469
0.595803 0.673469
0.595903 0.673469
0.596002 0.673469
0.596101 0.673469
0.596200 0.673469
0.596299 0.673469
0.596398 0.673469
0.596497 0.673469
0.596596 0.673469
0.596696 0.673469
0.596795 0.673469
0.596894 0.673469
0.596993 0.673469
0.597092 0.673469
0.597191 0.673469
0.597290 0.673469
0.597389 0.673469
0.597489 0.673469
0.597588 0.673469
0.597687 0.673469
0.597786 0.673469
0.597885 0.673469
0.597984 0.673469
0.598083 0.673469
0.598183 0.673469
0.598282 0.673469
0.598381 0.673469
0.598480 0.672336
0.598579 0.672336
0.598678 0.672336
0.598777 0.672336
0.598876 0.672336
0.598976 0.672336
0.599075 0.672336
0.599174 0.672336
0.599273 0.672336
0.599372 0.672336
0.599471 0.672336
0.599570 0.672336
0.599669 0.672336
0.599769 0.672336
0.599868 0.672336
0.599967 0.670068
0.600066 0.670068
0.600165 0.670068
0.600264 0.670068
0.600363 0.670068
0.600462 0.670068
0.600562 0.670068
0.600661 0.670068
0.600760 0.670068
0.600859 0.670068
0.600958 0.670068
0.601057 0.670068
0.601156 0.670068
0.601255 0.668934
0.601355 0.668934
0.601454 0.668934
0.601553 0.667800
0.601652 0.667800
0.601751 0.667800
0.601850 0.667800
0.601949 0.667800
0.602048 0.667800
0.602148 0.667800
0.602247 0.667800
0.602346 0.667800
0.602445 0.667800
0.602544 0.667800
0.602643 0.667800
0.602742 0.667800
0.602841 0.667800
0.602941 0.667800
0.603040 0.667800
0.603139 0.667800
0.603238 0.667800
0.603337 0.667800
0.603436 0.667800
0.603535 0.667800
0.603634 0.667800
0.603734 0.667800
0.603833 0.667800
0.603932 0.667800
0.604031 0.667800
0.604130 0.667800
0.604229 0.667800
0.604328 0.667800
0.604427 0.667800
0.604527 0.666667
0.604626 0.666667
0.604725 0.666667
0.604824 0.666667
0.604923 0.666667
0.605022 0.666667
0.605121 0.666667
0.605220 0.666667
0.605320 0.666667
0.605419 0.666667
0.605518 0.666667
0.605617 0.666667
0.605716 0.666667
0.605815 0.666667
0.605914 0.666667
0.606013 0.665533
0.606113 0.665533
0.606212 0.665533
0.606311 0.665533
0.606410 0.665533
0.606509 0.665533
0.606608 0.665533
0.606707 0.665533
0.606807 0.665533
0.606906 0.665533
0.607005 0.665533
0.607104 0.665533
0.607203 0.665533
0.607302 0.665533
0.607401 0.665533
0.607500 0.665533
0.607600 0.665533
0.607699 0.665533
0.607798 0.665533
0.607897 0.665533
0.607996 0.665533
0.608095 0.665533
0.608194 0.665533
0.608293 0.665533
0.608393 0.665533
0.608492 0.665533
0.608591 0.664399
0.608690 0.664399
0.608789 0.664399
0.608888 0.664399
0.608987 0.664399
0.609086 0.664399
0.609186 0.664399
0.609285 0.663265
0.609384 0.663265
0.609483 0.663265
0.609582 0.663265
0.609681 0.663265
0.609780 0.663265
0.609879 0.663265
0.609979 0.663265
0.610078 0.663265
0.610177 0.663265
0.610276 0.663265
0.610375 0.663265
0.610474 0.663265
0.610573 0.663265
0.610672 0.663265
0.610772 0.663265
0.610871 0.663265
0.610970 0.663265
0.611069 0.663265
0.611168 0.663265
0.611267 0.663265
0.611366 0.663265
0.611465 0.663265
0.611565 0.663265
0.611664 0.663265
0.611763 0.663265
0.611862 0.663265
0.611961 0.663265
0.612060 0.663265
0.612159 0.663265
0.612258 0.663265
0.612358 0.662132
0.612457 0.662132
0.612556 0.662132
0.612655 0.662132
0.612754 0.660998
0.612853 0.660998
0.612952 0.660998
0.613051 0.659864
0.613151 0.659864
0.613250 0.659864
0.613349 0.659864
0.613448 0.659864
0.613547 0.659864
0.613646 0.659864
0.613745 0.659864
0.613844 0.659864
0.613944 0.659864
0.614043 0.659864
0.614142 0.659864
0.614241 0.659864
0.614340 0.659864
0.614439 0.659864
0.614538 0.659864
0.614637 0.659864
0.614737 0.659864
0.614836 0.659864
0.614935 0.659864
0.615034 0.659864
0.615133 0.658730
0.615232 0.658730
0.615331 0.658730
0.615431 0.658730
0.615530 0.658730
0.615629 0.658730
0.615728 0.658730
0.615827 0.658730
0.615926 0.658730
0.616025 0.658730
0.616124 0.658730
0.616224 0.658730
0.616323 0.658730
0.616422 0.658730
0.616521 0.658730
0.616620 0.658730
0.616719 0.658730
0.616818 0.658730
0.616917 0.658730
0.617017 0.658730
0.617116 0.657596
0.617215 0.657596
0.617314 0.657596
0.617413 0.657596
0.617512 0.657596
0.617611 0.657596
0.617710 0.657596
0.617810 0.657596
0.617909 0.657596
0.618008 0.657596
0.618107 0.657596
0.618206 0.657596
0.618305 0.657596
0.618404 0.657596
0.618503 0.657596
0.618603 0.657596
0.618702 0.657596
0.618801 0.657596
0.618900 0.657596
0.618999 0.657596
0.619098 0.657596
0.619197 0.657596
0.619296 0.657596
0.619396 0.656463
0.619495 0.656463
0.619594 0.656463
0.619693 0.656463
0.619792 0.656463
0.619891 0.656463
0.619990 0.656463
0.620089 0.656463
0.620189 0.656463
0.620288 0.656463
0.620387 0.656463
0.620486 0.656463
0.620585 0.656463
0.620684 0.656463
0.620783 0.656463
0.620882 0.656463
0.620982 0.656463
0.621081 0.655329
0.621180 0.655329
0.621279 0.655329
0.621378 0.655329
0.621477 0.655329
0.621576 0.655329
0.621675 0.654195
0.621775 0.654195
0.621874 0.654195
0.621973 0.653061
0.622072 0.653061
0.622171 0.653061
0.622270 0.653061
0.622369 0.653061
0.622468 0.653061
0.622568 0.653061
0.622667 0.653061
0.622766 0.653061
0.622865 0.653061
0.622964 0.653061
0.623063 0.653061
0.623162 0.653061
0.623261 0.653061
0.623361 0.653061
0.623460 0.653061
0.623559 0.653061
0.623658 0.653061
0.623757 0.653061
0.623856 0.653061
0.623955 0.653061
0.624055 0.653061
0.624154 0.653061
0.624253 0.653061
0.624352 0.653061
0.624451 0.653061
0.624550 0.651927
0.624649 0.651927
0.624748 0.651927
0.624848 0.651927
0.624947 0.651927
0.625046 0.651927
0.625145 0.651927
0.625244 0.651927
0.625343 0.651927
0.625442 0.651927
0.625541 0.650794
0.625641 0.650794
0.625740 0.650794
0.625839 0.650794
0.625938 0.650794
0.626037 0.650794
0.626136 0.650794
0.626235 0.650794
0.626334 0.650794
0.626434 0.650794
0.626533 0.650794
0.626632 0.649660
0.626731 0.649660
0.626830 0.649660
0.626929 0.649660
0.627028 0.649660
0.627127 0.649660
0.627227 0.649660
0.627326 0.649660
0.627425 0.649660
0.627524 0.649660
0.627623 0.649660
0.627722 0.649660
0.627821 0.649660
0.627920 0.649660
0.628020 0.649660
0.628119 0.649660
0.628218 0.647392
0.628317 0.647392
0.628416 0.647392
0.628515 0.647392
0.628614 0.647392
0.628713 0.647392
0.628813 0.647392
0.628912 0.647392
0.629011 0.647392
0.629110 0.647392
0.629209 0.647392
0.629308 0.647392
0.629407 0.647392
0.629506 0.647392
0.629606 0.647392
0.629705 0.647392
0.629804 0.647392
0.629903 0.647392
0.630002 0.647392
0.630101 0.647392
0.630200 0.647392
0.630299 0.647392
0.630399 0.647392
0.630498 0.647392
0.630597 0.647392
0.630696 0.647392
0.630795 0.647392
0.630894 0.646259
0.630993 0.646259
0.631092 0.646259
0.631192 0.646259
0.631291 0.646259
0.631390 0.646259
0.631489 0.646259
0.631588 0.646259
0.631687 0.646259
0.631786 0.646259
0.631885 0.645125
0.631985 0.645125
0.632084 0.645125
0.632183 0.645125
0.632282 0.645125
0.632381 0.645125
0.632480 0.645125
0.632579 0.645125
0.632679 0.645125
0.632778 0.645125
0.632877 0.645125
0.632976 0.645125
0.633075 0.645125
0.633174 0.645125
0.633273 0.645125
0.633372 0.645125
0.633472 0.645125
0.633571 0.645125
0.633670 0.645125
0.633769 0.645125
0.633868 0.645125
0.633967 0.645125
0.634066 0.645125
0.634165 0.643991
0.634265 0.643991
0.634364 0.643991
0.634463 0.643991
0.634562 0.643991
0.634661 0.643991
0.634760 0.643991
0.634859 0.643991
0.634958 0.643991
0.635058 0.643991
0.635157 0.643991
0.635256 0.643991
0.635355 0.643991
0.635454 0.643991
0.635553 0.643991
0.635652 0.643991
0.635751 0.643991
0.635851 0.642857
0.635950 0.642857
0.636049 0.642857
0.636148 0.642857
0.636247 0.642857
0.636346 0.642857
0.636445 0.642857
0.636544 0.642857
0.636644 0.642857
0.636743 0.642857
0.636842 0.642857
0.636941 0.642857
0.637040 0.641723
0.637139 0.641723
0.637238 0.641723
0.637337 0.641723
0.637437 0.641723
0.637536 0.641723
0.637635 0.641723
0.637734 0.641723
0.637833 0.641723
0.637932 0.641723
0.638031 0.641723
0.638130 0.640590
0.638230 0.640590
0.638329 0.640590
0.638428 0.640590
0.638527 0.640590
0.638626 0.640590
0.638725 0.640590
0.638824 0.640590
0.638923 0.640590
0.639023 0.640590
0.639122 0.640590
0.639221 0.640590
0.639320 0.640590
0.639419 0.640590
0.639518 0.640590
0.639617 0.640590
0.639716 0.639456
0.639816 0.639456
0.639915 0.639456
0.640014 0.639456
0.640113 0.639456
0.640212 0.639456
0.640311 0.639456
0.640410 0.639456
0.640509 0.639456
0.640609 0.639456
0.640708 0.639456
0.640807 0.639456
0.640906 0.639456
0.641005 0.639456
0.641104 0.639456
0.641203 0.639456
0.641303 0.639456
0.641402 0.639456
0.641501 0.639456
0.641600 0.639456
0.641699 0.639456
0.641798 0.639456
0.641897 0.639456
0.641996 0.639456
0.642096 0.639456
0.642195 0.639456
0.642294 0.639456
0.642393 0.639456
0.642492 0.637188
0.642591 0.637188
0.642690 0.637188
0.642789 0.637188
0.642889 0.637188
0.642988 0.637188
0.643087 0.634921
0.643186 0.634921
0.643285 0.634921
0.643384 0.634921
0.643483 0.634921
0.643582 0.634921
0.643682 0.634921
0.643781 0.634921
0.643880 0.634921
0.643979 0.634921
0.644078 0.634921
0.644177 0.634921
0.644276 0.634921
0.644375 0.634921
0.644475 0.634921
0.644574 0.634921
0.644673 0.634921
0.644772 0.633787
0.644871 0.633787
0.644970 0.633787
0.645069 0.633787
0.645168 0.633787
0.645268 0.633787
0.645367 0.632653
0.645466 0.632653
0.645565 0.632653
0.645664 0.632653
0.645763 0.632653
0.645862 0.632653
0.645961 0.632653
0.646061 0.632653
0.646160 0.632653
0.646259 0.632653
0.646358 0.632653
0.646457 0.632653
0.646556 0.632653
0.646655 0.632653
0.646754 0.632653
0.646854 0.632653
0.646953 0.632653
0.647052 0.632653
0.647151 0.632653
0.647250 0.632653
0.647349 0.632653
0.647448 0.632653
0.647547 0.632653
0.647647 0.632653
0.647746 0.632653
0.647845 0.632653
0.647944 0.632653
0.648043 0.632653
0.648142 0.632653
0.648241 0.632653
0.648340 0.632653
0.648440 0.632653
0.648539 0.631519
0.648638 0.631519
0.648737 0.631519
0.648836 0.631519
0.648935 0.631519
0.649034 0.631519
0.649133 0.631519
0.649233 0.631519
0.649332 0.631519
0.649431 0.631519
0.649530 0.631519
0.649629 0.631519
0.649728 0.631519
0.649827 0.631519
0.649927 0.631519
0.650026 0.631519
0.650125 0.630385
0.650224 0.629252
0.650323 0.629252
0.650422 0.629252
0.650521 0.629252
0.650620 0.629252
0.650720 0.629252
0.650819 0.629252
0.650918 0.629252
0.651017 0.629252
0.651116 0.629252
0.651215 0.629252
0.651314 0.629252
0.651413 0.629252
0.651513 0.629252
0.651612 0.629252
0.651711 0.629252
0.651810 0.629252
0.651909 0.629252
0.652008 0.629252
0.652107 0.629252
0.652206 0.629252
0.652306 0.629252
0.652405 0.629252
0.652504 0.629252
0.652603 0.629252
0.652702 0.629252
0.652801 0.629252
0.652900 0.629252
0.652999 0.629252
0.653099 0.629252
0.653198 0.629252
0.653297 0.629252
0.653396 0.629252
0.653495 0.629252
0.653594 0.629252
0.653693 0.629252
0.653792 0.629252
0.653892 0.629252
0.653991 0.629252
0.654090 0.629252
0.654189 0.629252
0.654288 0.629252
0.654387 0.629252
0.654486 0.628118
0.654585 0.628118
0.654685 0.628118
0.654784 0.628118
0.654883 0.628118
0.654982 0.628118
0.655081 0.628118
0.655180 0.628118
0.655279 0.628118
0.655378 0.628118
0.655478 0.628118
0.655577 0.628118
0.655676 0.628118
0.655775 0.628118
0.655874 0.628118
0.655973 0.628118
0.656072 0.626984
0.656171 0.626984
0.656271 0.626984
0.656370 0.626984
0.656469 0.626984
0.656568 0.625850
0.656667 0.625850
0.656766 0.625850
0.656865 0.625850
0.656964 0.625850
0.657064 0.625850
0.657163 0.625850
0.657262 0.625850
0.657361 0.625850
0.657460 0.625850
0.657559 0.625850
0.657658 0.625850
0.657757 0.625850
0.657857 0.625850
0.657956 0.625850
0.658055 0.625850
0.658154 0.625850
0.658253 0.625850
0.658352 0.625850
0.658451 0.625850
0.658551 0.625850
0.658650 0.624717
0.658749 0.624717
0.658848 0.624717
0.658947 0.624717
0.659046 0.624717
0.659145 0.624717
0.659244 0.624717
0.659344 0.624717
0.659443 0.624717
0.659542 0.624717
0.659641 0.624717
0.659740 0.624717
0.659839 0.624717
0.659938 0.624717
0.660037 0.624717
0.660137 0.624717
0.660236 0.624717
0.660335 0.624717
0.660434 0.624717
0.660533 0.624717
0.660632 0.624717
0.660731 0.624717
0.660830 0.624717
0.660930 0.624717
0.661029 0.624717
0.661128 0.624717
0.661227 0.624717
0.661326 0.624717
0.661425 0.624717
0.661524 0.624717
0.661623 0.624717
0.661723 0.624717
0.661822 0.624717
0.661921 0.624717
0.662020 0.624717
0.662119 0.624717
0.662218 0.624717
0.662317 0.624717
0.662416 0.624717
0.662516 0.624717
0.662615 0.624717
0.662714 0.624717
0.662813 0.624717
0.662912 0.624717
0.663011 0.624717
0.663110 0.624717
0.663209 0.624717
0.663309 0.624717
0.663408 0.624717
0.663507 0.624717
0.663606 0.624717
0.663705 0.624717
0.663804 0.624717
0.663903 0.624717
0.664002 0.624717
0.664102 0.624717
0.664201 0.624717
0.664300 0.624717
0.664399 0.624717
0.664498 0.624717
0.664597 0.624717
0.664696 0.624717
0.664795 0.624717
0.664895 0.624717
0.664994 0.624717
0.665093 0.624717
0.665192 0.624717
0.665291 0.624717
0.665390 0.624717
0.665489 0.624717
0.665588 0.624717
0.665688 0.624717
0.665787 0.624717
0.665886 0.624717
0.665985 0.624717
0.666084 0.624717
0.666183 0.624717
0.666282 0.624717
0.666381 0.624717
0.666481 0.623583
0.666580 0.623583
0.666679 0.623583
0.666778 0.623583
0.666877 0.623583
0.666976 0.623583
0.667075 0.623583
0.667175 0.623583
0.667274 0.622449
0.667373 0.622449
0.667472 0.622449
0.667571 0.622449
0.667670 0.622449
0.667769 0.622449
0.667868 0.622449
0.667968 0.622449
0.668067 0.622449
0.668166 0.622449
0.668265 0.622449
0.668364 0.622449
0.668463 0.621315
0.668562 0.621315
0.668661 0.621315
0.668761 0.621315
0.668860 0.621315
0.668959 0.621315
0.669058 0.621315
0.669157 0.621315
0.669256 0.621315
0.669355 0.621315
0.669454 0.621315
0.669554 0.621315
0.669653 0.621315
0.669752 0.621315
0.669851 0.621315
0.669950 0.621315
0.670049 0.621315
0.670148 0.621315
0.670247 0.621315
0.670347 0.621315
0.670446 0.621315
0.670545 0.621315
0.670644 0.621315
0.670743 0.621315
0.670842 0.621315
0.670941 0.621315
0.671040 0.621315
0.671140 0.621315
0.671239 0.621315
0.671338 0.621315
0.671437 0.621315
0.671536 0.620181
0.671635 0.620181
0.671734 0.620181
0.671833 0.620181
0.671933 0.620181
0.672032 0.620181
0.672131 0.620181
0.672230 0.620181
0.672329 0.620181
0.672428 0.620181
0.672527 0.620181
0.672626 0.619048
0.672726 0.619048
0.672825 0.619048
0.672924 0.619048
0.673023 0.619048
0.673122 0.619048
0.673221 0.617914
0.673320 0.616780
0.673419 0.616780
0.673519 0.616780
0.673618 0.616780
0.673717 0.616780
0.673816 0.616780
0.673915 0.616780
0.674014 0.616780
0.674113 0.616780
0.674212 0.616780
0.674312 0.615646
0.674411 0.615646
0.674510 0.615646
0.674609 0.614512
0.674708 0.614512
0.674807 0.614512
0.674906 0.614512
0.675005 0.614512
0.675105 0.614512
0.675204 0.614512
0.675303 0.614512
0.675402 0.614512
0.675501 0.614512
0.675600 0.614512
0.675699 0.614512
0.675799 0.614512
0.675898 0.614512
0.675997 0.613379
0.676096 0.613379
0.676195 0.613379
0.676294 0.613379
0.676393 0.613379
0.676492 0.613379
0.676592 0.613379
0.676691 0.612245
0.676790 0.611111
0.676889 0.611111
0.676988 0.611111
0.677087 0.611111
0.677186 0.611111
0.677285 0.611111
0.677385 0.611111
0.677484 0.611111
0.677583 0.611111
0.677682 0.611111
0.677781 0.611111
0.677880 0.611111
0.677979 0.611111
0.678078 0.611111
0.678178 0.611111
0.678277 0.611111
0.678376 0.611111
0.678475 0.611111
0.678574 0.609977
0.678673 0.609977
0.678772 0.609977
0.678871 0.609977
0.678971 0.609977
0.679070 0.609977
0.679169 0.609977
0.679268 0.609977
0.679367 0.609977
0.679466 0.609977
0.679565 0.609977
0.679664 0.609977
0.679764 0.609977
0.679863 0.609977
0.679962 0.609977
0.680061 0.609977
0.680160 0.609977
0.680259 0.608844
0.680358 0.608844
0.680457 0.608844
0.680557 0.608844
0.680656 0.608844
0.680755 0.608844
0.680854 0.608844
0.680953 0.608844
0.681052 0.608844
0.681151 0.608844
0.681250 0.608844
0.681350 0.608844
0.681449 0.608844
0.681548 0.608844
0.681647 0.608844
0.681746 0.608844
0.681845 0.608844
0.681944 0.608844
0.682043 0.608844
0.682143 0.608844
0.682242 0.608844
0.682341 0.608844
0.682440 0.608844
0.682539 0.607710
0.682638 0.607710
0.682737 0.607710
0.682836 0.607710
0.682936 0.607710
0.683035 0.607710
0.683134 0.607710
0.683233 0.607710
0.683332 0.607710
0.683431 0.607710
0.683530 0.607710
0.683629 0.607710
0.683729 0.607710
0.683828 0.607710
0.683927 0.607710
0.684026 0.607710
0.684125 0.607710
0.684224 0.607710
0.684323 0.607710
0.684423 0.607710
0.684522 0.607710
0.684621 0.607710
0.684720 0.607710
0.684819 0.607710
0.684918 0.607710
0.685017 0.607710
0.685116 0.607710
0.685216 0.607710
0.685315 0.607710
0.685414 0.607710
0.685513 0.606576
0.685612 0.606576
0.685711 0.606576
0.685810 0.606576
0.685909 0.606576
0.686009 0.606576
0.686108 0.606576
0.686207 0.606576
0.686306 0.606576
0.686405 0.606576
0.686504 0.606576
0.686603 0.606576
0.686702 0.606576
0.686802 0.606576
0.686901 0.606576
0.687000 0.606576
0.687099 0.606576
0.687198 0.606576
0.687297 0.605442
0.687396 0.605442
0.687495 0.605442
0.687595 0.605442
0.687694 0.605442
0.687793 0.605442
0.687892 0.605442
0.687991 0.605442
0.688090 0.604308
0.688189 0.603175
0.688288 0.603175
0.688388 0.603175
0.688487 0.603175
0.688586 0.603175
0.688685 0.603175
0.688784 0.603175
0.688883 0.602041
0.688982 0.602041
0.689081 0.602041
0.689181 0.602041
0.689280 0.602041
0.689379 0.602041
0.689478 0.602041
0.689577 0.602041
0.689676 0.602041
0.689775 0.602041
0.689874 0.602041
0.689974 0.602041
0.690073 0.602041
0.690172 0.602041
0.690271 0.602041
0.690370 0.602041
0.690469 0.602041
0.690568 0.602041
0.690667 0.602041
0.690767 0.602041
0.690866 0.602041
0.690965 0.602041
0.691064 0.602041
0.691163 0.602041
0.691262 0.602041
0.691361 0.602041
0.691460 0.602041
0.691560 0.600907
0.691659 0.600907
0.691758 0.600907
0.691857 0.600907
0.691956 0.600907
0.692055 0.600907
0.692154 0.600907
0.692253 0.600907
0.692353 0.600907
0.692452 0.600907
0.692551 0.600907
0.692650 0.600907
0.692749 0.600907
0.692848 0.600907
0.692947 0.600907
0.693047 0.600907
0.693146 0.600907
0.693245 0.600907
0.693344 0.600907
0.693443 0.600907
0.693542 0.600907
0.693641 0.600907
0.693740 0.600907
0.693840 0.600907
0.693939 0.600907
0.694038 0.600907
0.694137 0.600907
0.694236 0.600907
0.694335 0.600907
0.694434 0.600907
0.694533 0.600907
0.694633 0.600907
0.694732 0.600907
0.694831 0.600907
0.694930 0.600907
0.695029 0.600907
0.695128 0.599773
0.695227 0.599773
0.695326 0.598639
0.695426 0.598639
0.695525 0.598639
0.695624 0.598639
0.695723 0.598639
0.695822 0.598639
0.695921 0.598639
0.696020 0.598639
0.696119 0.598639
0.696219 0.598639
0.696318 0.597506
0.696417 0.597506
0.696516 0.597506
0.696615 0.597506
0.696714 0.596372
0.696813 0.596372
0.696912 0.596372
0.697012 0.596372
0.697111 0.596372
0.697210 0.596372
0.697309 0.596372
0.697408 0.596372
0.697507 0.596372
0.697606 0.596372
0.697705 0.596372
0.697805 0.596372
0.697904 0.596372
0.698003 0.596372
0.698102 0.596372
0.698201 0.596372
0.698300 0.596372
0.698399 0.596372
0.698498 0.596372
0.698598 0.596372
0.698697 0.596372
0.698796 0.596372
0.698895 0.596372
0.698994 0.596372
0.699093 0.595238
0.699192 0.595238
0.699291 0.595238
0.699391 0.595238
0.699490 0.595238
0.699589 0.595238
0.699688 0.595238
0.699787 0.595238
0.699886 0.595238
0.699985 0.594104
0.700084 0.594104
0.700184 0.594104
0.700283 0.594104
0.700382 0.594104
0.700481 0.594104
0.700580 0.594104
0.700679 0.594104
0.700778 0.592971
0.700877 0.592971
0.700977 0.592971
0.701076 0.592971
0.701175 0.592971
0.701274 0.592971
0.701373 0.592971
0.701472 0.592971
0.701571 0.591837
0.701671 0.591837
0.701770 0.591837
0.701869 0.591837
0.701968 0.591837
0.702067 0.591837
0.702166 0.591837
0.702265 0.591837
0.702364 0.591837
0.702464 0.591837
0.702563 0.591837
0.702662 0.591837
0.702761 0.591837
0.702860 0.591837
0.702959 0.591837
0.703058 0.591837
0.703157 0.591837
0.703257 0.591837
0.703356 0.591837
0.703455 0.591837
0.703554 0.591837
0.703653 0.590703
0.703752 0.590703
0.703851 0.590703
0.703950 0.590703
0.704050 0.589569
0.704149 0.589569
0.704248 0.589569
0.704347 0.589569
0.704446 0.589569
0.704545 0.589569
0.704644 0.589569
0.704743 0.589569
0.704843 0.589569
0.704942 0.589569
0.705041 0.589569
0.705140 0.589569
0.705239 0.589569
0.705338 0.589569
0.705437 0.589569
0.705536 0.589569
0.705636 0.589569
0.705735 0.589569
0.705834 0.589569
0.705933 0.589569
0.706032 0.589569
0.706131 0.589569
0.706230 0.589569
0.706329 0.589569
0.706429 0.589569
0.706528 0.589569
0.706627 0.589569
0.706726 0.589569
0.706825 0.589569
0.706924 0.589569
0.707023 0.589569
0.707122 0.589569
0.707222 0.589569
0.707321 0.589569
0.707420 0.589569
0.707519 0.589569
0.707618 0.589569
0.707717 0.589569
0.707816 0.589569
0.707915 0.589569
0.708015 0.589569
0.708114 0.589569
0.708213 0.589569
0.708312 0.589569
0.708411 0.589569
0.708510 0.589569
0.708609 0.589569
0.708708 0.589569
0.708808 0.589569
0.708907 0.589569
0.709006 0.589569
0.709105 0.589569
0.709204 0.589569
0.709303 0.589569
0.709402 0.589569
0.709501 0.589569
0.709601 0.589569
0.709700 0.589569
0.709799 0.589569
0.709898 0.589569
0.709997 0.588435
0.710096 0.588435
0.710195 0.588435
0.710295 0.588435
0.710394 0.588435
0.710493 0.588435
0.710592 0.587302
0.710691 0.587302
0.710790 0.587302
0.710889 0.587302
0.710988 0.587302
0.711088 0.587302
0.711187 0.587302
0.711286 0.586168
0.711385 0.586168
0.711484 0.586168
0.711583 0.586168
0.711682 0.586168
0.711781 0.586168
0.711881 0.586168
0.711980 0.586168
0.712079 0.586168
0.712178 0.586168
0.712277 0.586168
0.712376 0.586168
0.712475 0.586168
0.712574 0.586168
0.712674 0.586168
0.712773 0.586168
0.712872 0.586168
0.712971 0.586168
0.713070 0.586168
0.713169 0.586168
0.713268 0.586168
0.713367 0.586168
0.713467 0.586168
0.713566 0.586168
0.713665 0.586168
0.713764 0.586168
0.713863 0.586168
0.713962 0.586168
0.714061 0.586168
0.714160 0.586168
0.714260 0.586168
0.714359 0.586168
0.714458 0.586168
0.714557 0.586168
0.714656 0.585034
0.714755 0.585034
0.714854 0.585034
0.714953 0.585034
0.715053 0.585034
0.715152 0.585034
0.715251 0.585034
0.715350 0.585034
0.715449 0.585034
0.715548 0.585034
0.715647 0.585034
0.715746 0.585034
0.715846 0.585034
0.715945 0.585034
0.716044 0.585034
0.716143 0.585034
0.716242 0.585034
0.716341 0.585034
0.716440 0.585034
0.716539 0.585034
0.716639 0.585034
0.716738 0.585034
0.716837 0.585034
0.716936 0.585034
0.717035 0.585034
0.717134 0.585034
0.717233 0.585034
0.717332 0.585034
0.717432 0.585034
0.717531 0.585034
0.717630 0.585034
0.717729 0.583900
0.717828 0.583900
0.717927 0.582766
0.718026 0.582766
0.718125 0.582766
0.718225 0.582766
0.718324 0.581633
0.718423 0.581633
0.718522 0.580499
0.718621 0.580499
0.718720 0.580499
0.718819 0.580499
0.718919 0.580499
0.719018 0.580499
0.719117 0.580499
0.719216 0.580499
0.719315 0.580499
0.719414 0.580499
0.719513 0.580499
0.719612 0.580499
0.719712 0.580499
0.719811 0.580499
0.719910 0.579365
0.720009 0.579365
0.720108 0.579365
0.720207 0.579365
0.720306 0.579365
0.720405 0.579365
0.720505 0.579365
0.720604 0.579365
0.720703 0.579365
0.720802 0.579365
0.720901 0.579365
0.721000 0.578231
0.721099 0.578231
0.721198 0.578231
0.721298 0.578231
0.721397 0.578231
0.721496 0.578231
0.721595 0.578231
0.721694 0.578231
0.721793 0.578231
0.721892 0.578231
0.721991 0.578231
0.722091 0.578231
0.722190 0.578231
0.722289 0.578231
0.722388 0.578231
0.722487 0.578231
0.722586 0.578231
0.722685 0.578231
0.722784 0.578231
0.722884 0.578231
0.722983 0.577098
0.723082 0.575964
0.723181 0.575964
0.723280 0.575964
0.723379 0.574830
0.723478 0.574830
0.723577 0.574830
0.723677 0.574830
0.723776 0.574830
0.723875 0.574830
0.723974 0.574830
0.724073 0.574830
0.724172 0.574830
0.724271 0.574830
0.724370 0.574830
0.724470 0.574830
0.724569 0.574830
0.724668 0.574830
0.724767 0.574830
0.724866 0.574830
0.724965 0.574830
0.725064 0.574830
0.725163 0.574830
0.725263 0.574830
0.725362 0.573696
0.725461 0.573696
0.725560 0.573696
0.725659 0.573696
0.725758 0.573696
0.725857 0.573696
0.725956 0.573696
0.726056 0.572562
0.726155 0.572562
0.726254 0.572562
0.726353 0.572562
0.726452 0.571429
0.726551 0.571429
0.726650 0.571429
0.726749 0.571429
0.726849 0.571429
0.726948 0.571429
0.727047 0.571429
0.727146 0.571429
0.727245 0.571429
0.727344 0.571429
0.727443 0.571429
0.727543 0.571429
0.727642 0.571429
0.727741 0.571429
0.727840 0.571429
0.727939 0.571429
0.728038 0.571429
0.728137 0.571429
0.728236 0.571429
0.728336 0.571429
0.728435 0.571429
0.728534 0.571429
0.728633 0.571429
0.728732 0.571429
0.728831 0.571429
0.728930 0.571429
0.729029 0.571429
0.729129 0.571429
0.729228 0.571429
0.729327 0.570295
0.729426 0.570295
0.729525 0.570295
0.729624 0.570295
0.729723 0.570295
0.729822 0.570295
0.729922 0.570295
0.730021 0.570295
0.730120 0.570295
0.730219 0.570295
0.730318 0.570295
0.730417 0.570295
0.730516 0.570295
0.730615 0.570295
0.730715 0.570295
0.730814 0.570295
0.730913 0.570295
0.731012 0.570295
0.731111 0.570295
0.731210 0.570295
0.731309 0.570295
0.731408 0.570295
0.731508 0.570295
0.731607 0.570295
0.731706 0.570295
0.731805 0.570295
0.731904 0.570295
0.732003 0.570295
0.732102 0.570295
0.732201 0.570295
0.732301 0.570295
0.732400 0.570295
0.732499 0.569161
0.732598 0.569161
0.732697 0.569161
0.732796 0.569161
0.732895 0.569161
0.732994 0.569161
0.733094 0.569161
0.733193 0.569161
0.733292 0.569161
0.733391 0.569161
0.733490 0.569161
0.733589 0.569161
0.733688 0.569161
0.733787 0.569161
0.733887 0.569161
0.733986 0.569161
0.734085 0.569161
0.734184 0.569161
0.734283 0.569161
0.734382 0.569161
0.734481 0.569161
0.734580 0.568027
0.734680 0.568027
0.734779 0.568027
0.734878 0.568027
0.734977 0.568027
0.735076 0.568027
0.735175 0.568027
0.735274 0.568027
0.735373 0.568027
0.735473 0.568027
0.735572 0.568027
0.735671 0.566893
0.735770 0.566893
0.735869 0.566893
0.735968 0.566893
0.736067 0.566893
0.736167 0.566893
0.736266 0.566893
0.736365 0.565760
0.736464 0.564626
0.736563 0.564626
0.736662 0.564626
0.736761 0.564626
0.736860 0.564626
0.736960 0.564626
0.737059 0.564626
0.737158 0.564626
0.737257 0.564626
0.737356 0.564626
0.737455 0.564626
0.737554 0.564626
0.737653 0.564626
0.737753 0.564626
0.737852 0.564626
0.737951 0.564626
0.738050 0.564626
0.738149 0.564626
0.738248 0.564626
0.738347 0.564626
0.738446 0.564626
0.738546 0.564626
0.738645 0.563492
0.738744 0.563492
0.738843 0.563492
0.738942 0.563492
0.739041 0.563492
0.739140 0.563492
0.739239 0.563492
0.739339 0.563492
0.739438 0.563492
0.739537 0.563492
0.739636 0.563492
0.739735 0.563492
0.739834 0.563492
0.739933 0.563492
0.740032 0.563492
0.740132 0.563492
0.740231 0.563492
0.740330 0.563492
0.740429 0.563492
0.740528 0.563492
0.740627 0.563492
0.740726 0.563492
0.740825 0.563492
0.740925 0.563492
0.741024 0.563492
0.741123 0.563492
0.741222 0.563492
0.741321 0.563492
0.741420 0.563492
0.741519 0.563492
0.741618 0.563492
0.741718 0.563492
0.741817 0.563492
0.741916 0.563492
0.742015 0.563492
0.742114 0.563492
0.742213 0.563492
0.742312 0.561224
0.742411 0.561224
0.742511 0.561224
0.742610 0.561224
0.742709 0.561224
0.742808 0.561224
0.742907 0.561224
0.743006 0.561224
0.743105 0.561224
0.743204 0.561224
0.743304 0.561224
0.743403 0.561224
0.743502 0.561224
0.743601 0.561224
0.743700 0.561224
0.743799 0.561224
0.743898 0.561224
0.743997 0.561224
0.744097 0.561224
0.744196 0.561224
0.744295 0.561224
0.744394 0.561224
0.744493 0.561224
0.744592 0.561224
0.744691 0.561224
0.744791 0.561224
0.744890 0.561224
0.744989 0.561224
0.745088 0.561224
0.745187 0.561224
0.745286 0.561224
0.745385 0.561224
0.745484 0.561224
0.745584 0.561224
0.745683 0.560091
0.745782 0.560091
0.745881 0.560091
0.745980 0.560091
0.746079 0.560091
0.746178 0.560091
0.746277 0.560091
0.746377 0.560091
0.746476 0.560091
0.746575 0.560091
0.746674 0.560091
0.746773 0.560091
0.746872 0.560091
0.746971 0.560091
0.747070 0.560091
0.747170 0.560091
0.747269 0.560091
0.747368 0.558957
0.747467 0.558957
0.747566 0.558957
0.747665 0.558957
0.747764 0.558957
0.747863 0.558957
0.747963 0.558957
0.748062 0.558957
0.748161 0.558957
0.748260 0.558957
0.748359 0.558957
0.748458 0.558957
0.748557 0.558957
0.748656 0.558957
0.748756 0.558957
0.748855 0.558957
0.748954 0.558957
0.749053 0.558957
0.749152 0.558957
0.749251 0.557823
0.749350 0.557823
0.749449 0.557823
0.749549 0.557823
0.749648 0.557823
0.749747 0.557823
0.749846 0.556689
0.749945 0.556689
0.750044 0.556689
0.750143 0.556689
0.750242 0.556689
0.750342 0.556689
0.750441 0.556689
0.750540 0.556689
0.750639 0.556689
0.750738 0.556689
0.750837 0.556689
0.750936 0.556689
0.751035 0.556689
0.751135 0.556689
0.751234 0.556689
0.751333 0.556689
0.751432 0.556689
0.751531 0.556689
0.751630 0.556689
0.751729 0.556689
0.751828 0.556689
0.751928 0.556689
0.752027 0.556689
0.752126 0.556689
0.752225 0.556689
0.752324 0.556689
0.752423 0.556689
0.752522 0.556689
0.752621 0.556689
0.752721 0.556689
0.752820 0.556689
0.752919 0.556689
0.753018 0.556689
0.753117 0.556689
0.753216 0.556689
0.753315 0.556689
0.753415 0.556689
0.753514 0.556689
0.753613 0.556689
0.753712 0.556689
0.753811 0.556689
0.753910 0.556689
0.754009 0.556689
0.754108 0.556689
0.754208 0.556689
0.754307 0.555556
0.754406 0.555556
0.754505 0.555556
0.754604 0.555556
0.754703 0.555556
0.754802 0.555556
0.754901 0.555556
0.755001 0.555556
0.755100 0.555556
0.755199 0.555556
0.755298 0.554422
0.755397 0.554422
0.755496 0.554422
0.755595 0.554422
0.755694 0.554422
0.755794 0.554422
0.755893 0.554422
0.755992 0.553288
0.756091 0.553288
0.756190 0.553288
0.756289 0.553288
0.756388 0.553288
0.756487 0.553288
0.756587 0.553288
0.756686 0.553288
0.756785 0.553288
0.756884 0.553288
0.756983 0.552154
0.757082 0.552154
0.757181 0.552154
0.757280 0.552154
0.757380 0.552154
0.757479 0.552154
0.757578 0.552154
0.757677 0.552154
0.757776 0.552154
0.757875 0.552154
0.757974 0.552154
0.758073 0.552154
0.758173 0.552154
0.758272 0.552154
0.758371 0.552154
0.758470 0.552154
0.758569 0.552154
0.758668 0.552154
0.758767 0.552154
0.758866 0.552154
0.758966 0.552154
0.759065 0.552154
0.759164 0.551020
0.759263 0.551020
0.759362 0.551020
0.759461 0.551020
0.759560 0.551020
0.759659 0.551020
0.759759 0.551020
0.759858 0.551020
0.759957 0.551020
0.760056 0.551020
0.760155 0.551020
0.760254 0.551020
0.760353 0.551020
0.760452 0.551020
0.760552 0.551020
0.760651 0.551020
0.760750 0.551020
0.760849 0.551020
0.760948 0.549887
0.761047 0.549887
0.761146 0.548753
0.761245 0.548753
0.761345 0.548753
0.761444 0.548753
0.761543 0.548753
0.761642 0.548753
0.761741 0.548753
0.761840 0.548753
0.761939 0.548753
0.762039 0.548753
0.762138 0.548753
0.762237 0.548753
0.762336 0.548753
0.762435 0.548753
0.762534 0.548753
0.762633 0.548753
0.762732 0.548753
0.762832 0.546485
0.762931 0.546485
0.763030 0.546485
0.763129 0.546485
0.763228 0.546485
0.763327 0.546485
0.763426 0.546485
0.763525 0.546485
0.763625 0.546485
0.763724 0.546485
0.763823 0.546485
0.763922 0.546485
0.764021 0.546485
0.764120 0.546485
0.764219 0.546485
0.764318 0.546485
0.764418 0.546485
0.764517 0.546485
0.764616 0.546485
0.764715 0.546485
0.764814 0.546485
0.764913 0.546485
0.765012 0.546485
0.765111 0.546485
0.765211 0.546485
0.765310 0.546485
0.765409 0.546485
0.765508 0.546485
0.765607 0.545351
0.765706 0.545351
0.765805 0.544218
0.765904 0.544218
0.766004 0.544218
0.766103 0.543084
0.766202 0.543084
0.766301 0.543084
0.766400 0.543084
0.766499 0.543084
0.766598 0.543084
0.766697 0.543084
0.766797 0.543084
0.766896 0.543084
0.766995 0.543084
0.767094 0.543084
0.767193 0.543084
0.767292 0.543084
0.767391 0.543084
0.767490 0.543084
0.767590 0.543084
0.767689 0.543084
0.767788 0.543084
0.767887 0.543084
0.767986 0.543084
0.768085 0.543084
0.768184 0.541950
0.768283 0.541950
0.768383 0.541950
0.768482 0.541950
0.768581 0.541950
0.768680 0.540816
0.768779 0.540816
0.768878 0.540816
0.768977 0.540816
0.769076 0.540816
0.769176 0.540816
0.769275 0.540816
0.769374 0.540816
0.769473 0.540816
0.769572 0.540816
0.769671 0.540816
0.769770 0.540816
0.769869 0.540816
0.769969 0.540816
0.770068 0.540816
0.770167 0.540816
0.770266 0.540816
0.770365 0.540816
0.770464 0.540816
0.770563 0.540816
0.770663 0.540816
0.770762 0.540816
0.770861 0.540816
0.770960 0.540816
0.771059 0.540816
0.771158 0.540816
0.771257 0.540816
0.771356 0.539683
0.771456 0.539683
0.771555 0.539683
0.771654 0.539683
0.771753 0.539683
0.771852 0.539683
0.771951 0.539683
0.772050 0.539683
0.772149 0.539683
0.772249 0.539683
0.772348 0.539683
0.772447 0.539683
0.772546 0.539683
0.772645 0.539683
0.772744 0.539683
0.772843 0.539683
0.772942 0.539683
0.773042 0.539683
0.773141 0.539683
0.773240 0.539683
0.773339 0.538549
0.773438 0.538549
0.773537 0.538549
0.773636 0.538549
0.773735 0.538549
0.773835 0.538549
0.773934 0.538549
0.774033 0.538549
0.774132 0.538549
0.774231 0.537415
0.774330 0.537415
0.774429 0.537415
0.774528 0.537415
0.774628 0.537415
0.774727 0.537415
0.774826 0.537415
0.774925 0.537415
0.775024 0.537415
0.775123 0.537415
0.775222 0.537415
0.775321 0.537415
0.775421 0.536281
0.775520 0.536281
0.775619 0.536281
0.775718 0.536281
0.775817 0.536281
0.775916 0.536281
0.776015 0.536281
0.776114 0.536281
0.776214 0.536281
0.776313 0.535147
0.776412 0.535147
0.776511 0.535147
0.776610 0.535147
0.776709 0.535147
0.776808 0.535147
0.776907 0.535147
0.777007 0.535147
0.777106 0.535147
0.777205 0.535147
0.777304 0.535147
0.777403 0.535147
0.777502 0.535147
0.777601 0.535147
0.777700 0.535147
0.777800 0.534014
0.777899 0.534014
0.777998 0.534014
0.778097 0.532880
0.778196 0.532880
0.778295 0.532880
0.778394 0.531746
0.778493 0.531746
0.778593 0.531746
0.778692 0.531746
0.778791 0.531746
0.778890 0.531746
0.778989 0.531746
0.779088 0.531746
0.779187 0.531746
0.779287 0.531746
0.779386 0.531746
0.779485 0.531746
0.779584 0.531746
0.779683 0.531746
0.779782 0.530612
0.779881 0.530612
0.779980 0.530612
0.780080 0.530612
0.780179 0.530612
0.780278 0.530612
0.780377 0.530612
0.780476 0.530612
0.780575 0.530612
0.780674 0.530612
0.780773 0.530612
0.780873 0.530612
0.780972 0.530612
0.781071 0.530612
0.781170 0.530612
0.781269 0.530612
0.781368 0.530612
0.781467 0.530612
0.781566 0.530612
0.781666 0.530612
0.781765 0.530612
0.781864 0.529478
0.781963 0.529478
0.782062 0.529478
0.782161 0.529478
0.782260 0.529478
0.782359 0.529478
0.782459 0.529478
0.782558 0.529478
0.782657 0.529478
0.782756 0.529478
0.782855 0.529478
0.782954 0.529478
0.783053 0.529478
0.783152 0.529478
0.783252 0.529478
0.783351 0.529478
0.783450 0.529478
0.783549 0.529478
0.783648 0.529478
0.783747 0.529478
0.783846 0.529478
0.783945 0.529478
0.784045 0.529478
0.784144 0.529478
0.784243 0.529478
0.784342 0.529478
0.784441 0.529478
0.784540 0.529478
0.784639 0.529478
0.784738 0.528345
0.784838 0.528345
0.784937 0.528345
0.785036 0.528345
0.785135 0.528345
0.785234 0.528345
0.785333 0.528345
0.785432 0.528345
0.785531 0.528345
0.785631 0.528345
0.785730 0.528345
0.785829 0.528345
0.785928 0.528345
0.786027 0.528345
0.786126 0.528345
0.786225 0.528345
0.786324 0.528345
0.786424 0.528345
0.786523 0.528345
0.786622 0.528345
0.786721 0.528345
0.786820 0.528345
0.786919 0.527211
0.787018 0.527211
0.787118 0.527211
0.787217 0.527211
0.787316 0.527211
0.787415 0.527211
0.787514 0.527211
0.787613 0.527211
0.787712 0.527211
0.787811 0.527211
0.787911 0.527211
0.788010 0.527211
0.788109 0.527211
0.788208 0.527211
0.788307 0.527211
0.788406 0.527211
0.788505 0.527211
0.788604 0.527211
0.788704 0.526077
0.788803 0.526077
0.788902 0.526077
0.789001 0.526077
0.789100 0.526077
0.789199 0.526077
0.789298 0.526077
0.789397 0.526077
0.789497 0.526077
0.789596 0.523810
0.789695 0.523810
0.789794 0.523810
0.789893 0.523810
0.789992 0.523810
0.790091 0.523810
0.790190 0.523810
0.790290 0.523810
0.790389 0.523810
0.790488 0.523810
0.790587 0.522676
0.790686 0.522676
0.790785 0.522676
0.790884 0.522676
0.790983 0.522676
0.791083 0.521542
0.791182 0.521542
0.791281 0.521542
0.791380 0.521542
0.791479 0.521542
0.791578 0.521542
0.791677 0.521542
0.791776 0.521542
0.791876 0.521542
0.791975 0.521542
0.792074 0.520408
0.792173 0.520408
0.792272 0.520408
0.792371 0.520408
0.792470 0.520408
0.792569 0.520408
0.792669 0.520408
0.792768 0.520408
0.792867 0.520408
0.792966 0.520408
0.793065 0.520408
0.793164 0.519274
0.793263 0.519274
0.793362 0.519274
0.793462 0.519274
0.793561 0.518141
0.793660 0.518141
0.793759 0.518141
0.793858 0.518141
0.793957 0.517007
0.794056 0.517007
0.794155 0.517007
0.794255 0.517007
0.794354 0.517007
0.794453 0.517007
0.794552 0.517007
0.794651 0.515873
0.794750 0.515873
0.794849 0.515873
0.794948 0.515873
0.795048 0.515873
0.795147 0.515873
0.795246 0.515873
0.795345 0.515873
0.795444 0.515873
0.795543 0.515873
0.795642 0.515873
0.795742 0.515873
0.795841 0.515873
0.795940 0.515873
0.796039 0.515873
0.796138 0.515873
0.796237 0.515873
0.796336 0.514739
0.796435 0.514739
0.796535 0.514739
0.796634 0.514739
0.796733 0.514739
0.796832 0.514739
0.796931 0.514739
0.797030 0.514739
0.797129 0.514739
0.797228 0.513605
0.797328 0.513605
0.797427 0.513605
0.797526 0.513605
0.797625 0.513605
0.797724 0.513605
0.797823 0.513605
0.797922 0.513605
0.798021 0.513605
0.798121 0.513605
0.798220 0.513605
0.798319 0.513605
0.798418 0.513605
0.798517 0.513605
0.798616 0.513605
0.798715 0.513605
0.798814 0.513605
0.798914 0.513605
0.799013 0.513605
0.799112 0.513605
0.799211 0.513605
0.799310 0.513605
0.799409 0.513605
0.799508 0.513605
0.799607 0.513605
0.799707 0.513605
0.799806 0.513605
0.799905 0.513605
0.800004 0.513605
0.800103 0.513605
0.800202 0.513605
0.800301 0.513605
0.800400 0.513605
0.800500 0.513605
0.800599 0.512472
0.800698 0.512472
0.800797 0.512472
0.800896 0.512472
0.800995 0.512472
0.801094 0.512472
0.801193 0.512472
0.801293 0.512472
0.801392 0.512472
0.801491 0.512472
0.801590 0.512472
0.801689 0.512472
0.801788 0.512472
0.801887 0.512472
0.801986 0.512472
0.802086 0.512472
0.802185 0.512472
0.802284 0.512472
0.802383 0.512472
0.802482 0.512472
0.802581 0.512472
0.802680 0.512472
0.802779 0.511338
0.802879 0.511338
0.802978 0.511338
0.803077 0.511338
0.803176 0.511338
0.803275 0.510204
0.803374 0.510204
0.803473 0.510204
0.803572 0.510204
0.803672 0.510204
0.803771 0.509070
0.803870 0.509070
0.803969 0.509070
0.804068 0.509070
0.804167 0.509070
0.804266 0.509070
0.804366 0.509070
0.804465 0.509070
0.804564 0.509070
0.804663 0.509070
0.804762 0.509070
0.804861 0.509070
0.804960 0.509070
0.805059 0.509070
0.805159 0.509070
0.805258 0.509070
0.805357 0.509070
0.805456 0.509070
0.805555 0.507937
0.805654 0.507937
0.805753 0.507937
0.805852 0.507937
0.805952 0.506803
0.806051 0.506803
0.806150 0.506803
0.806249 0.506803
0.806348 0.506803
0.806447 0.506803
0.806546 0.506803
0.806645 0.506803
0.806745 0.506803
0.806844 0.506803
0.806943 0.506803
0.807042 0.506803
0.807141 0.506803
0.807240 0.506803
0.807339 0.506803
0.807438 0.506803
0.807538 0.505669
0.807637 0.504535
0.807736 0.504535
0.807835 0.504535
0.807934 0.504535
0.808033 0.504535
0.808132 0.504535
0.808231 0.504535
0.808331 0.504535
0.808430 0.504535
0.808529 0.504535
0.808628 0.504535
0.808727 0.504535
0.808826 0.504535
0.808925 0.504535
0.809024 0.504535
0.809124 0.503401
0.809223 0.503401
0.809322 0.503401
0.809421 0.503401
0.809520 0.503401
0.809619 0.503401
0.809718 0.503401
0.809817 0.503401
0.809917 0.503401
0.810016 0.503401
0.810115 0.502268
0.810214 0.502268
0.810313 0.501134
0.810412 0.501134
0.810511 0.501134
0.810610 0.501134
0.810710 0.501134
0.810809 0.501134
0.810908 0.500000
0.811007 0.500000
0.811106 0.500000
0.811205 0.500000
0.811304 0.498866
0.811403 0.498866
0.811503 0.498866
0.811602 0.498866
0.811701 0.498866
0.811800 0.498866
0.811899 0.498866
0.811998 0.498866
0.812097 0.498866
0.812196 0.498866
0.812296 0.498866
0.812395 0.498866
0.812494 0.498866
0.812593 0.498866
0.812692 0.498866
0.812791 0.498866
0.812890 0.498866
0.812990 0.498866
0.813089 0.498866
0.813188 0.498866
0.813287 0.498866
0.813386 0.498866
0.813485 0.498866
0.813584 0.498866
0.813683 0.498866
0.813783 0.498866
0.813882 0.498866
0.813981 0.498866
0.814080 0.498866
0.814179 0.498866
0.814278 0.498866
0.814377 0.498866
0.814476 0.498866
0.814576 0.498866
0.814675 0.498866
0.814774 0.498866
0.814873 0.498866
0.814972 0.498866
0.815071 0.498866
0.815170 0.498866
0.815269 0.498866
0.815369 0.497732
0.815468 0.497732
0.815567 0.497732
0.815666 0.497732
0.815765 0.497732
0.815864 0.497732
0.815963 0.497732
0.816062 0.497732
0.816162 0.497732
0.816261 0.497732
0.816360 0.497732
0.816459 0.497732
0.816558 0.497732
0.816657 0.497732
0.816756 0.497732
0.816855 0.497732
0.816955 0.497732
0.817054 0.497732
0.817153 0.497732
0.817252 0.497732
0.817351 0.497732
0.817450 0.497732
0.817549 0.497732
0.817648 0.497732
0.817748 0.497732
0.817847 0.497732
0.817946 0.497732
0.818045 0.497732
0.818144 0.496599
0.818243 0.496599
0.818342 0.496599
0.818441 0.496599
0.818541 0.496599
0.818640 0.496599
0.818739 0.496599
0.818838 0.496599
0.818937 0.496599
0.819036 0.496599
0.819135 0.496599
0.819234 0.496599
0.819334 0.496599
0.819433 0.496599
0.819532 0.496599
0.819631 0.496599
0.819730 0.496599
0.819829 0.496599
0.819928 0.496599
0.820027 0.496599
0.820127 0.496599
0.820226 0.496599
0.820325 0.496599
0.820424 0.496599
0.820523 0.496599
0.820622 0.496599
0.820721 0.496599
0.820820 0.496599
0.820920 0.496599
0.821019 0.496599
0.821118 0.496599
0.821217 0.496599
0.821316 0.496599
0.821415 0.496599
0.821514 0.496599
0.821614 0.496599
0.821713 0.496599
0.821812 0.496599
0.821911 0.496599
0.822010 0.496599
0.822109 0.496599
0.822208 0.496599
0.822307 0.496599
0.822407 0.496599
0.822506 0.496599
0.822605 0.496599
0.822704 0.496599
0.822803 0.496599
0.822902 0.496599
0.823001 0.496599
0.823100 0.496599
0.823200 0.496599
0.823299 0.496599
0.823398 0.496599
0.823497 0.496599
0.823596 0.496599
0.823695 0.496599
0.823794 0.496599
0.823893 0.496599
0.823993 0.496599
0.824092 0.496599
0.824191 0.496599
0.824290 0.496599
0.824389 0.496599
0.824488 0.496599
0.824587 0.496599
0.824686 0.496599
0.824786 0.496599
0.824885 0.496599
0.824984 0.496599
0.825083 0.496599
0.825182 0.496599
0.825281 0.496599
0.825380 0.496599
0.825479 0.496599
0.825579 0.496599
0.825678 0.496599
0.825777 0.496599
0.825876 0.496599
0.825975 0.496599
0.826074 0.495465
0.826173 0.495465
0.826272 0.495465
0.826372 0.495465
0.826471 0.494331
0.826570 0.494331
0.826669 0.494331
0.826768 0.494331
0.826867 0.494331
0.826966 0.494331
0.827065 0.494331
0.827165 0.494331
0.827264 0.494331
0.827363 0.494331
0.827462 0.493197
0.827561 0.492063
0.827660 0.492063
0.827759 0.492063
0.827858 0.492063
0.827958 0.492063
0.828057 0.492063
0.828156 0.492063
0.828255 0.492063
0.828354 0.492063
0.828453 0.492063
0.828552 0.492063
0.828651 0.492063
0.828751 0.492063
0.828850 0.492063
0.828949 0.492063
0.829048 0.492063
0.829147 0.492063
0.829246 0.492063
0.829345 0.492063
0.829444 0.492063
0.829544 0.492063
0.829643 0.492063
0.829742 0.492063
0.829841 0.492063
0.829940 0.492063
0.830039 0.492063
0.830138 0.492063
0.830238 0.492063
0.830337 0.492063
0.830436 0.492063
0.830535 0.492063
0.830634 0.492063
0.830733 0.492063
0.830832 0.492063
0.830931 0.492063
0.831031 0.492063
0.831130 0.492063
0.831229 0.492063
0.831328 0.492063
0.831427 0.492063
0.831526 0.492063
0.831625 0.492063
0.831724 0.492063
0.831824 0.492063
0.831923 0.492063
0.832022 0.492063
0.832121 0.492063
0.832220 0.492063
0.832319 0.492063
0.832418 0.492063
0.832517 0.492063
0.832617 0.492063
0.832716 0.492063
0.832815 0.492063
0.832914 0.492063
0.833013 0.492063
0.833112 0.492063
0.833211 0.492063
0.833310 0.492063
0.833410 0.492063
0.833509 0.492063
0.833608 0.492063
0.833707 0.492063
0.833806 0.492063
0.833905 0.490930
0.834004 0.490930
0.834103 0.490930
0.834203 0.490930
0.834302 0.490930
0.834401 0.490930
0.834500 0.490930
0.834599 0.490930
0.834698 0.490930
0.834797 0.488662
0.834896 0.488662
0.834996 0.488662
0.835095 0.488662
0.835194 0.488662
0.835293 0.488662
0.835392 0.488662
0.835491 0.488662
0.835590 0.488662
0.835689 0.488662
0.835789 0.488662
0.835888 0.488662
0.835987 0.488662
0.836086 0.488662
0.836185 0.488662
0.836284 0.488662
0.836383 0.488662
0.836482 0.488662
0.836582 0.488662
0.836681 0.488662
0.836780 0.488662
0.836879 0.488662
0.836978 0.488662
0.837077 0.488662
0.837176 0.488662
0.837275 0.488662
0.837375 0.488662
0.837474 0.488662
0.837573 0.488662
0.837672 0.488662
0.837771 0.488662
0.837870 0.488662
0.837969 0.488662
0.838068 0.488662
0.838168 0.488662
0.838267 0.488662
0.838366 0.488662
0.838465 0.488662
0.838564 0.488662
0.838663 0.488662
0.838762 0.488662
0.838862 0.488662
0.838961 0.488662
0.839060 0.488662
0.839159 0.488662
0.839258 0.488662
0.839357 0.488662
0.839456 0.488662
0.839555 0.488662
0.839655 0.488662
0.839754 0.488662
0.839853 0.488662
0.839952 0.488662
0.840051 0.487528
0.840150 0.487528
0.840249 0.487528
0.840348 0.487528
0.840448 0.487528
0.840547 0.487528
0.840646 0.486395
0.840745 0.486395
0.840844 0.486395
0.840943 0.486395
0.841042 0.485261
0.841141 0.485261
0.841241 0.485261
0.841340 0.485261
0.841439 0.485261
0.841538 0.485261
0.841637 0.485261
0.841736 0.485261
0.841835 0.485261
0.841934 0.485261
0.842034 0.485261
0.842133 0.485261
0.842232 0.485261
0.842331 0.485261
0.842430 0.485261
0.842529 0.485261
0.842628 0.485261
0.842727 0.485261
0.842827 0.485261
0.842926 0.485261
0.843025 0.485261
0.843124 0.485261
0.843223 0.485261
0.843322 0.484127
0.843421 0.482993
0.843520 0.482993
0.843620 0.482993
0.843719 0.482993
0.843818 0.482993
0.843917 0.482993
0.844016 0.482993
0.844115 0.482993
0.844214 0.482993
0.844313 0.482993
0.844413 0.482993
0.844512 0.482993
0.844611 0.482993
0.844710 0.482993
0.844809 0.482993
0.844908 0.482993
0.845007 0.481859
0.845106 0.481859
0.845206 0.481859
0.845305 0.481859
0.845404 0.481859
0.845503 0.481859
0.845602 0.480726
0.845701 0.480726
0.845800 0.479592
0.845899 0.479592
0.845999 0.479592
0.846098 0.479592
0.846197 0.479592
0.846296 0.479592
0.846395 0.479592
0.846494 0.479592
0.846593 0.479592
0.846692 0.479592
0.846792 0.479592
0.846891 0.479592
0.846990 0.479592
0.847089 0.479592
0.847188 0.479592
0.847287 0.479592
0.847386 0.479592
0.847486 0.479592
0.847585 0.479592
0.847684 0.479592
0.847783 0.479592
0.847882 0.478458
0.847981 0.478458
0.848080 0.478458
0.848179 0.478458
0.848279 0.478458
0.848378 0.478458
0.848477 0.478458
0.848576 0.478458
0.848675 0.478458
0.848774 0.478458
0.848873 0.478458
0.848972 0.478458
0.849072 0.478458
0.849171 0.478458
0.849270 0.478458
0.849369 0.478458
0.849468 0.478458
0.849567 0.478458
0.849666 0.478458
0.849765 0.477324
0.849865 0.477324
0.849964 0.477324
0.850063 0.477324
0.850162 0.477324
0.850261 0.476190
0.850360 0.476190
0.850459 0.476190
0.850558 0.476190
0.850658 0.475057
0.850757 0.475057
0.850856 0.475057
0.850955 0.475057
0.851054 0.475057
0.851153 0.475057
0.851252 0.475057
0.851351 0.475057
0.851451 0.473923
0.851550 0.473923
0.851649 0.473923
0.851748 0.472789
0.851847 0.471655
0.851946 0.471655
0.852045 0.470522
0.852144 0.470522
0.852244 0.470522
0.852343 0.470522
0.852442 0.469388
0.852541 0.469388
0.852640 0.469388
0.852739 0.469388
0.852838 0.469388
0.852937 0.469388
0.853037 0.468254
0.853136 0.468254
0.853235 0.468254
0.853334 0.468254
0.853433 0.468254
0.853532 0.468254
0.853631 0.467120
0.853730 0.467120
0.853830 0.467120
0.853929 0.467120
0.854028 0.465986
0.854127 0.465986
0.854226 0.465986
0.854325 0.465986
0.854424 0.465986
0.854523 0.464853
0.854623 0.464853
0.854722 0.464853
0.854821 0.464853
0.854920 0.464853
0.855019 0.464853
0.855118 0.464853
0.855217 0.464853
0.855316 0.464853
0.855416 0.464853
0.855515 0.464853
0.855614 0.464853
0.855713 0.464853
0.855812 0.463719
0.855911 0.463719
0.856010 0.463719
0.856110 0.463719
0.856209 0.463719
0.856308 0.463719
0.856407 0.463719
0.856506 0.463719
0.856605 0.462585
0.856704 0.462585
0.856803 0.462585
0.856903 0.462585
0.857002 0.462585
0.857101 0.461451
0.857200 0.461451
0.857299 0.461451
0.857398 0.461451
0.857497 0.461451
0.857596 0.461451
0.857696 0.461451
0.857795 0.461451
0.857894 0.461451
0.857993 0.461451
0.858092 0.461451
0.858191 0.461451
0.858290 0.461451
0.858389 0.461451
0.858489 0.461451
0.858588 0.461451
0.858687 0.461451
0.858786 0.459184
0.858885 0.459184
0.858984 0.459184
0.859083 0.459184
0.859182 0.459184
0.859282 0.459184
0.859381 0.459184
0.859480 0.459184
0.859579 0.459184
0.859678 0.459184
0.859777 0.459184
0.859876 0.459184
0.859975 0.459184
0.860075 0.459184
0.860174 0.459184
0.860273 0.459184
0.860372 0.459184
0.860471 0.459184
0.860570 0.459184
0.860669 0.459184
0.860768 0.458050
0.860868 0.458050
0.860967 0.458050
0.861066 0.458050
0.861165 0.458050
0.861264 0.456916
0.861363 0.456916
0.861462 0.455782
0.861561 0.455782
0.861661 0.455782
0.861760 0.455782
0.861859 0.455782
0.861958 0.454649
0.862057 0.454649
0.862156 0.454649
0.862255 0.453515
0.862354 0.453515
0.862454 0.453515
0.862553 0.453515
0.862652 0.453515
0.862751 0.453515
0.862850 0.453515
0.862949 0.453515
0.863048 0.453515
0.863147 0.452381
0.863247 0.452381
0.863346 0.452381
0.863445 0.452381
0.863544 0.452381
0.863643 0.452381
0.863742 0.452381
0.863841 0.452381
0.863940 0.452381
0.864040 0.452381
0.864139 0.452381
0.864238 0.452381
0.864337 0.451247
0.864436 0.451247
0.864535 0.451247
0.864634 0.451247
0.864734 0.451247
0.864833 0.451247
0.864932 0.448980
0.865031 0.448980
0.865130 0.448980
0.865229 0.448980
0.865328 0.448980
0.865427 0.448980
0.865527 0.447846
0.865626 0.447846
0.865725 0.447846
0.865824 0.446712
0.865923 0.446712
0.866022 0.446712
0.866121 0.446712
0.866220 0.446712
0.866320 0.446712
0.866419 0.446712
0.866518 0.446712
0.866617 0.446712
0.866716 0.446712
0.866815 0.446712
0.866914 0.446712
0.867013 0.446712
0.867113 0.446712
0.867212 0.446712
0.867311 0.445578
0.867410 0.445578
0.867509 0.445578
0.867608 0.445578
0.867707 0.445578
0.867806 0.445578
0.867906 0.445578
0.868005 0.444444
0.868104 0.444444
0.868203 0.444444
0.868302 0.444444
0.868401 0.444444
0.868500 0.443311
0.868599 0.443311
0.868699 0.443311
0.868798 0.443311
0.868897 0.443311
0.868996 0.443311
0.869095 0.442177
0.869194 0.442177
0.869293 0.442177
0.869392 0.442177
0.869492 0.442177
0.869591 0.442177
0.869690 0.441043
0.869789 0.441043
0.869888 0.441043
0.869987 0.441043
0.870086 0.441043
0.870185 0.441043
0.870285 0.441043
0.870384 0.441043
0.870483 0.441043
0.870582 0.439909
0.870681 0.439909
0.870780 0.438776
0.870879 0.438776
0.870978 0.438776
0.871078 0.438776
0.871177 0.438776
0.871276 0.438776
0.871375 0.438776
0.871474 0.438776
0.871573 0.438776
0.871672 0.438776
0.871771 0.438776
0.871871 0.438776
0.871970 0.438776
0.872069 0.438776
0.872168 0.438776
0.872267 0.438776
0.872366 0.438776
0.872465 0.438776
0.872564 0.437642
0.872664 0.436508
0.872763 0.435374
0.872862 0.435374
0.872961 0.435374
0.873060 0.435374
0.873159 0.435374
0.873258 0.435374
0.873358 0.435374
0.873457 0.435374
0.873556 0.434240
0.873655 0.434240
0.873754 0.434240
0.873853 0.434240
0.873952 0.434240
0.874051 0.434240
0.874151 0.434240
0.874250 0.434240
0.874349 0.434240
0.874448 0.434240
0.874547 0.434240
0.874646 0.434240
0.874745 0.434240
0.874844 0.434240
0.874944 0.434240
0.875043 0.434240
0.875142 0.434240
0.875241 0.434240
0.875340 0.433107
0.875439 0.433107
0.875538 0.433107
0.875637 0.433107
0.875737 0.433107
0.875836 0.433107
0.875935 0.433107
0.876034 0.433107
0.876133 0.433107
0.876232 0.433107
0.876331 0.433107
0.876430 0.431973
0.876530 0.431973
0.876629 0.431973
0.876728 0.431973
0.876827 0.431973
0.876926 0.431973
0.877025 0.431973
0.877124 0.431973
0.877223 0.430839
0.877323 0.430839
0.877422 0.430839
0.877521 0.430839
0.877620 0.430839
0.877719 0.430839
0.877818 0.430839
0.877917 0.430839
0.878016 0.430839
0.878116 0.430839
0.878215 0.430839
0.878314 0.428571
0.878413 0.428571
0.878512 0.428571
0.878611 0.428571
0.878710 0.428571
0.878809 0.426304
0.878909 0.426304
0.879008 0.425170
0.879107 0.425170
0.879206 0.425170
0.879305 0.425170
0.879404 0.424036
0.879503 0.424036
0.879602 0.422902
0.879702 0.422902
0.879801 0.422902
0.879900 0.422902
0.879999 0.422902
0.880098 0.422902
0.880197 0.422902
0.880296 0.421769
0.880395 0.421769
0.880495 0.421769
0.880594 0.421769
0.880693 0.421769
0.880792 0.421769
0.880891 0.421769
0.880990 0.421769
0.881089 0.421769
0.881188 0.419501
0.881288 0.419501
0.881387 0.419501
0.881486 0.419501
0.881585 0.418367
0.881684 0.417234
0.881783 0.417234
0.881882 0.417234
0.881982 0.417234
0.882081 0.417234
0.882180 0.417234
0.882279 0.417234
0.882378 0.417234
0.882477 0.417234
0.882576 0.416100
0.882675 0.414966
0.882775 0.414966
0.882874 0.413832
0.882973 0.413832
0.883072 0.413832
0.883171 0.413832
0.883270 0.412698
0.883369 0.412698
0.883468 0.412698
0.883568 0.412698
0.883667 0.412698
0.883766 0.412698
0.883865 0.412698
0.883964 0.412698
0.884063 0.412698
0.884162 0.412698
0.884261 0.412698
0.884361 0.412698
0.884460 0.411565
0.884559 0.411565
0.884658 0.410431
0.884757 0.410431
0.884856 0.410431
0.884955 0.410431
0.885054 0.410431
0.885154 0.410431
0.885253 0.410431
0.885352 0.410431
0.885451 0.410431
0.885550 0.410431
0.885649 0.410431
0.885748 0.410431
0.885847 0.409297
0.885947 0.409297
0.886046 0.409297
0.886145 0.409297
0.886244 0.409297
0.886343 0.409297
0.886442 0.409297
0.886541 0.409297
0.886640 0.409297
0.886740 0.409297
0.886839 0.409297
0.886938 0.409297
0.887037 0.409297
0.887136 0.409297
0.887235 0.409297
0.887334 0.409297
0.887433 0.409297
0.887533 0.409297
0.887632 0.409297
0.887731 0.409297
0.887830 0.409297
0.887929 0.409297
0.888028 0.409297
0.888127 0.409297
0.888226 0.409297
0.888326 0.408163
0.888425 0.408163
0.888524 0.407029
0.888623 0.407029
0.888722 0.407029
0.888821 0.407029
0.888920 0.407029
0.889019 0.407029
0.889119 0.407029
0.889218 0.407029
0.889317 0.405896
0.889416 0.405896
0.889515 0.405896
0.889614 0.405896
0.889713 0.405896
0.889812 0.405896
0.889912 0.405896
0.890011 0.405896
0.890110 0.405896
0.890209 0.405896
0.890308 0.404762
0.890407 0.404762
0.890506 0.404762
0.890606 0.404762
0.890705 0.404762
0.890804 0.404762
0.890903 0.403628
0.891002 0.403628
0.891101 0.403628
0.891200 0.403628
0.891299 0.402494
0.891399 0.402494
0.891498 0.402494
0.891597 0.401361
0.891696 0.401361
0.891795 0.401361
0.891894 0.401361
0.891993 0.401361
0.892092 0.401361
0.892192 0.401361
0.892291 0.401361
0.892390 0.401361
0.892489 0.400227
0.892588 0.400227
0.892687 0.400227
0.892786 0.400227
0.892885 0.400227
0.892985 0.400227
0.893084 0.400227
0.893183 0.400227
0.893282 0.400227
0.893381 0.400227
0.893480 0.400227
0.893579 0.400227
0.893678 0.399093
0.893778 0.399093
0.893877 0.397959
0.893976 0.396825
0.894075 0.396825
0.894174 0.396825
0.894273 0.396825
0.894372 0.396825
0.894471 0.396825
0.894571 0.396825
0.894670 0.395692
0.894769 0.395692
0.894868 0.395692
0.894967 0.395692
0.895066 0.395692
0.895165 0.394558
0.895264 0.394558
0.895364 0.394558
0.895463 0.393424
0.895562 0.393424
0.895661 0.393424
0.895760 0.393424
0.895859 0.393424
0.895958 0.393424
0.896057 0.393424
0.896157 0.393424
0.896256 0.392290
0.896355 0.392290
0.896454 0.391156
0.896553 0.390023
0.896652 0.387755
0.896751 0.387755
0.896850 0.387755
0.896950 0.387755
0.897049 0.387755
0.897148 0.387755
0.897247 0.387755
0.897346 0.387755
0.897445 0.387755
0.897544 0.387755
0.897643 0.387755
0.897743 0.386621
0.897842 0.385488
0.897941 0.385488
0.898040 0.385488
0.898139 0.384354
0.898238 0.383220
0.898337 0.383220
0.898436 0.383220
0.898536 0.383220
0.898635 0.383220
0.898734 0.383220
0.898833 0.383220
0.898932 0.383220
0.899031 0.383220
0.899130 0.383220
0.899230 0.383220
0.899329 0.382086
0.899428 0.382086
0.899527 0.382086
0.899626 0.380952
0.899725 0.380952
0.899824 0.380952
0.899923 0.380952
0.900023 0.380952
0.900122 0.380952
0.900221 0.380952
0.900320 0.380952
0.900419 0.380952
0.900518 0.380952
0.900617 0.380952
0.900716 0.379819
0.900816 0.379819
0.900915 0.379819
0.901014 0.379819
0.901113 0.379819
0.901212 0.379819
0.901311 0.378685
0.901410 0.378685
0.901509 0.378685
0.901609 0.378685
0.901708 0.378685
0.901807 0.378685
0.901906 0.378685
0.902005 0.378685
0.902104 0.377551
0.902203 0.377551
0.902302 0.377551
0.902402 0.377551
0.902501 0.377551
0.902600 0.377551
0.902699 0.377551
0.902798 0.376417
0.902897 0.376417
0.902996 0.376417
0.903095 0.376417
0.903195 0.376417
0.903294 0.376417
0.903393 0.376417
0.903492 0.376417
0.903591 0.376417
0.903690 0.376417
0.903789 0.376417
0.903888 0.375283
0.903988 0.375283
0.904087 0.375283
0.904186 0.375283
0.904285 0.375283
0.904384 0.375283
0.904483 0.375283
0.904582 0.375283
0.904681 0.375283
0.904781 0.374150
0.904880 0.374150
0.904979 0.373016
0.905078 0.373016
0.905177 0.373016
0.905276 0.373016
0.905375 0.373016
0.905474 0.373016
0.905574 0.373016
0.905673 0.373016
0.905772 0.373016
0.905871 0.373016
0.905970 0.371882
0.906069 0.371882
0.906168 0.371882
0.906267 0.371882
0.906367 0.371882
0.906466 0.371882
0.906565 0.371882
0.906664 0.371882
0.906763 0.371882
0.906862 0.370748
0.906961 0.370748
0.907060 0.370748
0.907160 0.369615
0.907259 0.369615
0.907358 0.369615
0.907457 0.369615
0.907556 0.369615
0.907655 0.369615
0.907754 0.369615
0.907854 0.369615
0.907953 0.369615
0.908052 0.369615
0.908151 0.369615
0.908250 0.369615
0.908349 0.369615
0.908448 0.369615
0.908547 0.369615
0.908647 0.369615
0.908746 0.369615
0.908845 0.369615
0.908944 0.369615
0.909043 0.369615
0.909142 0.369615
0.909241 0.369615
0.909340 0.369615
0.909440 0.369615
0.909539 0.369615
0.909638 0.369615
0.909737 0.369615
0.909836 0.369615
0.909935 0.366213
0.910034 0.366213
0.910133 0.366213
0.910233 0.366213
0.910332 0.366213
0.910431 0.365079
0.910530 0.363946
0.910629 0.363946
0.910728 0.363946
0.910827 0.363946
0.910926 0.363946
0.911026 0.362812
0.911125 0.362812
0.911224 0.362812
0.911323 0.362812
0.911422 0.362812
0.911521 0.362812
0.911620 0.362812
0.911719 0.361678
0.911819 0.361678
0.911918 0.361678
0.912017 0.361678
0.912116 0.361678
0.912215 0.361678
0.912314 0.361678
0.912413 0.361678
0.912512 0.361678
0.912612 0.361678
0.912711 0.361678
0.912810 0.360544
0.912909 0.360544
0.913008 0.360544
0.913107 0.360544
0.913206 0.360544
0.913305 0.360544
0.913405 0.360544
0.913504 0.360544
0.913603 0.360544
0.913702 0.360544
0.913801 0.360544
0.913900 0.359410
0.913999 0.358277
0.914098 0.358277
0.914198 0.358277
0.914297 0.357143
0.914396 0.357143
0.914495 0.356009
0.914594 0.354875
0.914693 0.354875
0.914792 0.354875
0.914891 0.354875
0.914991 0.353741
0.915090 0.352608
0.915189 0.352608
0.915288 0.352608
0.915387 0.352608
0.915486 0.351474
0.915585 0.351474
0.915684 0.351474
0.915784 0.351474
0.915883 0.350340
0.915982 0.348073
0.916081 0.348073
0.916180 0.346939
0.916279 0.346939
0.916378 0.346939
0.916478 0.346939
0.916577 0.346939
0.916676 0.346939
0.916775 0.346939
0.916874 0.346939
0.916973 0.346939
0.917072 0.346939
0.917171 0.346939
0.917271 0.346939
0.917370 0.346939
0.917469 0.345805
0.917568 0.345805
0.917667 0.345805
0.917766 0.345805
0.917865 0.345805
0.917964 0.345805
0.918064 0.345805
0.918163 0.345805
0.918262 0.345805
0.918361 0.345805
0.918460 0.344671
0.918559 0.344671
0.918658 0.343537
0.918757 0.343537
0.918857 0.343537
0.918956 0.343537
0.919055 0.342404
0.919154 0.342404
0.919253 0.342404
0.919352 0.342404
0.919451 0.342404
0.919550 0.342404
0.919650 0.342404
0.919749 0.342404
0.919848 0.342404
0.919947 0.342404
0.920046 0.342404
0.920145 0.342404
0.920244 0.342404
0.920343 0.342404
0.920443 0.342404
0.920542 0.341270
0.920641 0.341270
0.920740 0.340136
0.920839 0.339002
0.920938 0.339002
0.921037 0.337868
0.921136 0.337868
0.921236 0.337868
0.921335 0.337868
0.921434 0.337868
0.921533 0.337868
0.921632 0.337868
0.921731 0.337868
0.921830 0.336735
0.921929 0.336735
0.922029 0.336735
0.922128 0.336735
0.922227 0.335601
0.922326 0.335601
0.922425 0.335601
0.922524 0.335601
0.922623 0.335601
0.922722 0.335601
0.922822 0.335601
0.922921 0.335601
0.923020 0.334467
0.923119 0.334467
0.923218 0.334467
0.923317 0.334467
0.923416 0.333333
0.923515 0.332200
0.923615 0.332200
0.923714 0.331066
0.923813 0.331066
0.923912 0.331066
0.924011 0.331066
0.924110 0.331066
0.924209 0.331066
0.924308 0.331066
0.924408 0.329932
0.924507 0.329932
0.924606 0.329932
0.924705 0.329932
0.924804 0.329932
0.924903 0.329932
0.925002 0.329932
0.925102 0.329932
0.925201 0.329932
0.925300 0.329932
0.925399 0.328798
0.925498 0.328798
0.925597 0.328798
0.925696 0.328798
0.925795 0.328798
0.925895 0.328798
0.925994 0.327664
0.926093 0.327664
0.926192 0.327664
0.926291 0.327664
0.926390 0.326531
0.926489 0.326531
0.926588 0.326531
0.926688 0.325397
0.926787 0.325397
0.926886 0.325397
0.926985 0.325397
0.927084 0.325397
0.927183 0.325397
0.927282 0.324263
0.927381 0.324263
0.927481 0.323129
0.927580 0.323129
0.927679 0.323129
0.927778 0.323129
0.927877 0.323129
0.927976 0.323129
0.928075 0.323129
0.928174 0.321995
0.928274 0.321995
0.928373 0.321995
0.928472 0.321995
0.928571 0.321995
0.928670 0.321995
0.928769 0.321995
0.928868 0.321995
0.928967 0.321995
0.929067 0.321995
0.929166 0.321995
0.929265 0.321995
0.929364 0.321995
0.929463 0.321995
0.929562 0.320862
0.929661 0.320862
0.929760 0.320862
0.929860 0.320862
0.929959 0.320862
0.930058 0.320862
0.930157 0.320862
0.930256 0.319728
0.930355 0.319728
0.930454 0.319728
0.930553 0.319728
0.930653 0.319728
0.930752 0.319728
0.930851 0.319728
0.930950 0.318594
0.931049 0.318594
0.931148 0.318594
0.931247 0.318594
0.931346 0.318594
0.931446 0.318594
0.931545 0.318594
0.931644 0.316327
0.931743 0.316327
0.931842 0.315193
0.931941 0.315193
0.932040 0.315193
0.932139 0.315193
0.932239 0.315193
0.932338 0.315193
0.932437 0.315193
0.932536 0.315193
0.932635 0.315193
0.932734 0.315193
0.932833 0.314059
0.932932 0.314059
0.933032 0.314059
0.933131 0.312925
0.933230 0.312925
0.933329 0.312925
0.933428 0.312925
0.933527 0.311791
0.933626 0.311791
0.933726 0.311791
0.933825 0.311791
0.933924 0.311791
0.934023 0.311791
0.934122 0.311791
0.934221 0.311791
0.934320 0.311791
0.934419 0.311791
0.934519 0.311791
0.934618 0.311791
0.934717 0.311791
0.934816 0.311791
0.934915 0.311791
0.935014 0.311791
0.935113 0.310658
0.935212 0.310658
0.935312 0.310658
0.935411 0.310658
0.935510 0.310658
0.935609 0.310658
0.935708 0.310658
0.935807 0.310658
0.935906 0.309524
0.936005 0.309524
0.936105 0.309524
0.936204 0.309524
0.936303 0.309524
0.936402 0.309524
0.936501 0.309524
0.936600 0.309524
0.936699 0.309524
0.936798 0.309524
0.936898 0.308390
0.936997 0.307256
0.937096 0.306122
0.937195 0.306122
0.937294 0.306122
0.937393 0.303855
0.937492 0.303855
0.937591 0.303855
0.937691 0.303855
0.937790 0.303855
0.937889 0.303855
0.937988 0.303855
0.938087 0.302721
0.938186 0.302721
0.938285 0.302721
0.938384 0.301587
0.938484 0.301587
0.938583 0.301587
0.938682 0.301587
0.938781 0.301587
0.938880 0.301587
0.938979 0.301587
0.939078 0.301587
0.939177 0.301587
0.939277 0.300454
0.939376 0.300454
0.939475 0.299320
0.939574 0.299320
0.939673 0.298186
0.939772 0.298186
0.939871 0.297052
0.939970 0.297052
0.940070 0.297052
0.940169 0.297052
0.940268 0.297052
0.940367 0.297052
0.940466 0.297052
0.940565 0.297052
0.940664 0.297052
0.940763 0.297052
0.940863 0.297052
0.940962 0.297052
0.941061 0.295918
0.941160 0.294785
0.941259 0.293651
0.941358 0.292517
0.941457 0.292517
0.941556 0.292517
0.941656 0.291383
0.941755 0.290249
0.941854 0.289116
0.941953 0.289116
0.942052 0.287982
0.942151 0.287982
0.942250 0.287982
0.942350 0.287982
0.942449 0.287982
0.942548 0.287982
0.942647 0.287982
0.942746 0.287982
0.942845 0.287982
0.942944 0.287982
0.943043 0.287982
0.943143 0.286848
0.943242 0.286848
0.943341 0.286848
0.943440 0.286848
0.943539 0.286848
0.943638 0.285714
0.943737 0.285714
0.943836 0.285714
0.943936 0.285714
0.944035 0.285714
0.944134 0.285714
0.944233 0.285714
0.944332 0.285714
0.944431 0.285714
0.944530 0.285714
0.944629 0.285714
0.944729 0.285714
0.944828 0.285714
0.944927 0.284580
0.945026 0.284580
0.945125 0.283447
0.945224 0.282313
0.945323 0.282313
0.945422 0.282313
0.945522 0.281179
0.945621 0.281179
0.945720 0.281179
0.945819 0.281179
0.945918 0.281179
0.946017 0.281179
0.946116 0.281179
0.946215 0.280045
0.946315 0.280045
0.946414 0.280045
0.946513 0.280045
0.946612 0.280045
0.946711 0.280045
0.946810 0.277778
0.946909 0.277778
0.947008 0.277778
0.947108 0.277778
0.947207 0.277778
0.947306 0.276644
0.947405 0.276644
0.947504 0.276644
0.947603 0.276644
0.947702 0.276644
0.947801 0.276644
0.947901 0.276644
0.948000 0.275510
0.948099 0.274376
0.948198 0.274376
0.948297 0.274376
0.948396 0.274376
0.948495 0.274376
0.948594 0.274376
0.948694 0.273243
0.948793 0.273243
0.948892 0.273243
0.948991 0.273243
0.949090 0.273243
0.949189 0.273243
0.949288 0.273243
0.949387 0.273243
0.949487 0.270975
0.949586 0.270975
0.949685 0.270975
0.949784 0.270975
0.949883 0.270975
0.949982 0.270975
0.950081 0.270975
0.950180 0.270975
0.950280 0.269841
0.950379 0.269841
0.950478 0.269841
0.950577 0.269841
0.950676 0.269841
0.950775 0.269841
0.950874 0.268707
0.950974 0.268707
0.951073 0.268707
0.951172 0.268707
0.951271 0.267574
0.951370 0.266440
0.951469 0.266440
0.951568 0.265306
0.951667 0.263039
0.951767 0.263039
0.951866 0.263039
0.951965 0.263039
0.952064 0.263039
0.952163 0.263039
0.952262 0.263039
0.952361 0.261905
0.952460 0.260771
0.952560 0.260771
0.952659 0.260771
0.952758 0.260771
0.952857 0.260771
0.952956 0.260771
0.953055 0.260771
0.953154 0.260771
0.953253 0.260771
0.953353 0.260771
0.953452 0.260771
0.953551 0.260771
0.953650 0.260771
0.953749 0.259637
0.953848 0.259637
0.953947 0.259637
0.954046 0.258503
0.954146 0.257370
0.954245 0.257370
0.954344 0.256236
0.954443 0.256236
0.954542 0.255102
0.954641 0.255102
0.954740 0.255102
0.954839 0.255102
0.954939 0.255102
0.955038 0.255102
0.955137 0.255102
0.955236 0.255102
0.955335 0.255102
0.955434 0.255102
0.955533 0.255102
0.955632 0.255102
0.955732 0.255102
0.955831 0.255102
0.955930 0.255102
0.956029 0.253968
0.956128 0.252834
0.956227 0.252834
0.956326 0.252834
0.956425 0.252834
0.956525 0.252834
0.956624 0.252834
0.956723 0.252834
0.956822 0.252834
0.956921 0.252834
0.957020 0.251701
0.957119 0.248299
0.957218 0.248299
0.957318 0.248299
0.957417 0.248299
0.957516 0.248299
0.957615 0.247166
0.957714 0.246032
0.957813 0.246032
0.957912 0.246032
0.958011 0.246032
0.958111 0.246032
0.958210 0.244898
0.958309 0.244898
0.958408 0.244898
0.958507 0.244898
0.958606 0.244898
0.958705 0.243764
0.958804 0.243764
0.958904 0.242630
0.959003 0.242630
0.959102 0.242630
0.959201 0.242630
0.959300 0.242630
0.959399 0.242630
0.959498 0.242630
0.959598 0.241497
0.959697 0.241497
0.959796 0.241497
0.959895 0.241497
0.959994 0.240363
0.960093 0.240363
0.960192 0.240363
0.960291 0.240363
0.960391 0.239229
0.960490 0.238095
0.960589 0.238095
0.960688 0.238095
0.960787 0.236961
0.960886 0.236961
0.960985 0.236961
0.961084 0.236961
0.961184 0.236961
0.961283 0.236961
0.961382 0.236961
0.961481 0.236961
0.961580 0.236961
0.961679 0.235828
0.961778 0.234694
0.961877 0.234694
0.961977 0.234694
0.962076 0.234694
0.962175 0.233560
0.962274 0.233560
0.962373 0.233560
0.962472 0.232426
0.962571 0.232426
0.962670 0.232426
0.962770 0.232426
0.962869 0.232426
0.962968 0.232426
0.963067 0.231293
0.963166 0.230159
0.963265 0.230159
0.963364 0.229025
0.963463 0.227891
0.963563 0.225624
0.963662 0.225624
0.963761 0.225624
0.963860 0.225624
0.963959 0.225624
0.964058 0.225624
0.964157 0.224490
0.964256 0.224490
0.964356 0.224490
0.964455 0.224490
0.964554 0.224490
0.964653 0.223356
0.964752 0.223356
0.964851 0.223356
0.964950 0.223356
0.965049 0.223356
0.965149 0.223356
0.965248 0.223356
0.965347 0.223356
0.965446 0.221088
0.965545 0.221088
0.965644 0.219955
0.965743 0.219955
0.965842 0.219955
0.965942 0.219955
0.966041 0.219955
0.966140 0.219955
0.966239 0.219955
0.966338 0.219955
0.966437 0.219955
0.966536 0.219955
0.966635 0.219955
0.966735 0.218821
0.966834 0.217687
0.966933 0.215420
0.967032 0.215420
0.967131 0.213152
0.967230 0.213152
0.967329 0.213152
0.967428 0.209751
0.967528 0.208617
0.967627 0.208617
0.967726 0.206349
0.967825 0.206349
0.967924 0.206349
0.968023 0.206349
0.968122 0.206349
0.968222 0.206349
0.968321 0.206349
0.968420 0.205215
0.968519 0.205215
0.968618 0.205215
0.968717 0.205215
0.968816 0.205215
0.968915 0.205215
0.969015 0.205215
0.969114 0.205215
0.969213 0.205215
0.969312 0.205215
0.969411 0.205215
0.969510 0.205215
0.969609 0.205215
0.969708 0.205215
0.969808 0.202948
0.969907 0.200680
0.970006 0.200680
0.970105 0.200680
0.970204 0.200680
0.970303 0.200680
0.970402 0.200680
0.970501 0.200680
0.970601 0.200680
0.970700 0.200680
0.970799 0.200680
0.970898 0.199546
0.970997 0.199546
0.971096 0.199546
0.971195 0.199546
0.971294 0.199546
0.971394 0.198413
0.971493 0.198413
0.971592 0.197279
0.971691 0.196145
0.971790 0.196145
0.971889 0.193878
0.971988 0.193878
0.972087 0.192744
0.972187 0.192744
0.972286 0.192744
0.972385 0.192744
0.972484 0.190476
0.972583 0.189342
0.972682 0.189342
0.972781 0.189342
0.972880 0.188209
0.972980 0.188209
0.973079 0.188209
0.973178 0.188209
0.973277 0.188209
0.973376 0.187075
0.973475 0.185941
0.973574 0.185941
0.973673 0.185941
0.973773 0.184807
0.973872 0.184807
0.973971 0.183673
0.974070 0.182540
0.974169 0.182540
0.974268 0.182540
0.974367 0.182540
0.974466 0.182540
0.974566 0.180272
0.974665 0.180272
0.974764 0.179138
0.974863 0.179138
0.974962 0.179138
0.975061 0.178005
0.975160 0.175737
0.975259 0.174603
0.975359 0.174603
0.975458 0.174603
0.975557 0.174603
0.975656 0.173469
0.975755 0.172336
0.975854 0.172336
0.975953 0.171202
0.976052 0.171202
0.976152 0.171202
0.976251 0.171202
0.976350 0.170068
0.976449 0.170068
0.976548 0.167800
0.976647 0.166667
0.976746 0.166667
0.976846 0.165533
0.976945 0.165533
0.977044 0.164399
0.977143 0.162132
0.977242 0.162132
0.977341 0.162132
0.977440 0.159864
0.977539 0.156463
0.977639 0.155329
0.977738 0.155329
0.977837 0.155329
0.977936 0.155329
0.978035 0.155329
0.978134 0.154195
0.978233 0.153061
0.978332 0.153061
0.978432 0.153061
0.978531 0.153061
0.978630 0.151927
0.978729 0.151927
0.978828 0.151927
0.978927 0.151927
0.979026 0.151927
0.979125 0.150794
0.979225 0.149660
0.979324 0.149660
0.979423 0.148526
0.979522 0.145125
0.979621 0.145125
0.979720 0.143991
0.979819 0.142857
0.979918 0.142857
0.980018 0.142857
0.980117 0.141723
0.980216 0.140590
0.980315 0.140590
0.980414 0.139456
0.980513 0.139456
0.980612 0.137188
0.980711 0.137188
0.980811 0.137188
0.980910 0.137188
0.981009 0.136054
0.981108 0.136054
0.981207 0.136054
0.981306 0.136054
0.981405 0.136054
0.981504 0.136054
0.981604 0.134921
0.981703 0.134921
0.981802 0.134921
0.981901 0.134921
0.982000 0.133787
0.982099 0.132653
0.982198 0.132653
0.982297 0.132653
0.982397 0.132653
0.982496 0.132653
0.982595 0.132653
0.982694 0.132653
0.982793 0.132653
0.982892 0.132653
0.982991 0.132653
0.983090 0.132653
0.983190 0.130385
0.983289 0.129252
0.983388 0.129252
0.983487 0.129252
0.983586 0.128118
0.983685 0.128118
0.983784 0.128118
0.983883 0.128118
0.983983 0.128118
0.984082 0.128118
0.984181 0.126984
0.984280 0.126984
0.984379 0.126984
0.984478 0.125850
0.984577 0.123583
0.984676 0.122449
0.984776 0.122449
0.984875 0.121315
0.984974 0.121315
0.985073 0.120181
0.985172 0.120181
0.985271 0.120181
0.985370 0.120181
0.985470 0.120181
0.985569 0.120181
0.985668 0.119048
0.985767 0.119048
0.985866 0.117914
0.985965 0.117914
0.986064 0.117914
0.986163 0.116780
0.986263 0.116780
0.986362 0.114512
0.986461 0.114512
0.986560 0.112245
0.986659 0.112245
0.986758 0.112245
0.986857 0.112245
0.986956 0.112245
0.987056 0.108844
0.987155 0.107710
0.987254 0.106576
0.987353 0.105442
0.987452 0.105442
0.987551 0.104308
0.987650 0.104308
0.987749 0.104308
0.987849 0.103175
0.987948 0.103175
0.988047 0.103175
0.988146 0.103175
0.988245 0.103175
0.988344 0.102041
0.988443 0.100907
0.988542 0.100907
0.988642 0.099773
0.988741 0.099773
0.988840 0.099773
0.988939 0.099773
0.989038 0.099773
0.989137 0.099773
0.989236 0.098639
0.989335 0.098639
0.989435 0.097506
0.989534 0.095238
0.989633 0.095238
0.989732 0.095238
0.989831 0.095238
0.989930 0.095238
0.990029 0.092971
0.990128 0.090703
0.990228 0.089569
0.990327 0.089569
0.990426 0.088435
0.990525 0.087302
0.990624 0.083900
0.990723 0.082766
0.990822 0.080499
0.990921 0.078231
0.991021 0.078231
0.991120 0.078231
0.991219 0.078231
0.991318 0.075964
0.991417 0.073696
0.991516 0.073696
0.991615 0.073696
0.991714 0.072562
0.991814 0.072562
0.991913 0.072562
0.992012 0.072562
0.992111 0.071429
0.992210 0.071429
0.992309 0.070295
0.992408 0.068027
0.992507 0.068027
0.992607 0.066893
0.992706 0.065760
0.992805 0.065760
0.992904 0.064626
0.993003 0.061224
0.993102 0.061224
0.993201 0.061224
0.993300 0.060091
0.993400 0.057823
0.993499 0.057823
0.993598 0.057823
0.993697 0.056689
0.993796 0.055556
0.993895 0.053288
0.993994 0.049887
0.994094 0.048753
0.994193 0.046485
0.994292 0.045351
0.994391 0.045351
0.994490 0.045351
0.994589 0.045351
0.994688 0.044218
0.994787 0.043084
0.994887 0.043084
0.994986 0.040816
0.995085 0.040816
0.995184 0.038549
0.995283 0.036281
0.995382 0.035147
0.995481 0.034014
0.995580 0.032880
0.995680 0.030612
0.995779 0.029478
0.995878 0.028345
0.995977 0.028345
0.996076 0.028345
0.996175 0.028345
0.996274 0.028345
0.996373 0.027211
0.996473 0.024943
0.996572 0.023810
0.996671 0.021542
0.996770 0.019274
0.996869 0.017007
0.996968 0.015873
0.997067 0.013605
0.997166 0.013605
0.997266 0.013605
0.997365 0.013605
0.997464 0.011338
0.997563 0.010204
0.997662 0.009070
0.997761 0.009070
0.997860 0.007937
0.997959 0.007937
0.998059 0.007937
0.998158 0.006803
0.998257 0.005669
0.998356 0.005669
0.998455 0.004535
0.998554 0.003401
0.998653 0.003401
0.998752 0.003401
0.998852 0.002268
0.998951 0.002268
0.999050 0.002268
0.999149 0.001134
0.999248 0.001134
0.999347 0.001134
0.999446 0.000000
