# Threshold Efficiency
0.008281 0.998936
0.008380 0.998936
0.008479 0.998936
0.008578 0.998936
0.008678 0.998936
0.008777 0.998936
0.008876 0.998936
0.008975 0.998936
0.009074 0.998936
0.009173 0.998936
0.009272 0.998936
0.009371 0.998936
0.009471 0.998936
0.009570 0.998936
0.009669 0.998936
0.009768 0.998936
0.009867 0.997872
0.009966 0.997872
0.010065 0.997872
0.010164 0.997872
0.010264 0.996809
0.010363 0.996809
0.010462 0.995745
0.010561 0.995745
0.010660 0.995745
0.010759 0.995745
0.010858 0.995745
0.010957 0.995745
0.011057 0.995745
0.011156 0.995745
0.011255 0.995745
0.011354 0.995745
0.011453 0.995745
0.011552 0.995745
0.011651 0.995745
0.011750 0.995745
0.011850 0.995745
0.011949 0.995745
0.012048 0.995745
0.012147 0.994681
0.012246 0.994681
0.012345 0.994681
0.012444 0.994681
0.012544 0.994681
0.012643 0.994681
0.012742 0.994681
0.012841 0.994681
0.012940 0.993617
0.013039 0.993617
0.013138 0.993617
0.013237 0.993617
0.013337 0.993617
0.013436 0.993617
0.013535 0.993617
0.013634 0.993617
0.013733 0.993617
0.013832 0.993617
0.013931 0.992553
0.014030 0.992553
0.014130 0.992553
0.014229 0.992553
0.014328 0.991489
0.014427 0.991489
0.014526 0.990426
0.014625 0.989362
0.014724 0.989362
0.014823 0.989362
0.014923 0.989362
0.015022 0.989362
0.015121 0.989362
0.015220 0.989362
0.015319 0.988298
0.015418 0.988298
0.015517 0.988298
0.015616 0.988298
0.015716 0.988298
0.015815 0.988298
0.015914 0.988298
0.016013 0.988298
0.016112 0.988298
0.016211 0.988298
0.016310 0.988298
0.016409 0.987234
0.016509 0.987234
0.016608 0.987234
0.016707 0.985106
0.016806 0.985106
0.016905 0.985106
0.017004 0.985106
0.017103 0.985106
0.017202 0.985106
0.017302 0.985106
0.017401 0.985106
0.017500 0.985106
0.017599 0.985106
0.017698 0.985106
0.017797 0.985106
0.017896 0.985106
0.017995 0.985106
0.018095 0.984043
0.018194 0.984043
0.018293 0.982979
0.018392 0.982979
0.018491 0.982979
0.018590 0.982979
0.018689 0.982979
0.018788 0.982979
0.018888 0.982979
0.018987 0.982979
0.019086 0.982979
0.019185 0.981915
0.019284 0.981915
0.019383 0.981915
0.019482 0.981915
0.019581 0.981915
0.019681 0.981915
0.019780 0.981915
0.019879 0.981915
0.019978 0.981915
0.020077 0.981915
0.020176 0.981915
0.020275 0.980851
0.020374 0.980851
0.020474 0.980851
0.020573 0.980851
0.020672 0.980851
0.020771 0.980851
0.020870 0.980851
0.020969 0.980851
0.021068 0.980851
0.021168 0.980851
0.021267 0.980851
0.021366 0.980851
0.021465 0.980851
0.021564 0.980851
0.021663 0.979787
0.021762 0.979787
0.021861 0.979787
0.021961 0.979787
0.022060 0.979787
0.022159 0.979787
0.022258 0.979787
0.022357 0.977660
0.022456 0.977660
0.022555 0.977660
0.022654 0.977660
0.022754 0.976596
0.022853 0.976596
0.022952 0.976596
0.023051 0.976596
0.023150 0.976596
0.023249 0.976596
0.023348 0.976596
0.023447 0.976596
0.023547 0.976596
0.023646 0.976596
0.023745 0.976596
0.023844 0.976596
0.023943 0.976596
0.024042 0.976596
0.024141 0.975532
0.024240 0.975532
0.024340 0.975532
0.024439 0.975532
0.024538 0.975532
0.024637 0.974468
0.024736 0.973404
0.024835 0.973404
0.024934 0.973404
0.025033 0.973404
0.025133 0.973404
0.025232 0.973404
0.025331 0.973404
0.025430 0.973404
0.025529 0.973404
0.025628 0.973404
0.025727 0.973404
0.025826 0.973404
0.025926 0.973404
0.026025 0.972340
0.026124 0.971277
0.026223 0.971277
0.026322 0.971277
0.026421 0.971277
0.026520 0.971277
0.026619 0.971277
0.026719 0.971277
0.026818 0.971277
0.026917 0.971277
0.027016 0.971277
0.027115 0.971277
0.027214 0.971277
0.027313 0.971277
0.027412 0.971277
0.027512 0.971277
0.027611 0.971277
0.027710 0.971277
0.027809 0.971277
0.027908 0.971277
0.028007 0.971277
0.028106 0.971277
0.028205 0.971277
0.028305 0.971277
0.028404 0.971277
0.028503 0.971277
0.028602 0.971277
0.028701 0.971277
0.028800 0.971277
0.028899 0.971277
0.028998 0.971277
0.029098 0.971277
0.029197 0.971277
0.029296 0.971277
0.029395 0.971277
0.029494 0.971277
0.029593 0.971277
0.029692 0.971277
0.029792 0.971277
0.029891 0.971277
0.029990 0.971277
0.030089 0.971277
0.030188 0.971277
0.030287 0.971277
0.030386 0.970213
0.030485 0.970213
0.030585 0.970213
0.030684 0.970213
0.030783 0.970213
0.030882 0.970213
0.030981 0.970213
0.031080 0.969149
0.031179 0.968085
0.031278 0.968085
0.031378 0.968085
0.031477 0.968085
0.031576 0.968085
0.031675 0.968085
0.031774 0.967021
0.031873 0.967021
0.031972 0.965957
0.032071 0.965957
0.032171 0.965957
0.032270 0.965957
0.032369 0.964894
0.032468 0.964894
0.032567 0.964894
0.032666 0.963830
0.032765 0.963830
0.032864 0.963830
0.032964 0.963830
0.033063 0.963830
0.033162 0.963830
0.033261 0.963830
0.033360 0.962766
0.033459 0.962766
0.033558 0.962766
0.033657 0.962766
0.033757 0.962766
0.033856 0.962766
0.033955 0.962766
0.034054 0.962766
0.034153 0.962766
0.034252 0.962766
0.034351 0.962766
0.034450 0.962766
0.034550 0.962766
0.034649 0.961702
0.034748 0.961702
0.034847 0.960638
0.034946 0.959574
0.035045 0.959574
0.035144 0.959574
0.035243 0.959574
0.035343 0.958511
0.035442 0.958511
0.035541 0.958511
0.035640 0.958511
0.035739 0.958511
0.035838 0.958511
0.035937 0.958511
0.036036 0.958511
0.036136 0.958511
0.036235 0.958511
0.036334 0.958511
0.036433 0.958511
0.036532 0.957447
0.036631 0.957447
0.036730 0.957447
0.036829 0.957447
0.036929 0.956383
0.037028 0.955319
0.037127 0.955319
0.037226 0.955319
0.037325 0.955319
0.037424 0.955319
0.037523 0.955319
0.037622 0.955319
0.037722 0.955319
0.037821 0.955319
0.037920 0.955319
0.038019 0.955319
0.038118 0.955319
0.038217 0.955319
0.038316 0.954255
0.038416 0.954255
0.038515 0.953191
0.038614 0.952128
0.038713 0.952128
0.038812 0.952128
0.038911 0.952128
0.039010 0.952128
0.039109 0.952128
0.039209 0.952128
0.039308 0.952128
0.039407 0.952128
0.039506 0.951064
0.039605 0.951064
0.039704 0.951064
0.039803 0.951064
0.039902 0.951064
0.040002 0.951064
0.040101 0.951064
0.040200 0.951064
0.040299 0.951064
0.040398 0.951064
0.040497 0.951064
0.040596 0.951064
0.040695 0.951064
0.040795 0.951064
0.040894 0.951064
0.040993 0.951064
0.041092 0.948936
0.041191 0.948936
0.041290 0.948936
0.041389 0.948936
0.041488 0.948936
0.041588 0.948936
0.041687 0.948936
0.041786 0.948936
0.041885 0.948936
0.041984 0.947872
0.042083 0.947872
0.042182 0.947872
0.042281 0.947872
0.042381 0.947872
0.042480 0.947872
0.042579 0.947872
0.042678 0.947872
0.042777 0.947872
0.042876 0.947872
0.042975 0.947872
0.043074 0.947872
0.043174 0.946809
0.043273 0.946809
0.043372 0.946809
0.043471 0.946809
0.043570 0.946809
0.043669 0.946809
0.043768 0.946809
0.043867 0.944681
0.043967 0.943617
0.044066 0.943617
0.044165 0.943617
0.044264 0.943617
0.044363 0.943617
0.044462 0.943617
0.044561 0.943617
0.044660 0.943617
0.044760 0.943617
0.044859 0.943617
0.044958 0.943617
0.045057 0.943617
0.045156 0.943617
0.045255 0.943617
0.045354 0.943617
0.045453 0.943617
0.045553 0.943617
0.045652 0.943617
0.045751 0.943617
0.045850 0.942553
0.045949 0.942553
0.046048 0.942553
0.046147 0.942553
0.046246 0.942553
0.046346 0.942553
0.046445 0.942553
0.046544 0.942553
0.046643 0.941489
0.046742 0.941489
0.046841 0.941489
0.046940 0.941489
0.047040 0.941489
0.047139 0.941489
0.047238 0.940426
0.047337 0.940426
0.047436 0.940426
0.047535 0.939362
0.047634 0.939362
0.047733 0.939362
0.047833 0.939362
0.047932 0.939362
0.048031 0.939362
0.048130 0.938298
0.048229 0.937234
0.048328 0.937234
0.048427 0.936170
0.048526 0.936170
0.048626 0.936170
0.048725 0.936170
0.048824 0.936170
0.048923 0.936170
0.049022 0.935106
0.049121 0.935106
0.049220 0.935106
0.049319 0.935106
0.049419 0.935106
0.049518 0.935106
0.049617 0.934043
0.049716 0.934043
0.049815 0.932979
0.049914 0.931915
0.050013 0.931915
0.050112 0.931915
0.050212 0.931915
0.050311 0.931915
0.050410 0.931915
0.050509 0.930851
0.050608 0.930851
0.050707 0.930851
0.050806 0.930851
0.050905 0.930851
0.051005 0.930851
0.051104 0.930851
0.051203 0.930851
0.051302 0.930851
0.051401 0.930851
0.051500 0.930851
0.051599 0.930851
0.051698 0.930851
0.051798 0.930851
0.051897 0.930851
0.051996 0.930851
0.052095 0.930851
0.052194 0.930851
0.052293 0.929787
0.052392 0.929787
0.052491 0.929787
0.052591 0.929787
0.052690 0.929787
0.052789 0.929787
0.052888 0.928723
0.052987 0.928723
0.053086 0.928723
0.053185 0.928723
0.053284 0.928723
0.053384 0.928723
0.053483 0.928723
0.053582 0.928723
0.053681 0.928723
0.053780 0.928723
0.053879 0.928723
0.053978 0.928723
0.054077 0.928723
0.054177 0.928723
0.054276 0.928723
0.054375 0.927660
0.054474 0.927660
0.054573 0.927660
0.054672 0.927660
0.054771 0.927660
0.054870 0.926596
0.054970 0.926596
0.055069 0.926596
0.055168 0.926596
0.055267 0.925532
0.055366 0.925532
0.055465 0.925532
0.055564 0.925532
0.055664 0.925532
0.055763 0.925532
0.055862 0.925532
0.055961 0.925532
0.056060 0.925532
0.056159 0.924468
0.056258 0.924468
0.056357 0.924468
0.056457 0.924468
0.056556 0.924468
0.056655 0.924468
0.056754 0.924468
0.056853 0.924468
0.056952 0.924468
0.057051 0.924468
0.057150 0.923404
0.057250 0.923404
0.057349 0.923404
0.057448 0.923404
0.057547 0.922340
0.057646 0.922340
0.057745 0.922340
0.057844 0.922340
0.057943 0.922340
0.058043 0.922340
0.058142 0.922340
0.058241 0.922340
0.058340 0.922340
0.058439 0.922340
0.058538 0.922340
0.058637 0.922340
0.058736 0.922340
0.058836 0.922340
0.058935 0.922340
0.059034 0.922340
0.059133 0.922340
0.059232 0.922340
0.059331 0.922340
0.059430 0.922340
0.059529 0.922340
0.059629 0.922340
0.059728 0.922340
0.059827 0.922340
0.059926 0.922340
0.060025 0.922340
0.060124 0.922340
0.060223 0.922340
0.060322 0.922340
0.060422 0.922340
0.060521 0.922340
0.060620 0.922340
0.060719 0.922340
0.060818 0.922340
0.060917 0.922340
0.061016 0.922340
0.061115 0.922340
0.061215 0.922340
0.061314 0.922340
0.061413 0.922340
0.061512 0.922340
0.061611 0.922340
0.061710 0.922340
0.061809 0.922340
0.061908 0.922340
0.062008 0.922340
0.062107 0.922340
0.062206 0.922340
0.062305 0.922340
0.062404 0.922340
0.062503 0.922340
0.062602 0.922340
0.062701 0.922340
0.062801 0.922340
0.062900 0.922340
0.062999 0.922340
0.063098 0.922340
0.063197 0.922340
0.063296 0.922340
0.063395 0.922340
0.063494 0.922340
0.063594 0.922340
0.063693 0.922340
0.063792 0.922340
0.063891 0.921277
0.063990 0.920213
0.064089 0.919149
0.064188 0.919149
0.064288 0.919149
0.064387 0.919149
0.064486 0.919149
0.064585 0.919149
0.064684 0.919149
0.064783 0.919149
0.064882 0.919149
0.064981 0.919149
0.065081 0.919149
0.065180 0.919149
0.065279 0.918085
0.065378 0.918085
0.065477 0.918085
0.065576 0.917021
0.065675 0.917021
0.065774 0.917021
0.065874 0.917021
0.065973 0.917021
0.066072 0.917021
0.066171 0.917021
0.066270 0.917021
0.066369 0.915957
0.066468 0.915957
0.066567 0.915957
0.066667 0.915957
0.066766 0.915957
0.066865 0.915957
0.066964 0.915957
0.067063 0.914894
0.067162 0.913830
0.067261 0.913830
0.067360 0.913830
0.067460 0.912766
0.067559 0.912766
0.067658 0.911702
0.067757 0.911702
0.067856 0.911702
0.067955 0.911702
0.068054 0.909574
0.068153 0.909574
0.068253 0.909574
0.068352 0.909574
0.068451 0.908511
0.068550 0.908511
0.068649 0.908511
0.068748 0.908511
0.068847 0.908511
0.068946 0.908511
0.069046 0.908511
0.069145 0.908511
0.069244 0.908511
0.069343 0.907447
0.069442 0.906383
0.069541 0.906383
0.069640 0.906383
0.069739 0.906383
0.069839 0.906383
0.069938 0.906383
0.070037 0.906383
0.070136 0.906383
0.070235 0.906383
0.070334 0.906383
0.070433 0.906383
0.070532 0.906383
0.070632 0.906383
0.070731 0.905319
0.070830 0.904255
0.070929 0.904255
0.071028 0.904255
0.071127 0.904255
0.071226 0.904255
0.071325 0.904255
0.071425 0.904255
0.071524 0.903191
0.071623 0.903191
0.071722 0.903191
0.071821 0.903191
0.071920 0.903191
0.072019 0.903191
0.072118 0.903191
0.072218 0.903191
0.072317 0.903191
0.072416 0.903191
0.072515 0.903191
0.072614 0.903191
0.072713 0.903191
0.072812 0.903191
0.072912 0.902128
0.073011 0.902128
0.073110 0.902128
0.073209 0.902128
0.073308 0.902128
0.073407 0.902128
0.073506 0.902128
0.073605 0.902128
0.073705 0.901064
0.073804 0.901064
0.073903 0.901064
0.074002 0.901064
0.074101 0.901064
0.074200 0.901064
0.074299 0.900000
0.074398 0.898936
0.074498 0.897872
0.074597 0.897872
0.074696 0.897872
0.074795 0.897872
0.074894 0.897872
0.074993 0.897872
0.075092 0.897872
0.075191 0.897872
0.075291 0.897872
0.075390 0.897872
0.075489 0.897872
0.075588 0.897872
0.075687 0.897872
0.075786 0.897872
0.075885 0.897872
0.075984 0.897872
0.076084 0.897872
0.076183 0.897872
0.076282 0.897872
0.076381 0.897872
0.076480 0.897872
0.076579 0.897872
0.076678 0.897872
0.076777 0.897872
0.076877 0.897872
0.076976 0.896809
0.077075 0.896809
0.077174 0.896809
0.077273 0.896809
0.077372 0.896809
0.077471 0.896809
0.077570 0.896809
0.077670 0.896809
0.077769 0.896809
0.077868 0.896809
0.077967 0.896809
0.078066 0.896809
0.078165 0.896809
0.078264 0.896809
0.078363 0.896809
0.078463 0.895745
0.078562 0.895745
0.078661 0.895745
0.078760 0.895745
0.078859 0.895745
0.078958 0.895745
0.079057 0.895745
0.079156 0.895745
0.079256 0.895745
0.079355 0.895745
0.079454 0.895745
0.079553 0.895745
0.079652 0.895745
0.079751 0.895745
0.079850 0.894681
0.079949 0.894681
0.080049 0.894681
0.080148 0.894681
0.080247 0.894681
0.080346 0.894681
0.080445 0.893617
0.080544 0.893617
0.080643 0.893617
0.080742 0.893617
0.080842 0.892553
0.080941 0.892553
0.081040 0.892553
0.081139 0.891489
0.081238 0.891489
0.081337 0.891489
0.081436 0.891489
0.081536 0.891489
0.081635 0.890426
0.081734 0.890426
0.081833 0.890426
0.081932 0.890426
0.082031 0.890426
0.082130 0.890426
0.082229 0.890426
0.082329 0.890426
0.082428 0.889362
0.082527 0.889362
0.082626 0.889362
0.082725 0.889362
0.082824 0.889362
0.082923 0.889362
0.083022 0.889362
0.083122 0.889362
0.083221 0.888298
0.083320 0.887234
0.083419 0.887234
0.083518 0.887234
0.083617 0.887234
0.083716 0.887234
0.083815 0.887234
0.083915 0.887234
0.084014 0.887234
0.084113 0.887234
0.084212 0.887234
0.084311 0.887234
0.084410 0.887234
0.084509 0.887234
0.084608 0.887234
0.084708 0.887234
0.084807 0.886170
0.084906 0.886170
0.085005 0.886170
0.085104 0.886170
0.085203 0.886170
0.085302 0.886170
0.085401 0.885106
0.085501 0.885106
0.085600 0.885106
0.085699 0.885106
0.085798 0.885106
0.085897 0.885106
0.085996 0.884043
0.086095 0.884043
0.086194 0.884043
0.086294 0.882979
0.086393 0.882979
0.086492 0.882979
0.086591 0.881915
0.086690 0.881915
0.086789 0.881915
0.086888 0.881915
0.086987 0.880851
0.087087 0.880851
0.087186 0.880851
0.087285 0.880851
0.087384 0.880851
0.087483 0.879787
0.087582 0.878723
0.087681 0.878723
0.087780 0.877660
0.087880 0.877660
0.087979 0.877660
0.088078 0.877660
0.088177 0.877660
0.088276 0.877660
0.088375 0.877660
0.088474 0.877660
0.088573 0.877660
0.088673 0.877660
0.088772 0.877660
0.088871 0.877660
0.088970 0.877660
0.089069 0.877660
0.089168 0.877660
0.089267 0.877660
0.089366 0.877660
0.089466 0.877660
0.089565 0.876596
0.089664 0.876596
0.089763 0.876596
0.089862 0.875532
0.089961 0.874468
0.090060 0.874468
0.090160 0.873404
0.090259 0.873404
0.090358 0.872340
0.090457 0.872340
0.090556 0.872340
0.090655 0.872340
0.090754 0.871277
0.090853 0.871277
0.090953 0.871277
0.091052 0.871277
0.091151 0.871277
0.091250 0.871277
0.091349 0.871277
0.091448 0.871277
0.091547 0.870213
0.091646 0.870213
0.091746 0.870213
0.091845 0.870213
0.091944 0.870213
0.092043 0.869149
0.092142 0.869149
0.092241 0.869149
0.092340 0.869149
0.092439 0.868085
0.092539 0.868085
0.092638 0.868085
0.092737 0.867021
0.092836 0.867021
0.092935 0.867021
0.093034 0.867021
0.093133 0.867021
0.093232 0.867021
0.093332 0.867021
0.093431 0.867021
0.093530 0.865957
0.093629 0.865957
0.093728 0.864894
0.093827 0.864894
0.093926 0.864894
0.094025 0.864894
0.094125 0.864894
0.094224 0.864894
0.094323 0.864894
0.094422 0.863830
0.094521 0.863830
0.094620 0.863830
0.094719 0.863830
0.094818 0.862766
0.094918 0.862766
0.095017 0.862766
0.095116 0.862766
0.095215 0.862766
0.095314 0.861702
0.095413 0.861702
0.095512 0.861702
0.095611 0.861702
0.095711 0.861702
0.095810 0.861702
0.095909 0.859574
0.096008 0.858511
0.096107 0.858511
0.096206 0.858511
0.096305 0.858511
0.096404 0.858511
0.096504 0.858511
0.096603 0.856383
0.096702 0.856383
0.096801 0.856383
0.096900 0.856383
0.096999 0.856383
0.097098 0.855319
0.097197 0.855319
0.097297 0.855319
0.097396 0.855319
0.097495 0.855319
0.097594 0.855319
0.097693 0.855319
0.097792 0.855319
0.097891 0.855319
0.097990 0.855319
0.098090 0.855319
0.098189 0.855319
0.098288 0.855319
0.098387 0.855319
0.098486 0.855319
0.098585 0.855319
0.098684 0.855319
0.098784 0.855319
0.098883 0.854255
0.098982 0.853191
0.099081 0.853191
0.099180 0.852128
0.099279 0.852128
0.099378 0.852128
0.099477 0.852128
0.099577 0.852128
0.099676 0.852128
0.099775 0.852128
0.099874 0.852128
0.099973 0.852128
0.100072 0.852128
0.100171 0.851064
0.100270 0.850000
0.100370 0.850000
0.100469 0.848936
0.100568 0.848936
0.100667 0.847872
0.100766 0.847872
0.100865 0.847872
0.100964 0.847872
0.101063 0.847872
0.101163 0.846809
0.101262 0.846809
0.101361 0.846809
0.101460 0.846809
0.101559 0.846809
0.101658 0.846809
0.101757 0.846809
0.101856 0.846809
0.101956 0.844681
0.102055 0.844681
0.102154 0.844681
0.102253 0.844681
0.102352 0.844681
0.102451 0.844681
0.102550 0.843617
0.102649 0.843617
0.102749 0.842553
0.102848 0.842553
0.102947 0.842553
0.103046 0.841489
0.103145 0.840426
0.103244 0.840426
0.103343 0.840426
0.103442 0.839362
0.103542 0.839362
0.103641 0.839362
0.103740 0.839362
0.103839 0.838298
0.103938 0.837234
0.104037 0.837234
0.104136 0.837234
0.104235 0.837234
0.104335 0.837234
0.104434 0.837234
0.104533 0.837234
0.104632 0.837234
0.104731 0.837234
0.104830 0.835106
0.104929 0.835106
0.105028 0.835106
0.105128 0.832979
0.105227 0.832979
0.105326 0.831915
0.105425 0.831915
0.105524 0.831915
0.105623 0.831915
0.105722 0.831915
0.105821 0.831915
0.105921 0.831915
0.106020 0.831915
0.106119 0.831915
0.106218 0.831915
0.106317 0.831915
0.106416 0.831915
0.106515 0.831915
0.106614 0.831915
0.106714 0.831915
0.106813 0.831915
0.106912 0.830851
0.107011 0.830851
0.107110 0.830851
0.107209 0.829787
0.107308 0.829787
0.107408 0.828723
0.107507 0.828723
0.107606 0.828723
0.107705 0.828723
0.107804 0.828723
0.107903 0.828723
0.108002 0.828723
0.108101 0.828723
0.108201 0.828723
0.108300 0.828723
0.108399 0.828723
0.108498 0.827660
0.108597 0.827660
0.108696 0.827660
0.108795 0.827660
0.108894 0.827660
0.108994 0.826596
0.109093 0.826596
0.109192 0.826596
0.109291 0.825532
0.109390 0.825532
0.109489 0.825532
0.109588 0.824468
0.109687 0.824468
0.109787 0.824468
0.109886 0.824468
0.109985 0.824468
0.110084 0.824468
0.110183 0.824468
0.110282 0.824468
0.110381 0.824468
0.110480 0.824468
0.110580 0.824468
0.110679 0.824468
0.110778 0.824468
0.110877 0.824468
0.110976 0.824468
0.111075 0.824468
0.111174 0.823404
0.111273 0.823404
0.111373 0.823404
0.111472 0.823404
0.111571 0.823404
0.111670 0.823404
0.111769 0.823404
0.111868 0.823404
0.111967 0.823404
0.112066 0.823404
0.112166 0.823404
0.112265 0.823404
0.112364 0.823404
0.112463 0.823404
0.112562 0.823404
0.112661 0.823404
0.112760 0.823404
0.112859 0.821277
0.112959 0.821277
0.113058 0.820213
0.113157 0.820213
0.113256 0.819149
0.113355 0.819149
0.113454 0.819149
0.113553 0.819149
0.113652 0.819149
0.113752 0.819149
0.113851 0.819149
0.113950 0.818085
0.114049 0.817021
0.114148 0.817021
0.114247 0.817021
0.114346 0.817021
0.114445 0.817021
0.114545 0.817021
0.114644 0.817021
0.114743 0.817021
0.114842 0.817021
0.114941 0.817021
0.115040 0.815957
0.115139 0.814894
0.115238 0.814894
0.115338 0.814894
0.115437 0.814894
0.115536 0.814894
0.115635 0.814894
0.115734 0.814894
0.115833 0.814894
0.115932 0.814894
0.116032 0.813830
0.116131 0.813830
0.116230 0.813830
0.116329 0.813830
0.116428 0.813830
0.116527 0.813830
0.116626 0.813830
0.116725 0.813830
0.116825 0.813830
0.116924 0.812766
0.117023 0.812766
0.117122 0.812766
0.117221 0.812766
0.117320 0.812766
0.117419 0.811702
0.117518 0.811702
0.117618 0.811702
0.117717 0.810638
0.117816 0.810638
0.117915 0.810638
0.118014 0.810638
0.118113 0.810638
0.118212 0.810638
0.118311 0.810638
0.118411 0.810638
0.118510 0.810638
0.118609 0.810638
0.118708 0.809574
0.118807 0.809574
0.118906 0.809574
0.119005 0.809574
0.119104 0.809574
0.119204 0.809574
0.119303 0.809574
0.119402 0.809574
0.119501 0.809574
0.119600 0.809574
0.119699 0.809574
0.119798 0.809574
0.119897 0.808511
0.119997 0.808511
0.120096 0.808511
0.120195 0.807447
0.120294 0.807447
0.120393 0.807447
0.120492 0.807447
0.120591 0.807447
0.120690 0.807447
0.120790 0.807447
0.120889 0.807447
0.120988 0.807447
0.121087 0.807447
0.121186 0.807447
0.121285 0.807447
0.121384 0.807447
0.121483 0.807447
0.121583 0.807447
0.121682 0.807447
0.121781 0.807447
0.121880 0.806383
0.121979 0.806383
0.122078 0.806383
0.122177 0.806383
0.122276 0.806383
0.122376 0.806383
0.122475 0.806383
0.122574 0.806383
0.122673 0.806383
0.122772 0.805319
0.122871 0.805319
0.122970 0.804255
0.123069 0.804255
0.123169 0.804255
0.123268 0.804255
0.123367 0.804255
0.123466 0.804255
0.123565 0.804255
0.123664 0.804255
0.123763 0.804255
0.123862 0.804255
0.123962 0.804255
0.124061 0.804255
0.124160 0.804255
0.124259 0.804255
0.124358 0.804255
0.124457 0.804255
0.124556 0.804255
0.124656 0.804255
0.124755 0.804255
0.124854 0.804255
0.124953 0.804255
0.125052 0.804255
0.125151 0.804255
0.125250 0.802128
0.125349 0.802128
0.125449 0.802128
0.125548 0.802128
0.125647 0.802128
0.125746 0.802128
0.125845 0.802128
0.125944 0.802128
0.126043 0.802128
0.126142 0.802128
0.126242 0.802128
0.126341 0.802128
0.126440 0.802128
0.126539 0.802128
0.126638 0.802128
0.126737 0.802128
0.126836 0.802128
0.126935 0.802128
0.127035 0.802128
0.127134 0.802128
0.127233 0.802128
0.127332 0.802128
0.127431 0.802128
0.127530 0.802128
0.127629 0.802128
0.127728 0.801064
0.127828 0.801064
0.127927 0.801064
0.128026 0.800000
0.128125 0.800000
0.128224 0.800000
0.128323 0.798936
0.128422 0.798936
0.128521 0.798936
0.128621 0.798936
0.128720 0.798936
0.128819 0.798936
0.128918 0.798936
0.129017 0.798936
0.129116 0.797872
0.129215 0.796809
0.129314 0.796809
0.129414 0.796809
0.129513 0.796809
0.129612 0.796809
0.129711 0.796809
0.129810 0.796809
0.129909 0.794681
0.130008 0.794681
0.130107 0.794681
0.130207 0.794681
0.130306 0.794681
0.130405 0.794681
0.130504 0.793617
0.130603 0.793617
0.130702 0.792553
0.130801 0.791489
0.130900 0.791489
0.131000 0.791489
0.131099 0.791489
0.131198 0.791489
0.131297 0.791489
0.131396 0.791489
0.131495 0.789362
0.131594 0.788298
0.131693 0.788298
0.131793 0.788298
0.131892 0.788298
0.131991 0.788298
0.132090 0.788298
0.132189 0.787234
0.132288 0.787234
0.132387 0.787234
0.132486 0.787234
0.132586 0.787234
0.132685 0.786170
0.132784 0.785106
0.132883 0.785106
0.132982 0.785106
0.133081 0.785106
0.133180 0.785106
0.133280 0.782979
0.133379 0.782979
0.133478 0.782979
0.133577 0.782979
0.133676 0.782979
0.133775 0.782979
0.133874 0.782979
0.133973 0.782979
0.134073 0.781915
0.134172 0.781915
0.134271 0.781915
0.134370 0.781915
0.134469 0.781915
0.134568 0.781915
0.134667 0.780851
0.134766 0.779787
0.134866 0.779787
0.134965 0.779787
0.135064 0.779787
0.135163 0.779787
0.135262 0.778723
0.135361 0.778723
0.135460 0.777660
0.135559 0.777660
0.135659 0.777660
0.135758 0.777660
0.135857 0.777660
0.135956 0.777660
0.136055 0.777660
0.136154 0.777660
0.136253 0.777660
0.136352 0.776596
0.136452 0.776596
0.136551 0.776596
0.136650 0.776596
0.136749 0.776596
0.136848 0.776596
0.136947 0.776596
0.137046 0.776596
0.137145 0.776596
0.137245 0.776596
0.137344 0.776596
0.137443 0.776596
0.137542 0.775532
0.137641 0.774468
0.137740 0.774468
0.137839 0.773404
0.137938 0.773404
0.138038 0.773404
0.138137 0.771277
0.138236 0.771277
0.138335 0.771277
0.138434 0.771277
0.138533 0.771277
0.138632 0.771277
0.138731 0.771277
0.138831 0.771277
0.138930 0.771277
0.139029 0.771277
0.139128 0.771277
0.139227 0.771277
0.139326 0.771277
0.139425 0.771277
0.139524 0.770213
0.139624 0.770213
0.139723 0.770213
0.139822 0.769149
0.139921 0.769149
0.140020 0.769149
0.140119 0.769149
0.140218 0.769149
0.140317 0.768085
0.140417 0.765957
0.140516 0.764894
0.140615 0.763830
0.140714 0.761702
0.140813 0.761702
0.140912 0.761702
0.141011 0.761702
0.141110 0.761702
0.141210 0.761702
0.141309 0.760638
0.141408 0.760638
0.141507 0.759574
0.141606 0.759574
0.141705 0.759574
0.141804 0.759574
0.141904 0.758511
0.142003 0.757447
0.142102 0.757447
0.142201 0.757447
0.142300 0.757447
0.142399 0.756383
0.142498 0.756383
0.142597 0.756383
0.142697 0.756383
0.142796 0.755319
0.142895 0.755319
0.142994 0.755319
0.143093 0.754255
0.143192 0.754255
0.143291 0.754255
0.143390 0.754255
0.143490 0.753191
0.143589 0.753191
0.143688 0.752128
0.143787 0.752128
0.143886 0.752128
0.143985 0.750000
0.144084 0.750000
0.144183 0.748936
0.144283 0.747872
0.144382 0.747872
0.144481 0.747872
0.144580 0.747872
0.144679 0.747872
0.144778 0.747872
0.144877 0.746809
0.144976 0.746809
0.145076 0.746809
0.145175 0.746809
0.145274 0.746809
0.145373 0.745745
0.145472 0.745745
0.145571 0.745745
0.145670 0.745745
0.145769 0.744681
0.145869 0.744681
0.145968 0.743617
0.146067 0.743617
0.146166 0.742553
0.146265 0.741489
0.146364 0.741489
0.146463 0.740426
0.146562 0.740426
0.146662 0.740426
0.146761 0.740426
0.146860 0.739362
0.146959 0.739362
0.147058 0.739362
0.147157 0.738298
0.147256 0.738298
0.147355 0.738298
0.147455 0.738298
0.147554 0.738298
0.147653 0.738298
0.147752 0.737234
0.147851 0.736170
0.147950 0.736170
0.148049 0.736170
0.148148 0.736170
0.148248 0.736170
0.148347 0.736170
0.148446 0.735106
0.148545 0.735106
0.148644 0.735106
0.148743 0.735106
0.148842 0.735106
0.148941 0.734043
0.149041 0.734043
0.149140 0.732979
0.149239 0.731915
0.149338 0.731915
0.149437 0.730851
0.149536 0.730851
0.149635 0.730851
0.149734 0.728723
0.149834 0.728723
0.149933 0.728723
0.150032 0.728723
0.150131 0.727660
0.150230 0.727660
0.150329 0.725532
0.150428 0.725532
0.150528 0.724468
0.150627 0.724468
0.150726 0.724468
0.150825 0.724468
0.150924 0.724468
0.151023 0.724468
0.151122 0.723404
0.151221 0.722340
0.151321 0.721277
0.151420 0.720213
0.151519 0.720213
0.151618 0.720213
0.151717 0.719149
0.151816 0.719149
0.151915 0.719149
0.152014 0.719149
0.152114 0.719149
0.152213 0.719149
0.152312 0.719149
0.152411 0.719149
0.152510 0.719149
0.152609 0.719149
0.152708 0.719149
0.152807 0.718085
0.152907 0.717021
0.153006 0.717021
0.153105 0.717021
0.153204 0.717021
0.153303 0.715957
0.153402 0.715957
0.153501 0.715957
0.153600 0.714894
0.153700 0.712766
0.153799 0.712766
0.153898 0.711702
0.153997 0.711702
0.154096 0.711702
0.154195 0.711702
0.154294 0.711702
0.154393 0.709574
0.154493 0.709574
0.154592 0.707447
0.154691 0.707447
0.154790 0.707447
0.154889 0.707447
0.154988 0.706383
0.155087 0.706383
0.155186 0.705319
0.155286 0.705319
0.155385 0.705319
0.155484 0.705319
0.155583 0.705319
0.155682 0.704255
0.155781 0.703191
0.155880 0.702128
0.155979 0.702128
0.156079 0.701064
0.156178 0.701064
0.156277 0.701064
0.156376 0.698936
0.156475 0.698936
0.156574 0.698936
0.156673 0.698936
0.156772 0.697872
0.156872 0.697872
0.156971 0.697872
0.157070 0.697872
0.157169 0.696809
0.157268 0.696809
0.157367 0.695745
0.157466 0.695745
0.157565 0.695745
0.157665 0.695745
0.157764 0.694681
0.157863 0.693617
0.157962 0.693617
0.158061 0.693617
0.158160 0.693617
0.158259 0.693617
0.158358 0.692553
0.158458 0.691489
0.158557 0.690426
0.158656 0.690426
0.158755 0.689362
0.158854 0.688298
0.158953 0.688298
0.159052 0.688298
0.159152 0.688298
0.159251 0.688298
0.159350 0.688298
0.159449 0.688298
0.159548 0.687234
0.159647 0.687234
0.159746 0.687234
0.159845 0.687234
0.159945 0.687234
0.160044 0.687234
0.160143 0.687234
0.160242 0.687234
0.160341 0.686170
0.160440 0.686170
0.160539 0.686170
0.160638 0.686170
0.160738 0.686170
0.160837 0.686170
0.160936 0.686170
0.161035 0.686170
0.161134 0.686170
0.161233 0.685106
0.161332 0.685106
0.161431 0.685106
0.161531 0.684043
0.161630 0.684043
0.161729 0.684043
0.161828 0.684043
0.161927 0.684043
0.162026 0.684043
0.162125 0.684043
0.162224 0.684043
0.162324 0.684043
0.162423 0.684043
0.162522 0.684043
0.162621 0.684043
0.162720 0.684043
0.162819 0.684043
0.162918 0.684043
0.163017 0.684043
0.163117 0.684043
0.163216 0.684043
0.163315 0.681915
0.163414 0.681915
0.163513 0.681915
0.163612 0.681915
0.163711 0.681915
0.163810 0.681915
0.163910 0.681915
0.164009 0.681915
0.164108 0.681915
0.164207 0.681915
0.164306 0.681915
0.164405 0.681915
0.164504 0.681915
0.164603 0.681915
0.164703 0.681915
0.164802 0.680851
0.164901 0.680851
0.165000 0.680851
0.165099 0.680851
0.165198 0.680851
0.165297 0.680851
0.165396 0.680851
0.165496 0.680851
0.165595 0.680851
0.165694 0.680851
0.165793 0.680851
0.165892 0.680851
0.165991 0.680851
0.166090 0.680851
0.166189 0.680851
0.166289 0.680851
0.166388 0.680851
0.166487 0.680851
0.166586 0.680851
0.166685 0.680851
0.166784 0.680851
0.166883 0.680851
0.166982 0.680851
0.167082 0.680851
0.167181 0.680851
0.167280 0.679787
0.167379 0.679787
0.167478 0.679787
0.167577 0.679787
0.167676 0.679787
0.167776 0.679787
0.167875 0.679787
0.167974 0.679787
0.168073 0.678723
0.168172 0.678723
0.168271 0.677660
0.168370 0.677660
0.168469 0.677660
0.168569 0.677660
0.168668 0.677660
0.168767 0.677660
0.168866 0.677660
0.168965 0.675532
0.169064 0.675532
0.169163 0.675532
0.169262 0.675532
0.169362 0.675532
0.169461 0.675532
0.169560 0.675532
0.169659 0.674468
0.169758 0.674468
0.169857 0.674468
0.169956 0.673404
0.170055 0.673404
0.170155 0.673404
0.170254 0.673404
0.170353 0.673404
0.170452 0.673404
0.170551 0.673404
0.170650 0.673404
0.170749 0.673404
0.170848 0.672340
0.170948 0.672340
0.171047 0.672340
0.171146 0.672340
0.171245 0.672340
0.171344 0.671277
0.171443 0.671277
0.171542 0.669149
0.171641 0.669149
0.171741 0.668085
0.171840 0.667021
0.171939 0.667021
0.172038 0.665957
0.172137 0.665957
0.172236 0.665957
0.172335 0.665957
0.172434 0.664894
0.172534 0.664894
0.172633 0.664894
0.172732 0.663830
0.172831 0.663830
0.172930 0.663830
0.173029 0.663830
0.173128 0.663830
0.173227 0.663830
0.173327 0.663830
0.173426 0.663830
0.173525 0.662766
0.173624 0.661702
0.173723 0.661702
0.173822 0.661702
0.173921 0.661702
0.174020 0.660638
0.174120 0.660638
0.174219 0.659574
0.174318 0.658511
0.174417 0.657447
0.174516 0.656383
0.174615 0.655319
0.174714 0.654255
0.174813 0.654255
0.174913 0.654255
0.175012 0.654255
0.175111 0.654255
0.175210 0.653191
0.175309 0.653191
0.175408 0.651064
0.175507 0.651064
0.175606 0.651064
0.175706 0.651064
0.175805 0.651064
0.175904 0.651064
0.176003 0.651064
0.176102 0.648936
0.176201 0.648936
0.176300 0.648936
0.176400 0.648936
0.176499 0.647872
0.176598 0.647872
0.176697 0.646809
0.176796 0.646809
0.176895 0.646809
0.176994 0.646809
0.177093 0.646809
0.177193 0.646809
0.177292 0.646809
0.177391 0.646809
0.177490 0.646809
0.177589 0.646809
0.177688 0.646809
0.177787 0.645745
0.177886 0.645745
0.177986 0.645745
0.178085 0.645745
0.178184 0.645745
0.178283 0.644681
0.178382 0.644681
0.178481 0.644681
0.178580 0.644681
0.178679 0.644681
0.178779 0.644681
0.178878 0.644681
0.178977 0.644681
0.179076 0.644681
0.179175 0.644681
0.179274 0.644681
0.179373 0.644681
0.179472 0.643617
0.179572 0.643617
0.179671 0.643617
0.179770 0.643617
0.179869 0.642553
0.179968 0.641489
0.180067 0.641489
0.180166 0.641489
0.180265 0.641489
0.180365 0.641489
0.180464 0.640426
0.180563 0.640426
0.180662 0.639362
0.180761 0.639362
0.180860 0.639362
0.180959 0.639362
0.181058 0.639362
0.181158 0.639362
0.181257 0.639362
0.181356 0.639362
0.181455 0.639362
0.181554 0.639362
0.181653 0.639362
0.181752 0.639362
0.181851 0.639362
0.181951 0.639362
0.182050 0.639362
0.182149 0.639362
0.182248 0.639362
0.182347 0.639362
0.182446 0.639362
0.182545 0.639362
0.182644 0.638298
0.182744 0.638298
0.182843 0.638298
0.182942 0.638298
0.183041 0.638298
0.183140 0.638298
0.183239 0.638298
0.183338 0.638298
0.183437 0.637234
0.183537 0.637234
0.183636 0.637234
0.183735 0.637234
0.183834 0.637234
0.183933 0.637234
0.184032 0.637234
0.184131 0.635106
0.184230 0.635106
0.184330 0.634043
0.184429 0.634043
0.184528 0.634043
0.184627 0.634043
0.184726 0.634043
0.184825 0.632979
0.184924 0.631915
0.185024 0.631915
0.185123 0.631915
0.185222 0.630851
0.185321 0.630851
0.185420 0.630851
0.185519 0.630851
0.185618 0.630851
0.185717 0.630851
0.185817 0.630851
0.185916 0.630851
0.186015 0.630851
0.186114 0.630851
0.186213 0.630851
0.186312 0.630851
0.186411 0.629787
0.186510 0.629787
0.186610 0.629787
0.186709 0.629787
0.186808 0.629787
0.186907 0.629787
0.187006 0.629787
0.187105 0.629787
0.187204 0.629787
0.187303 0.629787
0.187403 0.629787
0.187502 0.629787
0.187601 0.629787
0.187700 0.628723
0.187799 0.627660
0.187898 0.627660
0.187997 0.627660
0.188096 0.627660
0.188196 0.627660
0.188295 0.627660
0.188394 0.626596
0.188493 0.625532
0.188592 0.625532
0.188691 0.625532
0.188790 0.625532
0.188889 0.625532
0.188989 0.625532
0.189088 0.625532
0.189187 0.625532
0.189286 0.625532
0.189385 0.625532
0.189484 0.625532
0.189583 0.625532
0.189682 0.625532
0.189782 0.625532
0.189881 0.625532
0.189980 0.625532
0.190079 0.625532
0.190178 0.625532
0.190277 0.625532
0.190376 0.625532
0.190475 0.625532
0.190575 0.625532
0.190674 0.625532
0.190773 0.625532
0.190872 0.625532
0.190971 0.625532
0.191070 0.625532
0.191169 0.624468
0.191268 0.624468
0.191368 0.624468
0.191467 0.623404
0.191566 0.623404
0.191665 0.623404
0.191764 0.623404
0.191863 0.623404
0.191962 0.623404
0.192061 0.623404
0.192161 0.623404
0.192260 0.623404
0.192359 0.623404
0.192458 0.623404
0.192557 0.623404
0.192656 0.623404
0.192755 0.623404
0.192854 0.623404
0.192954 0.622340
0.193053 0.622340
0.193152 0.622340
0.193251 0.621277
0.193350 0.620213
0.193449 0.619149
0.193548 0.619149
0.193648 0.618085
0.193747 0.615957
0.193846 0.615957
0.193945 0.615957
0.194044 0.615957
0.194143 0.615957
0.194242 0.615957
0.194341 0.615957
0.194441 0.615957
0.194540 0.615957
0.194639 0.615957
0.194738 0.615957
0.194837 0.615957
0.194936 0.615957
0.195035 0.614894
0.195134 0.614894
0.195234 0.614894
0.195333 0.614894
0.195432 0.614894
0.195531 0.613830
0.195630 0.612766
0.195729 0.612766
0.195828 0.612766
0.195927 0.611702
0.196027 0.611702
0.196126 0.611702
0.196225 0.611702
0.196324 0.611702
0.196423 0.611702
0.196522 0.611702
0.196621 0.610638
0.196720 0.610638
0.196820 0.610638
0.196919 0.609574
0.197018 0.609574
0.197117 0.609574
0.197216 0.609574
0.197315 0.609574
0.197414 0.609574
0.197513 0.609574
0.197613 0.608511
0.197712 0.608511
0.197811 0.608511
0.197910 0.608511
0.198009 0.608511
0.198108 0.608511
0.198207 0.608511
0.198306 0.608511
0.198406 0.608511
0.198505 0.608511
0.198604 0.608511
0.198703 0.607447
0.198802 0.607447
0.198901 0.607447
0.199000 0.607447
0.199099 0.607447
0.199199 0.606383
0.199298 0.606383
0.199397 0.606383
0.199496 0.606383
0.199595 0.605319
0.199694 0.605319
0.199793 0.605319
0.199892 0.605319
0.199992 0.604255
0.200091 0.604255
0.200190 0.603191
0.200289 0.602128
0.200388 0.601064
0.200487 0.601064
0.200586 0.601064
0.200685 0.601064
0.200785 0.601064
0.200884 0.601064
0.200983 0.601064
0.201082 0.600000
0.201181 0.600000
0.201280 0.600000
0.201379 0.598936
0.201478 0.597872
0.201578 0.596809
0.201677 0.596809
0.201776 0.596809
0.201875 0.594681
0.201974 0.594681
0.202073 0.593617
0.202172 0.593617
0.202272 0.593617
0.202371 0.593617
0.202470 0.593617
0.202569 0.593617
0.202668 0.593617
0.202767 0.593617
0.202866 0.593617
0.202965 0.593617
0.203065 0.593617
0.203164 0.592553
0.203263 0.592553
0.203362 0.591489
0.203461 0.591489
0.203560 0.591489
0.203659 0.591489
0.203758 0.591489
0.203858 0.591489
0.203957 0.591489
0.204056 0.591489
0.204155 0.591489
0.204254 0.590426
0.204353 0.590426
0.204452 0.590426
0.204551 0.589362
0.204651 0.589362
0.204750 0.589362
0.204849 0.589362
0.204948 0.589362
0.205047 0.589362
0.205146 0.589362
0.205245 0.588298
0.205344 0.588298
0.205444 0.588298
0.205543 0.588298
0.205642 0.588298
0.205741 0.588298
0.205840 0.588298
0.205939 0.588298
0.206038 0.588298
0.206137 0.588298
0.206237 0.588298
0.206336 0.587234
0.206435 0.587234
0.206534 0.586170
0.206633 0.586170
0.206732 0.586170
0.206831 0.586170
0.206930 0.586170
0.207030 0.582979
0.207129 0.582979
0.207228 0.582979
0.207327 0.582979
0.207426 0.582979
0.207525 0.581915
0.207624 0.581915
0.207723 0.580851
0.207823 0.579787
0.207922 0.579787
0.208021 0.579787
0.208120 0.579787
0.208219 0.579787
0.208318 0.578723
0.208417 0.578723
0.208516 0.578723
0.208616 0.578723
0.208715 0.578723
0.208814 0.578723
0.208913 0.578723
0.209012 0.578723
0.209111 0.578723
0.209210 0.578723
0.209309 0.578723
0.209409 0.577660
0.209508 0.575532
0.209607 0.573404
0.209706 0.573404
0.209805 0.573404
0.209904 0.572340
0.210003 0.571277
0.210102 0.571277
0.210202 0.571277
0.210301 0.571277
0.210400 0.571277
0.210499 0.570213
0.210598 0.570213
0.210697 0.570213
0.210796 0.569149
0.210896 0.569149
0.210995 0.568085
0.211094 0.568085
0.211193 0.568085
0.211292 0.568085
0.211391 0.568085
0.211490 0.568085
0.211589 0.567021
0.211689 0.565957
0.211788 0.565957
0.211887 0.565957
0.211986 0.565957
0.212085 0.565957
0.212184 0.565957
0.212283 0.565957
0.212382 0.565957
0.212482 0.565957
0.212581 0.565957
0.212680 0.565957
0.212779 0.565957
0.212878 0.565957
0.212977 0.564894
0.213076 0.564894
0.213175 0.564894
0.213275 0.564894
0.213374 0.564894
0.213473 0.563830
0.213572 0.563830
0.213671 0.563830
0.213770 0.563830
0.213869 0.563830
0.213968 0.563830
0.214068 0.562766
0.214167 0.562766
0.214266 0.562766
0.214365 0.562766
0.214464 0.562766
0.214563 0.562766
0.214662 0.562766
0.214761 0.562766
0.214861 0.562766
0.214960 0.562766
0.215059 0.562766
0.215158 0.562766
0.215257 0.562766
0.215356 0.562766
0.215455 0.562766
0.215554 0.562766
0.215654 0.562766
0.215753 0.562766
0.215852 0.561702
0.215951 0.561702
0.216050 0.561702
0.216149 0.561702
0.216248 0.561702
0.216347 0.561702
0.216447 0.561702
0.216546 0.561702
0.216645 0.561702
0.216744 0.561702
0.216843 0.560638
0.216942 0.560638
0.217041 0.560638
0.217140 0.559574
0.217240 0.559574
0.217339 0.559574
0.217438 0.559574
0.217537 0.558511
0.217636 0.558511
0.217735 0.558511
0.217834 0.558511
0.217933 0.557447
0.218033 0.557447
0.218132 0.556383
0.218231 0.556383
0.218330 0.555319
0.218429 0.555319
0.218528 0.555319
0.218627 0.555319
0.218726 0.555319
0.218826 0.555319
0.218925 0.555319
0.219024 0.555319
0.219123 0.555319
0.219222 0.555319
0.219321 0.555319
0.219420 0.555319
0.219520 0.555319
0.219619 0.555319
0.219718 0.555319
0.219817 0.555319
0.219916 0.555319
0.220015 0.555319
0.220114 0.555319
0.220213 0.554255
0.220313 0.554255
0.220412 0.554255
0.220511 0.554255
0.220610 0.553191
0.220709 0.553191
0.220808 0.553191
0.220907 0.553191
0.221006 0.553191
0.221106 0.552128
0.221205 0.552128
0.221304 0.552128
0.221403 0.552128
0.221502 0.551064
0.221601 0.551064
0.221700 0.551064
0.221799 0.551064
0.221899 0.551064
0.221998 0.551064
0.222097 0.551064
0.222196 0.550000
0.222295 0.550000
0.222394 0.548936
0.222493 0.547872
0.222592 0.547872
0.222692 0.546809
0.222791 0.546809
0.222890 0.546809
0.222989 0.546809
0.223088 0.546809
0.223187 0.543617
0.223286 0.542553
0.223385 0.542553
0.223485 0.542553
0.223584 0.541489
0.223683 0.541489
0.223782 0.541489
0.223881 0.540426
0.223980 0.539362
0.224079 0.539362
0.224178 0.539362
0.224278 0.539362
0.224377 0.538298
0.224476 0.538298
0.224575 0.538298
0.224674 0.538298
0.224773 0.538298
0.224872 0.537234
0.224971 0.537234
0.225071 0.537234
0.225170 0.537234
0.225269 0.537234
0.225368 0.537234
0.225467 0.537234
0.225566 0.536170
0.225665 0.536170
0.225764 0.536170
0.225864 0.536170
0.225963 0.535106
0.226062 0.535106
0.226161 0.535106
0.226260 0.534043
0.226359 0.534043
0.226458 0.534043
0.226557 0.534043
0.226657 0.532979
0.226756 0.532979
0.226855 0.532979
0.226954 0.532979
0.227053 0.532979
0.227152 0.532979
0.227251 0.532979
0.227350 0.531915
0.227450 0.531915
0.227549 0.531915
0.227648 0.531915
0.227747 0.531915
0.227846 0.531915
0.227945 0.531915
0.228044 0.531915
0.228144 0.531915
0.228243 0.531915
0.228342 0.530851
0.228441 0.530851
0.228540 0.529787
0.228639 0.529787
0.228738 0.529787
0.228837 0.529787
0.228937 0.528723
0.229036 0.528723
0.229135 0.528723
0.229234 0.528723
0.229333 0.528723
0.229432 0.528723
0.229531 0.528723
0.229630 0.528723
0.229730 0.528723
0.229829 0.528723
0.229928 0.528723
0.230027 0.528723
0.230126 0.528723
0.230225 0.527660
0.230324 0.527660
0.230423 0.527660
0.230523 0.527660
0.230622 0.527660
0.230721 0.527660
0.230820 0.527660
0.230919 0.527660
0.231018 0.527660
0.231117 0.527660
0.231216 0.527660
0.231316 0.527660
0.231415 0.527660
0.231514 0.527660
0.231613 0.527660
0.231712 0.527660
0.231811 0.527660
0.231910 0.527660
0.232009 0.527660
0.232109 0.527660
0.232208 0.526596
0.232307 0.526596
0.232406 0.526596
0.232505 0.526596
0.232604 0.526596
0.232703 0.526596
0.232802 0.526596
0.232902 0.526596
0.233001 0.525532
0.233100 0.525532
0.233199 0.525532
0.233298 0.525532
0.233397 0.525532
0.233496 0.525532
0.233595 0.525532
0.233695 0.525532
0.233794 0.525532
0.233893 0.525532
0.233992 0.525532
0.234091 0.525532
0.234190 0.525532
0.234289 0.525532
0.234388 0.525532
0.234488 0.525532
0.234587 0.525532
0.234686 0.525532
0.234785 0.525532
0.234884 0.523404
0.234983 0.523404
0.235082 0.521277
0.235181 0.521277
0.235281 0.521277
0.235380 0.521277
0.235479 0.521277
0.235578 0.521277
0.235677 0.521277
0.235776 0.521277
0.235875 0.521277
0.235974 0.521277
0.236074 0.520213
0.236173 0.520213
0.236272 0.520213
0.236371 0.520213
0.236470 0.520213
0.236569 0.520213
0.236668 0.520213
0.236768 0.520213
0.236867 0.520213
0.236966 0.520213
0.237065 0.520213
0.237164 0.519149
0.237263 0.515957
0.237362 0.515957
0.237461 0.515957
0.237561 0.514894
0.237660 0.513830
0.237759 0.513830
0.237858 0.513830
0.237957 0.511702
0.238056 0.511702
0.238155 0.511702
0.238254 0.511702
0.238354 0.511702
0.238453 0.511702
0.238552 0.511702
0.238651 0.511702
0.238750 0.511702
0.238849 0.511702
0.238948 0.510638
0.239047 0.510638
0.239147 0.510638
0.239246 0.510638
0.239345 0.510638
0.239444 0.510638
0.239543 0.510638
0.239642 0.510638
0.239741 0.510638
0.239840 0.510638
0.239940 0.510638
0.240039 0.510638
0.240138 0.510638
0.240237 0.510638
0.240336 0.510638
0.240435 0.509574
0.240534 0.509574
0.240633 0.509574
0.240733 0.509574
0.240832 0.509574
0.240931 0.509574
0.241030 0.508511
0.241129 0.508511
0.241228 0.508511
0.241327 0.508511
0.241426 0.508511
0.241526 0.508511
0.241625 0.508511
0.241724 0.508511
0.241823 0.507447
0.241922 0.506383
0.242021 0.506383
0.242120 0.506383
0.242219 0.505319
0.242319 0.504255
0.242418 0.504255
0.242517 0.504255
0.242616 0.503191
0.242715 0.503191
0.242814 0.503191
0.242913 0.503191
0.243012 0.503191
0.243112 0.503191
0.243211 0.503191
0.243310 0.502128
0.243409 0.501064
0.243508 0.501064
0.243607 0.501064
0.243706 0.501064
0.243805 0.501064
0.243905 0.501064
0.244004 0.501064
0.244103 0.501064
0.244202 0.501064
0.244301 0.501064
0.244400 0.501064
0.244499 0.501064
0.244598 0.501064
0.244698 0.501064
0.244797 0.500000
0.244896 0.498936
0.244995 0.498936
0.245094 0.498936
0.245193 0.496809
0.245292 0.495745
0.245392 0.495745
0.245491 0.494681
0.245590 0.493617
0.245689 0.493617
0.245788 0.493617
0.245887 0.492553
0.245986 0.492553
0.246085 0.492553
0.246185 0.492553
0.246284 0.492553
0.246383 0.491489
0.246482 0.491489
0.246581 0.489362
0.246680 0.489362
0.246779 0.489362
0.246878 0.488298
0.246978 0.488298
0.247077 0.488298
0.247176 0.488298
0.247275 0.488298
0.247374 0.488298
0.247473 0.488298
0.247572 0.488298
0.247671 0.487234
0.247771 0.487234
0.247870 0.487234
0.247969 0.487234
0.248068 0.487234
0.248167 0.487234
0.248266 0.487234
0.248365 0.486170
0.248464 0.485106
0.248564 0.484043
0.248663 0.482979
0.248762 0.482979
0.248861 0.482979
0.248960 0.482979
0.249059 0.482979
0.249158 0.482979
0.249257 0.482979
0.249357 0.482979
0.249456 0.482979
0.249555 0.482979
0.249654 0.482979
0.249753 0.481915
0.249852 0.481915
0.249951 0.481915
0.250050 0.481915
0.250150 0.481915
0.250249 0.480851
0.250348 0.480851
0.250447 0.480851
0.250546 0.480851
0.250645 0.480851
0.250744 0.480851
0.250843 0.480851
0.250943 0.479787
0.251042 0.479787
0.251141 0.479787
0.251240 0.479787
0.251339 0.478723
0.251438 0.478723
0.251537 0.478723
0.251636 0.478723
0.251736 0.477660
0.251835 0.477660
0.251934 0.477660
0.252033 0.476596
0.252132 0.476596
0.252231 0.476596
0.252330 0.474468
0.252429 0.474468
0.252529 0.474468
0.252628 0.473404
0.252727 0.472340
0.252826 0.472340
0.252925 0.472340
0.253024 0.472340
0.253123 0.472340
0.253222 0.472340
0.253322 0.472340
0.253421 0.472340
0.253520 0.471277
0.253619 0.471277
0.253718 0.471277
0.253817 0.470213
0.253916 0.470213
0.254016 0.470213
0.254115 0.470213
0.254214 0.470213
0.254313 0.470213
0.254412 0.470213
0.254511 0.470213
0.254610 0.470213
0.254709 0.470213
0.254809 0.470213
0.254908 0.470213
0.255007 0.469149
0.255106 0.469149
0.255205 0.469149
0.255304 0.469149
0.255403 0.469149
0.255502 0.469149
0.255602 0.469149
0.255701 0.469149
0.255800 0.469149
0.255899 0.469149
0.255998 0.469149
0.256097 0.468085
0.256196 0.465957
0.256295 0.465957
0.256395 0.465957
0.256494 0.465957
0.256593 0.465957
0.256692 0.465957
0.256791 0.465957
0.256890 0.464894
0.256989 0.464894
0.257088 0.463830
0.257188 0.463830
0.257287 0.463830
0.257386 0.463830
0.257485 0.462766
0.257584 0.461702
0.257683 0.461702
0.257782 0.461702
0.257881 0.460638
0.257981 0.460638
0.258080 0.460638
0.258179 0.460638
0.258278 0.460638
0.258377 0.460638
0.258476 0.460638
0.258575 0.460638
0.258674 0.460638
0.258774 0.459574
0.258873 0.459574
0.258972 0.459574
0.259071 0.459574
0.259170 0.459574
0.259269 0.459574
0.259368 0.457447
0.259467 0.457447
0.259567 0.457447
0.259666 0.457447
0.259765 0.455319
0.259864 0.455319
0.259963 0.455319
0.260062 0.455319
0.260161 0.455319
0.260260 0.455319
0.260360 0.454255
0.260459 0.454255
0.260558 0.454255
0.260657 0.454255
0.260756 0.454255
0.260855 0.454255
0.260954 0.454255
0.261053 0.454255
0.261153 0.454255
0.261252 0.454255
0.261351 0.454255
0.261450 0.454255
0.261549 0.454255
0.261648 0.453191
0.261747 0.453191
0.261846 0.453191
0.261946 0.453191
0.262045 0.451064
0.262144 0.451064
0.262243 0.451064
0.262342 0.450000
0.262441 0.450000
0.262540 0.450000
0.262640 0.450000
0.262739 0.450000
0.262838 0.450000
0.262937 0.450000
0.263036 0.448936
0.263135 0.447872
0.263234 0.447872
0.263333 0.447872
0.263433 0.447872
0.263532 0.447872
0.263631 0.447872
0.263730 0.447872
0.263829 0.447872
0.263928 0.447872
0.264027 0.447872
0.264126 0.447872
0.264226 0.447872
0.264325 0.447872
0.264424 0.447872
0.264523 0.446809
0.264622 0.446809
0.264721 0.446809
0.264820 0.446809
0.264919 0.446809
0.265019 0.446809
0.265118 0.446809
0.265217 0.446809
0.265316 0.446809
0.265415 0.446809
0.265514 0.446809
0.265613 0.446809
0.265712 0.446809
0.265812 0.446809
0.265911 0.446809
0.266010 0.446809
0.266109 0.446809
0.266208 0.446809
0.266307 0.446809
0.266406 0.445745
0.266505 0.445745
0.266605 0.445745
0.266704 0.445745
0.266803 0.444681
0.266902 0.444681
0.267001 0.444681
0.267100 0.444681
0.267199 0.444681
0.267298 0.444681
0.267398 0.444681
0.267497 0.444681
0.267596 0.444681
0.267695 0.444681
0.267794 0.443617
0.267893 0.443617
0.267992 0.443617
0.268091 0.442553
0.268191 0.440426
0.268290 0.437234
0.268389 0.437234
0.268488 0.437234
0.268587 0.437234
0.268686 0.437234
0.268785 0.437234
0.268884 0.437234
0.268984 0.437234
0.269083 0.437234
0.269182 0.437234
0.269281 0.437234
0.269380 0.437234
0.269479 0.437234
0.269578 0.437234
0.269677 0.437234
0.269777 0.437234
0.269876 0.437234
0.269975 0.437234
0.270074 0.437234
0.270173 0.437234
0.270272 0.437234
0.270371 0.437234
0.270471 0.437234
0.270570 0.437234
0.270669 0.437234
0.270768 0.437234
0.270867 0.437234
0.270966 0.437234
0.271065 0.437234
0.271164 0.437234
0.271264 0.436170
0.271363 0.436170
0.271462 0.436170
0.271561 0.436170
0.271660 0.436170
0.271759 0.436170
0.271858 0.436170
0.271957 0.436170
0.272057 0.436170
0.272156 0.436170
0.272255 0.436170
0.272354 0.436170
0.272453 0.435106
0.272552 0.435106
0.272651 0.435106
0.272750 0.435106
0.272850 0.435106
0.272949 0.435106
0.273048 0.435106
0.273147 0.435106
0.273246 0.434043
0.273345 0.432979
0.273444 0.432979
0.273543 0.432979
0.273643 0.432979
0.273742 0.432979
0.273841 0.432979
0.273940 0.432979
0.274039 0.432979
0.274138 0.432979
0.274237 0.432979
0.274336 0.432979
0.274436 0.432979
0.274535 0.431915
0.274634 0.431915
0.274733 0.430851
0.274832 0.430851
0.274931 0.430851
0.275030 0.430851
0.275129 0.429787
0.275229 0.429787
0.275328 0.429787
0.275427 0.429787
0.275526 0.429787
0.275625 0.429787
0.275724 0.429787
0.275823 0.429787
0.275922 0.429787
0.276022 0.429787
0.276121 0.429787
0.276220 0.428723
0.276319 0.428723
0.276418 0.428723
0.276517 0.428723
0.276616 0.428723
0.276715 0.428723
0.276815 0.428723
0.276914 0.428723
0.277013 0.428723
0.277112 0.427660
0.277211 0.427660
0.277310 0.427660
0.277409 0.427660
0.277508 0.427660
0.277608 0.427660
0.277707 0.427660
0.277806 0.425532
0.277905 0.425532
0.278004 0.425532
0.278103 0.425532
0.278202 0.424468
0.278301 0.424468
0.278401 0.423404
0.278500 0.423404
0.278599 0.423404
0.278698 0.423404
0.278797 0.423404
0.278896 0.423404
0.278995 0.423404
0.279095 0.423404
0.279194 0.423404
0.279293 0.423404
0.279392 0.423404
0.279491 0.423404
0.279590 0.423404
0.279689 0.423404
0.279788 0.423404
0.279888 0.423404
0.279987 0.422340
0.280086 0.422340
0.280185 0.422340
0.280284 0.422340
0.280383 0.422340
0.280482 0.422340
0.280581 0.422340
0.280681 0.422340
0.280780 0.422340
0.280879 0.422340
0.280978 0.422340
0.281077 0.422340
0.281176 0.422340
0.281275 0.422340
0.281374 0.422340
0.281474 0.422340
0.281573 0.422340
0.281672 0.422340
0.281771 0.422340
0.281870 0.422340
0.281969 0.422340
0.282068 0.422340
0.282167 0.421277
0.282267 0.421277
0.282366 0.421277
0.282465 0.421277
0.282564 0.421277
0.282663 0.421277
0.282762 0.421277
0.282861 0.421277
0.282960 0.419149
0.283060 0.419149
0.283159 0.418085
0.283258 0.418085
0.283357 0.418085
0.283456 0.418085
0.283555 0.417021
0.283654 0.417021
0.283753 0.415957
0.283853 0.415957
0.283952 0.415957
0.284051 0.414894
0.284150 0.414894
0.284249 0.414894
0.284348 0.414894
0.284447 0.414894
0.284546 0.414894
0.284646 0.413830
0.284745 0.413830
0.284844 0.413830
0.284943 0.412766
0.285042 0.412766
0.285141 0.412766
0.285240 0.412766
0.285339 0.412766
0.285439 0.412766
0.285538 0.412766
0.285637 0.412766
0.285736 0.412766
0.285835 0.412766
0.285934 0.412766
0.286033 0.412766
0.286132 0.412766
0.286232 0.411702
0.286331 0.410638
0.286430 0.410638
0.286529 0.410638
0.286628 0.410638
0.286727 0.410638
0.286826 0.410638
0.286925 0.410638
0.287025 0.410638
0.287124 0.410638
0.287223 0.410638
0.287322 0.410638
0.287421 0.410638
0.287520 0.410638
0.287619 0.410638
0.287719 0.410638
0.287818 0.410638
0.287917 0.410638
0.288016 0.409574
0.288115 0.409574
0.288214 0.408511
0.288313 0.408511
0.288412 0.407447
0.288512 0.407447
0.288611 0.407447
0.288710 0.407447
0.288809 0.407447
0.288908 0.407447
0.289007 0.407447
0.289106 0.407447
0.289205 0.407447
0.289305 0.407447
0.289404 0.407447
0.289503 0.407447
0.289602 0.407447
0.289701 0.406383
0.289800 0.406383
0.289899 0.406383
0.289998 0.406383
0.290098 0.406383
0.290197 0.406383
0.290296 0.405319
0.290395 0.405319
0.290494 0.405319
0.290593 0.404255
0.290692 0.403191
0.290791 0.403191
0.290891 0.403191
0.290990 0.403191
0.291089 0.403191
0.291188 0.403191
0.291287 0.403191
0.291386 0.403191
0.291485 0.403191
0.291584 0.403191
0.291684 0.403191
0.291783 0.403191
0.291882 0.403191
0.291981 0.403191
0.292080 0.402128
0.292179 0.402128
0.292278 0.402128
0.292377 0.402128
0.292477 0.402128
0.292576 0.402128
0.292675 0.402128
0.292774 0.402128
0.292873 0.401064
0.292972 0.401064
0.293071 0.401064
0.293170 0.401064
0.293270 0.401064
0.293369 0.401064
0.293468 0.401064
0.293567 0.401064
0.293666 0.401064
0.293765 0.401064
0.293864 0.401064
0.293963 0.398936
0.294063 0.398936
0.294162 0.398936
0.294261 0.398936
0.294360 0.398936
0.294459 0.398936
0.294558 0.398936
0.294657 0.398936
0.294756 0.398936
0.294856 0.398936
0.294955 0.398936
0.295054 0.398936
0.295153 0.397872
0.295252 0.397872
0.295351 0.396809
0.295450 0.396809
0.295549 0.396809
0.295649 0.396809
0.295748 0.396809
0.295847 0.396809
0.295946 0.396809
0.296045 0.396809
0.296144 0.396809
0.296243 0.396809
0.296343 0.396809
0.296442 0.396809
0.296541 0.396809
0.296640 0.396809
0.296739 0.396809
0.296838 0.396809
0.296937 0.396809
0.297036 0.396809
0.297136 0.395745
0.297235 0.395745
0.297334 0.395745
0.297433 0.395745
0.297532 0.395745
0.297631 0.395745
0.297730 0.394681
0.297829 0.394681
0.297929 0.394681
0.298028 0.394681
0.298127 0.394681
0.298226 0.393617
0.298325 0.392553
0.298424 0.392553
0.298523 0.392553
0.298622 0.392553
0.298722 0.392553
0.298821 0.392553
0.298920 0.392553
0.299019 0.392553
0.299118 0.392553
0.299217 0.392553
0.299316 0.392553
0.299415 0.392553
0.299515 0.391489
0.299614 0.391489
0.299713 0.391489
0.299812 0.390426
0.299911 0.390426
0.300010 0.390426
0.300109 0.390426
0.300208 0.390426
0.300308 0.390426
0.300407 0.390426
0.300506 0.390426
0.300605 0.389362
0.300704 0.389362
0.300803 0.389362
0.300902 0.389362
0.301001 0.389362
0.301101 0.388298
0.301200 0.388298
0.301299 0.388298
0.301398 0.388298
0.301497 0.388298
0.301596 0.387234
0.301695 0.387234
0.301794 0.387234
0.301894 0.387234
0.301993 0.387234
0.302092 0.387234
0.302191 0.387234
0.302290 0.387234
0.302389 0.387234
0.302488 0.386170
0.302587 0.386170
0.302687 0.386170
0.302786 0.385106
0.302885 0.385106
0.302984 0.385106
0.303083 0.385106
0.303182 0.384043
0.303281 0.384043
0.303380 0.384043
0.303480 0.384043
0.303579 0.384043
0.303678 0.382979
0.303777 0.382979
0.303876 0.382979
0.303975 0.382979
0.304074 0.381915
0.304173 0.381915
0.304273 0.381915
0.304372 0.381915
0.304471 0.381915
0.304570 0.381915
0.304669 0.381915
0.304768 0.381915
0.304867 0.380851
0.304967 0.379787
0.305066 0.379787
0.305165 0.379787
0.305264 0.379787
0.305363 0.379787
0.305462 0.379787
0.305561 0.379787
0.305660 0.379787
0.305760 0.379787
0.305859 0.379787
0.305958 0.378723
0.306057 0.378723
0.306156 0.378723
0.306255 0.378723
0.306354 0.378723
0.306453 0.378723
0.306553 0.378723
0.306652 0.377660
0.306751 0.376596
0.306850 0.376596
0.306949 0.375532
0.307048 0.374468
0.307147 0.374468
0.307246 0.374468
0.307346 0.374468
0.307445 0.374468
0.307544 0.374468
0.307643 0.373404
0.307742 0.373404
0.307841 0.373404
0.307940 0.373404
0.308039 0.373404
0.308139 0.372340
0.308238 0.372340
0.308337 0.372340
0.308436 0.372340
0.308535 0.372340
0.308634 0.372340
0.308733 0.372340
0.308832 0.372340
0.308932 0.372340
0.309031 0.372340
0.309130 0.372340
0.309229 0.371277
0.309328 0.371277
0.309427 0.371277
0.309526 0.371277
0.309625 0.371277
0.309725 0.370213
0.309824 0.370213
0.309923 0.370213
0.310022 0.370213
0.310121 0.370213
0.310220 0.370213
0.310319 0.370213
0.310418 0.370213
0.310518 0.370213
0.310617 0.370213
0.310716 0.370213
0.310815 0.370213
0.310914 0.370213
0.311013 0.370213
0.311112 0.370213
0.311211 0.370213
0.311311 0.370213
0.311410 0.370213
0.311509 0.370213
0.311608 0.370213
0.311707 0.370213
0.311806 0.369149
0.311905 0.369149
0.312004 0.369149
0.312104 0.369149
0.312203 0.369149
0.312302 0.369149
0.312401 0.368085
0.312500 0.365957
0.312599 0.365957
0.312698 0.365957
0.312797 0.365957
0.312897 0.364894
0.312996 0.364894
0.313095 0.364894
0.313194 0.364894
0.313293 0.364894
0.313392 0.363830
0.313491 0.363830
0.313591 0.363830
0.313690 0.363830
0.313789 0.363830
0.313888 0.363830
0.313987 0.363830
0.314086 0.363830
0.314185 0.363830
0.314284 0.361702
0.314384 0.361702
0.314483 0.361702
0.314582 0.361702
0.314681 0.361702
0.314780 0.360638
0.314879 0.360638
0.314978 0.358511
0.315077 0.358511
0.315177 0.358511
0.315276 0.357447
0.315375 0.356383
0.315474 0.356383
0.315573 0.356383
0.315672 0.356383
0.315771 0.356383
0.315870 0.356383
0.315970 0.356383
0.316069 0.356383
0.316168 0.356383
0.316267 0.356383
0.316366 0.356383
0.316465 0.356383
0.316564 0.356383
0.316663 0.355319
0.316763 0.355319
0.316862 0.355319
0.316961 0.355319
0.317060 0.355319
0.317159 0.355319
0.317258 0.354255
0.317357 0.354255
0.317456 0.354255
0.317556 0.353191
0.317655 0.352128
0.317754 0.352128
0.317853 0.352128
0.317952 0.352128
0.318051 0.352128
0.318150 0.352128
0.318249 0.352128
0.318349 0.352128
0.318448 0.352128
0.318547 0.352128
0.318646 0.352128
0.318745 0.351064
0.318844 0.351064
0.318943 0.351064
0.319042 0.351064
0.319142 0.351064
0.319241 0.351064
0.319340 0.351064
0.319439 0.351064
0.319538 0.351064
0.319637 0.351064
0.319736 0.351064
0.319835 0.351064
0.319935 0.351064
0.320034 0.351064
0.320133 0.351064
0.320232 0.351064
0.320331 0.351064
0.320430 0.351064
0.320529 0.351064
0.320628 0.351064
0.320728 0.351064
0.320827 0.351064
0.320926 0.350000
0.321025 0.350000
0.321124 0.350000
0.321223 0.350000
0.321322 0.350000
0.321421 0.350000
0.321521 0.350000
0.321620 0.350000
0.321719 0.350000
0.321818 0.350000
0.321917 0.350000
0.322016 0.350000
0.322115 0.350000
0.322215 0.350000
0.322314 0.350000
0.322413 0.348936
0.322512 0.347872
0.322611 0.347872
0.322710 0.347872
0.322809 0.347872
0.322908 0.347872
0.323008 0.347872
0.323107 0.347872
0.323206 0.347872
0.323305 0.347872
0.323404 0.347872
0.323503 0.347872
0.323602 0.346809
0.323701 0.346809
0.323801 0.346809
0.323900 0.346809
0.323999 0.346809
0.324098 0.346809
0.324197 0.346809
0.324296 0.346809
0.324395 0.345745
0.324494 0.345745
0.324594 0.345745
0.324693 0.343617
0.324792 0.343617
0.324891 0.343617
0.324990 0.343617
0.325089 0.343617
0.325188 0.342553
0.325287 0.342553
0.325387 0.342553
0.325486 0.342553
0.325585 0.342553
0.325684 0.342553
0.325783 0.342553
0.325882 0.342553
0.325981 0.342553
0.326080 0.342553
0.326180 0.342553
0.326279 0.342553
0.326378 0.342553
0.326477 0.342553
0.326576 0.342553
0.326675 0.342553
0.326774 0.342553
0.326873 0.342553
0.326973 0.342553
0.327072 0.342553
0.327171 0.342553
0.327270 0.342553
0.327369 0.342553
0.327468 0.340426
0.327567 0.340426
0.327666 0.339362
0.327766 0.339362
0.327865 0.339362
0.327964 0.339362
0.328063 0.339362
0.328162 0.339362
0.328261 0.339362
0.328360 0.339362
0.328459 0.339362
0.328559 0.339362
0.328658 0.339362
0.328757 0.339362
0.328856 0.338298
0.328955 0.338298
0.329054 0.338298
0.329153 0.338298
0.329252 0.338298
0.329352 0.338298
0.329451 0.338298
0.329550 0.338298
0.329649 0.338298
0.329748 0.338298
0.329847 0.338298
0.329946 0.337234
0.330045 0.337234
0.330145 0.337234
0.330244 0.337234
0.330343 0.336170
0.330442 0.336170
0.330541 0.336170
0.330640 0.336170
0.330739 0.336170
0.330839 0.336170
0.330938 0.335106
0.331037 0.335106
0.331136 0.335106
0.331235 0.334043
0.331334 0.334043
0.331433 0.334043
0.331532 0.334043
0.331632 0.334043
0.331731 0.334043
0.331830 0.334043
0.331929 0.334043
0.332028 0.334043
0.332127 0.332979
0.332226 0.332979
0.332325 0.331915
0.332425 0.331915
0.332524 0.331915
0.332623 0.330851
0.332722 0.330851
0.332821 0.330851
0.332920 0.330851
0.333019 0.330851
0.333118 0.330851
0.333218 0.330851
0.333317 0.330851
0.333416 0.330851
0.333515 0.330851
0.333614 0.330851
0.333713 0.330851
0.333812 0.330851
0.333911 0.330851
0.334011 0.329787
0.334110 0.328723
0.334209 0.328723
0.334308 0.328723
0.334407 0.327660
0.334506 0.327660
0.334605 0.327660
0.334704 0.327660
0.334804 0.327660
0.334903 0.326596
0.335002 0.326596
0.335101 0.326596
0.335200 0.326596
0.335299 0.326596
0.335398 0.326596
0.335497 0.325532
0.335597 0.325532
0.335696 0.325532
0.335795 0.325532
0.335894 0.324468
0.335993 0.324468
0.336092 0.324468
0.336191 0.324468
0.336290 0.324468
0.336390 0.324468
0.336489 0.323404
0.336588 0.323404
0.336687 0.323404
0.336786 0.322340
0.336885 0.322340
0.336984 0.322340
0.337083 0.322340
0.337183 0.322340
0.337282 0.322340
0.337381 0.322340
0.337480 0.322340
0.337579 0.322340
0.337678 0.322340
0.337777 0.322340
0.337876 0.322340
0.337976 0.322340
0.338075 0.322340
0.338174 0.322340
0.338273 0.322340
0.338372 0.322340
0.338471 0.322340
0.338570 0.322340
0.338669 0.322340
0.338769 0.322340
0.338868 0.322340
0.338967 0.322340
0.339066 0.322340
0.339165 0.322340
0.339264 0.322340
0.339363 0.320213
0.339463 0.320213
0.339562 0.320213
0.339661 0.320213
0.339760 0.319149
0.339859 0.319149
0.339958 0.319149
0.340057 0.319149
0.340156 0.319149
0.340256 0.319149
0.340355 0.319149
0.340454 0.319149
0.340553 0.319149
0.340652 0.319149
0.340751 0.319149
0.340850 0.319149
0.340949 0.319149
0.341049 0.319149
0.341148 0.318085
0.341247 0.315957
0.341346 0.315957
0.341445 0.315957
0.341544 0.314894
0.341643 0.314894
0.341742 0.312766
0.341842 0.311702
0.341941 0.311702
0.342040 0.311702
0.342139 0.311702
0.342238 0.311702
0.342337 0.311702
0.342436 0.311702
0.342535 0.311702
0.342635 0.311702
0.342734 0.311702
0.342833 0.311702
0.342932 0.311702
0.343031 0.311702
0.343130 0.311702
0.343229 0.311702
0.343328 0.311702
0.343428 0.311702
0.343527 0.311702
0.343626 0.311702
0.343725 0.311702
0.343824 0.311702
0.343923 0.308511
0.344022 0.308511
0.344121 0.308511
0.344221 0.308511
0.344320 0.308511
0.344419 0.308511
0.344518 0.308511
0.344617 0.308511
0.344716 0.308511
0.344815 0.308511
0.344914 0.308511
0.345014 0.308511
0.345113 0.308511
0.345212 0.308511
0.345311 0.308511
0.345410 0.308511
0.345509 0.308511
0.345608 0.308511
0.345707 0.308511
0.345807 0.308511
0.345906 0.308511
0.346005 0.307447
0.346104 0.306383
0.346203 0.306383
0.346302 0.306383
0.346401 0.306383
0.346500 0.306383
0.346600 0.306383
0.346699 0.306383
0.346798 0.306383
0.346897 0.306383
0.346996 0.306383
0.347095 0.306383
0.347194 0.305319
0.347293 0.305319
0.347393 0.305319
0.347492 0.305319
0.347591 0.304255
0.347690 0.304255
0.347789 0.304255
0.347888 0.304255
0.347987 0.304255
0.348087 0.303191
0.348186 0.303191
0.348285 0.303191
0.348384 0.302128
0.348483 0.302128
0.348582 0.302128
0.348681 0.302128
0.348780 0.302128
0.348880 0.302128
0.348979 0.302128
0.349078 0.302128
0.349177 0.302128
0.349276 0.302128
0.349375 0.301064
0.349474 0.301064
0.349573 0.301064
0.349673 0.300000
0.349772 0.300000
0.349871 0.300000
0.349970 0.300000
0.350069 0.300000
0.350168 0.300000
0.350267 0.300000
0.350366 0.300000
0.350466 0.298936
0.350565 0.298936
0.350664 0.298936
0.350763 0.298936
0.350862 0.297872
0.350961 0.297872
0.351060 0.297872
0.351159 0.297872
0.351259 0.297872
0.351358 0.297872
0.351457 0.297872
0.351556 0.296809
0.351655 0.296809
0.351754 0.296809
0.351853 0.296809
0.351952 0.296809
0.352052 0.295745
0.352151 0.295745
0.352250 0.295745
0.352349 0.295745
0.352448 0.295745
0.352547 0.294681
0.352646 0.294681
0.352745 0.294681
0.352845 0.293617
0.352944 0.293617
0.353043 0.293617
0.353142 0.293617
0.353241 0.293617
0.353340 0.293617
0.353439 0.293617
0.353538 0.293617
0.353638 0.293617
0.353737 0.292553
0.353836 0.292553
0.353935 0.291489
0.354034 0.291489
0.354133 0.291489
0.354232 0.291489
0.354331 0.291489
0.354431 0.291489
0.354530 0.291489
0.354629 0.291489
0.354728 0.290426
0.354827 0.290426
0.354926 0.290426
0.355025 0.290426
0.355124 0.290426
0.355224 0.290426
0.355323 0.290426
0.355422 0.290426
0.355521 0.290426
0.355620 0.290426
0.355719 0.290426
0.355818 0.290426
0.355917 0.290426
0.356017 0.290426
0.356116 0.290426
0.356215 0.290426
0.356314 0.290426
0.356413 0.289362
0.356512 0.289362
0.356611 0.289362
0.356711 0.289362
0.356810 0.289362
0.356909 0.289362
0.357008 0.289362
0.357107 0.288298
0.357206 0.288298
0.357305 0.288298
0.357404 0.288298
0.357504 0.288298
0.357603 0.288298
0.357702 0.288298
0.357801 0.288298
0.357900 0.288298
0.357999 0.288298
0.358098 0.288298
0.358197 0.288298
0.358297 0.288298
0.358396 0.288298
0.358495 0.288298
0.358594 0.288298
0.358693 0.288298
0.358792 0.288298
0.358891 0.287234
0.358990 0.287234
0.359090 0.287234
0.359189 0.287234
0.359288 0.286170
0.359387 0.286170
0.359486 0.286170
0.359585 0.286170
0.359684 0.286170
0.359783 0.286170
0.359883 0.286170
0.359982 0.286170
0.360081 0.286170
0.360180 0.286170
0.360279 0.286170
0.360378 0.285106
0.360477 0.285106
0.360576 0.285106
0.360676 0.285106
0.360775 0.285106
0.360874 0.285106
0.360973 0.285106
0.361072 0.285106
0.361171 0.285106
0.361270 0.285106
0.361369 0.285106
0.361469 0.285106
0.361568 0.285106
0.361667 0.285106
0.361766 0.285106
0.361865 0.285106
0.361964 0.285106
0.362063 0.285106
0.362162 0.284043
0.362262 0.284043
0.362361 0.284043
0.362460 0.284043
0.362559 0.284043
0.362658 0.284043
0.362757 0.284043
0.362856 0.284043
0.362955 0.284043
0.363055 0.284043
0.363154 0.284043
0.363253 0.284043
0.363352 0.284043
0.363451 0.284043
0.363550 0.284043
0.363649 0.284043
0.363748 0.284043
0.363848 0.284043
0.363947 0.284043
0.364046 0.284043
0.364145 0.284043
0.364244 0.284043
0.364343 0.284043
0.364442 0.284043
0.364541 0.284043
0.364641 0.284043
0.364740 0.284043
0.364839 0.284043
0.364938 0.284043
0.365037 0.284043
0.365136 0.284043
0.365235 0.284043
0.365335 0.284043
0.365434 0.282979
0.365533 0.282979
0.365632 0.281915
0.365731 0.281915
0.365830 0.280851
0.365929 0.280851
0.366028 0.279787
0.366128 0.279787
0.366227 0.279787
0.366326 0.279787
0.366425 0.279787
0.366524 0.279787
0.366623 0.279787
0.366722 0.279787
0.366821 0.279787
0.366921 0.279787
0.367020 0.279787
0.367119 0.279787
0.367218 0.279787
0.367317 0.279787
0.367416 0.279787
0.367515 0.278723
0.367614 0.278723
0.367714 0.278723
0.367813 0.278723
0.367912 0.278723
0.368011 0.278723
0.368110 0.278723
0.368209 0.278723
0.368308 0.278723
0.368407 0.278723
0.368507 0.278723
0.368606 0.278723
0.368705 0.278723
0.368804 0.278723
0.368903 0.278723
0.369002 0.278723
0.369101 0.278723
0.369200 0.278723
0.369300 0.278723
0.369399 0.278723
0.369498 0.278723
0.369597 0.277660
0.369696 0.277660
0.369795 0.277660
0.369894 0.277660
0.369993 0.277660
0.370093 0.277660
0.370192 0.277660
0.370291 0.277660
0.370390 0.277660
0.370489 0.277660
0.370588 0.277660
0.370687 0.276596
0.370786 0.276596
0.370886 0.276596
0.370985 0.276596
0.371084 0.276596
0.371183 0.275532
0.371282 0.275532
0.371381 0.275532
0.371480 0.274468
0.371579 0.274468
0.371679 0.274468
0.371778 0.274468
0.371877 0.274468
0.371976 0.274468
0.372075 0.274468
0.372174 0.274468
0.372273 0.274468
0.372372 0.273404
0.372472 0.273404
0.372571 0.273404
0.372670 0.273404
0.372769 0.273404
0.372868 0.273404
0.372967 0.273404
0.373066 0.273404
0.373165 0.273404
0.373265 0.273404
0.373364 0.273404
0.373463 0.272340
0.373562 0.272340
0.373661 0.272340
0.373760 0.272340
0.373859 0.272340
0.373959 0.272340
0.374058 0.271277
0.374157 0.271277
0.374256 0.271277
0.374355 0.271277
0.374454 0.271277
0.374553 0.271277
0.374652 0.271277
0.374752 0.270213
0.374851 0.270213
0.374950 0.270213
0.375049 0.270213
0.375148 0.269149
0.375247 0.269149
0.375346 0.268085
0.375445 0.268085
0.375545 0.268085
0.375644 0.268085
0.375743 0.267021
0.375842 0.267021
0.375941 0.265957
0.376040 0.265957
0.376139 0.265957
0.376238 0.264894
0.376338 0.264894
0.376437 0.264894
0.376536 0.264894
0.376635 0.264894
0.376734 0.264894
0.376833 0.264894
0.376932 0.264894
0.377031 0.264894
0.377131 0.264894
0.377230 0.264894
0.377329 0.264894
0.377428 0.264894
0.377527 0.264894
0.377626 0.264894
0.377725 0.264894
0.377824 0.264894
0.377924 0.264894
0.378023 0.263830
0.378122 0.263830
0.378221 0.263830
0.378320 0.263830
0.378419 0.263830
0.378518 0.263830
0.378617 0.263830
0.378717 0.262766
0.378816 0.261702
0.378915 0.261702
0.379014 0.261702
0.379113 0.261702
0.379212 0.261702
0.379311 0.261702
0.379410 0.261702
0.379510 0.261702
0.379609 0.261702
0.379708 0.261702
0.379807 0.261702
0.379906 0.261702
0.380005 0.261702
0.380104 0.261702
0.380203 0.261702
0.380303 0.261702
0.380402 0.261702
0.380501 0.261702
0.380600 0.261702
0.380699 0.261702
0.380798 0.261702
0.380897 0.261702
0.380996 0.261702
0.381096 0.261702
0.381195 0.261702
0.381294 0.261702
0.381393 0.261702
0.381492 0.259574
0.381591 0.259574
0.381690 0.259574
0.381789 0.259574
0.381889 0.259574
0.381988 0.259574
0.382087 0.259574
0.382186 0.259574
0.382285 0.258511
0.382384 0.258511
0.382483 0.257447
0.382583 0.257447
0.382682 0.257447
0.382781 0.257447
0.382880 0.257447
0.382979 0.257447
0.383078 0.257447
0.383177 0.257447
0.383276 0.257447
0.383376 0.257447
0.383475 0.257447
0.383574 0.257447
0.383673 0.257447
0.383772 0.257447
0.383871 0.257447
0.383970 0.257447
0.384069 0.257447
0.384169 0.257447
0.384268 0.257447
0.384367 0.257447
0.384466 0.257447
0.384565 0.257447
0.384664 0.257447
0.384763 0.257447
0.384862 0.257447
0.384962 0.256383
0.385061 0.256383
0.385160 0.256383
0.385259 0.256383
0.385358 0.256383
0.385457 0.256383
0.385556 0.256383
0.385655 0.256383
0.385755 0.256383
0.385854 0.256383
0.385953 0.256383
0.386052 0.256383
0.386151 0.256383
0.386250 0.255319
0.386349 0.255319
0.386448 0.255319
0.386548 0.255319
0.386647 0.255319
0.386746 0.254255
0.386845 0.254255
0.386944 0.254255
0.387043 0.254255
0.387142 0.254255
0.387241 0.253191
0.387341 0.253191
0.387440 0.253191
0.387539 0.253191
0.387638 0.253191
0.387737 0.252128
0.387836 0.252128
0.387935 0.252128
0.388034 0.252128
0.388134 0.252128
0.388233 0.252128
0.388332 0.252128
0.388431 0.252128
0.388530 0.252128
0.388629 0.252128
0.388728 0.252128
0.388827 0.252128
0.388927 0.251064
0.389026 0.251064
0.389125 0.251064
0.389224 0.251064
0.389323 0.251064
0.389422 0.251064
0.389521 0.251064
0.389620 0.251064
0.389720 0.250000
0.389819 0.250000
0.389918 0.250000
0.390017 0.250000
0.390116 0.250000
0.390215 0.250000
0.390314 0.250000
0.390413 0.250000
0.390513 0.250000
0.390612 0.250000
0.390711 0.250000
0.390810 0.250000
0.390909 0.250000
0.391008 0.250000
0.391107 0.250000
0.391207 0.250000
0.391306 0.250000
0.391405 0.250000
0.391504 0.250000
0.391603 0.250000
0.391702 0.250000
0.391801 0.250000
0.391900 0.250000
0.392000 0.250000
0.392099 0.250000
0.392198 0.250000
0.392297 0.250000
0.392396 0.250000
0.392495 0.250000
0.392594 0.250000
0.392693 0.250000
0.392793 0.250000
0.392892 0.250000
0.392991 0.250000
0.393090 0.250000
0.393189 0.250000
0.393288 0.250000
0.393387 0.250000
0.393486 0.250000
0.393586 0.250000
0.393685 0.250000
0.393784 0.248936
0.393883 0.248936
0.393982 0.248936
0.394081 0.248936
0.394180 0.248936
0.394279 0.248936
0.394379 0.248936
0.394478 0.248936
0.394577 0.247872
0.394676 0.247872
0.394775 0.246809
0.394874 0.246809
0.394973 0.245745
0.395072 0.245745
0.395172 0.245745
0.395271 0.245745
0.395370 0.245745
0.395469 0.245745
0.395568 0.245745
0.395667 0.245745
0.395766 0.245745
0.395865 0.245745
0.395965 0.245745
0.396064 0.245745
0.396163 0.245745
0.396262 0.245745
0.396361 0.245745
0.396460 0.245745
0.396559 0.245745
0.396658 0.245745
0.396758 0.245745
0.396857 0.245745
0.396956 0.245745
0.397055 0.245745
0.397154 0.245745
0.397253 0.245745
0.397352 0.245745
0.397451 0.245745
0.397551 0.245745
0.397650 0.244681
0.397749 0.244681
0.397848 0.244681
0.397947 0.244681
0.398046 0.244681
0.398145 0.244681
0.398244 0.244681
0.398344 0.244681
0.398443 0.244681
0.398542 0.244681
0.398641 0.244681
0.398740 0.244681
0.398839 0.244681
0.398938 0.244681
0.399037 0.244681
0.399137 0.244681
0.399236 0.244681
0.399335 0.244681
0.399434 0.244681
0.399533 0.244681
0.399632 0.243617
0.399731 0.243617
0.399831 0.243617
0.399930 0.242553
0.400029 0.241489
0.400128 0.241489
0.400227 0.241489
0.400326 0.241489
0.400425 0.241489
0.400524 0.241489
0.400624 0.241489
0.400723 0.241489
0.400822 0.241489
0.400921 0.241489
0.401020 0.241489
0.401119 0.241489
0.401218 0.241489
0.401317 0.241489
0.401417 0.241489
0.401516 0.241489
0.401615 0.240426
0.401714 0.240426
0.401813 0.240426
0.401912 0.240426
0.402011 0.240426
0.402110 0.240426
0.402210 0.240426
0.402309 0.240426
0.402408 0.240426
0.402507 0.240426
0.402606 0.240426
0.402705 0.240426
0.402804 0.240426
0.402903 0.240426
0.403003 0.240426
0.403102 0.240426
0.403201 0.240426
0.403300 0.240426
0.403399 0.240426
0.403498 0.240426
0.403597 0.239362
0.403696 0.238298
0.403796 0.238298
0.403895 0.238298
0.403994 0.238298
0.404093 0.238298
0.404192 0.238298
0.404291 0.238298
0.404390 0.238298
0.404489 0.238298
0.404589 0.238298
0.404688 0.237234
0.404787 0.237234
0.404886 0.237234
0.404985 0.237234
0.405084 0.237234
0.405183 0.237234
0.405282 0.237234
0.405382 0.237234
0.405481 0.236170
0.405580 0.236170
0.405679 0.236170
0.405778 0.236170
0.405877 0.236170
0.405976 0.236170
0.406075 0.235106
0.406175 0.235106
0.406274 0.235106
0.406373 0.235106
0.406472 0.235106
0.406571 0.235106
0.406670 0.235106
0.406769 0.235106
0.406868 0.235106
0.406968 0.235106
0.407067 0.235106
0.407166 0.235106
0.407265 0.235106
0.407364 0.235106
0.407463 0.235106
0.407562 0.235106
0.407661 0.235106
0.407761 0.235106
0.407860 0.235106
0.407959 0.235106
0.408058 0.235106
0.408157 0.235106
0.408256 0.235106
0.408355 0.235106
0.408455 0.235106
0.408554 0.235106
0.408653 0.235106
0.408752 0.235106
0.408851 0.235106
0.408950 0.235106
0.409049 0.235106
0.409148 0.235106
0.409248 0.235106
0.409347 0.235106
0.409446 0.235106
0.409545 0.235106
0.409644 0.235106
0.409743 0.235106
0.409842 0.235106
0.409941 0.235106
0.410041 0.235106
0.410140 0.235106
0.410239 0.235106
0.410338 0.235106
0.410437 0.235106
0.410536 0.235106
0.410635 0.235106
0.410734 0.235106
0.410834 0.235106
0.410933 0.235106
0.411032 0.235106
0.411131 0.235106
0.411230 0.235106
0.411329 0.235106
0.411428 0.235106
0.411527 0.235106
0.411627 0.235106
0.411726 0.235106
0.411825 0.235106
0.411924 0.235106
0.412023 0.235106
0.412122 0.235106
0.412221 0.235106
0.412320 0.235106
0.412420 0.235106
0.412519 0.235106
0.412618 0.235106
0.412717 0.235106
0.412816 0.235106
0.412915 0.235106
0.413014 0.235106
0.413113 0.235106
0.413213 0.235106
0.413312 0.235106
0.413411 0.235106
0.413510 0.235106
0.413609 0.235106
0.413708 0.235106
0.413807 0.235106
0.413906 0.235106
0.414006 0.235106
0.414105 0.235106
0.414204 0.235106
0.414303 0.235106
0.414402 0.235106
0.414501 0.235106
0.414600 0.235106
0.414699 0.235106
0.414799 0.235106
0.414898 0.235106
0.414997 0.235106
0.415096 0.235106
0.415195 0.235106
0.415294 0.235106
0.415393 0.234043
0.415492 0.234043
0.415592 0.234043
0.415691 0.234043
0.415790 0.234043
0.415889 0.234043
0.415988 0.234043
0.416087 0.234043
0.416186 0.234043
0.416285 0.234043
0.416385 0.234043
0.416484 0.234043
0.416583 0.234043
0.416682 0.232979
0.416781 0.232979
0.416880 0.232979
0.416979 0.232979
0.417079 0.232979
0.417178 0.232979
0.417277 0.232979
0.417376 0.232979
0.417475 0.232979
0.417574 0.232979
0.417673 0.232979
0.417772 0.232979
0.417872 0.231915
0.417971 0.231915
0.418070 0.231915
0.418169 0.231915
0.418268 0.231915
0.418367 0.231915
0.418466 0.231915
0.418565 0.231915
0.418665 0.231915
0.418764 0.231915
0.418863 0.231915
0.418962 0.231915
0.419061 0.231915
0.419160 0.231915
0.419259 0.231915
0.419358 0.231915
0.419458 0.230851
0.419557 0.230851
0.419656 0.230851
0.419755 0.230851
0.419854 0.230851
0.419953 0.230851
0.420052 0.230851
0.420151 0.230851
0.420251 0.230851
0.420350 0.229787
0.420449 0.229787
0.420548 0.229787
0.420647 0.229787
0.420746 0.229787
0.420845 0.229787
0.420944 0.229787
0.421044 0.229787
0.421143 0.229787
0.421242 0.229787
0.421341 0.229787
0.421440 0.229787
0.421539 0.227660
0.421638 0.227660
0.421737 0.227660
0.421837 0.226596
0.421936 0.226596
0.422035 0.226596
0.422134 0.226596
0.422233 0.226596
0.422332 0.226596
0.422431 0.226596
0.422530 0.226596
0.422630 0.226596
0.422729 0.226596
0.422828 0.226596
0.422927 0.226596
0.423026 0.226596
0.423125 0.226596
0.423224 0.226596
0.423323 0.226596
0.423423 0.226596
0.423522 0.226596
0.423621 0.226596
0.423720 0.226596
0.423819 0.226596
0.423918 0.226596
0.424017 0.226596
0.424116 0.226596
0.424216 0.224468
0.424315 0.224468
0.424414 0.224468
0.424513 0.224468
0.424612 0.224468
0.424711 0.224468
0.424810 0.224468
0.424909 0.224468
0.425009 0.224468
0.425108 0.224468
0.425207 0.224468
0.425306 0.224468
0.425405 0.224468
0.425504 0.224468
0.425603 0.223404
0.425703 0.222340
0.425802 0.222340
0.425901 0.222340
0.426000 0.222340
0.426099 0.222340
0.426198 0.222340
0.426297 0.222340
0.426396 0.222340
0.426496 0.222340
0.426595 0.222340
0.426694 0.222340
0.426793 0.222340
0.426892 0.222340
0.426991 0.222340
0.427090 0.222340
0.427189 0.222340
0.427289 0.222340
0.427388 0.222340
0.427487 0.222340
0.427586 0.221277
0.427685 0.221277
0.427784 0.221277
0.427883 0.221277
0.427982 0.221277
0.428082 0.221277
0.428181 0.221277
0.428280 0.221277
0.428379 0.221277
0.428478 0.220213
0.428577 0.220213
0.428676 0.220213
0.428775 0.220213
0.428875 0.220213
0.428974 0.220213
0.429073 0.220213
0.429172 0.218085
0.429271 0.218085
0.429370 0.218085
0.429469 0.218085
0.429568 0.218085
0.429668 0.217021
0.429767 0.217021
0.429866 0.217021
0.429965 0.217021
0.430064 0.217021
0.430163 0.217021
0.430262 0.215957
0.430361 0.215957
0.430461 0.215957
0.430560 0.215957
0.430659 0.214894
0.430758 0.214894
0.430857 0.214894
0.430956 0.214894
0.431055 0.214894
0.431154 0.214894
0.431254 0.214894
0.431353 0.213830
0.431452 0.213830
0.431551 0.213830
0.431650 0.213830
0.431749 0.213830
0.431848 0.213830
0.431947 0.213830
0.432047 0.213830
0.432146 0.213830
0.432245 0.213830
0.432344 0.213830
0.432443 0.213830
0.432542 0.213830
0.432641 0.213830
0.432740 0.213830
0.432840 0.213830
0.432939 0.212766
0.433038 0.212766
0.433137 0.212766
0.433236 0.212766
0.433335 0.212766
0.433434 0.212766
0.433533 0.212766
0.433633 0.212766
0.433732 0.212766
0.433831 0.212766
0.433930 0.212766
0.434029 0.212766
0.434128 0.212766
0.434227 0.212766
0.434327 0.212766
0.434426 0.211702
0.434525 0.211702
0.434624 0.211702
0.434723 0.211702
0.434822 0.211702
0.434921 0.211702
0.435020 0.211702
0.435120 0.211702
0.435219 0.211702
0.435318 0.211702
0.435417 0.211702
0.435516 0.211702
0.435615 0.210638
0.435714 0.210638
0.435813 0.210638
0.435913 0.210638
0.436012 0.210638
0.436111 0.209574
0.436210 0.209574
0.436309 0.209574
0.436408 0.209574
0.436507 0.209574
0.436606 0.209574
0.436706 0.209574
0.436805 0.209574
0.436904 0.209574
0.437003 0.209574
0.437102 0.209574
0.437201 0.209574
0.437300 0.209574
0.437399 0.209574
0.437499 0.209574
0.437598 0.209574
0.437697 0.209574
0.437796 0.209574
0.437895 0.209574
0.437994 0.209574
0.438093 0.209574
0.438192 0.209574
0.438292 0.209574
0.438391 0.209574
0.438490 0.209574
0.438589 0.209574
0.438688 0.209574
0.438787 0.209574
0.438886 0.209574
0.438985 0.209574
0.439085 0.209574
0.439184 0.209574
0.439283 0.209574
0.439382 0.209574
0.439481 0.209574
0.439580 0.209574
0.439679 0.209574
0.439778 0.209574
0.439878 0.209574
0.439977 0.209574
0.440076 0.209574
0.440175 0.209574
0.440274 0.209574
0.440373 0.208511
0.440472 0.208511
0.440571 0.208511
0.440671 0.208511
0.440770 0.208511
0.440869 0.208511
0.440968 0.208511
0.441067 0.208511
0.441166 0.208511
0.441265 0.208511
0.441364 0.208511
0.441464 0.208511
0.441563 0.208511
0.441662 0.208511
0.441761 0.208511
0.441860 0.208511
0.441959 0.208511
0.442058 0.208511
0.442157 0.208511
0.442257 0.208511
0.442356 0.208511
0.442455 0.208511
0.442554 0.208511
0.442653 0.208511
0.442752 0.208511
0.442851 0.208511
0.442951 0.208511
0.443050 0.208511
0.443149 0.208511
0.443248 0.208511
0.443347 0.208511
0.443446 0.208511
0.443545 0.208511
0.443644 0.207447
0.443744 0.207447
0.443843 0.207447
0.443942 0.207447
0.444041 0.207447
0.444140 0.207447
0.444239 0.207447
0.444338 0.207447
0.444437 0.207447
0.444537 0.207447
0.444636 0.207447
0.444735 0.206383
0.444834 0.206383
0.444933 0.206383
0.445032 0.206383
0.445131 0.206383
0.445230 0.206383
0.445330 0.206383
0.445429 0.206383
0.445528 0.206383
0.445627 0.206383
0.445726 0.206383
0.445825 0.206383
0.445924 0.206383
0.446023 0.206383
0.446123 0.206383
0.446222 0.206383
0.446321 0.206383
0.446420 0.206383
0.446519 0.206383
0.446618 0.206383
0.446717 0.206383
0.446816 0.206383
0.446916 0.206383
0.447015 0.205319
0.447114 0.205319
0.447213 0.205319
0.447312 0.204255
0.447411 0.203191
0.447510 0.203191
0.447609 0.203191
0.447709 0.203191
0.447808 0.203191
0.447907 0.203191
0.448006 0.203191
0.448105 0.203191
0.448204 0.203191
0.448303 0.203191
0.448402 0.203191
0.448502 0.203191
0.448601 0.203191
0.448700 0.203191
0.448799 0.203191
0.448898 0.203191
0.448997 0.203191
0.449096 0.203191
0.449195 0.203191
0.449295 0.202128
0.449394 0.202128
0.449493 0.202128
0.449592 0.202128
0.449691 0.202128
0.449790 0.202128
0.449889 0.202128
0.449988 0.202128
0.450088 0.202128
0.450187 0.201064
0.450286 0.201064
0.450385 0.201064
0.450484 0.201064
0.450583 0.201064
0.450682 0.201064
0.450781 0.201064
0.450881 0.201064
0.450980 0.201064
0.451079 0.201064
0.451178 0.201064
0.451277 0.201064
0.451376 0.201064
0.451475 0.201064
0.451575 0.201064
0.451674 0.201064
0.451773 0.201064
0.451872 0.201064
0.451971 0.201064
0.452070 0.201064
0.452169 0.201064
0.452268 0.201064
0.452368 0.201064
0.452467 0.201064
0.452566 0.201064
0.452665 0.201064
0.452764 0.200000
0.452863 0.200000
0.452962 0.200000
0.453061 0.200000
0.453161 0.200000
0.453260 0.200000
0.453359 0.200000
0.453458 0.200000
0.453557 0.200000
0.453656 0.200000
0.453755 0.200000
0.453854 0.200000
0.453954 0.198936
0.454053 0.198936
0.454152 0.198936
0.454251 0.198936
0.454350 0.198936
0.454449 0.198936
0.454548 0.198936
0.454647 0.198936
0.454747 0.198936
0.454846 0.198936
0.454945 0.198936
0.455044 0.198936
0.455143 0.198936
0.455242 0.198936
0.455341 0.198936
0.455440 0.198936
0.455540 0.198936
0.455639 0.198936
0.455738 0.198936
0.455837 0.198936
0.455936 0.198936
0.456035 0.198936
0.456134 0.198936
0.456233 0.198936
0.456333 0.198936
0.456432 0.198936
0.456531 0.198936
0.456630 0.198936
0.456729 0.198936
0.456828 0.198936
0.456927 0.198936
0.457026 0.198936
0.457126 0.198936
0.457225 0.198936
0.457324 0.198936
0.457423 0.198936
0.457522 0.198936
0.457621 0.198936
0.457720 0.198936
0.457819 0.198936
0.457919 0.198936
0.458018 0.198936
0.458117 0.198936
0.458216 0.198936
0.458315 0.198936
0.458414 0.197872
0.458513 0.197872
0.458612 0.197872
0.458712 0.196809
0.458811 0.196809
0.458910 0.196809
0.459009 0.196809
0.459108 0.195745
0.459207 0.195745
0.459306 0.195745
0.459405 0.195745
0.459505 0.195745
0.459604 0.194681
0.459703 0.194681
0.459802 0.194681
0.459901 0.193617
0.460000 0.193617
0.460099 0.193617
0.460199 0.193617
0.460298 0.193617
0.460397 0.193617
0.460496 0.193617
0.460595 0.193617
0.460694 0.193617
0.460793 0.193617
0.460892 0.193617
0.460992 0.193617
0.461091 0.193617
0.461190 0.193617
0.461289 0.193617
0.461388 0.193617
0.461487 0.193617
0.461586 0.193617
0.461685 0.193617
0.461785 0.193617
0.461884 0.193617
0.461983 0.193617
0.462082 0.193617
0.462181 0.192553
0.462280 0.192553
0.462379 0.192553
0.462478 0.192553
0.462578 0.192553
0.462677 0.192553
0.462776 0.191489
0.462875 0.191489
0.462974 0.191489
0.463073 0.190426
0.463172 0.189362
0.463271 0.189362
0.463371 0.189362
0.463470 0.189362
0.463569 0.189362
0.463668 0.189362
0.463767 0.189362
0.463866 0.189362
0.463965 0.189362
0.464064 0.189362
0.464164 0.188298
0.464263 0.188298
0.464362 0.188298
0.464461 0.188298
0.464560 0.188298
0.464659 0.187234
0.464758 0.186170
0.464857 0.186170
0.464957 0.186170
0.465056 0.186170
0.465155 0.186170
0.465254 0.186170
0.465353 0.185106
0.465452 0.185106
0.465551 0.185106
0.465650 0.185106
0.465750 0.185106
0.465849 0.185106
0.465948 0.185106
0.466047 0.185106
0.466146 0.185106
0.466245 0.185106
0.466344 0.185106
0.466443 0.185106
0.466543 0.185106
0.466642 0.184043
0.466741 0.184043
0.466840 0.184043
0.466939 0.184043
0.467038 0.184043
0.467137 0.184043
0.467236 0.184043
0.467336 0.184043
0.467435 0.184043
0.467534 0.184043
0.467633 0.184043
0.467732 0.184043
0.467831 0.184043
0.467930 0.184043
0.468029 0.184043
0.468129 0.184043
0.468228 0.184043
0.468327 0.182979
0.468426 0.182979
0.468525 0.182979
0.468624 0.182979
0.468723 0.182979
0.468823 0.182979
0.468922 0.182979
0.469021 0.181915
0.469120 0.181915
0.469219 0.181915
0.469318 0.181915
0.469417 0.181915
0.469516 0.181915
0.469616 0.181915
0.469715 0.181915
0.469814 0.181915
0.469913 0.181915
0.470012 0.181915
0.470111 0.181915
0.470210 0.181915
0.470309 0.181915
0.470409 0.181915
0.470508 0.180851
0.470607 0.180851
0.470706 0.180851
0.470805 0.180851
0.470904 0.180851
0.471003 0.180851
0.471102 0.180851
0.471202 0.180851
0.471301 0.180851
0.471400 0.180851
0.471499 0.180851
0.471598 0.179787
0.471697 0.179787
0.471796 0.177660
0.471895 0.177660
0.471995 0.177660
0.472094 0.177660
0.472193 0.177660
0.472292 0.177660
0.472391 0.177660
0.472490 0.177660
0.472589 0.177660
0.472688 0.177660
0.472788 0.177660
0.472887 0.177660
0.472986 0.177660
0.473085 0.177660
0.473184 0.177660
0.473283 0.177660
0.473382 0.177660
0.473481 0.177660
0.473581 0.177660
0.473680 0.177660
0.473779 0.177660
0.473878 0.177660
0.473977 0.177660
0.474076 0.177660
0.474175 0.176596
0.474274 0.176596
0.474374 0.176596
0.474473 0.176596
0.474572 0.176596
0.474671 0.176596
0.474770 0.176596
0.474869 0.176596
0.474968 0.176596
0.475067 0.176596
0.475167 0.176596
0.475266 0.176596
0.475365 0.176596
0.475464 0.176596
0.475563 0.176596
0.475662 0.176596
0.475761 0.176596
0.475860 0.176596
0.475960 0.176596
0.476059 0.176596
0.476158 0.176596
0.476257 0.176596
0.476356 0.176596
0.476455 0.176596
0.476554 0.176596
0.476653 0.176596
0.476753 0.175532
0.476852 0.175532
0.476951 0.175532
0.477050 0.175532
0.477149 0.175532
0.477248 0.175532
0.477347 0.174468
0.477447 0.174468
0.477546 0.174468
0.477645 0.174468
0.477744 0.174468
0.477843 0.174468
0.477942 0.174468
0.478041 0.174468
0.478140 0.174468
0.478240 0.174468
0.478339 0.174468
0.478438 0.174468
0.478537 0.174468
0.478636 0.174468
0.478735 0.174468
0.478834 0.174468
0.478933 0.174468
0.479033 0.174468
0.479132 0.174468
0.479231 0.174468
0.479330 0.174468
0.479429 0.174468
0.479528 0.174468
0.479627 0.174468
0.479726 0.174468
0.479826 0.174468
0.479925 0.174468
0.480024 0.174468
0.480123 0.174468
0.480222 0.174468
0.480321 0.174468
0.480420 0.174468
0.480519 0.174468
0.480619 0.173404
0.480718 0.172340
0.480817 0.171277
0.480916 0.171277
0.481015 0.171277
0.481114 0.171277
0.481213 0.171277
0.481312 0.171277
0.481412 0.170213
0.481511 0.170213
0.481610 0.170213
0.481709 0.170213
0.481808 0.169149
0.481907 0.169149
0.482006 0.169149
0.482105 0.169149
0.482205 0.169149
0.482304 0.169149
0.482403 0.169149
0.482502 0.168085
0.482601 0.168085
0.482700 0.168085
0.482799 0.168085
0.482898 0.168085
0.482998 0.168085
0.483097 0.168085
0.483196 0.168085
0.483295 0.168085
0.483394 0.168085
0.483493 0.168085
0.483592 0.168085
0.483691 0.168085
0.483791 0.168085
0.483890 0.168085
0.483989 0.168085
0.484088 0.168085
0.484187 0.168085
0.484286 0.168085
0.484385 0.168085
0.484484 0.168085
0.484584 0.168085
0.484683 0.168085
0.484782 0.168085
0.484881 0.168085
0.484980 0.168085
0.485079 0.168085
0.485178 0.168085
0.485277 0.168085
0.485377 0.167021
0.485476 0.167021
0.485575 0.167021
0.485674 0.167021
0.485773 0.167021
0.485872 0.167021
0.485971 0.167021
0.486071 0.167021
0.486170 0.167021
0.486269 0.167021
0.486368 0.165957
0.486467 0.165957
0.486566 0.165957
0.486665 0.165957
0.486764 0.165957
0.486864 0.164894
0.486963 0.164894
0.487062 0.163830
0.487161 0.163830
0.487260 0.163830
0.487359 0.163830
0.487458 0.162766
0.487557 0.162766
0.487657 0.162766
0.487756 0.162766
0.487855 0.162766
0.487954 0.162766
0.488053 0.162766
0.488152 0.162766
0.488251 0.162766
0.488350 0.162766
0.488450 0.162766
0.488549 0.162766
0.488648 0.162766
0.488747 0.162766
0.488846 0.162766
0.488945 0.162766
0.489044 0.162766
0.489143 0.162766
0.489243 0.162766
0.489342 0.162766
0.489441 0.162766
0.489540 0.162766
0.489639 0.162766
0.489738 0.162766
0.489837 0.162766
0.489936 0.162766
0.490036 0.162766
0.490135 0.162766
0.490234 0.162766
0.490333 0.162766
0.490432 0.162766
0.490531 0.162766
0.490630 0.162766
0.490729 0.162766
0.490829 0.162766
0.490928 0.162766
0.491027 0.161702
0.491126 0.161702
0.491225 0.161702
0.491324 0.161702
0.491423 0.161702
0.491522 0.160638
0.491622 0.160638
0.491721 0.160638
0.491820 0.160638
0.491919 0.160638
0.492018 0.160638
0.492117 0.160638
0.492216 0.160638
0.492315 0.160638
0.492415 0.160638
0.492514 0.160638
0.492613 0.160638
0.492712 0.160638
0.492811 0.159574
0.492910 0.159574
0.493009 0.159574
0.493108 0.159574
0.493208 0.159574
0.493307 0.159574
0.493406 0.159574
0.493505 0.159574
0.493604 0.158511
0.493703 0.158511
0.493802 0.158511
0.493901 0.158511
0.494001 0.158511
0.494100 0.158511
0.494199 0.158511
0.494298 0.158511
0.494397 0.158511
0.494496 0.158511
0.494595 0.158511
0.494695 0.157447
0.494794 0.157447
0.494893 0.157447
0.494992 0.157447
0.495091 0.157447
0.495190 0.157447
0.495289 0.157447
0.495388 0.157447
0.495488 0.157447
0.495587 0.157447
0.495686 0.157447
0.495785 0.157447
0.495884 0.157447
0.495983 0.157447
0.496082 0.157447
0.496181 0.157447
0.496281 0.156383
0.496380 0.156383
0.496479 0.156383
0.496578 0.156383
0.496677 0.156383
0.496776 0.156383
0.496875 0.156383
0.496974 0.156383
0.497074 0.156383
0.497173 0.156383
0.497272 0.156383
0.497371 0.156383
0.497470 0.156383
0.497569 0.156383
0.497668 0.156383
0.497767 0.156383
0.497867 0.156383
0.497966 0.156383
0.498065 0.156383
0.498164 0.156383
0.498263 0.155319
0.498362 0.155319
0.498461 0.155319
0.498560 0.155319
0.498660 0.155319
0.498759 0.155319
0.498858 0.155319
0.498957 0.155319
0.499056 0.155319
0.499155 0.155319
0.499254 0.154255
0.499353 0.154255
0.499453 0.154255
0.499552 0.154255
0.499651 0.154255
0.499750 0.153191
0.499849 0.153191
0.499948 0.153191
0.500047 0.153191
0.500146 0.153191
0.500246 0.153191
0.500345 0.153191
0.500444 0.153191
0.500543 0.153191
0.500642 0.153191
0.500741 0.153191
0.500840 0.153191
0.500939 0.153191
0.501039 0.153191
0.501138 0.153191
0.501237 0.153191
0.501336 0.153191
0.501435 0.153191
0.501534 0.153191
0.501633 0.153191
0.501732 0.152128
0.501832 0.152128
0.501931 0.152128
0.502030 0.152128
0.502129 0.152128
0.502228 0.152128
0.502327 0.152128
0.502426 0.152128
0.502525 0.152128
0.502625 0.152128
0.502724 0.151064
0.502823 0.151064
0.502922 0.151064
0.503021 0.151064
0.503120 0.151064
0.503219 0.151064
0.503319 0.150000
0.503418 0.150000
0.503517 0.150000
0.503616 0.150000
0.503715 0.150000
0.503814 0.150000
0.503913 0.150000
0.504012 0.150000
0.504112 0.150000
0.504211 0.150000
0.504310 0.150000
0.504409 0.150000
0.504508 0.150000
0.504607 0.150000
0.504706 0.150000
0.504805 0.150000
0.504905 0.150000
0.505004 0.150000
0.505103 0.150000
0.505202 0.150000
0.505301 0.150000
0.505400 0.150000
0.505499 0.150000
0.505598 0.148936
0.505698 0.148936
0.505797 0.148936
0.505896 0.148936
0.505995 0.148936
0.506094 0.148936
0.506193 0.148936
0.506292 0.148936
0.506391 0.148936
0.506491 0.148936
0.506590 0.148936
0.506689 0.148936
0.506788 0.148936
0.506887 0.148936
0.506986 0.148936
0.507085 0.148936
0.507184 0.148936
0.507284 0.148936
0.507383 0.148936
0.507482 0.148936
0.507581 0.148936
0.507680 0.148936
0.507779 0.148936
0.507878 0.148936
0.507977 0.148936
0.508077 0.148936
0.508176 0.148936
0.508275 0.148936
0.508374 0.148936
0.508473 0.148936
0.508572 0.148936
0.508671 0.148936
0.508770 0.148936
0.508870 0.148936
0.508969 0.148936
0.509068 0.148936
0.509167 0.148936
0.509266 0.148936
0.509365 0.148936
0.509464 0.148936
0.509563 0.148936
0.509663 0.148936
0.509762 0.148936
0.509861 0.148936
0.509960 0.148936
0.510059 0.148936
0.510158 0.148936
0.510257 0.148936
0.510356 0.148936
0.510456 0.148936
0.510555 0.148936
0.510654 0.148936
0.510753 0.148936
0.510852 0.148936
0.510951 0.148936
0.511050 0.148936
0.511149 0.148936
0.511249 0.147872
0.511348 0.147872
0.511447 0.147872
0.511546 0.147872
0.511645 0.147872
0.511744 0.147872
0.511843 0.147872
0.511943 0.147872
0.512042 0.147872
0.512141 0.147872
0.512240 0.147872
0.512339 0.147872
0.512438 0.146809
0.512537 0.146809
0.512636 0.146809
0.512736 0.146809
0.512835 0.146809
0.512934 0.146809
0.513033 0.146809
0.513132 0.146809
0.513231 0.146809
0.513330 0.146809
0.513429 0.146809
0.513529 0.146809
0.513628 0.146809
0.513727 0.146809
0.513826 0.146809
0.513925 0.145745
0.514024 0.145745
0.514123 0.145745
0.514222 0.145745
0.514322 0.145745
0.514421 0.145745
0.514520 0.145745
0.514619 0.145745
0.514718 0.145745
0.514817 0.145745
0.514916 0.145745
0.515015 0.145745
0.515115 0.145745
0.515214 0.145745
0.515313 0.145745
0.515412 0.145745
0.515511 0.145745
0.515610 0.145745
0.515709 0.145745
0.515808 0.145745
0.515908 0.145745
0.516007 0.145745
0.516106 0.145745
0.516205 0.145745
0.516304 0.145745
0.516403 0.145745
0.516502 0.145745
0.516601 0.145745
0.516701 0.145745
0.516800 0.145745
0.516899 0.145745
0.516998 0.145745
0.517097 0.145745
0.517196 0.144681
0.517295 0.143617
0.517394 0.143617
0.517494 0.143617
0.517593 0.143617
0.517692 0.143617
0.517791 0.143617
0.517890 0.143617
0.517989 0.143617
0.518088 0.143617
0.518187 0.143617
0.518287 0.143617
0.518386 0.143617
0.518485 0.143617
0.518584 0.143617
0.518683 0.143617
0.518782 0.142553
0.518881 0.142553
0.518980 0.142553
0.519080 0.142553
0.519179 0.142553
0.519278 0.142553
0.519377 0.142553
0.519476 0.142553
0.519575 0.142553
0.519674 0.142553
0.519773 0.142553
0.519873 0.142553
0.519972 0.142553
0.520071 0.142553
0.520170 0.142553
0.520269 0.142553
0.520368 0.142553
0.520467 0.142553
0.520567 0.142553
0.520666 0.142553
0.520765 0.142553
0.520864 0.142553
0.520963 0.142553
0.521062 0.142553
0.521161 0.142553
0.521260 0.142553
0.521360 0.142553
0.521459 0.142553
0.521558 0.142553
0.521657 0.142553
0.521756 0.142553
0.521855 0.142553
0.521954 0.142553
0.522053 0.142553
0.522153 0.142553
0.522252 0.142553
0.522351 0.142553
0.522450 0.142553
0.522549 0.142553
0.522648 0.142553
0.522747 0.142553
0.522846 0.142553
0.522946 0.142553
0.523045 0.142553
0.523144 0.142553
0.523243 0.142553
0.523342 0.142553
0.523441 0.142553
0.523540 0.142553
0.523639 0.142553
0.523739 0.142553
0.523838 0.142553
0.523937 0.142553
0.524036 0.142553
0.524135 0.142553
0.524234 0.142553
0.524333 0.142553
0.524432 0.142553
0.524532 0.142553
0.524631 0.142553
0.524730 0.142553
0.524829 0.142553
0.524928 0.142553
0.525027 0.142553
0.525126 0.142553
0.525225 0.142553
0.525325 0.142553
0.525424 0.142553
0.525523 0.142553
0.525622 0.142553
0.525721 0.142553
0.525820 0.142553
0.525919 0.142553
0.526018 0.142553
0.526118 0.142553
0.526217 0.142553
0.526316 0.142553
0.526415 0.142553
0.526514 0.142553
0.526613 0.142553
0.526712 0.142553
0.526811 0.142553
0.526911 0.142553
0.527010 0.142553
0.527109 0.142553
0.527208 0.142553
0.527307 0.142553
0.527406 0.142553
0.527505 0.142553
0.527604 0.142553
0.527704 0.142553
0.527803 0.142553
0.527902 0.142553
0.528001 0.142553
0.528100 0.141489
0.528199 0.141489
0.528298 0.141489
0.528397 0.141489
0.528497 0.141489
0.528596 0.141489
0.528695 0.141489
0.528794 0.141489
0.528893 0.141489
0.528992 0.141489
0.529091 0.141489
0.529191 0.141489
0.529290 0.140426
0.529389 0.140426
0.529488 0.140426
0.529587 0.140426
0.529686 0.140426
0.529785 0.140426
0.529884 0.140426
0.529984 0.140426
0.530083 0.140426
0.530182 0.140426
0.530281 0.140426
0.530380 0.140426
0.530479 0.140426
0.530578 0.140426
0.530677 0.140426
0.530777 0.140426
0.530876 0.140426
0.530975 0.140426
0.531074 0.140426
0.531173 0.140426
0.531272 0.140426
0.531371 0.140426
0.531470 0.140426
0.531570 0.140426
0.531669 0.140426
0.531768 0.140426
0.531867 0.140426
0.531966 0.140426
0.532065 0.140426
0.532164 0.140426
0.532263 0.140426
0.532363 0.139362
0.532462 0.139362
0.532561 0.139362
0.532660 0.139362
0.532759 0.139362
0.532858 0.139362
0.532957 0.139362
0.533056 0.139362
0.533156 0.139362
0.533255 0.139362
0.533354 0.139362
0.533453 0.139362
0.533552 0.139362
0.533651 0.139362
0.533750 0.139362
0.533849 0.139362
0.533949 0.139362
0.534048 0.139362
0.534147 0.139362
0.534246 0.139362
0.534345 0.139362
0.534444 0.139362
0.534543 0.139362
0.534642 0.139362
0.534742 0.139362
0.534841 0.139362
0.534940 0.139362
0.535039 0.138298
0.535138 0.138298
0.535237 0.138298
0.535336 0.138298
0.535435 0.138298
0.535535 0.138298
0.535634 0.138298
0.535733 0.138298
0.535832 0.138298
0.535931 0.138298
0.536030 0.138298
0.536129 0.138298
0.536228 0.138298
0.536328 0.138298
0.536427 0.138298
0.536526 0.138298
0.536625 0.138298
0.536724 0.138298
0.536823 0.138298
0.536922 0.138298
0.537021 0.137234
0.537121 0.137234
0.537220 0.137234
0.537319 0.137234
0.537418 0.137234
0.537517 0.137234
0.537616 0.137234
0.537715 0.137234
0.537815 0.137234
0.537914 0.137234
0.538013 0.137234
0.538112 0.137234
0.538211 0.137234
0.538310 0.137234
0.538409 0.136170
0.538508 0.136170
0.538608 0.136170
0.538707 0.135106
0.538806 0.135106
0.538905 0.135106
0.539004 0.135106
0.539103 0.135106
0.539202 0.135106
0.539301 0.135106
0.539401 0.134043
0.539500 0.134043
0.539599 0.134043
0.539698 0.134043
0.539797 0.134043
0.539896 0.134043
0.539995 0.134043
0.540094 0.134043
0.540194 0.134043
0.540293 0.134043
0.540392 0.134043
0.540491 0.134043
0.540590 0.134043
0.540689 0.132979
0.540788 0.131915
0.540887 0.131915
0.540987 0.131915
0.541086 0.131915
0.541185 0.131915
0.541284 0.131915
0.541383 0.131915
0.541482 0.131915
0.541581 0.131915
0.541680 0.131915
0.541780 0.131915
0.541879 0.131915
0.541978 0.131915
0.542077 0.131915
0.542176 0.131915
0.542275 0.131915
0.542374 0.131915
0.542473 0.131915
0.542573 0.131915
0.542672 0.131915
0.542771 0.131915
0.542870 0.131915
0.542969 0.131915
0.543068 0.131915
0.543167 0.131915
0.543266 0.131915
0.543366 0.131915
0.543465 0.130851
0.543564 0.130851
0.543663 0.130851
0.543762 0.130851
0.543861 0.130851
0.543960 0.130851
0.544059 0.130851
0.544159 0.129787
0.544258 0.129787
0.544357 0.129787
0.544456 0.129787
0.544555 0.129787
0.544654 0.129787
0.544753 0.129787
0.544852 0.129787
0.544952 0.129787
0.545051 0.129787
0.545150 0.129787
0.545249 0.129787
0.545348 0.129787
0.545447 0.129787
0.545546 0.129787
0.545645 0.129787
0.545745 0.129787
0.545844 0.129787
0.545943 0.129787
0.546042 0.129787
0.546141 0.129787
0.546240 0.129787
0.546339 0.129787
0.546439 0.129787
0.546538 0.129787
0.546637 0.129787
0.546736 0.129787
0.546835 0.129787
0.546934 0.129787
0.547033 0.129787
0.547132 0.129787
0.547232 0.129787
0.547331 0.129787
0.547430 0.129787
0.547529 0.129787
0.547628 0.129787
0.547727 0.129787
0.547826 0.129787
0.547925 0.129787
0.548025 0.129787
0.548124 0.129787
0.548223 0.129787
0.548322 0.129787
0.548421 0.129787
0.548520 0.129787
0.548619 0.129787
0.548718 0.129787
0.548818 0.129787
0.548917 0.129787
0.549016 0.129787
0.549115 0.129787
0.549214 0.129787
0.549313 0.129787
0.549412 0.129787
0.549511 0.129787
0.549611 0.129787
0.549710 0.129787
0.549809 0.129787
0.549908 0.129787
0.550007 0.129787
0.550106 0.129787
0.550205 0.129787
0.550304 0.129787
0.550404 0.129787
0.550503 0.129787
0.550602 0.129787
0.550701 0.129787
0.550800 0.129787
0.550899 0.129787
0.550998 0.129787
0.551097 0.129787
0.551197 0.128723
0.551296 0.128723
0.551395 0.128723
0.551494 0.128723
0.551593 0.127660
0.551692 0.126596
0.551791 0.126596
0.551890 0.126596
0.551990 0.126596
0.552089 0.126596
0.552188 0.126596
0.552287 0.126596
0.552386 0.126596
0.552485 0.126596
0.552584 0.126596
0.552683 0.126596
0.552783 0.126596
0.552882 0.126596
0.552981 0.126596
0.553080 0.126596
0.553179 0.125532
0.553278 0.125532
0.553377 0.125532
0.553476 0.125532
0.553576 0.125532
0.553675 0.125532
0.553774 0.125532
0.553873 0.125532
0.553972 0.125532
0.554071 0.125532
0.554170 0.125532
0.554269 0.125532
0.554369 0.125532
0.554468 0.125532
0.554567 0.125532
0.554666 0.125532
0.554765 0.125532
0.554864 0.125532
0.554963 0.125532
0.555063 0.125532
0.555162 0.125532
0.555261 0.125532
0.555360 0.125532
0.555459 0.125532
0.555558 0.125532
0.555657 0.125532
0.555756 0.125532
0.555856 0.125532
0.555955 0.125532
0.556054 0.125532
0.556153 0.125532
0.556252 0.125532
0.556351 0.125532
0.556450 0.124468
0.556549 0.124468
0.556649 0.124468
0.556748 0.124468
0.556847 0.124468
0.556946 0.124468
0.557045 0.123404
0.557144 0.123404
0.557243 0.123404
0.557342 0.123404
0.557442 0.123404
0.557541 0.123404
0.557640 0.123404
0.557739 0.123404
0.557838 0.123404
0.557937 0.123404
0.558036 0.123404
0.558135 0.123404
0.558235 0.123404
0.558334 0.123404
0.558433 0.123404
0.558532 0.123404
0.558631 0.123404
0.558730 0.123404
0.558829 0.123404
0.558928 0.123404
0.559028 0.123404
0.559127 0.123404
0.559226 0.123404
0.559325 0.123404
0.559424 0.123404
0.559523 0.122340
0.559622 0.122340
0.559721 0.121277
0.559821 0.121277
0.559920 0.121277
0.560019 0.121277
0.560118 0.121277
0.560217 0.121277
0.560316 0.121277
0.560415 0.121277
0.560514 0.121277
0.560614 0.121277
0.560713 0.121277
0.560812 0.121277
0.560911 0.121277
0.561010 0.121277
0.561109 0.121277
0.561208 0.121277
0.561307 0.121277
0.561407 0.121277
0.561506 0.121277
0.561605 0.121277
0.561704 0.121277
0.561803 0.121277
0.561902 0.120213
0.562001 0.120213
0.562100 0.120213
0.562200 0.120213
0.562299 0.120213
0.562398 0.120213
0.562497 0.120213
0.562596 0.120213
0.562695 0.120213
0.562794 0.120213
0.562893 0.120213
0.562993 0.120213
0.563092 0.120213
0.563191 0.120213
0.563290 0.120213
0.563389 0.120213
0.563488 0.120213
0.563587 0.119149
0.563687 0.119149
0.563786 0.119149
0.563885 0.119149
0.563984 0.119149
0.564083 0.119149
0.564182 0.118085
0.564281 0.118085
0.564380 0.118085
0.564480 0.118085
0.564579 0.118085
0.564678 0.118085
0.564777 0.118085
0.564876 0.118085
0.564975 0.118085
0.565074 0.118085
0.565173 0.118085
0.565273 0.118085
0.565372 0.118085
0.565471 0.118085
0.565570 0.118085
0.565669 0.118085
0.565768 0.118085
0.565867 0.118085
0.565966 0.118085
0.566066 0.118085
0.566165 0.118085
0.566264 0.118085
0.566363 0.117021
0.566462 0.115957
0.566561 0.115957
0.566660 0.115957
0.566759 0.115957
0.566859 0.115957
0.566958 0.115957
0.567057 0.115957
0.567156 0.115957
0.567255 0.115957
0.567354 0.115957
0.567453 0.115957
0.567552 0.115957
0.567652 0.114894
0.567751 0.114894
0.567850 0.114894
0.567949 0.114894
0.568048 0.114894
0.568147 0.114894
0.568246 0.114894
0.568345 0.114894
0.568445 0.114894
0.568544 0.114894
0.568643 0.114894
0.568742 0.114894
0.568841 0.114894
0.568940 0.114894
0.569039 0.114894
0.569138 0.114894
0.569238 0.114894
0.569337 0.114894
0.569436 0.114894
0.569535 0.114894
0.569634 0.114894
0.569733 0.114894
0.569832 0.114894
0.569931 0.113830
0.570031 0.113830
0.570130 0.113830
0.570229 0.113830
0.570328 0.113830
0.570427 0.113830
0.570526 0.113830
0.570625 0.113830
0.570724 0.113830
0.570824 0.113830
0.570923 0.113830
0.571022 0.113830
0.571121 0.113830
0.571220 0.113830
0.571319 0.113830
0.571418 0.113830
0.571517 0.113830
0.571617 0.113830
0.571716 0.113830
0.571815 0.113830
0.571914 0.113830
0.572013 0.113830
0.572112 0.113830
0.572211 0.113830
0.572311 0.113830
0.572410 0.113830
0.572509 0.113830
0.572608 0.113830
0.572707 0.113830
0.572806 0.113830
0.572905 0.113830
0.573004 0.113830
0.573104 0.113830
0.573203 0.113830
0.573302 0.113830
0.573401 0.113830
0.573500 0.113830
0.573599 0.113830
0.573698 0.113830
0.573797 0.113830
0.573897 0.113830
0.573996 0.113830
0.574095 0.113830
0.574194 0.113830
0.574293 0.113830
0.574392 0.113830
0.574491 0.113830
0.574590 0.113830
0.574690 0.113830
0.574789 0.113830
0.574888 0.113830
0.574987 0.113830
0.575086 0.113830
0.575185 0.113830
0.575284 0.113830
0.575383 0.112766
0.575483 0.112766
0.575582 0.112766
0.575681 0.112766
0.575780 0.112766
0.575879 0.112766
0.575978 0.112766
0.576077 0.112766
0.576176 0.112766
0.576276 0.111702
0.576375 0.111702
0.576474 0.111702
0.576573 0.111702
0.576672 0.111702
0.576771 0.111702
0.576870 0.111702
0.576969 0.111702
0.577069 0.111702
0.577168 0.111702
0.577267 0.110638
0.577366 0.110638
0.577465 0.110638
0.577564 0.109574
0.577663 0.109574
0.577762 0.109574
0.577862 0.109574
0.577961 0.109574
0.578060 0.109574
0.578159 0.109574
0.578258 0.109574
0.578357 0.109574
0.578456 0.109574
0.578555 0.109574
0.578655 0.108511
0.578754 0.108511
0.578853 0.108511
0.578952 0.108511
0.579051 0.108511
0.579150 0.108511
0.579249 0.108511
0.579348 0.108511
0.579448 0.108511
0.579547 0.108511
0.579646 0.108511
0.579745 0.108511
0.579844 0.108511
0.579943 0.108511
0.580042 0.108511
0.580141 0.108511
0.580241 0.108511
0.580340 0.108511
0.580439 0.108511
0.580538 0.108511
0.580637 0.108511
0.580736 0.108511
0.580835 0.108511
0.580935 0.108511
0.581034 0.108511
0.581133 0.108511
0.581232 0.108511
0.581331 0.108511
0.581430 0.108511
0.581529 0.108511
0.581628 0.108511
0.581728 0.107447
0.581827 0.107447
0.581926 0.107447
0.582025 0.107447
0.582124 0.107447
0.582223 0.107447
0.582322 0.107447
0.582421 0.107447
0.582521 0.107447
0.582620 0.107447
0.582719 0.107447
0.582818 0.107447
0.582917 0.107447
0.583016 0.107447
0.583115 0.107447
0.583214 0.107447
0.583314 0.107447
0.583413 0.107447
0.583512 0.107447
0.583611 0.107447
0.583710 0.107447
0.583809 0.107447
0.583908 0.107447
0.584007 0.107447
0.584107 0.107447
0.584206 0.107447
0.584305 0.107447
0.584404 0.107447
0.584503 0.107447
0.584602 0.107447
0.584701 0.107447
0.584800 0.107447
0.584900 0.107447
0.584999 0.107447
0.585098 0.107447
0.585197 0.107447
0.585296 0.107447
0.585395 0.107447
0.585494 0.107447
0.585593 0.107447
0.585693 0.107447
0.585792 0.107447
0.585891 0.107447
0.585990 0.107447
0.586089 0.107447
0.586188 0.107447
0.586287 0.107447
0.586386 0.107447
0.586486 0.107447
0.586585 0.107447
0.586684 0.107447
0.586783 0.107447
0.586882 0.107447
0.586981 0.107447
0.587080 0.107447
0.587179 0.107447
0.587279 0.107447
0.587378 0.107447
0.587477 0.107447
0.587576 0.107447
0.587675 0.107447
0.587774 0.107447
0.587873 0.107447
0.587972 0.107447
0.588072 0.107447
0.588171 0.107447
0.588270 0.107447
0.588369 0.107447
0.588468 0.107447
0.588567 0.107447
0.588666 0.107447
0.588765 0.107447
0.588865 0.107447
0.588964 0.107447
0.589063 0.107447
0.589162 0.107447
0.589261 0.107447
0.589360 0.107447
0.589459 0.107447
0.589559 0.107447
0.589658 0.107447
0.589757 0.107447
0.589856 0.107447
0.589955 0.107447
0.590054 0.107447
0.590153 0.107447
0.590252 0.107447
0.590352 0.107447
0.590451 0.107447
0.590550 0.107447
0.590649 0.107447
0.590748 0.107447
0.590847 0.107447
0.590946 0.106383
0.591045 0.105319
0.591145 0.105319
0.591244 0.105319
0.591343 0.105319
0.591442 0.105319
0.591541 0.105319
0.591640 0.104255
0.591739 0.104255
0.591838 0.104255
0.591938 0.104255
0.592037 0.104255
0.592136 0.104255
0.592235 0.104255
0.592334 0.104255
0.592433 0.104255
0.592532 0.104255
0.592631 0.104255
0.592731 0.104255
0.592830 0.104255
0.592929 0.104255
0.593028 0.104255
0.593127 0.104255
0.593226 0.104255
0.593325 0.104255
0.593424 0.104255
0.593524 0.104255
0.593623 0.104255
0.593722 0.104255
0.593821 0.104255
0.593920 0.104255
0.594019 0.104255
0.594118 0.104255
0.594217 0.104255
0.594317 0.104255
0.594416 0.104255
0.594515 0.104255
0.594614 0.104255
0.594713 0.104255
0.594812 0.104255
0.594911 0.104255
0.595010 0.104255
0.595110 0.103191
0.595209 0.102128
0.595308 0.102128
0.595407 0.102128
0.595506 0.101064
0.595605 0.101064
0.595704 0.101064
0.595803 0.101064
0.595903 0.101064
0.596002 0.101064
0.596101 0.101064
0.596200 0.101064
0.596299 0.101064
0.596398 0.101064
0.596497 0.101064
0.596596 0.101064
0.596696 0.101064
0.596795 0.101064
0.596894 0.101064
0.596993 0.101064
0.597092 0.101064
0.597191 0.101064
0.597290 0.101064
0.597389 0.101064
0.597489 0.101064
0.597588 0.101064
0.597687 0.101064
0.597786 0.101064
0.597885 0.101064
0.597984 0.101064
0.598083 0.101064
0.598183 0.101064
0.598282 0.101064
0.598381 0.101064
0.598480 0.101064
0.598579 0.101064
0.598678 0.101064
0.598777 0.100000
0.598876 0.100000
0.598976 0.100000
0.599075 0.100000
0.599174 0.100000
0.599273 0.100000
0.599372 0.100000
0.599471 0.100000
0.599570 0.100000
0.599669 0.100000
0.599769 0.100000
0.599868 0.100000
0.599967 0.100000
0.600066 0.100000
0.600165 0.100000
0.600264 0.100000
0.600363 0.100000
0.600462 0.100000
0.600562 0.100000
0.600661 0.100000
0.600760 0.100000
0.600859 0.100000
0.600958 0.100000
0.601057 0.100000
0.601156 0.100000
0.601255 0.100000
0.601355 0.100000
0.601454 0.100000
0.601553 0.100000
0.601652 0.100000
0.601751 0.100000
0.601850 0.100000
0.601949 0.100000
0.602048 0.100000
0.602148 0.100000
0.602247 0.100000
0.602346 0.100000
0.602445 0.100000
0.602544 0.100000
0.602643 0.100000
0.602742 0.100000
0.602841 0.100000
0.602941 0.100000
0.603040 0.100000
0.603139 0.100000
0.603238 0.100000
0.603337 0.100000
0.603436 0.100000
0.603535 0.100000
0.603634 0.100000
0.603734 0.100000
0.603833 0.100000
0.603932 0.100000
0.604031 0.100000
0.604130 0.100000
0.604229 0.100000
0.604328 0.100000
0.604427 0.100000
0.604527 0.100000
0.604626 0.100000
0.604725 0.100000
0.604824 0.100000
0.604923 0.100000
0.605022 0.100000
0.605121 0.100000
0.605220 0.100000
0.605320 0.100000
0.605419 0.100000
0.605518 0.100000
0.605617 0.100000
0.605716 0.098936
0.605815 0.098936
0.605914 0.098936
0.606013 0.098936
0.606113 0.098936
0.606212 0.098936
0.606311 0.098936
0.606410 0.098936
0.606509 0.098936
0.606608 0.098936
0.606707 0.098936
0.606807 0.098936
0.606906 0.098936
0.607005 0.098936
0.607104 0.098936
0.607203 0.098936
0.607302 0.098936
0.607401 0.098936
0.607500 0.097872
0.607600 0.097872
0.607699 0.097872
0.607798 0.097872
0.607897 0.097872
0.607996 0.097872
0.608095 0.097872
0.608194 0.097872
0.608293 0.097872
0.608393 0.097872
0.608492 0.097872
0.608591 0.096809
0.608690 0.096809
0.608789 0.096809
0.608888 0.096809
0.608987 0.096809
0.609086 0.096809
0.609186 0.096809
0.609285 0.096809
0.609384 0.096809
0.609483 0.096809
0.609582 0.096809
0.609681 0.095745
0.609780 0.095745
0.609879 0.095745
0.609979 0.095745
0.610078 0.095745
0.610177 0.095745
0.610276 0.095745
0.610375 0.095745
0.610474 0.095745
0.610573 0.095745
0.610672 0.095745
0.610772 0.095745
0.610871 0.095745
0.610970 0.095745
0.611069 0.095745
0.611168 0.095745
0.611267 0.095745
0.611366 0.095745
0.611465 0.095745
0.611565 0.095745
0.611664 0.095745
0.611763 0.095745
0.611862 0.095745
0.611961 0.095745
0.612060 0.095745
0.612159 0.095745
0.612258 0.095745
0.612358 0.095745
0.612457 0.095745
0.612556 0.095745
0.612655 0.095745
0.612754 0.095745
0.612853 0.095745
0.612952 0.094681
0.613051 0.094681
0.613151 0.094681
0.613250 0.094681
0.613349 0.094681
0.613448 0.094681
0.613547 0.094681
0.613646 0.094681
0.613745 0.094681
0.613844 0.094681
0.613944 0.094681
0.614043 0.094681
0.614142 0.094681
0.614241 0.094681
0.614340 0.094681
0.614439 0.094681
0.614538 0.094681
0.614637 0.094681
0.614737 0.094681
0.614836 0.094681
0.614935 0.094681
0.615034 0.094681
0.615133 0.094681
0.615232 0.094681
0.615331 0.094681
0.615431 0.094681
0.615530 0.094681
0.615629 0.094681
0.615728 0.094681
0.615827 0.094681
0.615926 0.094681
0.616025 0.094681
0.616124 0.094681
0.616224 0.094681
0.616323 0.094681
0.616422 0.094681
0.616521 0.094681
0.616620 0.094681
0.616719 0.094681
0.616818 0.094681
0.616917 0.094681
0.617017 0.094681
0.617116 0.093617
0.617215 0.093617
0.617314 0.093617
0.617413 0.093617
0.617512 0.093617
0.617611 0.093617
0.617710 0.093617
0.617810 0.093617
0.617909 0.093617
0.618008 0.093617
0.618107 0.093617
0.618206 0.093617
0.618305 0.093617
0.618404 0.093617
0.618503 0.093617
0.618603 0.093617
0.618702 0.093617
0.618801 0.092553
0.618900 0.092553
0.618999 0.092553
0.619098 0.092553
0.619197 0.092553
0.619296 0.092553
0.619396 0.092553
0.619495 0.092553
0.619594 0.092553
0.619693 0.092553
0.619792 0.092553
0.619891 0.092553
0.619990 0.092553
0.620089 0.092553
0.620189 0.092553
0.620288 0.092553
0.620387 0.092553
0.620486 0.092553
0.620585 0.092553
0.620684 0.092553
0.620783 0.092553
0.620882 0.092553
0.620982 0.092553
0.621081 0.092553
0.621180 0.092553
0.621279 0.092553
0.621378 0.092553
0.621477 0.092553
0.621576 0.092553
0.621675 0.092553
0.621775 0.092553
0.621874 0.092553
0.621973 0.092553
0.622072 0.092553
0.622171 0.092553
0.622270 0.092553
0.622369 0.092553
0.622468 0.092553
0.622568 0.092553
0.622667 0.092553
0.622766 0.092553
0.622865 0.092553
0.622964 0.092553
0.623063 0.092553
0.623162 0.092553
0.623261 0.092553
0.623361 0.092553
0.623460 0.092553
0.623559 0.092553
0.623658 0.092553
0.623757 0.092553
0.623856 0.092553
0.623955 0.092553
0.624055 0.092553
0.624154 0.092553
0.624253 0.092553
0.624352 0.092553
0.624451 0.092553
0.624550 0.092553
0.624649 0.092553
0.624748 0.092553
0.624848 0.092553
0.624947 0.092553
0.625046 0.092553
0.625145 0.092553
0.625244 0.092553
0.625343 0.092553
0.625442 0.092553
0.625541 0.092553
0.625641 0.092553
0.625740 0.092553
0.625839 0.092553
0.625938 0.092553
0.626037 0.091489
0.626136 0.091489
0.626235 0.091489
0.626334 0.091489
0.626434 0.091489
0.626533 0.091489
0.626632 0.091489
0.626731 0.091489
0.626830 0.091489
0.626929 0.091489
0.627028 0.091489
0.627127 0.091489
0.627227 0.091489
0.627326 0.091489
0.627425 0.091489
0.627524 0.091489
0.627623 0.091489
0.627722 0.090426
0.627821 0.090426
0.627920 0.090426
0.628020 0.090426
0.628119 0.090426
0.628218 0.090426
0.628317 0.090426
0.628416 0.090426
0.628515 0.090426
0.628614 0.090426
0.628713 0.090426
0.628813 0.090426
0.628912 0.090426
0.629011 0.090426
0.629110 0.090426
0.629209 0.090426
0.629308 0.090426
0.629407 0.090426
0.629506 0.090426
0.629606 0.090426
0.629705 0.090426
0.629804 0.090426
0.629903 0.090426
0.630002 0.090426
0.630101 0.090426
0.630200 0.090426
0.630299 0.090426
0.630399 0.090426
0.630498 0.090426
0.630597 0.090426
0.630696 0.090426
0.630795 0.090426
0.630894 0.090426
0.630993 0.090426
0.631092 0.090426
0.631192 0.090426
0.631291 0.090426
0.631390 0.090426
0.631489 0.090426
0.631588 0.090426
0.631687 0.090426
0.631786 0.090426
0.631885 0.090426
0.631985 0.090426
0.632084 0.090426
0.632183 0.090426
0.632282 0.090426
0.632381 0.090426
0.632480 0.090426
0.632579 0.090426
0.632679 0.090426
0.632778 0.090426
0.632877 0.090426
0.632976 0.090426
0.633075 0.090426
0.633174 0.090426
0.633273 0.090426
0.633372 0.090426
0.633472 0.090426
0.633571 0.090426
0.633670 0.090426
0.633769 0.090426
0.633868 0.090426
0.633967 0.090426
0.634066 0.090426
0.634165 0.090426
0.634265 0.090426
0.634364 0.090426
0.634463 0.090426
0.634562 0.090426
0.634661 0.090426
0.634760 0.090426
0.634859 0.090426
0.634958 0.089362
0.635058 0.089362
0.635157 0.089362
0.635256 0.089362
0.635355 0.089362
0.635454 0.089362
0.635553 0.089362
0.635652 0.089362
0.635751 0.089362
0.635851 0.089362
0.635950 0.089362
0.636049 0.089362
0.636148 0.089362
0.636247 0.089362
0.636346 0.089362
0.636445 0.089362
0.636544 0.089362
0.636644 0.089362
0.636743 0.089362
0.636842 0.089362
0.636941 0.089362
0.637040 0.089362
0.637139 0.089362
0.637238 0.089362
0.637337 0.089362
0.637437 0.089362
0.637536 0.089362
0.637635 0.089362
0.637734 0.089362
0.637833 0.089362
0.637932 0.089362
0.638031 0.089362
0.638130 0.089362
0.638230 0.089362
0.638329 0.089362
0.638428 0.089362
0.638527 0.089362
0.638626 0.089362
0.638725 0.089362
0.638824 0.089362
0.638923 0.089362
0.639023 0.089362
0.639122 0.089362
0.639221 0.089362
0.639320 0.089362
0.639419 0.089362
0.639518 0.089362
0.639617 0.089362
0.639716 0.089362
0.639816 0.089362
0.639915 0.089362
0.640014 0.089362
0.640113 0.089362
0.640212 0.089362
0.640311 0.089362
0.640410 0.089362
0.640509 0.089362
0.640609 0.089362
0.640708 0.088298
0.640807 0.087234
0.640906 0.087234
0.641005 0.087234
0.641104 0.087234
0.641203 0.087234
0.641303 0.087234
0.641402 0.087234
0.641501 0.087234
0.641600 0.087234
0.641699 0.087234
0.641798 0.087234
0.641897 0.087234
0.641996 0.087234
0.642096 0.087234
0.642195 0.087234
0.642294 0.087234
0.642393 0.087234
0.642492 0.087234
0.642591 0.087234
0.642690 0.087234
0.642789 0.087234
0.642889 0.087234
0.642988 0.087234
0.643087 0.087234
0.643186 0.087234
0.643285 0.087234
0.643384 0.087234
0.643483 0.087234
0.643582 0.087234
0.643682 0.087234
0.643781 0.087234
0.643880 0.087234
0.643979 0.087234
0.644078 0.086170
0.644177 0.086170
0.644276 0.086170
0.644375 0.086170
0.644475 0.085106
0.644574 0.085106
0.644673 0.084043
0.644772 0.084043
0.644871 0.084043
0.644970 0.084043
0.645069 0.084043
0.645168 0.084043
0.645268 0.084043
0.645367 0.084043
0.645466 0.084043
0.645565 0.084043
0.645664 0.082979
0.645763 0.082979
0.645862 0.082979
0.645961 0.082979
0.646061 0.082979
0.646160 0.082979
0.646259 0.082979
0.646358 0.082979
0.646457 0.082979
0.646556 0.082979
0.646655 0.082979
0.646754 0.082979
0.646854 0.082979
0.646953 0.081915
0.647052 0.081915
0.647151 0.081915
0.647250 0.081915
0.647349 0.081915
0.647448 0.081915
0.647547 0.081915
0.647647 0.081915
0.647746 0.081915
0.647845 0.081915
0.647944 0.081915
0.648043 0.081915
0.648142 0.081915
0.648241 0.081915
0.648340 0.080851
0.648440 0.080851
0.648539 0.080851
0.648638 0.080851
0.648737 0.080851
0.648836 0.080851
0.648935 0.080851
0.649034 0.080851
0.649133 0.080851
0.649233 0.080851
0.649332 0.080851
0.649431 0.080851
0.649530 0.080851
0.649629 0.080851
0.649728 0.080851
0.649827 0.079787
0.649927 0.079787
0.650026 0.079787
0.650125 0.079787
0.650224 0.079787
0.650323 0.079787
0.650422 0.079787
0.650521 0.079787
0.650620 0.079787
0.650720 0.079787
0.650819 0.079787
0.650918 0.079787
0.651017 0.079787
0.651116 0.079787
0.651215 0.079787
0.651314 0.079787
0.651413 0.079787
0.651513 0.079787
0.651612 0.079787
0.651711 0.079787
0.651810 0.079787
0.651909 0.079787
0.652008 0.079787
0.652107 0.079787
0.652206 0.079787
0.652306 0.079787
0.652405 0.079787
0.652504 0.079787
0.652603 0.079787
0.652702 0.079787
0.652801 0.079787
0.652900 0.079787
0.652999 0.079787
0.653099 0.079787
0.653198 0.079787
0.653297 0.079787
0.653396 0.079787
0.653495 0.079787
0.653594 0.079787
0.653693 0.079787
0.653792 0.079787
0.653892 0.079787
0.653991 0.079787
0.654090 0.079787
0.654189 0.079787
0.654288 0.079787
0.654387 0.079787
0.654486 0.079787
0.654585 0.079787
0.654685 0.079787
0.654784 0.079787
0.654883 0.079787
0.654982 0.079787
0.655081 0.079787
0.655180 0.079787
0.655279 0.079787
0.655378 0.079787
0.655478 0.079787
0.655577 0.078723
0.655676 0.078723
0.655775 0.078723
0.655874 0.077660
0.655973 0.077660
0.656072 0.077660
0.656171 0.077660
0.656271 0.077660
0.656370 0.077660
0.656469 0.077660
0.656568 0.077660
0.656667 0.077660
0.656766 0.077660
0.656865 0.077660
0.656964 0.077660
0.657064 0.077660
0.657163 0.077660
0.657262 0.077660
0.657361 0.077660
0.657460 0.077660
0.657559 0.077660
0.657658 0.077660
0.657757 0.077660
0.657857 0.077660
0.657956 0.077660
0.658055 0.077660
0.658154 0.077660
0.658253 0.077660
0.658352 0.077660
0.658451 0.077660
0.658551 0.077660
0.658650 0.077660
0.658749 0.077660
0.658848 0.077660
0.658947 0.077660
0.659046 0.077660
0.659145 0.077660
0.659244 0.077660
0.659344 0.077660
0.659443 0.077660
0.659542 0.077660
0.659641 0.077660
0.659740 0.077660
0.659839 0.077660
0.659938 0.077660
0.660037 0.077660
0.660137 0.077660
0.660236 0.077660
0.660335 0.077660
0.660434 0.077660
0.660533 0.077660
0.660632 0.077660
0.660731 0.077660
0.660830 0.077660
0.660930 0.077660
0.661029 0.077660
0.661128 0.077660
0.661227 0.077660
0.661326 0.077660
0.661425 0.077660
0.661524 0.077660
0.661623 0.077660
0.661723 0.077660
0.661822 0.077660
0.661921 0.077660
0.662020 0.077660
0.662119 0.077660
0.662218 0.077660
0.662317 0.077660
0.662416 0.077660
0.662516 0.077660
0.662615 0.077660
0.662714 0.077660
0.662813 0.077660
0.662912 0.077660
0.663011 0.077660
0.663110 0.077660
0.663209 0.077660
0.663309 0.077660
0.663408 0.077660
0.663507 0.077660
0.663606 0.077660
0.663705 0.077660
0.663804 0.077660
0.663903 0.077660
0.664002 0.077660
0.664102 0.077660
0.664201 0.077660
0.664300 0.077660
0.664399 0.077660
0.664498 0.077660
0.664597 0.077660
0.664696 0.077660
0.664795 0.077660
0.664895 0.077660
0.664994 0.077660
0.665093 0.077660
0.665192 0.077660
0.665291 0.077660
0.665390 0.077660
0.665489 0.077660
0.665588 0.077660
0.665688 0.077660
0.665787 0.077660
0.665886 0.077660
0.665985 0.077660
0.666084 0.077660
0.666183 0.077660
0.666282 0.077660
0.666381 0.077660
0.666481 0.077660
0.666580 0.077660
0.666679 0.077660
0.666778 0.077660
0.666877 0.077660
0.666976 0.077660
0.667075 0.077660
0.667175 0.077660
0.667274 0.077660
0.667373 0.077660
0.667472 0.077660
0.667571 0.077660
0.667670 0.077660
0.667769 0.077660
0.667868 0.077660
0.667968 0.077660
0.668067 0.077660
0.668166 0.077660
0.668265 0.077660
0.668364 0.077660
0.668463 0.077660
0.668562 0.077660
0.668661 0.077660
0.668761 0.077660
0.668860 0.077660
0.668959 0.077660
0.669058 0.077660
0.669157 0.077660
0.669256 0.077660
0.669355 0.077660
0.669454 0.077660
0.669554 0.077660
0.669653 0.077660
0.669752 0.077660
0.669851 0.077660
0.669950 0.077660
0.670049 0.076596
0.670148 0.075532
0.670247 0.075532
0.670347 0.075532
0.670446 0.075532
0.670545 0.075532
0.670644 0.075532
0.670743 0.075532
0.670842 0.075532
0.670941 0.075532
0.671040 0.075532
0.671140 0.075532
0.671239 0.075532
0.671338 0.075532
0.671437 0.075532
0.671536 0.075532
0.671635 0.075532
0.671734 0.075532
0.671833 0.074468
0.671933 0.074468
0.672032 0.074468
0.672131 0.074468
0.672230 0.074468
0.672329 0.074468
0.672428 0.074468
0.672527 0.074468
0.672626 0.074468
0.672726 0.074468
0.672825 0.074468
0.672924 0.074468
0.673023 0.074468
0.673122 0.074468
0.673221 0.074468
0.673320 0.074468
0.673419 0.074468
0.673519 0.074468
0.673618 0.074468
0.673717 0.074468
0.673816 0.074468
0.673915 0.074468
0.674014 0.074468
0.674113 0.074468
0.674212 0.074468
0.674312 0.074468
0.674411 0.074468
0.674510 0.074468
0.674609 0.074468
0.674708 0.074468
0.674807 0.074468
0.674906 0.074468
0.675005 0.074468
0.675105 0.074468
0.675204 0.074468
0.675303 0.073404
0.675402 0.073404
0.675501 0.073404
0.675600 0.073404
0.675699 0.073404
0.675799 0.073404
0.675898 0.073404
0.675997 0.073404
0.676096 0.073404
0.676195 0.073404
0.676294 0.073404
0.676393 0.073404
0.676492 0.073404
0.676592 0.073404
0.676691 0.073404
0.676790 0.073404
0.676889 0.073404
0.676988 0.073404
0.677087 0.073404
0.677186 0.073404
0.677285 0.073404
0.677385 0.073404
0.677484 0.073404
0.677583 0.073404
0.677682 0.073404
0.677781 0.073404
0.677880 0.073404
0.677979 0.073404
0.678078 0.073404
0.678178 0.073404
0.678277 0.073404
0.678376 0.073404
0.678475 0.073404
0.678574 0.073404
0.678673 0.073404
0.678772 0.073404
0.678871 0.073404
0.678971 0.073404
0.679070 0.073404
0.679169 0.073404
0.679268 0.073404
0.679367 0.073404
0.679466 0.073404
0.679565 0.073404
0.679664 0.073404
0.679764 0.073404
0.679863 0.073404
0.679962 0.073404
0.680061 0.073404
0.680160 0.073404
0.680259 0.073404
0.680358 0.073404
0.680457 0.073404
0.680557 0.073404
0.680656 0.073404
0.680755 0.073404
0.680854 0.073404
0.680953 0.073404
0.681052 0.073404
0.681151 0.073404
0.681250 0.073404
0.681350 0.073404
0.681449 0.073404
0.681548 0.073404
0.681647 0.073404
0.681746 0.073404
0.681845 0.073404
0.681944 0.073404
0.682043 0.073404
0.682143 0.073404
0.682242 0.073404
0.682341 0.073404
0.682440 0.073404
0.682539 0.073404
0.682638 0.073404
0.682737 0.073404
0.682836 0.073404
0.682936 0.073404
0.683035 0.073404
0.683134 0.073404
0.683233 0.073404
0.683332 0.073404
0.683431 0.073404
0.683530 0.073404
0.683629 0.073404
0.683729 0.073404
0.683828 0.073404
0.683927 0.073404
0.684026 0.073404
0.684125 0.073404
0.684224 0.073404
0.684323 0.073404
0.684423 0.073404
0.684522 0.073404
0.684621 0.073404
0.684720 0.073404
0.684819 0.073404
0.684918 0.073404
0.685017 0.073404
0.685116 0.073404
0.685216 0.073404
0.685315 0.073404
0.685414 0.073404
0.685513 0.072340
0.685612 0.072340
0.685711 0.072340
0.685810 0.072340
0.685909 0.072340
0.686009 0.072340
0.686108 0.072340
0.686207 0.072340
0.686306 0.072340
0.686405 0.072340
0.686504 0.072340
0.686603 0.072340
0.686702 0.072340
0.686802 0.072340
0.686901 0.072340
0.687000 0.072340
0.687099 0.072340
0.687198 0.072340
0.687297 0.072340
0.687396 0.072340
0.687495 0.072340
0.687595 0.072340
0.687694 0.072340
0.687793 0.072340
0.687892 0.072340
0.687991 0.072340
0.688090 0.072340
0.688189 0.071277
0.688288 0.071277
0.688388 0.071277
0.688487 0.071277
0.688586 0.071277
0.688685 0.071277
0.688784 0.071277
0.688883 0.071277
0.688982 0.071277
0.689081 0.071277
0.689181 0.071277
0.689280 0.071277
0.689379 0.071277
0.689478 0.071277
0.689577 0.071277
0.689676 0.071277
0.689775 0.071277
0.689874 0.071277
0.689974 0.071277
0.690073 0.071277
0.690172 0.071277
0.690271 0.071277
0.690370 0.071277
0.690469 0.071277
0.690568 0.071277
0.690667 0.071277
0.690767 0.071277
0.690866 0.071277
0.690965 0.071277
0.691064 0.071277
0.691163 0.071277
0.691262 0.071277
0.691361 0.071277
0.691460 0.071277
0.691560 0.071277
0.691659 0.071277
0.691758 0.071277
0.691857 0.071277
0.691956 0.071277
0.692055 0.071277
0.692154 0.071277
0.692253 0.071277
0.692353 0.071277
0.692452 0.071277
0.692551 0.071277
0.692650 0.070213
0.692749 0.070213
0.692848 0.070213
0.692947 0.070213
0.693047 0.070213
0.693146 0.070213
0.693245 0.070213
0.693344 0.070213
0.693443 0.070213
0.693542 0.070213
0.693641 0.070213
0.693740 0.070213
0.693840 0.070213
0.693939 0.070213
0.694038 0.070213
0.694137 0.070213
0.694236 0.070213
0.694335 0.069149
0.694434 0.069149
0.694533 0.069149
0.694633 0.069149
0.694732 0.069149
0.694831 0.069149
0.694930 0.069149
0.695029 0.069149
0.695128 0.069149
0.695227 0.069149
0.695326 0.069149
0.695426 0.069149
0.695525 0.069149
0.695624 0.069149
0.695723 0.069149
0.695822 0.069149
0.695921 0.069149
0.696020 0.069149
0.696119 0.069149
0.696219 0.069149
0.696318 0.069149
0.696417 0.069149
0.696516 0.069149
0.696615 0.069149
0.696714 0.069149
0.696813 0.069149
0.696912 0.069149
0.697012 0.069149
0.697111 0.069149
0.697210 0.069149
0.697309 0.069149
0.697408 0.069149
0.697507 0.069149
0.697606 0.069149
0.697705 0.069149
0.697805 0.069149
0.697904 0.069149
0.698003 0.069149
0.698102 0.069149
0.698201 0.069149
0.698300 0.069149
0.698399 0.069149
0.698498 0.069149
0.698598 0.069149
0.698697 0.069149
0.698796 0.069149
0.698895 0.069149
0.698994 0.069149
0.699093 0.069149
0.699192 0.069149
0.699291 0.069149
0.699391 0.068085
0.699490 0.068085
0.699589 0.068085
0.699688 0.068085
0.699787 0.068085
0.699886 0.068085
0.699985 0.068085
0.700084 0.068085
0.700184 0.068085
0.700283 0.068085
0.700382 0.068085
0.700481 0.068085
0.700580 0.068085
0.700679 0.068085
0.700778 0.068085
0.700877 0.068085
0.700977 0.067021
0.701076 0.067021
0.701175 0.067021
0.701274 0.067021
0.701373 0.067021
0.701472 0.067021
0.701571 0.067021
0.701671 0.067021
0.701770 0.067021
0.701869 0.065957
0.701968 0.065957
0.702067 0.065957
0.702166 0.065957
0.702265 0.065957
0.702364 0.065957
0.702464 0.065957
0.702563 0.065957
0.702662 0.065957
0.702761 0.065957
0.702860 0.065957
0.702959 0.065957
0.703058 0.065957
0.703157 0.065957
0.703257 0.065957
0.703356 0.065957
0.703455 0.065957
0.703554 0.065957
0.703653 0.065957
0.703752 0.064894
0.703851 0.064894
0.703950 0.064894
0.704050 0.064894
0.704149 0.064894
0.704248 0.064894
0.704347 0.064894
0.704446 0.064894
0.704545 0.064894
0.704644 0.064894
0.704743 0.064894
0.704843 0.064894
0.704942 0.064894
0.705041 0.064894
0.705140 0.064894
0.705239 0.064894
0.705338 0.064894
0.705437 0.064894
0.705536 0.064894
0.705636 0.064894
0.705735 0.064894
0.705834 0.064894
0.705933 0.064894
0.706032 0.064894
0.706131 0.064894
0.706230 0.064894
0.706329 0.064894
0.706429 0.064894
0.706528 0.064894
0.706627 0.064894
0.706726 0.064894
0.706825 0.064894
0.706924 0.064894
0.707023 0.064894
0.707122 0.064894
0.707222 0.064894
0.707321 0.064894
0.707420 0.064894
0.707519 0.063830
0.707618 0.063830
0.707717 0.063830
0.707816 0.063830
0.707915 0.063830
0.708015 0.063830
0.708114 0.063830
0.708213 0.063830
0.708312 0.063830
0.708411 0.063830
0.708510 0.063830
0.708609 0.063830
0.708708 0.063830
0.708808 0.063830
0.708907 0.063830
0.709006 0.063830
0.709105 0.063830
0.709204 0.063830
0.709303 0.063830
0.709402 0.063830
0.709501 0.063830
0.709601 0.063830
0.709700 0.063830
0.709799 0.063830
0.709898 0.063830
0.709997 0.063830
0.710096 0.063830
0.710195 0.063830
0.710295 0.063830
0.710394 0.063830
0.710493 0.062766
0.710592 0.062766
0.710691 0.062766
0.710790 0.062766
0.710889 0.062766
0.710988 0.062766
0.711088 0.062766
0.711187 0.062766
0.711286 0.062766
0.711385 0.062766
0.711484 0.062766
0.711583 0.062766
0.711682 0.062766
0.711781 0.062766
0.711881 0.062766
0.711980 0.062766
0.712079 0.062766
0.712178 0.062766
0.712277 0.062766
0.712376 0.062766
0.712475 0.062766
0.712574 0.062766
0.712674 0.062766
0.712773 0.062766
0.712872 0.062766
0.712971 0.062766
0.713070 0.062766
0.713169 0.062766
0.713268 0.062766
0.713367 0.062766
0.713467 0.062766
0.713566 0.062766
0.713665 0.062766
0.713764 0.062766
0.713863 0.062766
0.713962 0.062766
0.714061 0.062766
0.714160 0.062766
0.714260 0.062766
0.714359 0.062766
0.714458 0.062766
0.714557 0.062766
0.714656 0.061702
0.714755 0.061702
0.714854 0.061702
0.714953 0.061702
0.715053 0.061702
0.715152 0.061702
0.715251 0.061702
0.715350 0.061702
0.715449 0.061702
0.715548 0.061702
0.715647 0.061702
0.715746 0.061702
0.715846 0.061702
0.715945 0.061702
0.716044 0.061702
0.716143 0.061702
0.716242 0.061702
0.716341 0.061702
0.716440 0.061702
0.716539 0.061702
0.716639 0.061702
0.716738 0.061702
0.716837 0.061702
0.716936 0.061702
0.717035 0.061702
0.717134 0.061702
0.717233 0.061702
0.717332 0.061702
0.717432 0.061702
0.717531 0.061702
0.717630 0.061702
0.717729 0.061702
0.717828 0.061702
0.717927 0.061702
0.718026 0.061702
0.718125 0.061702
0.718225 0.061702
0.718324 0.061702
0.718423 0.061702
0.718522 0.060638
0.718621 0.060638
0.718720 0.060638
0.718819 0.060638
0.718919 0.060638
0.719018 0.060638
0.719117 0.060638
0.719216 0.060638
0.719315 0.060638
0.719414 0.060638
0.719513 0.060638
0.719612 0.060638
0.719712 0.060638
0.719811 0.060638
0.719910 0.060638
0.720009 0.060638
0.720108 0.060638
0.720207 0.060638
0.720306 0.060638
0.720405 0.060638
0.720505 0.060638
0.720604 0.060638
0.720703 0.060638
0.720802 0.060638
0.720901 0.060638
0.721000 0.060638
0.721099 0.060638
0.721198 0.060638
0.721298 0.060638
0.721397 0.059574
0.721496 0.059574
0.721595 0.059574
0.721694 0.059574
0.721793 0.059574
0.721892 0.059574
0.721991 0.059574
0.722091 0.059574
0.722190 0.059574
0.722289 0.059574
0.722388 0.059574
0.722487 0.059574
0.722586 0.059574
0.722685 0.059574
0.722784 0.059574
0.722884 0.059574
0.722983 0.059574
0.723082 0.059574
0.723181 0.059574
0.723280 0.059574
0.723379 0.059574
0.723478 0.059574
0.723577 0.059574
0.723677 0.059574
0.723776 0.059574
0.723875 0.059574
0.723974 0.059574
0.724073 0.059574
0.724172 0.059574
0.724271 0.059574
0.724370 0.059574
0.724470 0.059574
0.724569 0.059574
0.724668 0.059574
0.724767 0.059574
0.724866 0.059574
0.724965 0.059574
0.725064 0.059574
0.725163 0.059574
0.725263 0.059574
0.725362 0.059574
0.725461 0.059574
0.725560 0.059574
0.725659 0.059574
0.725758 0.059574
0.725857 0.059574
0.725956 0.059574
0.726056 0.059574
0.726155 0.059574
0.726254 0.059574
0.726353 0.059574
0.726452 0.059574
0.726551 0.059574
0.726650 0.059574
0.726749 0.059574
0.726849 0.059574
0.726948 0.059574
0.727047 0.059574
0.727146 0.059574
0.727245 0.059574
0.727344 0.059574
0.727443 0.059574
0.727543 0.059574
0.727642 0.059574
0.727741 0.059574
0.727840 0.059574
0.727939 0.059574
0.728038 0.059574
0.728137 0.059574
0.728236 0.059574
0.728336 0.059574
0.728435 0.059574
0.728534 0.059574
0.728633 0.059574
0.728732 0.059574
0.728831 0.059574
0.728930 0.059574
0.729029 0.059574
0.729129 0.059574
0.729228 0.059574
0.729327 0.059574
0.729426 0.059574
0.729525 0.059574
0.729624 0.059574
0.729723 0.059574
0.729822 0.059574
0.729922 0.059574
0.730021 0.059574
0.730120 0.059574
0.730219 0.059574
0.730318 0.059574
0.730417 0.058511
0.730516 0.058511
0.730615 0.058511
0.730715 0.058511
0.730814 0.058511
0.730913 0.058511
0.731012 0.058511
0.731111 0.058511
0.731210 0.058511
0.731309 0.058511
0.731408 0.058511
0.731508 0.058511
0.731607 0.058511
0.731706 0.058511
0.731805 0.058511
0.731904 0.058511
0.732003 0.058511
0.732102 0.058511
0.732201 0.058511
0.732301 0.058511
0.732400 0.058511
0.732499 0.058511
0.732598 0.058511
0.732697 0.058511
0.732796 0.058511
0.732895 0.058511
0.732994 0.058511
0.733094 0.058511
0.733193 0.058511
0.733292 0.058511
0.733391 0.058511
0.733490 0.058511
0.733589 0.058511
0.733688 0.058511
0.733787 0.058511
0.733887 0.058511
0.733986 0.058511
0.734085 0.058511
0.734184 0.058511
0.734283 0.058511
0.734382 0.058511
0.734481 0.058511
0.734580 0.058511
0.734680 0.058511
0.734779 0.058511
0.734878 0.058511
0.734977 0.058511
0.735076 0.058511
0.735175 0.058511
0.735274 0.058511
0.735373 0.058511
0.735473 0.058511
0.735572 0.058511
0.735671 0.058511
0.735770 0.058511
0.735869 0.058511
0.735968 0.058511
0.736067 0.058511
0.736167 0.058511
0.736266 0.058511
0.736365 0.058511
0.736464 0.058511
0.736563 0.057447
0.736662 0.057447
0.736761 0.057447
0.736860 0.057447
0.736960 0.057447
0.737059 0.057447
0.737158 0.057447
0.737257 0.057447
0.737356 0.057447
0.737455 0.057447
0.737554 0.057447
0.737653 0.057447
0.737753 0.056383
0.737852 0.056383
0.737951 0.056383
0.738050 0.056383
0.738149 0.056383
0.738248 0.056383
0.738347 0.056383
0.738446 0.056383
0.738546 0.056383
0.738645 0.055319
0.738744 0.055319
0.738843 0.055319
0.738942 0.055319
0.739041 0.055319
0.739140 0.055319
0.739239 0.055319
0.739339 0.055319
0.739438 0.055319
0.739537 0.055319
0.739636 0.055319
0.739735 0.055319
0.739834 0.055319
0.739933 0.055319
0.740032 0.055319
0.740132 0.055319
0.740231 0.055319
0.740330 0.055319
0.740429 0.055319
0.740528 0.055319
0.740627 0.055319
0.740726 0.055319
0.740825 0.055319
0.740925 0.055319
0.741024 0.055319
0.741123 0.055319
0.741222 0.054255
0.741321 0.054255
0.741420 0.054255
0.741519 0.054255
0.741618 0.054255
0.741718 0.054255
0.741817 0.054255
0.741916 0.054255
0.742015 0.054255
0.742114 0.054255
0.742213 0.054255
0.742312 0.054255
0.742411 0.054255
0.742511 0.054255
0.742610 0.054255
0.742709 0.054255
0.742808 0.054255
0.742907 0.054255
0.743006 0.054255
0.743105 0.053191
0.743204 0.053191
0.743304 0.053191
0.743403 0.053191
0.743502 0.053191
0.743601 0.053191
0.743700 0.053191
0.743799 0.053191
0.743898 0.053191
0.743997 0.053191
0.744097 0.053191
0.744196 0.053191
0.744295 0.053191
0.744394 0.053191
0.744493 0.053191
0.744592 0.053191
0.744691 0.053191
0.744791 0.053191
0.744890 0.053191
0.744989 0.053191
0.745088 0.053191
0.745187 0.053191
0.745286 0.053191
0.745385 0.053191
0.745484 0.053191
0.745584 0.053191
0.745683 0.053191
0.745782 0.053191
0.745881 0.053191
0.745980 0.053191
0.746079 0.053191
0.746178 0.053191
0.746277 0.053191
0.746377 0.053191
0.746476 0.053191
0.746575 0.053191
0.746674 0.053191
0.746773 0.053191
0.746872 0.053191
0.746971 0.053191
0.747070 0.053191
0.747170 0.053191
0.747269 0.053191
0.747368 0.053191
0.747467 0.053191
0.747566 0.053191
0.747665 0.053191
0.747764 0.053191
0.747863 0.053191
0.747963 0.053191
0.748062 0.053191
0.748161 0.053191
0.748260 0.053191
0.748359 0.053191
0.748458 0.053191
0.748557 0.053191
0.748656 0.053191
0.748756 0.053191
0.748855 0.053191
0.748954 0.053191
0.749053 0.053191
0.749152 0.053191
0.749251 0.053191
0.749350 0.053191
0.749449 0.053191
0.749549 0.053191
0.749648 0.053191
0.749747 0.053191
0.749846 0.053191
0.749945 0.053191
0.750044 0.053191
0.750143 0.053191
0.750242 0.053191
0.750342 0.053191
0.750441 0.053191
0.750540 0.053191
0.750639 0.053191
0.750738 0.053191
0.750837 0.053191
0.750936 0.053191
0.751035 0.053191
0.751135 0.053191
0.751234 0.053191
0.751333 0.053191
0.751432 0.053191
0.751531 0.053191
0.751630 0.053191
0.751729 0.051064
0.751828 0.051064
0.751928 0.051064
0.752027 0.051064
0.752126 0.051064
0.752225 0.051064
0.752324 0.051064
0.752423 0.051064
0.752522 0.050000
0.752621 0.050000
0.752721 0.050000
0.752820 0.050000
0.752919 0.050000
0.753018 0.050000
0.753117 0.050000
0.753216 0.050000
0.753315 0.050000
0.753415 0.050000
0.753514 0.050000
0.753613 0.050000
0.753712 0.050000
0.753811 0.048936
0.753910 0.048936
0.754009 0.048936
0.754108 0.048936
0.754208 0.048936
0.754307 0.048936
0.754406 0.048936
0.754505 0.048936
0.754604 0.048936
0.754703 0.048936
0.754802 0.048936
0.754901 0.048936
0.755001 0.048936
0.755100 0.048936
0.755199 0.048936
0.755298 0.048936
0.755397 0.048936
0.755496 0.048936
0.755595 0.048936
0.755694 0.048936
0.755794 0.048936
0.755893 0.048936
0.755992 0.048936
0.756091 0.048936
0.756190 0.048936
0.756289 0.048936
0.756388 0.048936
0.756487 0.048936
0.756587 0.048936
0.756686 0.048936
0.756785 0.048936
0.756884 0.048936
0.756983 0.048936
0.757082 0.048936
0.757181 0.048936
0.757280 0.048936
0.757380 0.048936
0.757479 0.048936
0.757578 0.048936
0.757677 0.048936
0.757776 0.048936
0.757875 0.048936
0.757974 0.048936
0.758073 0.048936
0.758173 0.048936
0.758272 0.048936
0.758371 0.048936
0.758470 0.048936
0.758569 0.048936
0.758668 0.048936
0.758767 0.048936
0.758866 0.048936
0.758966 0.048936
0.759065 0.048936
0.759164 0.048936
0.759263 0.048936
0.759362 0.048936
0.759461 0.048936
0.759560 0.048936
0.759659 0.048936
0.759759 0.048936
0.759858 0.048936
0.759957 0.048936
0.760056 0.048936
0.760155 0.048936
0.760254 0.048936
0.760353 0.048936
0.760452 0.048936
0.760552 0.048936
0.760651 0.048936
0.760750 0.048936
0.760849 0.048936
0.760948 0.048936
0.761047 0.048936
0.761146 0.048936
0.761245 0.048936
0.761345 0.048936
0.761444 0.048936
0.761543 0.048936
0.761642 0.048936
0.761741 0.048936
0.761840 0.048936
0.761939 0.048936
0.762039 0.048936
0.762138 0.048936
0.762237 0.048936
0.762336 0.048936
0.762435 0.048936
0.762534 0.048936
0.762633 0.048936
0.762732 0.048936
0.762832 0.048936
0.762931 0.048936
0.763030 0.048936
0.763129 0.048936
0.763228 0.048936
0.763327 0.048936
0.763426 0.048936
0.763525 0.048936
0.763625 0.048936
0.763724 0.048936
0.763823 0.048936
0.763922 0.048936
0.764021 0.048936
0.764120 0.048936
0.764219 0.048936
0.764318 0.048936
0.764418 0.048936
0.764517 0.048936
0.764616 0.048936
0.764715 0.048936
0.764814 0.048936
0.764913 0.048936
0.765012 0.048936
0.765111 0.048936
0.765211 0.048936
0.765310 0.048936
0.765409 0.047872
0.765508 0.047872
0.765607 0.047872
0.765706 0.047872
0.765805 0.047872
0.765904 0.047872
0.766004 0.047872
0.766103 0.047872
0.766202 0.047872
0.766301 0.047872
0.766400 0.047872
0.766499 0.047872
0.766598 0.047872
0.766697 0.047872
0.766797 0.047872
0.766896 0.047872
0.766995 0.047872
0.767094 0.047872
0.767193 0.047872
0.767292 0.047872
0.767391 0.047872
0.767490 0.047872
0.767590 0.047872
0.767689 0.047872
0.767788 0.047872
0.767887 0.047872
0.767986 0.047872
0.768085 0.047872
0.768184 0.047872
0.768283 0.047872
0.768383 0.047872
0.768482 0.047872
0.768581 0.047872
0.768680 0.047872
0.768779 0.047872
0.768878 0.047872
0.768977 0.047872
0.769076 0.047872
0.769176 0.047872
0.769275 0.047872
0.769374 0.047872
0.769473 0.047872
0.769572 0.047872
0.769671 0.047872
0.769770 0.047872
0.769869 0.047872
0.769969 0.047872
0.770068 0.047872
0.770167 0.047872
0.770266 0.047872
0.770365 0.047872
0.770464 0.047872
0.770563 0.047872
0.770663 0.047872
0.770762 0.047872
0.770861 0.047872
0.770960 0.047872
0.771059 0.047872
0.771158 0.047872
0.771257 0.047872
0.771356 0.047872
0.771456 0.047872
0.771555 0.047872
0.771654 0.047872
0.771753 0.047872
0.771852 0.047872
0.771951 0.047872
0.772050 0.047872
0.772149 0.047872
0.772249 0.047872
0.772348 0.047872
0.772447 0.047872
0.772546 0.047872
0.772645 0.047872
0.772744 0.047872
0.772843 0.047872
0.772942 0.047872
0.773042 0.047872
0.773141 0.047872
0.773240 0.047872
0.773339 0.047872
0.773438 0.047872
0.773537 0.047872
0.773636 0.047872
0.773735 0.047872
0.773835 0.047872
0.773934 0.047872
0.774033 0.047872
0.774132 0.047872
0.774231 0.047872
0.774330 0.047872
0.774429 0.047872
0.774528 0.047872
0.774628 0.047872
0.774727 0.047872
0.774826 0.047872
0.774925 0.047872
0.775024 0.046809
0.775123 0.046809
0.775222 0.046809
0.775321 0.046809
0.775421 0.046809
0.775520 0.046809
0.775619 0.046809
0.775718 0.046809
0.775817 0.045745
0.775916 0.045745
0.776015 0.045745
0.776114 0.045745
0.776214 0.045745
0.776313 0.045745
0.776412 0.045745
0.776511 0.045745
0.776610 0.045745
0.776709 0.045745
0.776808 0.045745
0.776907 0.045745
0.777007 0.045745
0.777106 0.045745
0.777205 0.045745
0.777304 0.045745
0.777403 0.045745
0.777502 0.045745
0.777601 0.045745
0.777700 0.045745
0.777800 0.045745
0.777899 0.045745
0.777998 0.045745
0.778097 0.045745
0.778196 0.045745
0.778295 0.045745
0.778394 0.045745
0.778493 0.045745
0.778593 0.045745
0.778692 0.045745
0.778791 0.045745
0.778890 0.045745
0.778989 0.045745
0.779088 0.045745
0.779187 0.045745
0.779287 0.045745
0.779386 0.045745
0.779485 0.045745
0.779584 0.045745
0.779683 0.045745
0.779782 0.045745
0.779881 0.045745
0.779980 0.045745
0.780080 0.045745
0.780179 0.045745
0.780278 0.045745
0.780377 0.045745
0.780476 0.045745
0.780575 0.045745
0.780674 0.045745
0.780773 0.045745
0.780873 0.044681
0.780972 0.044681
0.781071 0.044681
0.781170 0.044681
0.781269 0.043617
0.781368 0.043617
0.781467 0.043617
0.781566 0.043617
0.781666 0.042553
0.781765 0.042553
0.781864 0.042553
0.781963 0.042553
0.782062 0.042553
0.782161 0.042553
0.782260 0.042553
0.782359 0.042553
0.782459 0.042553
0.782558 0.042553
0.782657 0.042553
0.782756 0.042553
0.782855 0.042553
0.782954 0.042553
0.783053 0.042553
0.783152 0.042553
0.783252 0.042553
0.783351 0.042553
0.783450 0.042553
0.783549 0.042553
0.783648 0.042553
0.783747 0.042553
0.783846 0.042553
0.783945 0.042553
0.784045 0.042553
0.784144 0.042553
0.784243 0.042553
0.784342 0.042553
0.784441 0.042553
0.784540 0.042553
0.784639 0.042553
0.784738 0.042553
0.784838 0.042553
0.784937 0.042553
0.785036 0.042553
0.785135 0.042553
0.785234 0.042553
0.785333 0.042553
0.785432 0.042553
0.785531 0.042553
0.785631 0.042553
0.785730 0.042553
0.785829 0.042553
0.785928 0.042553
0.786027 0.042553
0.786126 0.042553
0.786225 0.042553
0.786324 0.042553
0.786424 0.042553
0.786523 0.042553
0.786622 0.042553
0.786721 0.042553
0.786820 0.042553
0.786919 0.042553
0.787018 0.042553
0.787118 0.042553
0.787217 0.042553
0.787316 0.042553
0.787415 0.042553
0.787514 0.042553
0.787613 0.042553
0.787712 0.042553
0.787811 0.042553
0.787911 0.042553
0.788010 0.042553
0.788109 0.042553
0.788208 0.042553
0.788307 0.042553
0.788406 0.042553
0.788505 0.042553
0.788604 0.042553
0.788704 0.042553
0.788803 0.042553
0.788902 0.042553
0.789001 0.042553
0.789100 0.042553
0.789199 0.042553
0.789298 0.041489
0.789397 0.041489
0.789497 0.041489
0.789596 0.041489
0.789695 0.041489
0.789794 0.041489
0.789893 0.041489
0.789992 0.041489
0.790091 0.041489
0.790190 0.041489
0.790290 0.041489
0.790389 0.041489
0.790488 0.041489
0.790587 0.041489
0.790686 0.041489
0.790785 0.041489
0.790884 0.041489
0.790983 0.041489
0.791083 0.041489
0.791182 0.041489
0.791281 0.041489
0.791380 0.041489
0.791479 0.041489
0.791578 0.041489
0.791677 0.041489
0.791776 0.041489
0.791876 0.041489
0.791975 0.041489
0.792074 0.041489
0.792173 0.041489
0.792272 0.041489
0.792371 0.041489
0.792470 0.041489
0.792569 0.041489
0.792669 0.041489
0.792768 0.041489
0.792867 0.041489
0.792966 0.041489
0.793065 0.041489
0.793164 0.041489
0.793263 0.041489
0.793362 0.041489
0.793462 0.041489
0.793561 0.041489
0.793660 0.041489
0.793759 0.041489
0.793858 0.041489
0.793957 0.041489
0.794056 0.041489
0.794155 0.041489
0.794255 0.041489
0.794354 0.041489
0.794453 0.041489
0.794552 0.041489
0.794651 0.041489
0.794750 0.041489
0.794849 0.041489
0.794948 0.041489
0.795048 0.041489
0.795147 0.041489
0.795246 0.041489
0.795345 0.041489
0.795444 0.041489
0.795543 0.040426
0.795642 0.040426
0.795742 0.040426
0.795841 0.039362
0.795940 0.039362
0.796039 0.039362
0.796138 0.039362
0.796237 0.038298
0.796336 0.038298
0.796435 0.038298
0.796535 0.038298
0.796634 0.038298
0.796733 0.038298
0.796832 0.038298
0.796931 0.038298
0.797030 0.038298
0.797129 0.038298
0.797228 0.038298
0.797328 0.038298
0.797427 0.038298
0.797526 0.038298
0.797625 0.038298
0.797724 0.038298
0.797823 0.038298
0.797922 0.038298
0.798021 0.038298
0.798121 0.038298
0.798220 0.038298
0.798319 0.038298
0.798418 0.038298
0.798517 0.038298
0.798616 0.038298
0.798715 0.038298
0.798814 0.038298
0.798914 0.038298
0.799013 0.038298
0.799112 0.038298
0.799211 0.038298
0.799310 0.037234
0.799409 0.037234
0.799508 0.037234
0.799607 0.037234
0.799707 0.037234
0.799806 0.037234
0.799905 0.037234
0.800004 0.037234
0.800103 0.037234
0.800202 0.037234
0.800301 0.037234
0.800400 0.037234
0.800500 0.037234
0.800599 0.037234
0.800698 0.037234
0.800797 0.037234
0.800896 0.037234
0.800995 0.037234
0.801094 0.037234
0.801193 0.037234
0.801293 0.037234
0.801392 0.037234
0.801491 0.037234
0.801590 0.037234
0.801689 0.037234
0.801788 0.037234
0.801887 0.037234
0.801986 0.037234
0.802086 0.037234
0.802185 0.037234
0.802284 0.037234
0.802383 0.037234
0.802482 0.037234
0.802581 0.037234
0.802680 0.037234
0.802779 0.037234
0.802879 0.037234
0.802978 0.037234
0.803077 0.037234
0.803176 0.037234
0.803275 0.037234
0.803374 0.037234
0.803473 0.037234
0.803572 0.037234
0.803672 0.037234
0.803771 0.037234
0.803870 0.037234
0.803969 0.037234
0.804068 0.037234
0.804167 0.037234
0.804266 0.037234
0.804366 0.037234
0.804465 0.037234
0.804564 0.037234
0.804663 0.037234
0.804762 0.037234
0.804861 0.037234
0.804960 0.037234
0.805059 0.037234
0.805159 0.036170
0.805258 0.036170
0.805357 0.036170
0.805456 0.036170
0.805555 0.036170
0.805654 0.036170
0.805753 0.036170
0.805852 0.036170
0.805952 0.036170
0.806051 0.036170
0.806150 0.036170
0.806249 0.036170
0.806348 0.036170
0.806447 0.036170
0.806546 0.036170
0.806645 0.036170
0.806745 0.036170
0.806844 0.036170
0.806943 0.036170
0.807042 0.036170
0.807141 0.036170
0.807240 0.036170
0.807339 0.036170
0.807438 0.036170
0.807538 0.036170
0.807637 0.036170
0.807736 0.036170
0.807835 0.036170
0.807934 0.036170
0.808033 0.036170
0.808132 0.036170
0.808231 0.036170
0.808331 0.036170
0.808430 0.036170
0.808529 0.036170
0.808628 0.036170
0.808727 0.036170
0.808826 0.036170
0.808925 0.036170
0.809024 0.036170
0.809124 0.036170
0.809223 0.036170
0.809322 0.036170
0.809421 0.036170
0.809520 0.036170
0.809619 0.036170
0.809718 0.036170
0.809817 0.036170
0.809917 0.036170
0.810016 0.036170
0.810115 0.036170
0.810214 0.036170
0.810313 0.036170
0.810412 0.036170
0.810511 0.036170
0.810610 0.036170
0.810710 0.036170
0.810809 0.036170
0.810908 0.036170
0.811007 0.036170
0.811106 0.036170
0.811205 0.036170
0.811304 0.036170
0.811403 0.036170
0.811503 0.036170
0.811602 0.036170
0.811701 0.036170
0.811800 0.036170
0.811899 0.036170
0.811998 0.036170
0.812097 0.036170
0.812196 0.036170
0.812296 0.036170
0.812395 0.036170
0.812494 0.036170
0.812593 0.036170
0.812692 0.036170
0.812791 0.035106
0.812890 0.035106
0.812990 0.035106
0.813089 0.035106
0.813188 0.035106
0.813287 0.035106
0.813386 0.035106
0.813485 0.035106
0.813584 0.035106
0.813683 0.035106
0.813783 0.035106
0.813882 0.035106
0.813981 0.035106
0.814080 0.035106
0.814179 0.035106
0.814278 0.035106
0.814377 0.035106
0.814476 0.035106
0.814576 0.035106
0.814675 0.035106
0.814774 0.035106
0.814873 0.035106
0.814972 0.035106
0.815071 0.035106
0.815170 0.035106
0.815269 0.035106
0.815369 0.035106
0.815468 0.035106
0.815567 0.035106
0.815666 0.035106
0.815765 0.035106
0.815864 0.035106
0.815963 0.035106
0.816062 0.035106
0.816162 0.035106
0.816261 0.035106
0.816360 0.035106
0.816459 0.035106
0.816558 0.035106
0.816657 0.035106
0.816756 0.035106
0.816855 0.034043
0.816955 0.034043
0.817054 0.034043
0.817153 0.034043
0.817252 0.034043
0.817351 0.034043
0.817450 0.034043
0.817549 0.034043
0.817648 0.034043
0.817748 0.034043
0.817847 0.034043
0.817946 0.034043
0.818045 0.034043
0.818144 0.034043
0.818243 0.034043
0.818342 0.034043
0.818441 0.034043
0.818541 0.034043
0.818640 0.034043
0.818739 0.034043
0.818838 0.034043
0.818937 0.034043
0.819036 0.034043
0.819135 0.034043
0.819234 0.034043
0.819334 0.034043
0.819433 0.034043
0.819532 0.034043
0.819631 0.034043
0.819730 0.034043
0.819829 0.034043
0.819928 0.034043
0.820027 0.034043
0.820127 0.034043
0.820226 0.034043
0.820325 0.034043
0.820424 0.034043
0.820523 0.034043
0.820622 0.034043
0.820721 0.034043
0.820820 0.034043
0.820920 0.034043
0.821019 0.034043
0.821118 0.034043
0.821217 0.034043
0.821316 0.034043
0.821415 0.034043
0.821514 0.034043
0.821614 0.034043
0.821713 0.034043
0.821812 0.034043
0.821911 0.034043
0.822010 0.034043
0.822109 0.034043
0.822208 0.034043
0.822307 0.034043
0.822407 0.032979
0.822506 0.032979
0.822605 0.032979
0.822704 0.032979
0.822803 0.032979
0.822902 0.032979
0.823001 0.032979
0.823100 0.032979
0.823200 0.032979
0.823299 0.032979
0.823398 0.032979
0.823497 0.032979
0.823596 0.032979
0.823695 0.032979
0.823794 0.032979
0.823893 0.032979
0.823993 0.032979
0.824092 0.032979
0.824191 0.032979
0.824290 0.032979
0.824389 0.032979
0.824488 0.032979
0.824587 0.031915
0.824686 0.031915
0.824786 0.031915
0.824885 0.031915
0.824984 0.031915
0.825083 0.031915
0.825182 0.031915
0.825281 0.031915
0.825380 0.031915
0.825479 0.031915
0.825579 0.031915
0.825678 0.031915
0.825777 0.031915
0.825876 0.031915
0.825975 0.031915
0.826074 0.031915
0.826173 0.031915
0.826272 0.031915
0.826372 0.031915
0.826471 0.031915
0.826570 0.031915
0.826669 0.031915
0.826768 0.031915
0.826867 0.031915
0.826966 0.031915
0.827065 0.031915
0.827165 0.031915
0.827264 0.031915
0.827363 0.031915
0.827462 0.031915
0.827561 0.031915
0.827660 0.031915
0.827759 0.031915
0.827858 0.031915
0.827958 0.031915
0.828057 0.031915
0.828156 0.031915
0.828255 0.031915
0.828354 0.031915
0.828453 0.031915
0.828552 0.031915
0.828651 0.031915
0.828751 0.031915
0.828850 0.031915
0.828949 0.031915
0.829048 0.031915
0.829147 0.031915
0.829246 0.031915
0.829345 0.031915
0.829444 0.031915
0.829544 0.031915
0.829643 0.031915
0.829742 0.031915
0.829841 0.031915
0.829940 0.031915
0.830039 0.031915
0.830138 0.031915
0.830238 0.031915
0.830337 0.031915
0.830436 0.031915
0.830535 0.031915
0.830634 0.031915
0.830733 0.031915
0.830832 0.031915
0.830931 0.031915
0.831031 0.031915
0.831130 0.031915
0.831229 0.031915
0.831328 0.031915
0.831427 0.031915
0.831526 0.031915
0.831625 0.031915
0.831724 0.031915
0.831824 0.031915
0.831923 0.031915
0.832022 0.031915
0.832121 0.031915
0.832220 0.031915
0.832319 0.031915
0.832418 0.031915
0.832517 0.031915
0.832617 0.031915
0.832716 0.031915
0.832815 0.031915
0.832914 0.031915
0.833013 0.031915
0.833112 0.031915
0.833211 0.031915
0.833310 0.031915
0.833410 0.031915
0.833509 0.031915
0.833608 0.031915
0.833707 0.031915
0.833806 0.031915
0.833905 0.031915
0.834004 0.031915
0.834103 0.031915
0.834203 0.031915
0.834302 0.031915
0.834401 0.031915
0.834500 0.031915
0.834599 0.031915
0.834698 0.031915
0.834797 0.031915
0.834896 0.031915
0.834996 0.031915
0.835095 0.031915
0.835194 0.031915
0.835293 0.031915
0.835392 0.031915
0.835491 0.031915
0.835590 0.031915
0.835689 0.031915
0.835789 0.031915
0.835888 0.031915
0.835987 0.031915
0.836086 0.031915
0.836185 0.031915
0.836284 0.031915
0.836383 0.031915
0.836482 0.031915
0.836582 0.031915
0.836681 0.031915
0.836780 0.031915
0.836879 0.031915
0.836978 0.031915
0.837077 0.031915
0.837176 0.031915
0.837275 0.031915
0.837375 0.031915
0.837474 0.030851
0.837573 0.030851
0.837672 0.030851
0.837771 0.030851
0.837870 0.030851
0.837969 0.030851
0.838068 0.030851
0.838168 0.030851
0.838267 0.030851
0.838366 0.030851
0.838465 0.030851
0.838564 0.030851
0.838663 0.030851
0.838762 0.030851
0.838862 0.030851
0.838961 0.030851
0.839060 0.030851
0.839159 0.030851
0.839258 0.029787
0.839357 0.029787
0.839456 0.029787
0.839555 0.029787
0.839655 0.029787
0.839754 0.029787
0.839853 0.029787
0.839952 0.029787
0.840051 0.029787
0.840150 0.029787
0.840249 0.029787
0.840348 0.029787
0.840448 0.029787
0.840547 0.029787
0.840646 0.029787
0.840745 0.029787
0.840844 0.029787
0.840943 0.029787
0.841042 0.029787
0.841141 0.029787
0.841241 0.029787
0.841340 0.029787
0.841439 0.029787
0.841538 0.029787
0.841637 0.029787
0.841736 0.029787
0.841835 0.029787
0.841934 0.029787
0.842034 0.029787
0.842133 0.029787
0.842232 0.029787
0.842331 0.029787
0.842430 0.029787
0.842529 0.029787
0.842628 0.029787
0.842727 0.029787
0.842827 0.029787
0.842926 0.029787
0.843025 0.029787
0.843124 0.029787
0.843223 0.029787
0.843322 0.029787
0.843421 0.029787
0.843520 0.029787
0.843620 0.028723
0.843719 0.028723
0.843818 0.028723
0.843917 0.028723
0.844016 0.028723
0.844115 0.028723
0.844214 0.028723
0.844313 0.028723
0.844413 0.028723
0.844512 0.028723
0.844611 0.028723
0.844710 0.028723
0.844809 0.028723
0.844908 0.028723
0.845007 0.028723
0.845106 0.027660
0.845206 0.027660
0.845305 0.027660
0.845404 0.027660
0.845503 0.027660
0.845602 0.027660
0.845701 0.027660
0.845800 0.027660
0.845899 0.027660
0.845999 0.027660
0.846098 0.027660
0.846197 0.027660
0.846296 0.027660
0.846395 0.027660
0.846494 0.027660
0.846593 0.027660
0.846692 0.027660
0.846792 0.027660
0.846891 0.027660
0.846990 0.027660
0.847089 0.027660
0.847188 0.027660
0.847287 0.027660
0.847386 0.027660
0.847486 0.027660
0.847585 0.027660
0.847684 0.027660
0.847783 0.027660
0.847882 0.026596
0.847981 0.026596
0.848080 0.026596
0.848179 0.026596
0.848279 0.026596
0.848378 0.025532
0.848477 0.025532
0.848576 0.025532
0.848675 0.025532
0.848774 0.025532
0.848873 0.025532
0.848972 0.025532
0.849072 0.025532
0.849171 0.025532
0.849270 0.025532
0.849369 0.025532
0.849468 0.025532
0.849567 0.025532
0.849666 0.025532
0.849765 0.025532
0.849865 0.025532
0.849964 0.025532
0.850063 0.025532
0.850162 0.025532
0.850261 0.024468
0.850360 0.024468
0.850459 0.024468
0.850558 0.024468
0.850658 0.024468
0.850757 0.024468
0.850856 0.024468
0.850955 0.024468
0.851054 0.024468
0.851153 0.024468
0.851252 0.024468
0.851351 0.024468
0.851451 0.024468
0.851550 0.024468
0.851649 0.024468
0.851748 0.024468
0.851847 0.024468
0.851946 0.024468
0.852045 0.024468
0.852144 0.024468
0.852244 0.024468
0.852343 0.024468
0.852442 0.023404
0.852541 0.023404
0.852640 0.023404
0.852739 0.023404
0.852838 0.023404
0.852937 0.023404
0.853037 0.023404
0.853136 0.023404
0.853235 0.023404
0.853334 0.023404
0.853433 0.023404
0.853532 0.023404
0.853631 0.023404
0.853730 0.023404
0.853830 0.023404
0.853929 0.023404
0.854028 0.023404
0.854127 0.023404
0.854226 0.023404
0.854325 0.023404
0.854424 0.023404
0.854523 0.023404
0.854623 0.023404
0.854722 0.023404
0.854821 0.023404
0.854920 0.023404
0.855019 0.022340
0.855118 0.022340
0.855217 0.022340
0.855316 0.022340
0.855416 0.022340
0.855515 0.022340
0.855614 0.022340
0.855713 0.022340
0.855812 0.022340
0.855911 0.022340
0.856010 0.022340
0.856110 0.022340
0.856209 0.022340
0.856308 0.022340
0.856407 0.022340
0.856506 0.022340
0.856605 0.022340
0.856704 0.022340
0.856803 0.022340
0.856903 0.022340
0.857002 0.022340
0.857101 0.022340
0.857200 0.022340
0.857299 0.022340
0.857398 0.022340
0.857497 0.022340
0.857596 0.022340
0.857696 0.022340
0.857795 0.022340
0.857894 0.022340
0.857993 0.022340
0.858092 0.022340
0.858191 0.022340
0.858290 0.022340
0.858389 0.022340
0.858489 0.022340
0.858588 0.022340
0.858687 0.022340
0.858786 0.022340
0.858885 0.022340
0.858984 0.021277
0.859083 0.021277
0.859182 0.021277
0.859282 0.021277
0.859381 0.021277
0.859480 0.021277
0.859579 0.021277
0.859678 0.021277
0.859777 0.021277
0.859876 0.021277
0.859975 0.021277
0.860075 0.021277
0.860174 0.021277
0.860273 0.021277
0.860372 0.021277
0.860471 0.021277
0.860570 0.021277
0.860669 0.021277
0.860768 0.021277
0.860868 0.021277
0.860967 0.021277
0.861066 0.021277
0.861165 0.021277
0.861264 0.021277
0.861363 0.021277
0.861462 0.021277
0.861561 0.021277
0.861661 0.021277
0.861760 0.021277
0.861859 0.021277
0.861958 0.021277
0.862057 0.021277
0.862156 0.021277
0.862255 0.021277
0.862354 0.021277
0.862454 0.021277
0.862553 0.020213
0.862652 0.020213
0.862751 0.020213
0.862850 0.020213
0.862949 0.020213
0.863048 0.020213
0.863147 0.020213
0.863247 0.020213
0.863346 0.020213
0.863445 0.020213
0.863544 0.020213
0.863643 0.020213
0.863742 0.020213
0.863841 0.020213
0.863940 0.020213
0.864040 0.020213
0.864139 0.020213
0.864238 0.020213
0.864337 0.020213
0.864436 0.020213
0.864535 0.020213
0.864634 0.020213
0.864734 0.020213
0.864833 0.020213
0.864932 0.020213
0.865031 0.020213
0.865130 0.020213
0.865229 0.020213
0.865328 0.020213
0.865427 0.020213
0.865527 0.020213
0.865626 0.020213
0.865725 0.020213
0.865824 0.020213
0.865923 0.020213
0.866022 0.020213
0.866121 0.020213
0.866220 0.020213
0.866320 0.020213
0.866419 0.020213
0.866518 0.020213
0.866617 0.020213
0.866716 0.020213
0.866815 0.020213
0.866914 0.019149
0.867013 0.019149
0.867113 0.019149
0.867212 0.019149
0.867311 0.019149
0.867410 0.019149
0.867509 0.018085
0.867608 0.018085
0.867707 0.018085
0.867806 0.018085
0.867906 0.017021
0.868005 0.017021
0.868104 0.017021
0.868203 0.017021
0.868302 0.015957
0.868401 0.015957
0.868500 0.015957
0.868599 0.015957
0.868699 0.015957
0.868798 0.015957
0.868897 0.015957
0.868996 0.015957
0.869095 0.015957
0.869194 0.015957
0.869293 0.015957
0.869392 0.015957
0.869492 0.015957
0.869591 0.015957
0.869690 0.015957
0.869789 0.015957
0.869888 0.015957
0.869987 0.015957
0.870086 0.015957
0.870185 0.015957
0.870285 0.015957
0.870384 0.015957
0.870483 0.014894
0.870582 0.014894
0.870681 0.014894
0.870780 0.014894
0.870879 0.014894
0.870978 0.014894
0.871078 0.014894
0.871177 0.014894
0.871276 0.014894
0.871375 0.014894
0.871474 0.014894
0.871573 0.014894
0.871672 0.014894
0.871771 0.014894
0.871871 0.014894
0.871970 0.014894
0.872069 0.014894
0.872168 0.014894
0.872267 0.014894
0.872366 0.014894
0.872465 0.014894
0.872564 0.014894
0.872664 0.014894
0.872763 0.014894
0.872862 0.014894
0.872961 0.014894
0.873060 0.014894
0.873159 0.014894
0.873258 0.014894
0.873358 0.014894
0.873457 0.014894
0.873556 0.014894
0.873655 0.014894
0.873754 0.014894
0.873853 0.014894
0.873952 0.014894
0.874051 0.014894
0.874151 0.014894
0.874250 0.014894
0.874349 0.014894
0.874448 0.014894
0.874547 0.014894
0.874646 0.014894
0.874745 0.014894
0.874844 0.014894
0.874944 0.014894
0.875043 0.014894
0.875142 0.014894
0.875241 0.014894
0.875340 0.014894
0.875439 0.014894
0.875538 0.014894
0.875637 0.014894
0.875737 0.014894
0.875836 0.014894
0.875935 0.014894
0.876034 0.014894
0.876133 0.014894
0.876232 0.014894
0.876331 0.014894
0.876430 0.014894
0.876530 0.014894
0.876629 0.014894
0.876728 0.014894
0.876827 0.014894
0.876926 0.014894
0.877025 0.014894
0.877124 0.014894
0.877223 0.014894
0.877323 0.014894
0.877422 0.014894
0.877521 0.014894
0.877620 0.014894
0.877719 0.014894
0.877818 0.014894
0.877917 0.014894
0.878016 0.014894
0.878116 0.014894
0.878215 0.014894
0.878314 0.014894
0.878413 0.014894
0.878512 0.014894
0.878611 0.014894
0.878710 0.014894
0.878809 0.014894
0.878909 0.013830
0.879008 0.013830
0.879107 0.013830
0.879206 0.013830
0.879305 0.013830
0.879404 0.013830
0.879503 0.013830
0.879602 0.013830
0.879702 0.013830
0.879801 0.013830
0.879900 0.013830
0.879999 0.013830
0.880098 0.013830
0.880197 0.013830
0.880296 0.013830
0.880395 0.013830
0.880495 0.013830
0.880594 0.013830
0.880693 0.013830
0.880792 0.013830
0.880891 0.013830
0.880990 0.013830
0.881089 0.013830
0.881188 0.013830
0.881288 0.013830
0.881387 0.013830
0.881486 0.013830
0.881585 0.013830
0.881684 0.013830
0.881783 0.013830
0.881882 0.013830
0.881982 0.013830
0.882081 0.013830
0.882180 0.013830
0.882279 0.013830
0.882378 0.013830
0.882477 0.013830
0.882576 0.013830
0.882675 0.013830
0.882775 0.013830
0.882874 0.013830
0.882973 0.013830
0.883072 0.013830
0.883171 0.013830
0.883270 0.013830
0.883369 0.013830
0.883468 0.013830
0.883568 0.013830
0.883667 0.013830
0.883766 0.013830
0.883865 0.013830
0.883964 0.013830
0.884063 0.013830
0.884162 0.013830
0.884261 0.013830
0.884361 0.013830
0.884460 0.013830
0.884559 0.013830
0.884658 0.013830
0.884757 0.013830
0.884856 0.013830
0.884955 0.013830
0.885054 0.013830
0.885154 0.013830
0.885253 0.012766
0.885352 0.012766
0.885451 0.012766
0.885550 0.012766
0.885649 0.012766
0.885748 0.012766
0.885847 0.012766
0.885947 0.012766
0.886046 0.012766
0.886145 0.012766
0.886244 0.012766
0.886343 0.012766
0.886442 0.012766
0.886541 0.012766
0.886640 0.012766
0.886740 0.012766
0.886839 0.012766
0.886938 0.012766
0.887037 0.012766
0.887136 0.012766
0.887235 0.012766
0.887334 0.012766
0.887433 0.012766
0.887533 0.012766
0.887632 0.012766
0.887731 0.012766
0.887830 0.012766
0.887929 0.012766
0.888028 0.012766
0.888127 0.012766
0.888226 0.012766
0.888326 0.012766
0.888425 0.012766
0.888524 0.012766
0.888623 0.012766
0.888722 0.012766
0.888821 0.012766
0.888920 0.012766
0.889019 0.012766
0.889119 0.012766
0.889218 0.012766
0.889317 0.012766
0.889416 0.012766
0.889515 0.012766
0.889614 0.012766
0.889713 0.012766
0.889812 0.012766
0.889912 0.012766
0.890011 0.012766
0.890110 0.012766
0.890209 0.012766
0.890308 0.012766
0.890407 0.012766
0.890506 0.012766
0.890606 0.012766
0.890705 0.012766
0.890804 0.012766
0.890903 0.012766
0.891002 0.012766
0.891101 0.012766
0.891200 0.012766
0.891299 0.012766
0.891399 0.012766
0.891498 0.012766
0.891597 0.012766
0.891696 0.012766
0.891795 0.012766
0.891894 0.012766
0.891993 0.012766
0.892092 0.012766
0.892192 0.012766
0.892291 0.012766
0.892390 0.012766
0.892489 0.012766
0.892588 0.012766
0.892687 0.012766
0.892786 0.012766
0.892885 0.012766
0.892985 0.012766
0.893084 0.012766
0.893183 0.012766
0.893282 0.012766
0.893381 0.012766
0.893480 0.012766
0.893579 0.012766
0.893678 0.012766
0.893778 0.012766
0.893877 0.012766
0.893976 0.012766
0.894075 0.012766
0.894174 0.012766
0.894273 0.012766
0.894372 0.012766
0.894471 0.012766
0.894571 0.012766
0.894670 0.012766
0.894769 0.012766
0.894868 0.012766
0.894967 0.012766
0.895066 0.012766
0.895165 0.012766
0.895264 0.012766
0.895364 0.012766
0.895463 0.012766
0.895562 0.012766
0.895661 0.012766
0.895760 0.012766
0.895859 0.012766
0.895958 0.012766
0.896057 0.012766
0.896157 0.012766
0.896256 0.012766
0.896355 0.012766
0.896454 0.012766
0.896553 0.012766
0.896652 0.012766
0.896751 0.012766
0.896850 0.012766
0.896950 0.012766
0.897049 0.012766
0.897148 0.012766
0.897247 0.012766
0.897346 0.012766
0.897445 0.012766
0.897544 0.012766
0.897643 0.012766
0.897743 0.012766
0.897842 0.012766
0.897941 0.012766
0.898040 0.012766
0.898139 0.012766
0.898238 0.012766
0.898337 0.012766
0.898436 0.012766
0.898536 0.012766
0.898635 0.012766
0.898734 0.012766
0.898833 0.012766
0.898932 0.012766
0.899031 0.012766
0.899130 0.012766
0.899230 0.012766
0.899329 0.012766
0.899428 0.012766
0.899527 0.012766
0.899626 0.012766
0.899725 0.012766
0.899824 0.012766
0.899923 0.012766
0.900023 0.012766
0.900122 0.012766
0.900221 0.012766
0.900320 0.012766
0.900419 0.012766
0.900518 0.012766
0.900617 0.012766
0.900716 0.012766
0.900816 0.012766
0.900915 0.012766
0.901014 0.012766
0.901113 0.012766
0.901212 0.012766
0.901311 0.012766
0.901410 0.012766
0.901509 0.012766
0.901609 0.012766
0.901708 0.012766
0.901807 0.012766
0.901906 0.012766
0.902005 0.012766
0.902104 0.012766
0.902203 0.012766
0.902302 0.012766
0.902402 0.012766
0.902501 0.012766
0.902600 0.012766
0.902699 0.012766
0.902798 0.012766
0.902897 0.012766
0.902996 0.012766
0.903095 0.012766
0.903195 0.012766
0.903294 0.012766
0.903393 0.012766
0.903492 0.012766
0.903591 0.012766
0.903690 0.012766
0.903789 0.012766
0.903888 0.012766
0.903988 0.012766
0.904087 0.012766
0.904186 0.012766
0.904285 0.012766
0.904384 0.012766
0.904483 0.012766
0.904582 0.012766
0.904681 0.012766
0.904781 0.012766
0.904880 0.012766
0.904979 0.012766
0.905078 0.012766
0.905177 0.012766
0.905276 0.012766
0.905375 0.012766
0.905474 0.012766
0.905574 0.012766
0.905673 0.012766
0.905772 0.012766
0.905871 0.012766
0.905970 0.012766
0.906069 0.012766
0.906168 0.012766
0.906267 0.012766
0.906367 0.012766
0.906466 0.012766
0.906565 0.012766
0.906664 0.012766
0.906763 0.012766
0.906862 0.012766
0.906961 0.012766
0.907060 0.012766
0.907160 0.012766
0.907259 0.012766
0.907358 0.011702
0.907457 0.011702
0.907556 0.011702
0.907655 0.011702
0.907754 0.011702
0.907854 0.011702
0.907953 0.011702
0.908052 0.011702
0.908151 0.011702
0.908250 0.011702
0.908349 0.011702
0.908448 0.011702
0.908547 0.011702
0.908647 0.011702
0.908746 0.011702
0.908845 0.011702
0.908944 0.011702
0.909043 0.011702
0.909142 0.011702
0.909241 0.011702
0.909340 0.011702
0.909440 0.011702
0.909539 0.011702
0.909638 0.011702
0.909737 0.011702
0.909836 0.011702
0.909935 0.011702
0.910034 0.011702
0.910133 0.011702
0.910233 0.011702
0.910332 0.011702
0.910431 0.011702
0.910530 0.011702
0.910629 0.011702
0.910728 0.011702
0.910827 0.011702
0.910926 0.011702
0.911026 0.011702
0.911125 0.011702
0.911224 0.011702
0.911323 0.011702
0.911422 0.011702
0.911521 0.011702
0.911620 0.011702
0.911719 0.011702
0.911819 0.011702
0.911918 0.011702
0.912017 0.011702
0.912116 0.011702
0.912215 0.011702
0.912314 0.011702
0.912413 0.011702
0.912512 0.011702
0.912612 0.011702
0.912711 0.011702
0.912810 0.011702
0.912909 0.011702
0.913008 0.011702
0.913107 0.011702
0.913206 0.011702
0.913305 0.011702
0.913405 0.011702
0.913504 0.011702
0.913603 0.011702
0.913702 0.011702
0.913801 0.011702
0.913900 0.011702
0.913999 0.011702
0.914098 0.011702
0.914198 0.011702
0.914297 0.011702
0.914396 0.011702
0.914495 0.011702
0.914594 0.011702
0.914693 0.011702
0.914792 0.011702
0.914891 0.011702
0.914991 0.011702
0.915090 0.011702
0.915189 0.011702
0.915288 0.011702
0.915387 0.011702
0.915486 0.011702
0.915585 0.011702
0.915684 0.011702
0.915784 0.011702
0.915883 0.011702
0.915982 0.011702
0.916081 0.011702
0.916180 0.011702
0.916279 0.011702
0.916378 0.011702
0.916478 0.011702
0.916577 0.010638
0.916676 0.010638
0.916775 0.010638
0.916874 0.010638
0.916973 0.010638
0.917072 0.010638
0.917171 0.010638
0.917271 0.010638
0.917370 0.010638
0.917469 0.009574
0.917568 0.009574
0.917667 0.009574
0.917766 0.009574
0.917865 0.009574
0.917964 0.009574
0.918064 0.009574
0.918163 0.009574
0.918262 0.009574
0.918361 0.009574
0.918460 0.009574
0.918559 0.009574
0.918658 0.009574
0.918757 0.009574
0.918857 0.009574
0.918956 0.009574
0.919055 0.009574
0.919154 0.009574
0.919253 0.009574
0.919352 0.009574
0.919451 0.009574
0.919550 0.009574
0.919650 0.008511
0.919749 0.008511
0.919848 0.008511
0.919947 0.008511
0.920046 0.008511
0.920145 0.008511
0.920244 0.008511
0.920343 0.008511
0.920443 0.008511
0.920542 0.008511
0.920641 0.008511
0.920740 0.008511
0.920839 0.008511
0.920938 0.008511
0.921037 0.008511
0.921136 0.008511
0.921236 0.008511
0.921335 0.008511
0.921434 0.008511
0.921533 0.008511
0.921632 0.008511
0.921731 0.008511
0.921830 0.008511
0.921929 0.008511
0.922029 0.008511
0.922128 0.008511
0.922227 0.008511
0.922326 0.008511
0.922425 0.007447
0.922524 0.007447
0.922623 0.007447
0.922722 0.007447
0.922822 0.007447
0.922921 0.007447
0.923020 0.007447
0.923119 0.007447
0.923218 0.007447
0.923317 0.007447
0.923416 0.007447
0.923515 0.007447
0.923615 0.007447
0.923714 0.006383
0.923813 0.006383
0.923912 0.006383
0.924011 0.006383
0.924110 0.006383
0.924209 0.006383
0.924308 0.006383
0.924408 0.006383
0.924507 0.006383
0.924606 0.006383
0.924705 0.006383
0.924804 0.006383
0.924903 0.006383
0.925002 0.006383
0.925102 0.006383
0.925201 0.006383
0.925300 0.006383
0.925399 0.006383
0.925498 0.006383
0.925597 0.006383
0.925696 0.006383
0.925795 0.006383
0.925895 0.006383
0.925994 0.006383
0.926093 0.006383
0.926192 0.006383
0.926291 0.006383
0.926390 0.006383
0.926489 0.006383
0.926588 0.006383
0.926688 0.006383
0.926787 0.006383
0.926886 0.006383
0.926985 0.006383
0.927084 0.006383
0.927183 0.006383
0.927282 0.006383
0.927381 0.006383
0.927481 0.006383
0.927580 0.006383
0.927679 0.006383
0.927778 0.006383
0.927877 0.006383
0.927976 0.006383
0.928075 0.006383
0.928174 0.006383
0.928274 0.006383
0.928373 0.006383
0.928472 0.006383
0.928571 0.006383
0.928670 0.006383
0.928769 0.006383
0.928868 0.006383
0.928967 0.006383
0.929067 0.006383
0.929166 0.006383
0.929265 0.006383
0.929364 0.006383
0.929463 0.006383
0.929562 0.006383
0.929661 0.006383
0.929760 0.006383
0.929860 0.006383
0.929959 0.006383
0.930058 0.006383
0.930157 0.006383
0.930256 0.006383
0.930355 0.006383
0.930454 0.006383
0.930553 0.006383
0.930653 0.006383
0.930752 0.006383
0.930851 0.006383
0.930950 0.006383
0.931049 0.006383
0.931148 0.006383
0.931247 0.006383
0.931346 0.006383
0.931446 0.006383
0.931545 0.006383
0.931644 0.005319
0.931743 0.005319
0.931842 0.005319
0.931941 0.005319
0.932040 0.005319
0.932139 0.005319
0.932239 0.005319
0.932338 0.005319
0.932437 0.005319
0.932536 0.005319
0.932635 0.005319
0.932734 0.005319
0.932833 0.005319
0.932932 0.005319
0.933032 0.005319
0.933131 0.005319
0.933230 0.005319
0.933329 0.005319
0.933428 0.005319
0.933527 0.005319
0.933626 0.005319
0.933726 0.005319
0.933825 0.005319
0.933924 0.004255
0.934023 0.004255
0.934122 0.004255
0.934221 0.004255
0.934320 0.004255
0.934419 0.004255
0.934519 0.004255
0.934618 0.004255
0.934717 0.004255
0.934816 0.004255
0.934915 0.004255
0.935014 0.004255
0.935113 0.004255
0.935212 0.004255
0.935312 0.004255
0.935411 0.004255
0.935510 0.004255
0.935609 0.004255
0.935708 0.004255
0.935807 0.004255
0.935906 0.004255
0.936005 0.004255
0.936105 0.004255
0.936204 0.004255
0.936303 0.004255
0.936402 0.004255
0.936501 0.004255
0.936600 0.004255
0.936699 0.004255
0.936798 0.004255
0.936898 0.004255
0.936997 0.004255
0.937096 0.004255
0.937195 0.004255
0.937294 0.004255
0.937393 0.004255
0.937492 0.004255
0.937591 0.004255
0.937691 0.004255
0.937790 0.004255
0.937889 0.004255
0.937988 0.004255
0.938087 0.004255
0.938186 0.004255
0.938285 0.004255
0.938384 0.004255
0.938484 0.004255
0.938583 0.004255
0.938682 0.004255
0.938781 0.004255
0.938880 0.004255
0.938979 0.004255
0.939078 0.004255
0.939177 0.004255
0.939277 0.004255
0.939376 0.004255
0.939475 0.004255
0.939574 0.004255
0.939673 0.004255
0.939772 0.004255
0.939871 0.004255
0.939970 0.004255
0.940070 0.004255
0.940169 0.004255
0.940268 0.004255
0.940367 0.004255
0.940466 0.004255
0.940565 0.004255
0.940664 0.004255
0.940763 0.004255
0.940863 0.004255
0.940962 0.004255
0.941061 0.004255
0.941160 0.004255
0.941259 0.004255
0.941358 0.004255
0.941457 0.004255
0.941556 0.004255
0.941656 0.004255
0.941755 0.004255
0.941854 0.004255
0.941953 0.004255
0.942052 0.004255
0.942151 0.004255
0.942250 0.004255
0.942350 0.004255
0.942449 0.004255
0.942548 0.004255
0.942647 0.004255
0.942746 0.004255
0.942845 0.004255
0.942944 0.004255
0.943043 0.004255
0.943143 0.004255
0.943242 0.004255
0.943341 0.003191
0.943440 0.003191
0.943539 0.003191
0.943638 0.003191
0.943737 0.003191
0.943836 0.003191
0.943936 0.003191
0.944035 0.003191
0.944134 0.003191
0.944233 0.003191
0.944332 0.003191
0.944431 0.003191
0.944530 0.003191
0.944629 0.003191
0.944729 0.003191
0.944828 0.003191
0.944927 0.003191
0.945026 0.003191
0.945125 0.003191
0.945224 0.003191
0.945323 0.003191
0.945422 0.003191
0.945522 0.003191
0.945621 0.003191
0.945720 0.003191
0.945819 0.003191
0.945918 0.003191
0.946017 0.003191
0.946116 0.003191
0.946215 0.003191
0.946315 0.003191
0.946414 0.003191
0.946513 0.003191
0.946612 0.003191
0.946711 0.003191
0.946810 0.003191
0.946909 0.003191
0.947008 0.003191
0.947108 0.003191
0.947207 0.003191
0.947306 0.003191
0.947405 0.003191
0.947504 0.003191
0.947603 0.003191
0.947702 0.003191
0.947801 0.003191
0.947901 0.003191
0.948000 0.003191
0.948099 0.003191
0.948198 0.003191
0.948297 0.003191
0.948396 0.003191
0.948495 0.003191
0.948594 0.003191
0.948694 0.003191
0.948793 0.003191
0.948892 0.003191
0.948991 0.003191
0.949090 0.003191
0.949189 0.003191
0.949288 0.003191
0.949387 0.003191
0.949487 0.003191
0.949586 0.003191
0.949685 0.003191
0.949784 0.003191
0.949883 0.003191
0.949982 0.003191
0.950081 0.003191
0.950180 0.003191
0.950280 0.003191
0.950379 0.003191
0.950478 0.003191
0.950577 0.003191
0.950676 0.003191
0.950775 0.003191
0.950874 0.003191
0.950974 0.003191
0.951073 0.003191
0.951172 0.003191
0.951271 0.003191
0.951370 0.003191
0.951469 0.003191
0.951568 0.003191
0.951667 0.003191
0.951767 0.003191
0.951866 0.003191
0.951965 0.003191
0.952064 0.003191
0.952163 0.003191
0.952262 0.003191
0.952361 0.003191
0.952460 0.003191
0.952560 0.003191
0.952659 0.003191
0.952758 0.003191
0.952857 0.003191
0.952956 0.003191
0.953055 0.003191
0.953154 0.003191
0.953253 0.003191
0.953353 0.003191
0.953452 0.003191
0.953551 0.003191
0.953650 0.003191
0.953749 0.003191
0.953848 0.003191
0.953947 0.003191
0.954046 0.003191
0.954146 0.003191
0.954245 0.003191
0.954344 0.003191
0.954443 0.003191
0.954542 0.003191
0.954641 0.003191
0.954740 0.003191
0.954839 0.003191
0.954939 0.003191
0.955038 0.003191
0.955137 0.003191
0.955236 0.003191
0.955335 0.003191
0.955434 0.003191
0.955533 0.003191
0.955632 0.003191
0.955732 0.003191
0.955831 0.003191
0.955930 0.003191
0.956029 0.003191
0.956128 0.003191
0.956227 0.003191
0.956326 0.003191
0.956425 0.003191
0.956525 0.003191
0.956624 0.003191
0.956723 0.003191
0.956822 0.003191
0.956921 0.003191
0.957020 0.003191
0.957119 0.003191
0.957218 0.003191
0.957318 0.003191
0.957417 0.003191
0.957516 0.003191
0.957615 0.003191
0.957714 0.003191
0.957813 0.003191
0.957912 0.003191
0.958011 0.003191
0.958111 0.003191
0.958210 0.003191
0.958309 0.003191
0.958408 0.003191
0.958507 0.003191
0.958606 0.003191
0.958705 0.003191
0.958804 0.003191
0.958904 0.003191
0.959003 0.003191
0.959102 0.003191
0.959201 0.003191
0.959300 0.003191
0.959399 0.003191
0.959498 0.003191
0.959598 0.003191
0.959697 0.003191
0.959796 0.003191
0.959895 0.003191
0.959994 0.003191
0.960093 0.003191
0.960192 0.003191
0.960291 0.003191
0.960391 0.003191
0.960490 0.003191
0.960589 0.003191
0.960688 0.003191
0.960787 0.003191
0.960886 0.003191
0.960985 0.003191
0.961084 0.003191
0.961184 0.002128
0.961283 0.002128
0.961382 0.002128
0.961481 0.002128
0.961580 0.002128
0.961679 0.002128
0.961778 0.002128
0.961877 0.002128
0.961977 0.002128
0.962076 0.002128
0.962175 0.002128
0.962274 0.002128
0.962373 0.002128
0.962472 0.002128
0.962571 0.002128
0.962670 0.002128
0.962770 0.002128
0.962869 0.002128
0.962968 0.002128
0.963067 0.002128
0.963166 0.002128
0.963265 0.002128
0.963364 0.002128
0.963463 0.002128
0.963563 0.002128
0.963662 0.002128
0.963761 0.002128
0.963860 0.002128
0.963959 0.002128
0.964058 0.002128
0.964157 0.002128
0.964256 0.002128
0.964356 0.002128
0.964455 0.002128
0.964554 0.002128
0.964653 0.002128
0.964752 0.002128
0.964851 0.002128
0.964950 0.002128
0.965049 0.002128
0.965149 0.002128
0.965248 0.002128
0.965347 0.002128
0.965446 0.002128
0.965545 0.002128
0.965644 0.002128
0.965743 0.002128
0.965842 0.002128
0.965942 0.002128
0.966041 0.002128
0.966140 0.002128
0.966239 0.002128
0.966338 0.002128
0.966437 0.002128
0.966536 0.002128
0.966635 0.002128
0.966735 0.002128
0.966834 0.002128
0.966933 0.002128
0.967032 0.002128
0.967131 0.002128
0.967230 0.002128
0.967329 0.002128
0.967428 0.002128
0.967528 0.002128
0.967627 0.001064
0.967726 0.001064
0.967825 0.001064
0.967924 0.001064
0.968023 0.001064
0.968122 0.001064
0.968222 0.001064
0.968321 0.001064
0.968420 0.001064
0.968519 0.001064
0.968618 0.001064
0.968717 0.001064
0.968816 0.001064
0.968915 0.001064
0.969015 0.001064
0.969114 0.001064
0.969213 0.001064
0.969312 0.001064
0.969411 0.001064
0.969510 0.001064
0.969609 0.001064
0.969708 0.001064
0.969808 0.001064
0.969907 0.001064
0.970006 0.001064
0.970105 0.001064
0.970204 0.001064
0.970303 0.001064
0.970402 0.001064
0.970501 0.001064
0.970601 0.001064
0.970700 0.001064
0.970799 0.001064
0.970898 0.001064
0.970997 0.001064
0.971096 0.001064
0.971195 0.001064
0.971294 0.001064
0.971394 0.001064
0.971493 0.001064
0.971592 0.001064
0.971691 0.001064
0.971790 0.001064
0.971889 0.001064
0.971988 0.001064
0.972087 0.001064
0.972187 0.001064
0.972286 0.001064
0.972385 0.001064
0.972484 0.001064
0.972583 0.001064
0.972682 0.001064
0.972781 0.001064
0.972880 0.001064
0.972980 0.001064
0.973079 0.001064
0.973178 0.001064
0.973277 0.001064
0.973376 0.001064
0.973475 0.001064
0.973574 0.001064
0.973673 0.001064
0.973773 0.001064
0.973872 0.001064
0.973971 0.001064
0.974070 0.001064
0.974169 0.001064
0.974268 0.001064
0.974367 0.001064
0.974466 0.001064
0.974566 0.001064
0.974665 0.001064
0.974764 0.001064
0.974863 0.001064
0.974962 0.001064
0.975061 0.001064
0.975160 0.001064
0.975259 0.001064
0.975359 0.001064
0.975458 0.001064
0.975557 0.001064
0.975656 0.001064
0.975755 0.001064
0.975854 0.001064
0.975953 0.001064
0.976052 0.001064
0.976152 0.001064
0.976251 0.001064
0.976350 0.001064
0.976449 0.001064
0.976548 0.001064
0.976647 0.001064
0.976746 0.001064
0.976846 0.001064
0.976945 0.001064
0.977044 0.001064
0.977143 0.001064
0.977242 0.001064
0.977341 0.001064
0.977440 0.001064
0.977539 0.001064
0.977639 0.001064
0.977738 0.001064
0.977837 0.001064
0.977936 0.001064
0.978035 0.001064
0.978134 0.001064
0.978233 0.001064
0.978332 0.001064
0.978432 0.001064
0.978531 0.001064
0.978630 0.001064
0.978729 0.001064
0.978828 0.001064
0.978927 0.001064
0.979026 0.001064
0.979125 0.001064
0.979225 0.001064
0.979324 0.001064
0.979423 0.001064
0.979522 0.001064
0.979621 0.001064
0.979720 0.001064
0.979819 0.001064
0.979918 0.001064
0.980018 0.001064
0.980117 0.001064
0.980216 0.001064
0.980315 0.001064
0.980414 0.001064
0.980513 0.001064
0.980612 0.001064
0.980711 0.001064
0.980811 0.001064
0.980910 0.001064
0.981009 0.001064
0.981108 0.001064
0.981207 0.001064
0.981306 0.001064
0.981405 0.001064
0.981504 0.001064
0.981604 0.001064
0.981703 0.001064
0.981802 0.001064
0.981901 0.001064
0.982000 0.001064
0.982099 0.001064
0.982198 0.001064
0.982297 0.001064
0.982397 0.001064
0.982496 0.001064
0.982595 0.001064
0.982694 0.001064
0.982793 0.001064
0.982892 0.001064
0.982991 0.001064
0.983090 0.001064
0.983190 0.001064
0.983289 0.001064
0.983388 0.001064
0.983487 0.001064
0.983586 0.001064
0.983685 0.001064
0.983784 0.001064
0.983883 0.001064
0.983983 0.001064
0.984082 0.001064
0.984181 0.001064
0.984280 0.001064
0.984379 0.001064
0.984478 0.001064
0.984577 0.001064
0.984676 0.001064
0.984776 0.001064
0.984875 0.001064
0.984974 0.001064
0.985073 0.001064
0.985172 0.001064
0.985271 0.001064
0.985370 0.001064
0.985470 0.001064
0.985569 0.001064
0.985668 0.001064
0.985767 0.001064
0.985866 0.001064
0.985965 0.001064
0.986064 0.001064
0.986163 0.001064
0.986263 0.001064
0.986362 0.001064
0.986461 0.001064
0.986560 0.001064
0.986659 0.001064
0.986758 0.001064
0.986857 0.001064
0.986956 0.001064
0.987056 0.001064
0.987155 0.001064
0.987254 0.001064
0.987353 0.001064
0.987452 0.001064
0.987551 0.001064
0.987650 0.001064
0.987749 0.001064
0.987849 0.001064
0.987948 0.001064
0.988047 0.001064
0.988146 0.001064
0.988245 0.001064
0.988344 0.001064
0.988443 0.001064
0.988542 0.001064
0.988642 0.001064
0.988741 0.001064
0.988840 0.001064
0.988939 0.001064
0.989038 0.001064
0.989137 0.001064
0.989236 0.001064
0.989335 0.001064
0.989435 0.001064
0.989534 0.001064
0.989633 0.001064
0.989732 0.001064
0.989831 0.001064
0.989930 0.001064
0.990029 0.001064
0.990128 0.001064
0.990228 0.001064
0.990327 0.001064
0.990426 0.001064
0.990525 0.001064
0.990624 0.001064
0.990723 0.001064
0.990822 0.001064
0.990921 0.001064
0.991021 0.001064
0.991120 0.001064
0.991219 0.001064
0.991318 0.001064
0.991417 0.001064
0.991516 0.001064
0.991615 0.001064
0.991714 0.001064
0.991814 0.001064
0.991913 0.001064
0.992012 0.001064
0.992111 0.001064
0.992210 0.001064
0.992309 0.001064
0.992408 0.001064
0.992507 0.001064
0.992607 0.001064
0.992706 0.001064
0.992805 0.001064
0.992904 0.000000
0.993003 0.000000
0.993102 0.000000
0.993201 0.000000
0.993300 0.000000
0.993400 0.000000
0.993499 0.000000
0.993598 0.000000
0.993697 0.000000
0.993796 0.000000
0.993895 0.000000
0.993994 0.000000
0.994094 0.000000
0.994193 0.000000
0.994292 0.000000
0.994391 0.000000
0.994490 0.000000
0.994589 0.000000
0.994688 0.000000
0.994787 0.000000
0.994887 0.000000
0.994986 0.000000
0.995085 0.000000
0.995184 0.000000
0.995283 0.000000
0.995382 0.000000
0.995481 0.000000
0.995580 0.000000
0.995680 0.000000
0.995779 0.000000
0.995878 0.000000
0.995977 0.000000
0.996076 0.000000
0.996175 0.000000
0.996274 0.000000
0.996373 0.000000
0.996473 0.000000
0.996572 0.000000
0.996671 0.000000
0.996770 0.000000
0.996869 0.000000
0.996968 0.000000
0.997067 0.000000
0.997166 0.000000
0.997266 0.000000
0.997365 0.000000
0.997464 0.000000
0.997563 0.000000
0.997662 0.000000
0.997761 0.000000
0.997860 0.000000
0.997959 0.000000
0.998059 0.000000
0.998158 0.000000
0.998257 0.000000
0.998356 0.000000
0.998455 0.000000
0.998554 0.000000
0.998653 0.000000
0.998752 0.000000
0.998852 0.000000
0.998951 0.000000
0.999050 0.000000
0.999149 0.000000
0.999248 0.000000
0.999347 0.000000
0.999446 0.000000
