# Threshold Efficiency
0.009205 1.000000
0.009304 1.000000
0.009403 1.000000
0.009501 1.000000
0.009600 1.000000
0.009699 1.000000
0.009798 1.000000
0.009896 1.000000
0.009995 1.000000
0.010094 1.000000
0.010193 1.000000
0.010291 1.000000
0.010390 1.000000
0.010489 1.000000
0.010588 1.000000
0.010686 1.000000
0.010785 1.000000
0.010884 1.000000
0.010983 1.000000
0.011081 1.000000
0.011180 1.000000
0.011279 1.000000
0.011378 1.000000
0.011476 1.000000
0.011575 1.000000
0.011674 1.000000
0.011773 1.000000
0.011871 1.000000
0.011970 1.000000
0.012069 1.000000
0.012168 1.000000
0.012266 1.000000
0.012365 1.000000
0.012464 1.000000
0.012563 1.000000
0.012661 1.000000
0.012760 1.000000
0.012859 1.000000
0.012958 1.000000
0.013056 1.000000
0.013155 1.000000
0.013254 1.000000
0.013353 1.000000
0.013451 1.000000
0.013550 1.000000
0.013649 1.000000
0.013748 1.000000
0.013846 1.000000
0.013945 1.000000
0.014044 1.000000
0.014143 1.000000
0.014241 1.000000
0.014340 1.000000
0.014439 1.000000
0.014538 1.000000
0.014636 1.000000
0.014735 1.000000
0.014834 1.000000
0.014933 1.000000
0.015031 1.000000
0.015130 1.000000
0.015229 1.000000
0.015328 1.000000
0.015426 1.000000
0.015525 1.000000
0.015624 1.000000
0.015723 1.000000
0.015821 1.000000
0.015920 1.000000
0.016019 1.000000
0.016118 1.000000
0.016216 1.000000
0.016315 1.000000
0.016414 1.000000
0.016513 1.000000
0.016611 1.000000
0.016710 1.000000
0.016809 0.999639
0.016908 0.999639
0.017006 0.999639
0.017105 0.999639
0.017204 0.999639
0.017303 0.999639
0.017401 0.999639
0.017500 0.999639
0.017599 0.999639
0.017698 0.999639
0.017796 0.999639
0.017895 0.999639
0.017994 0.999639
0.018093 0.999639
0.018191 0.999639
0.018290 0.999639
0.018389 0.999639
0.018488 0.999639
0.018586 0.999639
0.018685 0.999639
0.018784 0.999639
0.018883 0.999639
0.018981 0.999639
0.019080 0.999639
0.019179 0.999639
0.019278 0.999639
0.019376 0.999639
0.019475 0.999639
0.019574 0.999639
0.019673 0.999639
0.019771 0.999639
0.019870 0.999639
0.019969 0.999639
0.020068 0.999639
0.020166 0.999639
0.020265 0.999639
0.020364 0.999639
0.020463 0.999639
0.020561 0.999639
0.020660 0.999639
0.020759 0.999639
0.020858 0.999639
0.020956 0.999639
0.021055 0.999639
0.021154 0.999639
0.021253 0.999639
0.021351 0.999639
0.021450 0.999639
0.021549 0.999639
0.021648 0.999639
0.021746 0.999639
0.021845 0.999639
0.021944 0.999639
0.022043 0.999639
0.022142 0.999639
0.022240 0.999639
0.022339 0.999639
0.022438 0.999639
0.022537 0.999639
0.022635 0.999639
0.022734 0.999639
0.022833 0.999639
0.022932 0.999639
0.023030 0.999639
0.023129 0.999639
0.023228 0.999639
0.023327 0.999639
0.023425 0.999639
0.023524 0.999639
0.023623 0.999639
0.023722 0.999639
0.023820 0.999639
0.023919 0.999639
0.024018 0.999639
0.024117 0.999639
0.024215 0.999279
0.024314 0.999279
0.024413 0.999279
0.024512 0.999279
0.024610 0.999279
0.024709 0.999279
0.024808 0.999279
0.024907 0.999279
0.025005 0.999279
0.025104 0.999279
0.025203 0.999279
0.025302 0.999279
0.025400 0.999279
0.025499 0.999279
0.025598 0.999279
0.025697 0.999279
0.025795 0.999279
0.025894 0.999279
0.025993 0.999279
0.026092 0.999279
0.026190 0.999279
0.026289 0.999279
0.026388 0.999279
0.026487 0.999279
0.026585 0.999279
0.026684 0.999279
0.026783 0.999279
0.026882 0.999279
0.026980 0.999279
0.027079 0.999279
0.027178 0.999279
0.027277 0.999279
0.027375 0.999279
0.027474 0.999279
0.027573 0.999279
0.027672 0.999279
0.027770 0.998918
0.027869 0.998918
0.027968 0.998918
0.028067 0.998918
0.028165 0.998918
0.028264 0.998918
0.028363 0.998918
0.028462 0.998918
0.028560 0.998918
0.028659 0.998918
0.028758 0.998918
0.028857 0.998918
0.028955 0.998918
0.029054 0.998918
0.029153 0.998918
0.029252 0.998918
0.029350 0.998918
0.029449 0.998918
0.029548 0.998918
0.029647 0.998918
0.029745 0.998918
0.029844 0.998918
0.029943 0.998918
0.030042 0.998918
0.030140 0.998918
0.030239 0.998918
0.030338 0.998918
0.030437 0.998918
0.030535 0.998918
0.030634 0.998918
0.030733 0.998918
0.030832 0.998918
0.030930 0.998918
0.031029 0.998918
0.031128 0.998918
0.031227 0.998918
0.031325 0.998918
0.031424 0.998918
0.031523 0.998918
0.031622 0.998918
0.031720 0.998918
0.031819 0.998918
0.031918 0.998918
0.032017 0.998918
0.032115 0.998918
0.032214 0.998918
0.032313 0.998918
0.032412 0.998918
0.032510 0.998918
0.032609 0.998918
0.032708 0.998918
0.032807 0.998918
0.032905 0.998918
0.033004 0.998918
0.033103 0.998918
0.033202 0.998918
0.033300 0.998918
0.033399 0.998918
0.033498 0.998918
0.033597 0.998918
0.033695 0.998918
0.033794 0.998918
0.033893 0.998918
0.033992 0.998918
0.034090 0.998918
0.034189 0.998918
0.034288 0.998918
0.034387 0.998918
0.034485 0.998918
0.034584 0.998918
0.034683 0.998918
0.034782 0.998918
0.034880 0.998918
0.034979 0.998918
0.035078 0.998918
0.035177 0.998918
0.035275 0.998918
0.035374 0.998918
0.035473 0.998918
0.035572 0.998918
0.035670 0.998918
0.035769 0.998918
0.035868 0.998918
0.035967 0.998918
0.036065 0.998918
0.036164 0.998918
0.036263 0.998918
0.036362 0.998918
0.036460 0.998918
0.036559 0.998918
0.036658 0.998918
0.036757 0.998918
0.036855 0.998918
0.036954 0.998918
0.037053 0.998918
0.037152 0.998918
0.037250 0.998918
0.037349 0.998918
0.037448 0.998918
0.037547 0.998918
0.037645 0.998918
0.037744 0.998918
0.037843 0.998918
0.037942 0.998918
0.038040 0.998918
0.038139 0.998918
0.038238 0.998918
0.038337 0.998918
0.038435 0.998918
0.038534 0.998918
0.038633 0.998918
0.038732 0.998918
0.038830 0.998918
0.038929 0.998918
0.039028 0.998918
0.039127 0.998918
0.039225 0.998918
0.039324 0.998918
0.039423 0.998918
0.039522 0.998918
0.039620 0.998918
0.039719 0.998918
0.039818 0.998918
0.039917 0.998918
0.040015 0.998918
0.040114 0.998918
0.040213 0.998918
0.040312 0.998918
0.040410 0.998918
0.040509 0.998918
0.040608 0.998918
0.040707 0.998918
0.040805 0.998918
0.040904 0.998918
0.041003 0.998918
0.041102 0.998918
0.041200 0.998918
0.041299 0.998918
0.041398 0.998918
0.041497 0.998918
0.041595 0.998918
0.041694 0.998918
0.041793 0.998918
0.041892 0.998918
0.041990 0.998918
0.042089 0.998918
0.042188 0.998918
0.042287 0.998918
0.042385 0.998918
0.042484 0.998918
0.042583 0.998918
0.042682 0.998918
0.042780 0.998918
0.042879 0.998918
0.042978 0.998918
0.043077 0.998918
0.043175 0.998918
0.043274 0.998918
0.043373 0.998918
0.043472 0.998918
0.043570 0.998918
0.043669 0.998918
0.043768 0.998918
0.043867 0.998918
0.043965 0.998918
0.044064 0.998918
0.044163 0.998918
0.044262 0.998918
0.044360 0.998918
0.044459 0.998918
0.044558 0.998918
0.044657 0.998918
0.044755 0.998918
0.044854 0.998918
0.044953 0.998918
0.045052 0.998918
0.045150 0.998918
0.045249 0.998918
0.045348 0.998918
0.045447 0.998918
0.045545 0.998918
0.045644 0.998918
0.045743 0.998918
0.045842 0.998918
0.045940 0.998918
0.046039 0.998918
0.046138 0.998918
0.046237 0.998918
0.046335 0.998918
0.046434 0.998918
0.046533 0.998918
0.046632 0.998918
0.046730 0.998918
0.046829 0.998918
0.046928 0.998918
0.047027 0.998918
0.047125 0.998918
0.047224 0.998918
0.047323 0.998918
0.047422 0.998918
0.047520 0.998918
0.047619 0.998918
0.047718 0.998918
0.047817 0.998558
0.047915 0.998558
0.048014 0.998558
0.048113 0.998558
0.048212 0.998558
0.048310 0.998558
0.048409 0.998558
0.048508 0.998558
0.048607 0.998558
0.048705 0.998558
0.048804 0.998558
0.048903 0.998558
0.049002 0.998558
0.049100 0.998558
0.049199 0.998558
0.049298 0.998558
0.049397 0.998558
0.049495 0.998558
0.049594 0.998558
0.049693 0.998558
0.049792 0.998558
0.049890 0.998558
0.049989 0.998558
0.050088 0.998558
0.050187 0.998197
0.050285 0.998197
0.050384 0.998197
0.050483 0.998197
0.050582 0.998197
0.050680 0.998197
0.050779 0.998197
0.050878 0.998197
0.050977 0.998197
0.051075 0.998197
0.051174 0.998197
0.051273 0.998197
0.051372 0.998197
0.051470 0.998197
0.051569 0.998197
0.051668 0.998197
0.051767 0.998197
0.051865 0.998197
0.051964 0.998197
0.052063 0.998197
0.052162 0.998197
0.052260 0.998197
0.052359 0.998197
0.052458 0.998197
0.052557 0.998197
0.052655 0.998197
0.052754 0.998197
0.052853 0.998197
0.052952 0.998197
0.053050 0.998197
0.053149 0.998197
0.053248 0.998197
0.053347 0.998197
0.053445 0.998197
0.053544 0.998197
0.053643 0.998197
0.053742 0.998197
0.053840 0.998197
0.053939 0.998197
0.054038 0.998197
0.054137 0.998197
0.054235 0.998197
0.054334 0.998197
0.054433 0.998197
0.054532 0.998197
0.054630 0.998197
0.054729 0.998197
0.054828 0.998197
0.054927 0.998197
0.055025 0.998197
0.055124 0.998197
0.055223 0.998197
0.055322 0.998197
0.055420 0.998197
0.055519 0.998197
0.055618 0.998197
0.055717 0.998197
0.055815 0.998197
0.055914 0.998197
0.056013 0.998197
0.056112 0.998197
0.056210 0.998197
0.056309 0.998197
0.056408 0.998197
0.056507 0.998197
0.056605 0.998197
0.056704 0.998197
0.056803 0.998197
0.056902 0.998197
0.057000 0.998197
0.057099 0.998197
0.057198 0.998197
0.057297 0.998197
0.057395 0.998197
0.057494 0.998197
0.057593 0.998197
0.057692 0.998197
0.057790 0.998197
0.057889 0.998197
0.057988 0.998197
0.058087 0.998197
0.058185 0.998197
0.058284 0.998197
0.058383 0.998197
0.058482 0.998197
0.058580 0.998197
0.058679 0.998197
0.058778 0.998197
0.058877 0.998197
0.058975 0.998197
0.059074 0.998197
0.059173 0.998197
0.059272 0.998197
0.059370 0.998197
0.059469 0.998197
0.059568 0.998197
0.059667 0.998197
0.059765 0.998197
0.059864 0.998197
0.059963 0.998197
0.060062 0.998197
0.060160 0.998197
0.060259 0.998197
0.060358 0.998197
0.060457 0.998197
0.060555 0.998197
0.060654 0.998197
0.060753 0.998197
0.060852 0.998197
0.060950 0.998197
0.061049 0.998197
0.061148 0.998197
0.061247 0.998197
0.061345 0.998197
0.061444 0.998197
0.061543 0.998197
0.061642 0.998197
0.061740 0.998197
0.061839 0.998197
0.061938 0.998197
0.062037 0.998197
0.062135 0.998197
0.062234 0.998197
0.062333 0.998197
0.062432 0.998197
0.062531 0.998197
0.062629 0.998197
0.062728 0.998197
0.062827 0.998197
0.062926 0.998197
0.063024 0.998197
0.063123 0.998197
0.063222 0.998197
0.063321 0.998197
0.063419 0.998197
0.063518 0.998197
0.063617 0.998197
0.063716 0.998197
0.063814 0.997836
0.063913 0.997836
0.064012 0.997836
0.064111 0.997836
0.064209 0.997836
0.064308 0.997836
0.064407 0.997836
0.064506 0.997836
0.064604 0.997836
0.064703 0.997836
0.064802 0.997836
0.064901 0.997836
0.064999 0.997836
0.065098 0.997836
0.065197 0.997836
0.065296 0.997836
0.065394 0.997836
0.065493 0.997836
0.065592 0.997836
0.065691 0.997836
0.065789 0.997836
0.065888 0.997836
0.065987 0.997836
0.066086 0.997836
0.066184 0.997836
0.066283 0.997836
0.066382 0.997836
0.066481 0.997836
0.066579 0.997836
0.066678 0.997836
0.066777 0.997836
0.066876 0.997836
0.066974 0.997836
0.067073 0.997836
0.067172 0.997476
0.067271 0.997476
0.067369 0.997476
0.067468 0.997115
0.067567 0.997115
0.067666 0.997115
0.067764 0.997115
0.067863 0.997115
0.067962 0.997115
0.068061 0.997115
0.068159 0.997115
0.068258 0.997115
0.068357 0.997115
0.068456 0.997115
0.068554 0.997115
0.068653 0.997115
0.068752 0.996754
0.068851 0.996754
0.068949 0.996754
0.069048 0.996754
0.069147 0.996754
0.069246 0.996754
0.069344 0.996754
0.069443 0.996754
0.069542 0.996754
0.069641 0.996754
0.069739 0.996754
0.069838 0.996754
0.069937 0.996754
0.070036 0.996754
0.070134 0.996754
0.070233 0.996754
0.070332 0.996754
0.070431 0.996754
0.070529 0.996754
0.070628 0.996754
0.070727 0.996754
0.070826 0.996754
0.070924 0.996754
0.071023 0.996754
0.071122 0.996754
0.071221 0.996754
0.071319 0.996754
0.071418 0.996754
0.071517 0.996754
0.071616 0.996754
0.071714 0.996754
0.071813 0.996754
0.071912 0.996754
0.072011 0.996754
0.072109 0.996754
0.072208 0.996754
0.072307 0.996754
0.072406 0.996754
0.072504 0.996754
0.072603 0.996754
0.072702 0.996754
0.072801 0.996754
0.072899 0.996754
0.072998 0.996754
0.073097 0.996394
0.073196 0.996394
0.073294 0.996394
0.073393 0.996394
0.073492 0.996033
0.073591 0.996033
0.073689 0.996033
0.073788 0.996033
0.073887 0.996033
0.073986 0.996033
0.074084 0.996033
0.074183 0.996033
0.074282 0.996033
0.074381 0.996033
0.074479 0.996033
0.074578 0.996033
0.074677 0.996033
0.074776 0.996033
0.074874 0.996033
0.074973 0.996033
0.075072 0.996033
0.075171 0.996033
0.075269 0.996033
0.075368 0.996033
0.075467 0.996033
0.075566 0.996033
0.075664 0.996033
0.075763 0.996033
0.075862 0.996033
0.075961 0.996033
0.076059 0.996033
0.076158 0.996033
0.076257 0.996033
0.076356 0.996033
0.076454 0.996033
0.076553 0.996033
0.076652 0.996033
0.076751 0.996033
0.076849 0.996033
0.076948 0.996033
0.077047 0.996033
0.077146 0.996033
0.077244 0.996033
0.077343 0.996033
0.077442 0.995673
0.077541 0.995673
0.077639 0.995673
0.077738 0.995673
0.077837 0.995673
0.077936 0.995673
0.078034 0.995673
0.078133 0.995673
0.078232 0.995673
0.078331 0.995673
0.078429 0.995673
0.078528 0.995673
0.078627 0.995673
0.078726 0.995673
0.078824 0.995673
0.078923 0.995673
0.079022 0.995673
0.079121 0.995673
0.079219 0.995673
0.079318 0.995673
0.079417 0.995673
0.079516 0.995673
0.079614 0.995312
0.079713 0.995312
0.079812 0.995312
0.079911 0.995312
0.080009 0.995312
0.080108 0.995312
0.080207 0.995312
0.080306 0.995312
0.080404 0.995312
0.080503 0.995312
0.080602 0.995312
0.080701 0.995312
0.080799 0.995312
0.080898 0.995312
0.080997 0.995312
0.081096 0.995312
0.081194 0.995312
0.081293 0.995312
0.081392 0.995312
0.081491 0.995312
0.081589 0.995312
0.081688 0.995312
0.081787 0.995312
0.081886 0.995312
0.081984 0.995312
0.082083 0.995312
0.082182 0.995312
0.082281 0.995312
0.082379 0.995312
0.082478 0.995312
0.082577 0.995312
0.082676 0.995312
0.082774 0.995312
0.082873 0.995312
0.082972 0.995312
0.083071 0.995312
0.083169 0.995312
0.083268 0.995312
0.083367 0.995312
0.083466 0.995312
0.083564 0.995312
0.083663 0.995312
0.083762 0.995312
0.083861 0.995312
0.083959 0.995312
0.084058 0.995312
0.084157 0.995312
0.084256 0.995312
0.084354 0.995312
0.084453 0.995312
0.084552 0.995312
0.084651 0.995312
0.084749 0.995312
0.084848 0.995312
0.084947 0.995312
0.085046 0.994591
0.085144 0.994591
0.085243 0.994591
0.085342 0.994591
0.085441 0.994591
0.085539 0.994591
0.085638 0.994591
0.085737 0.994591
0.085836 0.994591
0.085934 0.994591
0.086033 0.994591
0.086132 0.994591
0.086231 0.994591
0.086329 0.994591
0.086428 0.994591
0.086527 0.994591
0.086626 0.994591
0.086724 0.994591
0.086823 0.994591
0.086922 0.994230
0.087021 0.994230
0.087119 0.994230
0.087218 0.994230
0.087317 0.994230
0.087416 0.994230
0.087514 0.994230
0.087613 0.994230
0.087712 0.994230
0.087811 0.994230
0.087909 0.994230
0.088008 0.994230
0.088107 0.994230
0.088206 0.994230
0.088304 0.994230
0.088403 0.993869
0.088502 0.993869
0.088601 0.993869
0.088699 0.993869
0.088798 0.993869
0.088897 0.993869
0.088996 0.993869
0.089094 0.993869
0.089193 0.993869
0.089292 0.993869
0.089391 0.993869
0.089489 0.993869
0.089588 0.993869
0.089687 0.993869
0.089786 0.993869
0.089884 0.993869
0.089983 0.993869
0.090082 0.993509
0.090181 0.993509
0.090279 0.993509
0.090378 0.993509
0.090477 0.993509
0.090576 0.993509
0.090674 0.993509
0.090773 0.993509
0.090872 0.993509
0.090971 0.993509
0.091069 0.993509
0.091168 0.993509
0.091267 0.993509
0.091366 0.993509
0.091464 0.993509
0.091563 0.993509
0.091662 0.993509
0.091761 0.993509
0.091859 0.993509
0.091958 0.993509
0.092057 0.993509
0.092156 0.993509
0.092254 0.993509
0.092353 0.993509
0.092452 0.993509
0.092551 0.993509
0.092649 0.993509
0.092748 0.993509
0.092847 0.993509
0.092946 0.993509
0.093044 0.993509
0.093143 0.993509
0.093242 0.993509
0.093341 0.993509
0.093439 0.993509
0.093538 0.993509
0.093637 0.993509
0.093736 0.993509
0.093834 0.993509
0.093933 0.993509
0.094032 0.993509
0.094131 0.993509
0.094229 0.993509
0.094328 0.993509
0.094427 0.993509
0.094526 0.993509
0.094624 0.993509
0.094723 0.993509
0.094822 0.993509
0.094921 0.993509
0.095019 0.993509
0.095118 0.993509
0.095217 0.993509
0.095316 0.993509
0.095414 0.993509
0.095513 0.993509
0.095612 0.993509
0.095711 0.993509
0.095809 0.993509
0.095908 0.993509
0.096007 0.993509
0.096106 0.993509
0.096204 0.993509
0.096303 0.993509
0.096402 0.993509
0.096501 0.993509
0.096599 0.993509
0.096698 0.993509
0.096797 0.993509
0.096896 0.993509
0.096994 0.993509
0.097093 0.993509
0.097192 0.993509
0.097291 0.993509
0.097389 0.993509
0.097488 0.993509
0.097587 0.993509
0.097686 0.993509
0.097784 0.993509
0.097883 0.993509
0.097982 0.993509
0.098081 0.993509
0.098179 0.993509
0.098278 0.993509
0.098377 0.993509
0.098476 0.993509
0.098574 0.993509
0.098673 0.993509
0.098772 0.993509
0.098871 0.993509
0.098969 0.993509
0.099068 0.993509
0.099167 0.993509
0.099266 0.993509
0.099364 0.993509
0.099463 0.993509
0.099562 0.993509
0.099661 0.993509
0.099759 0.993509
0.099858 0.993509
0.099957 0.993509
0.100056 0.993509
0.100154 0.993509
0.100253 0.993509
0.100352 0.993509
0.100451 0.993509
0.100549 0.993509
0.100648 0.993509
0.100747 0.993509
0.100846 0.993509
0.100944 0.993509
0.101043 0.993148
0.101142 0.993148
0.101241 0.993148
0.101339 0.993148
0.101438 0.993148
0.101537 0.993148
0.101636 0.993148
0.101734 0.993148
0.101833 0.993148
0.101932 0.993148
0.102031 0.993148
0.102129 0.993148
0.102228 0.992788
0.102327 0.992788
0.102426 0.992788
0.102524 0.992788
0.102623 0.992788
0.102722 0.992788
0.102821 0.992427
0.102919 0.992427
0.103018 0.992427
0.103117 0.992427
0.103216 0.992427
0.103315 0.992427
0.103413 0.992427
0.103512 0.992427
0.103611 0.992427
0.103710 0.992427
0.103808 0.992427
0.103907 0.992427
0.104006 0.992427
0.104105 0.992427
0.104203 0.992427
0.104302 0.992427
0.104401 0.992427
0.104500 0.992427
0.104598 0.992427
0.104697 0.992427
0.104796 0.992427
0.104895 0.992427
0.104993 0.992427
0.105092 0.992427
0.105191 0.992427
0.105290 0.992066
0.105388 0.991706
0.105487 0.991706
0.105586 0.991706
0.105685 0.991706
0.105783 0.991706
0.105882 0.991706
0.105981 0.991706
0.106080 0.991345
0.106178 0.991345
0.106277 0.991345
0.106376 0.991345
0.106475 0.991345
0.106573 0.991345
0.106672 0.991345
0.106771 0.991345
0.106870 0.991345
0.106968 0.991345
0.107067 0.991345
0.107166 0.991345
0.107265 0.991345
0.107363 0.991345
0.107462 0.991345
0.107561 0.991345
0.107660 0.991345
0.107758 0.991345
0.107857 0.991345
0.107956 0.991345
0.108055 0.991345
0.108153 0.990984
0.108252 0.990984
0.108351 0.990984
0.108450 0.990984
0.108548 0.990984
0.108647 0.990984
0.108746 0.990984
0.108845 0.990984
0.108943 0.990984
0.109042 0.990984
0.109141 0.990984
0.109240 0.990984
0.109338 0.990984
0.109437 0.990984
0.109536 0.990984
0.109635 0.990984
0.109733 0.990984
0.109832 0.990984
0.109931 0.990984
0.110030 0.990984
0.110128 0.990984
0.110227 0.990984
0.110326 0.990984
0.110425 0.990984
0.110523 0.990984
0.110622 0.990984
0.110721 0.990984
0.110820 0.990984
0.110918 0.990984
0.111017 0.990984
0.111116 0.990984
0.111215 0.990984
0.111313 0.990984
0.111412 0.990984
0.111511 0.990984
0.111610 0.990984
0.111708 0.990984
0.111807 0.990984
0.111906 0.990984
0.112005 0.990984
0.112103 0.990984
0.112202 0.990984
0.112301 0.990984
0.112400 0.990984
0.112498 0.990984
0.112597 0.990984
0.112696 0.990984
0.112795 0.990984
0.112893 0.990984
0.112992 0.990984
0.113091 0.990984
0.113190 0.990624
0.113288 0.990624
0.113387 0.990624
0.113486 0.990624
0.113585 0.990624
0.113683 0.990624
0.113782 0.990624
0.113881 0.990624
0.113980 0.990624
0.114078 0.990624
0.114177 0.990624
0.114276 0.990624
0.114375 0.990624
0.114473 0.990624
0.114572 0.990624
0.114671 0.990624
0.114770 0.990624
0.114868 0.990624
0.114967 0.990624
0.115066 0.990624
0.115165 0.990624
0.115263 0.990624
0.115362 0.990624
0.115461 0.990624
0.115560 0.990624
0.115658 0.990624
0.115757 0.990624
0.115856 0.990624
0.115955 0.990624
0.116053 0.990624
0.116152 0.990624
0.116251 0.990624
0.116350 0.990624
0.116448 0.990624
0.116547 0.990624
0.116646 0.990624
0.116745 0.990624
0.116843 0.990624
0.116942 0.990624
0.117041 0.990624
0.117140 0.990624
0.117238 0.990624
0.117337 0.990624
0.117436 0.990624
0.117535 0.990624
0.117633 0.990624
0.117732 0.990624
0.117831 0.990624
0.117930 0.990624
0.118028 0.990624
0.118127 0.990624
0.118226 0.990624
0.118325 0.990624
0.118423 0.990624
0.118522 0.990624
0.118621 0.990624
0.118720 0.990624
0.118818 0.990624
0.118917 0.990624
0.119016 0.990624
0.119115 0.990624
0.119213 0.990624
0.119312 0.990624
0.119411 0.990624
0.119510 0.990624
0.119608 0.990624
0.119707 0.990624
0.119806 0.990624
0.119905 0.990624
0.120003 0.990624
0.120102 0.990624
0.120201 0.990624
0.120300 0.990624
0.120398 0.990624
0.120497 0.990624
0.120596 0.990624
0.120695 0.990624
0.120793 0.990624
0.120892 0.990624
0.120991 0.990624
0.121090 0.990624
0.121188 0.990624
0.121287 0.990624
0.121386 0.990624
0.121485 0.990624
0.121583 0.990624
0.121682 0.990624
0.121781 0.990624
0.121880 0.990624
0.121978 0.990624
0.122077 0.990624
0.122176 0.990624
0.122275 0.990624
0.122373 0.990624
0.122472 0.990624
0.122571 0.990624
0.122670 0.990624
0.122768 0.990624
0.122867 0.990624
0.122966 0.990624
0.123065 0.990624
0.123163 0.990624
0.123262 0.990624
0.123361 0.990624
0.123460 0.990624
0.123558 0.990624
0.123657 0.990624
0.123756 0.990624
0.123855 0.990624
0.123953 0.990624
0.124052 0.990263
0.124151 0.990263
0.124250 0.990263
0.124348 0.990263
0.124447 0.990263
0.124546 0.990263
0.124645 0.990263
0.124743 0.990263
0.124842 0.990263
0.124941 0.990263
0.125040 0.990263
0.125138 0.990263
0.125237 0.990263
0.125336 0.990263
0.125435 0.990263
0.125533 0.990263
0.125632 0.990263
0.125731 0.990263
0.125830 0.990263
0.125928 0.990263
0.126027 0.990263
0.126126 0.990263
0.126225 0.990263
0.126323 0.990263
0.126422 0.990263
0.126521 0.990263
0.126620 0.990263
0.126718 0.990263
0.126817 0.990263
0.126916 0.990263
0.127015 0.990263
0.127113 0.990263
0.127212 0.990263
0.127311 0.990263
0.127410 0.990263
0.127508 0.990263
0.127607 0.990263
0.127706 0.990263
0.127805 0.990263
0.127903 0.990263
0.128002 0.990263
0.128101 0.990263
0.128200 0.990263
0.128298 0.990263
0.128397 0.990263
0.128496 0.990263
0.128595 0.990263
0.128693 0.990263
0.128792 0.990263
0.128891 0.990263
0.128990 0.990263
0.129088 0.990263
0.129187 0.989903
0.129286 0.989903
0.129385 0.989903
0.129483 0.989903
0.129582 0.989903
0.129681 0.989903
0.129780 0.989903
0.129878 0.989542
0.129977 0.989542
0.130076 0.989542
0.130175 0.989542
0.130273 0.989542
0.130372 0.989542
0.130471 0.989542
0.130570 0.989542
0.130668 0.989542
0.130767 0.989542
0.130866 0.989542
0.130965 0.989542
0.131063 0.989542
0.131162 0.989542
0.131261 0.989542
0.131360 0.989542
0.131458 0.989542
0.131557 0.989181
0.131656 0.989181
0.131755 0.989181
0.131853 0.989181
0.131952 0.989181
0.132051 0.989181
0.132150 0.988821
0.132248 0.988821
0.132347 0.988821
0.132446 0.988821
0.132545 0.988821
0.132643 0.988821
0.132742 0.988821
0.132841 0.988821
0.132940 0.988821
0.133038 0.988821
0.133137 0.988821
0.133236 0.988821
0.133335 0.988821
0.133433 0.988460
0.133532 0.988460
0.133631 0.988460
0.133730 0.988460
0.133828 0.988460
0.133927 0.988460
0.134026 0.988100
0.134125 0.988100
0.134223 0.988100
0.134322 0.988100
0.134421 0.988100
0.134520 0.988100
0.134618 0.988100
0.134717 0.988100
0.134816 0.988100
0.134915 0.988100
0.135013 0.988100
0.135112 0.988100
0.135211 0.988100
0.135310 0.988100
0.135408 0.988100
0.135507 0.988100
0.135606 0.988100
0.135705 0.988100
0.135803 0.988100
0.135902 0.988100
0.136001 0.988100
0.136100 0.988100
0.136198 0.988100
0.136297 0.988100
0.136396 0.988100
0.136495 0.988100
0.136593 0.988100
0.136692 0.988100
0.136791 0.988100
0.136890 0.988100
0.136988 0.988100
0.137087 0.988100
0.137186 0.988100
0.137285 0.988100
0.137383 0.988100
0.137482 0.988100
0.137581 0.988100
0.137680 0.988100
0.137778 0.988100
0.137877 0.988100
0.137976 0.988100
0.138075 0.988100
0.138173 0.988100
0.138272 0.988100
0.138371 0.988100
0.138470 0.988100
0.138568 0.988100
0.138667 0.988100
0.138766 0.988100
0.138865 0.988100
0.138963 0.988100
0.139062 0.988100
0.139161 0.988100
0.139260 0.988100
0.139358 0.988100
0.139457 0.988100
0.139556 0.988100
0.139655 0.988100
0.139753 0.988100
0.139852 0.988100
0.139951 0.988100
0.140050 0.988100
0.140148 0.988100
0.140247 0.988100
0.140346 0.988100
0.140445 0.988100
0.140543 0.988100
0.140642 0.988100
0.140741 0.988100
0.140840 0.987739
0.140938 0.987739
0.141037 0.987739
0.141136 0.987739
0.141235 0.987739
0.141333 0.987739
0.141432 0.987739
0.141531 0.987739
0.141630 0.987739
0.141728 0.987739
0.141827 0.987739
0.141926 0.987739
0.142025 0.987739
0.142123 0.987739
0.142222 0.987739
0.142321 0.987739
0.142420 0.987378
0.142518 0.987378
0.142617 0.987378
0.142716 0.987378
0.142815 0.987018
0.142913 0.987018
0.143012 0.987018
0.143111 0.987018
0.143210 0.987018
0.143308 0.987018
0.143407 0.987018
0.143506 0.987018
0.143605 0.987018
0.143703 0.987018
0.143802 0.987018
0.143901 0.987018
0.144000 0.987018
0.144099 0.987018
0.144197 0.987018
0.144296 0.987018
0.144395 0.987018
0.144494 0.987018
0.144592 0.987018
0.144691 0.987018
0.144790 0.987018
0.144889 0.987018
0.144987 0.987018
0.145086 0.987018
0.145185 0.987018
0.145284 0.987018
0.145382 0.987018
0.145481 0.987018
0.145580 0.987018
0.145679 0.987018
0.145777 0.987018
0.145876 0.987018
0.145975 0.987018
0.146074 0.987018
0.146172 0.987018
0.146271 0.987018
0.146370 0.986296
0.146469 0.986296
0.146567 0.986296
0.146666 0.986296
0.146765 0.986296
0.146864 0.986296
0.146962 0.986296
0.147061 0.986296
0.147160 0.986296
0.147259 0.986296
0.147357 0.986296
0.147456 0.986296
0.147555 0.986296
0.147654 0.986296
0.147752 0.986296
0.147851 0.986296
0.147950 0.986296
0.148049 0.986296
0.148147 0.986296
0.148246 0.986296
0.148345 0.986296
0.148444 0.986296
0.148542 0.986296
0.148641 0.986296
0.148740 0.986296
0.148839 0.986296
0.148937 0.986296
0.149036 0.986296
0.149135 0.986296
0.149234 0.985936
0.149332 0.985936
0.149431 0.985936
0.149530 0.985936
0.149629 0.985936
0.149727 0.985575
0.149826 0.985575
0.149925 0.985575
0.150024 0.985575
0.150122 0.985575
0.150221 0.985575
0.150320 0.985575
0.150419 0.985575
0.150517 0.985575
0.150616 0.985215
0.150715 0.985215
0.150814 0.985215
0.150912 0.985215
0.151011 0.985215
0.151110 0.985215
0.151209 0.985215
0.151307 0.985215
0.151406 0.985215
0.151505 0.985215
0.151604 0.985215
0.151702 0.985215
0.151801 0.985215
0.151900 0.985215
0.151999 0.985215
0.152097 0.985215
0.152196 0.985215
0.152295 0.984854
0.152394 0.984854
0.152492 0.984854
0.152591 0.984854
0.152690 0.984854
0.152789 0.984854
0.152887 0.984854
0.152986 0.984854
0.153085 0.984854
0.153184 0.984854
0.153282 0.984854
0.153381 0.984854
0.153480 0.984854
0.153579 0.984854
0.153677 0.984854
0.153776 0.984854
0.153875 0.984854
0.153974 0.984854
0.154072 0.984854
0.154171 0.984854
0.154270 0.984854
0.154369 0.984854
0.154467 0.984854
0.154566 0.984854
0.154665 0.984854
0.154764 0.984854
0.154862 0.984854
0.154961 0.984854
0.155060 0.984854
0.155159 0.984854
0.155257 0.984854
0.155356 0.984854
0.155455 0.984854
0.155554 0.984854
0.155652 0.984854
0.155751 0.984854
0.155850 0.984854
0.155949 0.984854
0.156047 0.984854
0.156146 0.984854
0.156245 0.984854
0.156344 0.984854
0.156442 0.984854
0.156541 0.984854
0.156640 0.984854
0.156739 0.984854
0.156837 0.984854
0.156936 0.984854
0.157035 0.984854
0.157134 0.984854
0.157232 0.984493
0.157331 0.984493
0.157430 0.984493
0.157529 0.984493
0.157627 0.984493
0.157726 0.984493
0.157825 0.984493
0.157924 0.984493
0.158022 0.984493
0.158121 0.984493
0.158220 0.984493
0.158319 0.984493
0.158417 0.984493
0.158516 0.984493
0.158615 0.984493
0.158714 0.984493
0.158812 0.984493
0.158911 0.984493
0.159010 0.984493
0.159109 0.984493
0.159207 0.984493
0.159306 0.984493
0.159405 0.984493
0.159504 0.984493
0.159602 0.984493
0.159701 0.984493
0.159800 0.984493
0.159899 0.984493
0.159997 0.984493
0.160096 0.984493
0.160195 0.984493
0.160294 0.984493
0.160392 0.984493
0.160491 0.984493
0.160590 0.984493
0.160689 0.984133
0.160787 0.984133
0.160886 0.984133
0.160985 0.984133
0.161084 0.984133
0.161182 0.984133
0.161281 0.984133
0.161380 0.984133
0.161479 0.984133
0.161577 0.984133
0.161676 0.984133
0.161775 0.984133
0.161874 0.984133
0.161972 0.983772
0.162071 0.983772
0.162170 0.983772
0.162269 0.983772
0.162367 0.983411
0.162466 0.983411
0.162565 0.983411
0.162664 0.983411
0.162762 0.983411
0.162861 0.983411
0.162960 0.983411
0.163059 0.983411
0.163157 0.983411
0.163256 0.983411
0.163355 0.983411
0.163454 0.983411
0.163552 0.983411
0.163651 0.983411
0.163750 0.983411
0.163849 0.983411
0.163947 0.983411
0.164046 0.983411
0.164145 0.983411
0.164244 0.983411
0.164342 0.983411
0.164441 0.983411
0.164540 0.983411
0.164639 0.983411
0.164737 0.983051
0.164836 0.983051
0.164935 0.983051
0.165034 0.983051
0.165132 0.983051
0.165231 0.983051
0.165330 0.983051
0.165429 0.983051
0.165527 0.983051
0.165626 0.983051
0.165725 0.983051
0.165824 0.982690
0.165922 0.982690
0.166021 0.982690
0.166120 0.982690
0.166219 0.982690
0.166317 0.982690
0.166416 0.982690
0.166515 0.982690
0.166614 0.982330
0.166712 0.982330
0.166811 0.982330
0.166910 0.982330
0.167009 0.982330
0.167107 0.981969
0.167206 0.981969
0.167305 0.981969
0.167404 0.981969
0.167502 0.981969
0.167601 0.981969
0.167700 0.981969
0.167799 0.981969
0.167897 0.981969
0.167996 0.981969
0.168095 0.981969
0.168194 0.981969
0.168292 0.981969
0.168391 0.981969
0.168490 0.981969
0.168589 0.981969
0.168687 0.981969
0.168786 0.981969
0.168885 0.981608
0.168984 0.981608
0.169082 0.981608
0.169181 0.981608
0.169280 0.981608
0.169379 0.981608
0.169477 0.981608
0.169576 0.981608
0.169675 0.981608
0.169774 0.981608
0.169872 0.981608
0.169971 0.981608
0.170070 0.981608
0.170169 0.981248
0.170267 0.981248
0.170366 0.981248
0.170465 0.981248
0.170564 0.981248
0.170662 0.981248
0.170761 0.981248
0.170860 0.981248
0.170959 0.981248
0.171057 0.981248
0.171156 0.981248
0.171255 0.981248
0.171354 0.981248
0.171452 0.981248
0.171551 0.981248
0.171650 0.981248
0.171749 0.981248
0.171847 0.981248
0.171946 0.981248
0.172045 0.981248
0.172144 0.981248
0.172242 0.981248
0.172341 0.981248
0.172440 0.981248
0.172539 0.981248
0.172637 0.981248
0.172736 0.981248
0.172835 0.980887
0.172934 0.980887
0.173032 0.980887
0.173131 0.980887
0.173230 0.980887
0.173329 0.980887
0.173427 0.980887
0.173526 0.980527
0.173625 0.980527
0.173724 0.980527
0.173822 0.980527
0.173921 0.980527
0.174020 0.979805
0.174119 0.979805
0.174217 0.979805
0.174316 0.979805
0.174415 0.979805
0.174514 0.979805
0.174612 0.979805
0.174711 0.979805
0.174810 0.979805
0.174909 0.979805
0.175007 0.979805
0.175106 0.979805
0.175205 0.979805
0.175304 0.979805
0.175402 0.979445
0.175501 0.979445
0.175600 0.979445
0.175699 0.979445
0.175797 0.979445
0.175896 0.979445
0.175995 0.979445
0.176094 0.979445
0.176192 0.979445
0.176291 0.979445
0.176390 0.979445
0.176489 0.979445
0.176587 0.979445
0.176686 0.979445
0.176785 0.979445
0.176884 0.979084
0.176982 0.979084
0.177081 0.979084
0.177180 0.979084
0.177279 0.979084
0.177377 0.979084
0.177476 0.979084
0.177575 0.979084
0.177674 0.979084
0.177772 0.979084
0.177871 0.979084
0.177970 0.979084
0.178069 0.979084
0.178167 0.978723
0.178266 0.978723
0.178365 0.978723
0.178464 0.978723
0.178562 0.978723
0.178661 0.978723
0.178760 0.978723
0.178859 0.978723
0.178957 0.978723
0.179056 0.978723
0.179155 0.978723
0.179254 0.978723
0.179352 0.978723
0.179451 0.978723
0.179550 0.978723
0.179649 0.978723
0.179747 0.978723
0.179846 0.978723
0.179945 0.978723
0.180044 0.978723
0.180142 0.978723
0.180241 0.978723
0.180340 0.978723
0.180439 0.978723
0.180537 0.978723
0.180636 0.978723
0.180735 0.978723
0.180834 0.978723
0.180932 0.978723
0.181031 0.978723
0.181130 0.978723
0.181229 0.978723
0.181327 0.978723
0.181426 0.978723
0.181525 0.978723
0.181624 0.978723
0.181722 0.978723
0.181821 0.978723
0.181920 0.978723
0.182019 0.978723
0.182117 0.978723
0.182216 0.978723
0.182315 0.978723
0.182414 0.978723
0.182512 0.978723
0.182611 0.978723
0.182710 0.978723
0.182809 0.978723
0.182907 0.978723
0.183006 0.978723
0.183105 0.978723
0.183204 0.978723
0.183302 0.978723
0.183401 0.978723
0.183500 0.978723
0.183599 0.978723
0.183697 0.978723
0.183796 0.978723
0.183895 0.978723
0.183994 0.978723
0.184092 0.978723
0.184191 0.978723
0.184290 0.978723
0.184389 0.978723
0.184487 0.978723
0.184586 0.978723
0.184685 0.978723
0.184784 0.978723
0.184883 0.978723
0.184981 0.978723
0.185080 0.978723
0.185179 0.978723
0.185278 0.978363
0.185376 0.978363
0.185475 0.978363
0.185574 0.978363
0.185673 0.978363
0.185771 0.978363
0.185870 0.978363
0.185969 0.978363
0.186068 0.978363
0.186166 0.978002
0.186265 0.978002
0.186364 0.978002
0.186463 0.978002
0.186561 0.978002
0.186660 0.978002
0.186759 0.978002
0.186858 0.978002
0.186956 0.978002
0.187055 0.978002
0.187154 0.978002
0.187253 0.978002
0.187351 0.978002
0.187450 0.978002
0.187549 0.978002
0.187648 0.977642
0.187746 0.977642
0.187845 0.977642
0.187944 0.977642
0.188043 0.977642
0.188141 0.977642
0.188240 0.977281
0.188339 0.977281
0.188438 0.977281
0.188536 0.977281
0.188635 0.977281
0.188734 0.977281
0.188833 0.977281
0.188931 0.976920
0.189030 0.976920
0.189129 0.976920
0.189228 0.976920
0.189326 0.976920
0.189425 0.976920
0.189524 0.976920
0.189623 0.976920
0.189721 0.976920
0.189820 0.976920
0.189919 0.976920
0.190018 0.976920
0.190116 0.976920
0.190215 0.976920
0.190314 0.976560
0.190413 0.976560
0.190511 0.976560
0.190610 0.976560
0.190709 0.976560
0.190808 0.976560
0.190906 0.976560
0.191005 0.976560
0.191104 0.976560
0.191203 0.976560
0.191301 0.976560
0.191400 0.976560
0.191499 0.976560
0.191598 0.976560
0.191696 0.976560
0.191795 0.976560
0.191894 0.976560
0.191993 0.976560
0.192091 0.976560
0.192190 0.976560
0.192289 0.976560
0.192388 0.976560
0.192486 0.976560
0.192585 0.976560
0.192684 0.976560
0.192783 0.976560
0.192881 0.976560
0.192980 0.976560
0.193079 0.976560
0.193178 0.976560
0.193276 0.976560
0.193375 0.976560
0.193474 0.976560
0.193573 0.976560
0.193671 0.976560
0.193770 0.976560
0.193869 0.976560
0.193968 0.976560
0.194066 0.976560
0.194165 0.976560
0.194264 0.976560
0.194363 0.976560
0.194461 0.976560
0.194560 0.976560
0.194659 0.976560
0.194758 0.976560
0.194856 0.976560
0.194955 0.976560
0.195054 0.976560
0.195153 0.976560
0.195251 0.976560
0.195350 0.976560
0.195449 0.976560
0.195548 0.976560
0.195646 0.976560
0.195745 0.976560
0.195844 0.976560
0.195943 0.976560
0.196041 0.976560
0.196140 0.976560
0.196239 0.976560
0.196338 0.976560
0.196436 0.976560
0.196535 0.976560
0.196634 0.976560
0.196733 0.976560
0.196831 0.976560
0.196930 0.976560
0.197029 0.976560
0.197128 0.976560
0.197226 0.976560
0.197325 0.976560
0.197424 0.976560
0.197523 0.976560
0.197621 0.976560
0.197720 0.976560
0.197819 0.976560
0.197918 0.976560
0.198016 0.976560
0.198115 0.976560
0.198214 0.976560
0.198313 0.976560
0.198411 0.976560
0.198510 0.976199
0.198609 0.976199
0.198708 0.976199
0.198806 0.975838
0.198905 0.975838
0.199004 0.975838
0.199103 0.975838
0.199201 0.975838
0.199300 0.975838
0.199399 0.975838
0.199498 0.975838
0.199596 0.975838
0.199695 0.975838
0.199794 0.975838
0.199893 0.975838
0.199991 0.975838
0.200090 0.975838
0.200189 0.975478
0.200288 0.975478
0.200386 0.975478
0.200485 0.975478
0.200584 0.975478
0.200683 0.975478
0.200781 0.975478
0.200880 0.975478
0.200979 0.975478
0.201078 0.975478
0.201176 0.975478
0.201275 0.975117
0.201374 0.975117
0.201473 0.974757
0.201571 0.974757
0.201670 0.974757
0.201769 0.974757
0.201868 0.974757
0.201966 0.974757
0.202065 0.974757
0.202164 0.974757
0.202263 0.974396
0.202361 0.974396
0.202460 0.974396
0.202559 0.974396
0.202658 0.974396
0.202756 0.974396
0.202855 0.974396
0.202954 0.974396
0.203053 0.974396
0.203151 0.974396
0.203250 0.974396
0.203349 0.974396
0.203448 0.974396
0.203546 0.974396
0.203645 0.974396
0.203744 0.974396
0.203843 0.974396
0.203941 0.974396
0.204040 0.974396
0.204139 0.974396
0.204238 0.974035
0.204336 0.974035
0.204435 0.973675
0.204534 0.973675
0.204633 0.973675
0.204731 0.973675
0.204830 0.973675
0.204929 0.973675
0.205028 0.973675
0.205126 0.973675
0.205225 0.973675
0.205324 0.973675
0.205423 0.973675
0.205521 0.973314
0.205620 0.973314
0.205719 0.973314
0.205818 0.973314
0.205916 0.973314
0.206015 0.973314
0.206114 0.973314
0.206213 0.973314
0.206311 0.973314
0.206410 0.973314
0.206509 0.973314
0.206608 0.973314
0.206706 0.973314
0.206805 0.973314
0.206904 0.973314
0.207003 0.973314
0.207101 0.973314
0.207200 0.973314
0.207299 0.973314
0.207398 0.973314
0.207496 0.973314
0.207595 0.973314
0.207694 0.973314
0.207793 0.973314
0.207891 0.973314
0.207990 0.972953
0.208089 0.972953
0.208188 0.972953
0.208286 0.972953
0.208385 0.972953
0.208484 0.972953
0.208583 0.972953
0.208681 0.972953
0.208780 0.972953
0.208879 0.972953
0.208978 0.972953
0.209076 0.972953
0.209175 0.972953
0.209274 0.972953
0.209373 0.972953
0.209471 0.972953
0.209570 0.972593
0.209669 0.972593
0.209768 0.972593
0.209866 0.972593
0.209965 0.972593
0.210064 0.972232
0.210163 0.972232
0.210261 0.972232
0.210360 0.972232
0.210459 0.972232
0.210558 0.972232
0.210656 0.972232
0.210755 0.972232
0.210854 0.972232
0.210953 0.972232
0.211051 0.972232
0.211150 0.972232
0.211249 0.972232
0.211348 0.971872
0.211446 0.971872
0.211545 0.971872
0.211644 0.971872
0.211743 0.971872
0.211841 0.971872
0.211940 0.971872
0.212039 0.971872
0.212138 0.971511
0.212236 0.971511
0.212335 0.971511
0.212434 0.971511
0.212533 0.971511
0.212631 0.971150
0.212730 0.971150
0.212829 0.970790
0.212928 0.970790
0.213026 0.970790
0.213125 0.970790
0.213224 0.970790
0.213323 0.970790
0.213421 0.970790
0.213520 0.970790
0.213619 0.970790
0.213718 0.970790
0.213816 0.970790
0.213915 0.970790
0.214014 0.970790
0.214113 0.970790
0.214211 0.970790
0.214310 0.970790
0.214409 0.970790
0.214508 0.970790
0.214606 0.970790
0.214705 0.970790
0.214804 0.970790
0.214903 0.970790
0.215001 0.970790
0.215100 0.970790
0.215199 0.970790
0.215298 0.970790
0.215396 0.970790
0.215495 0.970790
0.215594 0.970790
0.215693 0.970790
0.215791 0.970790
0.215890 0.970429
0.215989 0.970429
0.216088 0.970429
0.216186 0.970069
0.216285 0.970069
0.216384 0.970069
0.216483 0.970069
0.216581 0.969708
0.216680 0.969708
0.216779 0.969347
0.216878 0.969347
0.216976 0.969347
0.217075 0.969347
0.217174 0.969347
0.217273 0.969347
0.217371 0.969347
0.217470 0.969347
0.217569 0.969347
0.217668 0.969347
0.217766 0.969347
0.217865 0.969347
0.217964 0.969347
0.218063 0.969347
0.218161 0.968987
0.218260 0.968987
0.218359 0.968987
0.218458 0.968987
0.218556 0.968987
0.218655 0.968987
0.218754 0.968987
0.218853 0.968987
0.218951 0.968987
0.219050 0.968987
0.219149 0.968987
0.219248 0.968987
0.219346 0.968987
0.219445 0.968987
0.219544 0.968987
0.219643 0.968987
0.219741 0.968987
0.219840 0.968987
0.219939 0.968987
0.220038 0.968987
0.220136 0.968987
0.220235 0.968987
0.220334 0.968987
0.220433 0.968987
0.220531 0.968987
0.220630 0.968987
0.220729 0.968626
0.220828 0.968626
0.220926 0.968626
0.221025 0.968626
0.221124 0.968626
0.221223 0.968626
0.221321 0.968626
0.221420 0.968626
0.221519 0.968626
0.221618 0.968626
0.221716 0.968626
0.221815 0.968626
0.221914 0.968626
0.222013 0.968626
0.222111 0.968626
0.222210 0.968626
0.222309 0.968626
0.222408 0.968626
0.222506 0.968626
0.222605 0.968265
0.222704 0.968265
0.222803 0.968265
0.222901 0.968265
0.223000 0.967905
0.223099 0.967905
0.223198 0.967905
0.223296 0.967905
0.223395 0.967905
0.223494 0.967905
0.223593 0.967905
0.223691 0.967905
0.223790 0.967544
0.223889 0.967544
0.223988 0.967544
0.224086 0.967544
0.224185 0.967544
0.224284 0.967544
0.224383 0.967544
0.224481 0.967544
0.224580 0.967184
0.224679 0.967184
0.224778 0.967184
0.224876 0.967184
0.224975 0.966823
0.225074 0.966823
0.225173 0.966823
0.225272 0.966823
0.225370 0.966823
0.225469 0.966823
0.225568 0.966823
0.225667 0.966823
0.225765 0.966823
0.225864 0.966823
0.225963 0.966823
0.226062 0.966823
0.226160 0.966823
0.226259 0.966823
0.226358 0.966823
0.226457 0.966823
0.226555 0.966823
0.226654 0.966462
0.226753 0.966462
0.226852 0.966462
0.226950 0.966462
0.227049 0.966462
0.227148 0.966462
0.227247 0.966462
0.227345 0.966462
0.227444 0.966462
0.227543 0.966462
0.227642 0.966102
0.227740 0.966102
0.227839 0.966102
0.227938 0.966102
0.228037 0.965741
0.228135 0.965741
0.228234 0.965741
0.228333 0.965741
0.228432 0.965741
0.228530 0.965741
0.228629 0.965380
0.228728 0.965380
0.228827 0.965380
0.228925 0.965380
0.229024 0.965380
0.229123 0.965380
0.229222 0.965380
0.229320 0.965020
0.229419 0.965020
0.229518 0.965020
0.229617 0.965020
0.229715 0.964659
0.229814 0.964299
0.229913 0.964299
0.230012 0.964299
0.230110 0.964299
0.230209 0.964299
0.230308 0.964299
0.230407 0.964299
0.230505 0.964299
0.230604 0.964299
0.230703 0.964299
0.230802 0.964299
0.230900 0.964299
0.230999 0.964299
0.231098 0.964299
0.231197 0.964299
0.231295 0.964299
0.231394 0.963938
0.231493 0.963938
0.231592 0.963938
0.231690 0.963577
0.231789 0.963577
0.231888 0.963577
0.231987 0.963217
0.232085 0.963217
0.232184 0.963217
0.232283 0.963217
0.232382 0.963217
0.232480 0.963217
0.232579 0.963217
0.232678 0.962856
0.232777 0.962856
0.232875 0.962856
0.232974 0.962856
0.233073 0.962856
0.233172 0.962856
0.233270 0.962856
0.233369 0.962856
0.233468 0.962856
0.233567 0.962856
0.233665 0.962856
0.233764 0.962856
0.233863 0.962856
0.233962 0.962856
0.234060 0.962856
0.234159 0.962856
0.234258 0.962856
0.234357 0.962856
0.234455 0.962856
0.234554 0.962856
0.234653 0.962856
0.234752 0.962856
0.234850 0.962856
0.234949 0.962856
0.235048 0.962856
0.235147 0.962856
0.235245 0.962856
0.235344 0.962495
0.235443 0.962495
0.235542 0.962495
0.235640 0.962495
0.235739 0.962495
0.235838 0.962495
0.235937 0.962495
0.236035 0.962495
0.236134 0.962135
0.236233 0.962135
0.236332 0.962135
0.236430 0.962135
0.236529 0.962135
0.236628 0.962135
0.236727 0.962135
0.236825 0.962135
0.236924 0.962135
0.237023 0.962135
0.237122 0.962135
0.237220 0.962135
0.237319 0.962135
0.237418 0.962135
0.237517 0.961774
0.237615 0.961774
0.237714 0.961774
0.237813 0.961774
0.237912 0.961774
0.238010 0.961774
0.238109 0.961774
0.238208 0.961414
0.238307 0.961414
0.238405 0.961053
0.238504 0.961053
0.238603 0.961053
0.238702 0.961053
0.238800 0.961053
0.238899 0.961053
0.238998 0.961053
0.239097 0.961053
0.239195 0.961053
0.239294 0.961053
0.239393 0.961053
0.239492 0.961053
0.239590 0.961053
0.239689 0.961053
0.239788 0.961053
0.239887 0.961053
0.239985 0.961053
0.240084 0.961053
0.240183 0.961053
0.240282 0.961053
0.240380 0.960692
0.240479 0.960692
0.240578 0.960692
0.240677 0.960692
0.240775 0.960692
0.240874 0.960692
0.240973 0.960332
0.241072 0.960332
0.241170 0.960332
0.241269 0.960332
0.241368 0.960332
0.241467 0.960332
0.241565 0.960332
0.241664 0.960332
0.241763 0.960332
0.241862 0.960332
0.241960 0.960332
0.242059 0.960332
0.242158 0.960332
0.242257 0.960332
0.242355 0.960332
0.242454 0.959971
0.242553 0.959971
0.242652 0.959971
0.242750 0.959971
0.242849 0.959971
0.242948 0.959611
0.243047 0.959250
0.243145 0.959250
0.243244 0.959250
0.243343 0.959250
0.243442 0.959250
0.243540 0.959250
0.243639 0.959250
0.243738 0.959250
0.243837 0.959250
0.243935 0.958889
0.244034 0.958889
0.244133 0.958889
0.244232 0.958889
0.244330 0.958529
0.244429 0.958168
0.244528 0.958168
0.244627 0.957807
0.244725 0.957807
0.244824 0.957807
0.244923 0.957807
0.245022 0.957807
0.245120 0.957807
0.245219 0.957807
0.245318 0.957807
0.245417 0.957807
0.245515 0.957807
0.245614 0.957807
0.245713 0.957807
0.245812 0.957807
0.245910 0.957807
0.246009 0.957807
0.246108 0.957807
0.246207 0.957807
0.246305 0.957807
0.246404 0.957807
0.246503 0.957807
0.246602 0.957807
0.246700 0.957807
0.246799 0.957447
0.246898 0.957447
0.246997 0.957447
0.247095 0.957447
0.247194 0.957086
0.247293 0.957086
0.247392 0.957086
0.247490 0.957086
0.247589 0.957086
0.247688 0.957086
0.247787 0.957086
0.247885 0.957086
0.247984 0.957086
0.248083 0.957086
0.248182 0.957086
0.248280 0.957086
0.248379 0.957086
0.248478 0.957086
0.248577 0.957086
0.248675 0.957086
0.248774 0.957086
0.248873 0.957086
0.248972 0.956726
0.249070 0.956726
0.249169 0.956726
0.249268 0.956726
0.249367 0.956726
0.249465 0.956726
0.249564 0.956726
0.249663 0.956726
0.249762 0.956726
0.249860 0.956726
0.249959 0.956726
0.250058 0.956726
0.250157 0.956365
0.250255 0.956365
0.250354 0.956365
0.250453 0.956365
0.250552 0.956365
0.250650 0.956365
0.250749 0.956365
0.250848 0.956365
0.250947 0.956365
0.251045 0.956365
0.251144 0.956365
0.251243 0.956004
0.251342 0.956004
0.251440 0.956004
0.251539 0.956004
0.251638 0.956004
0.251737 0.956004
0.251835 0.956004
0.251934 0.956004
0.252033 0.956004
0.252132 0.956004
0.252230 0.956004
0.252329 0.956004
0.252428 0.955644
0.252527 0.955644
0.252625 0.955644
0.252724 0.955644
0.252823 0.955644
0.252922 0.955644
0.253020 0.955283
0.253119 0.955283
0.253218 0.955283
0.253317 0.955283
0.253415 0.955283
0.253514 0.955283
0.253613 0.955283
0.253712 0.955283
0.253810 0.955283
0.253909 0.955283
0.254008 0.955283
0.254107 0.955283
0.254205 0.955283
0.254304 0.955283
0.254403 0.954922
0.254502 0.954922
0.254600 0.954922
0.254699 0.954922
0.254798 0.954922
0.254897 0.954922
0.254995 0.954922
0.255094 0.954922
0.255193 0.954922
0.255292 0.954922
0.255390 0.954922
0.255489 0.954922
0.255588 0.954922
0.255687 0.954922
0.255785 0.954562
0.255884 0.954562
0.255983 0.954562
0.256082 0.954562
0.256180 0.954562
0.256279 0.954562
0.256378 0.954562
0.256477 0.954562
0.256575 0.954562
0.256674 0.954562
0.256773 0.954201
0.256872 0.954201
0.256970 0.954201
0.257069 0.954201
0.257168 0.954201
0.257267 0.954201
0.257365 0.954201
0.257464 0.954201
0.257563 0.954201
0.257662 0.954201
0.257760 0.954201
0.257859 0.954201
0.257958 0.954201
0.258057 0.954201
0.258155 0.953841
0.258254 0.953841
0.258353 0.953841
0.258452 0.953841
0.258550 0.953841
0.258649 0.953480
0.258748 0.953480
0.258847 0.953480
0.258945 0.953480
0.259044 0.953480
0.259143 0.953480
0.259242 0.953119
0.259340 0.953119
0.259439 0.953119
0.259538 0.953119
0.259637 0.953119
0.259735 0.953119
0.259834 0.953119
0.259933 0.953119
0.260032 0.953119
0.260130 0.953119
0.260229 0.953119
0.260328 0.953119
0.260427 0.952759
0.260525 0.952398
0.260624 0.952398
0.260723 0.952398
0.260822 0.952398
0.260920 0.952398
0.261019 0.952398
0.261118 0.952398
0.261217 0.952398
0.261315 0.952398
0.261414 0.952398
0.261513 0.952038
0.261612 0.952038
0.261710 0.952038
0.261809 0.952038
0.261908 0.952038
0.262007 0.952038
0.262105 0.952038
0.262204 0.952038
0.262303 0.952038
0.262402 0.952038
0.262500 0.952038
0.262599 0.952038
0.262698 0.952038
0.262797 0.952038
0.262895 0.952038
0.262994 0.952038
0.263093 0.952038
0.263192 0.952038
0.263290 0.952038
0.263389 0.952038
0.263488 0.952038
0.263587 0.951677
0.263685 0.951677
0.263784 0.951677
0.263883 0.951677
0.263982 0.951677
0.264080 0.951677
0.264179 0.951677
0.264278 0.951677
0.264377 0.951677
0.264475 0.951677
0.264574 0.951677
0.264673 0.951677
0.264772 0.951677
0.264870 0.951677
0.264969 0.951677
0.265068 0.951677
0.265167 0.951677
0.265265 0.951677
0.265364 0.951677
0.265463 0.951677
0.265562 0.951677
0.265660 0.951677
0.265759 0.951677
0.265858 0.951677
0.265957 0.951677
0.266056 0.951677
0.266154 0.951677
0.266253 0.951677
0.266352 0.951677
0.266451 0.951677
0.266549 0.951677
0.266648 0.951677
0.266747 0.951677
0.266846 0.951677
0.266944 0.951677
0.267043 0.951677
0.267142 0.951677
0.267241 0.951677
0.267339 0.951677
0.267438 0.951677
0.267537 0.951677
0.267636 0.951677
0.267734 0.951677
0.267833 0.951677
0.267932 0.951677
0.268031 0.951316
0.268129 0.950956
0.268228 0.950956
0.268327 0.950595
0.268426 0.950595
0.268524 0.950595
0.268623 0.950234
0.268722 0.949874
0.268821 0.949513
0.268919 0.949153
0.269018 0.949153
0.269117 0.949153
0.269216 0.949153
0.269314 0.949153
0.269413 0.949153
0.269512 0.949153
0.269611 0.949153
0.269709 0.949153
0.269808 0.949153
0.269907 0.949153
0.270006 0.949153
0.270104 0.949153
0.270203 0.949153
0.270302 0.948792
0.270401 0.948431
0.270499 0.948431
0.270598 0.948431
0.270697 0.948431
0.270796 0.948431
0.270894 0.948431
0.270993 0.948431
0.271092 0.948431
0.271191 0.948431
0.271289 0.948431
0.271388 0.948431
0.271487 0.948431
0.271586 0.948431
0.271684 0.948431
0.271783 0.948431
0.271882 0.948431
0.271981 0.948431
0.272079 0.948431
0.272178 0.948431
0.272277 0.948431
0.272376 0.948431
0.272474 0.948431
0.272573 0.948431
0.272672 0.948431
0.272771 0.948431
0.272869 0.948431
0.272968 0.948431
0.273067 0.948431
0.273166 0.948431
0.273264 0.948431
0.273363 0.948071
0.273462 0.948071
0.273561 0.948071
0.273659 0.948071
0.273758 0.948071
0.273857 0.948071
0.273956 0.948071
0.274054 0.948071
0.274153 0.948071
0.274252 0.948071
0.274351 0.948071
0.274449 0.948071
0.274548 0.948071
0.274647 0.947710
0.274746 0.947710
0.274844 0.947710
0.274943 0.947710
0.275042 0.947710
0.275141 0.947710
0.275239 0.947710
0.275338 0.947710
0.275437 0.947710
0.275536 0.947710
0.275634 0.947710
0.275733 0.947710
0.275832 0.947349
0.275931 0.947349
0.276029 0.946989
0.276128 0.946989
0.276227 0.946989
0.276326 0.946989
0.276424 0.946989
0.276523 0.946989
0.276622 0.946989
0.276721 0.946989
0.276819 0.946989
0.276918 0.946989
0.277017 0.946628
0.277116 0.946628
0.277214 0.946628
0.277313 0.946628
0.277412 0.946628
0.277511 0.946628
0.277609 0.946628
0.277708 0.946628
0.277807 0.946268
0.277906 0.946268
0.278004 0.946268
0.278103 0.946268
0.278202 0.946268
0.278301 0.946268
0.278399 0.946268
0.278498 0.946268
0.278597 0.946268
0.278696 0.946268
0.278794 0.945907
0.278893 0.945907
0.278992 0.945907
0.279091 0.945546
0.279189 0.945546
0.279288 0.945186
0.279387 0.944825
0.279486 0.944825
0.279584 0.944825
0.279683 0.944825
0.279782 0.944825
0.279881 0.944825
0.279979 0.944464
0.280078 0.944464
0.280177 0.944104
0.280276 0.944104
0.280374 0.943743
0.280473 0.943743
0.280572 0.943743
0.280671 0.943743
0.280769 0.943743
0.280868 0.943383
0.280967 0.943383
0.281066 0.943022
0.281164 0.943022
0.281263 0.943022
0.281362 0.943022
0.281461 0.943022
0.281559 0.943022
0.281658 0.943022
0.281757 0.943022
0.281856 0.943022
0.281954 0.943022
0.282053 0.943022
0.282152 0.943022
0.282251 0.943022
0.282349 0.942661
0.282448 0.942661
0.282547 0.942661
0.282646 0.942301
0.282744 0.942301
0.282843 0.942301
0.282942 0.942301
0.283041 0.942301
0.283139 0.942301
0.283238 0.942301
0.283337 0.941940
0.283436 0.941940
0.283534 0.941940
0.283633 0.941940
0.283732 0.941940
0.283831 0.941940
0.283929 0.941940
0.284028 0.941940
0.284127 0.941940
0.284226 0.941940
0.284324 0.941940
0.284423 0.941940
0.284522 0.941940
0.284621 0.941940
0.284719 0.941580
0.284818 0.941219
0.284917 0.941219
0.285016 0.941219
0.285114 0.940858
0.285213 0.940858
0.285312 0.940858
0.285411 0.940858
0.285509 0.940858
0.285608 0.940858
0.285707 0.940498
0.285806 0.940498
0.285904 0.940137
0.286003 0.940137
0.286102 0.940137
0.286201 0.940137
0.286299 0.940137
0.286398 0.940137
0.286497 0.940137
0.286596 0.940137
0.286694 0.940137
0.286793 0.940137
0.286892 0.940137
0.286991 0.940137
0.287089 0.940137
0.287188 0.940137
0.287287 0.940137
0.287386 0.940137
0.287484 0.939776
0.287583 0.939776
0.287682 0.939416
0.287781 0.939416
0.287879 0.939416
0.287978 0.939416
0.288077 0.939416
0.288176 0.939416
0.288274 0.939416
0.288373 0.939416
0.288472 0.939055
0.288571 0.939055
0.288669 0.938695
0.288768 0.938695
0.288867 0.938695
0.288966 0.938695
0.289064 0.938695
0.289163 0.938334
0.289262 0.938334
0.289361 0.938334
0.289459 0.938334
0.289558 0.938334
0.289657 0.938334
0.289756 0.938334
0.289854 0.938334
0.289953 0.938334
0.290052 0.938334
0.290151 0.938334
0.290249 0.938334
0.290348 0.938334
0.290447 0.938334
0.290546 0.937973
0.290644 0.937973
0.290743 0.937973
0.290842 0.937613
0.290941 0.937613
0.291039 0.937613
0.291138 0.936891
0.291237 0.936891
0.291336 0.936891
0.291434 0.936891
0.291533 0.936891
0.291632 0.936891
0.291731 0.936891
0.291829 0.936891
0.291928 0.936531
0.292027 0.936531
0.292126 0.936531
0.292224 0.936531
0.292323 0.936531
0.292422 0.936531
0.292521 0.936531
0.292619 0.936531
0.292718 0.936531
0.292817 0.936170
0.292916 0.936170
0.293014 0.936170
0.293113 0.936170
0.293212 0.936170
0.293311 0.936170
0.293409 0.936170
0.293508 0.936170
0.293607 0.936170
0.293706 0.936170
0.293804 0.936170
0.293903 0.936170
0.294002 0.936170
0.294101 0.936170
0.294199 0.936170
0.294298 0.936170
0.294397 0.936170
0.294496 0.936170
0.294594 0.936170
0.294693 0.936170
0.294792 0.936170
0.294891 0.936170
0.294989 0.936170
0.295088 0.936170
0.295187 0.936170
0.295286 0.936170
0.295384 0.935810
0.295483 0.935810
0.295582 0.935810
0.295681 0.935810
0.295779 0.935810
0.295878 0.935810
0.295977 0.935449
0.296076 0.935449
0.296174 0.935449
0.296273 0.935449
0.296372 0.935449
0.296471 0.935449
0.296569 0.935449
0.296668 0.935449
0.296767 0.935449
0.296866 0.935449
0.296964 0.935449
0.297063 0.935449
0.297162 0.935449
0.297261 0.935449
0.297359 0.935088
0.297458 0.935088
0.297557 0.934728
0.297656 0.934728
0.297754 0.934728
0.297853 0.934728
0.297952 0.934728
0.298051 0.934728
0.298149 0.934728
0.298248 0.934728
0.298347 0.934728
0.298446 0.934728
0.298544 0.934728
0.298643 0.934728
0.298742 0.934728
0.298841 0.934367
0.298939 0.934006
0.299038 0.934006
0.299137 0.934006
0.299236 0.934006
0.299334 0.934006
0.299433 0.934006
0.299532 0.934006
0.299631 0.933646
0.299729 0.933646
0.299828 0.933646
0.299927 0.933646
0.300026 0.933646
0.300124 0.933646
0.300223 0.933646
0.300322 0.933646
0.300421 0.933646
0.300519 0.933646
0.300618 0.933646
0.300717 0.933646
0.300816 0.933646
0.300914 0.933285
0.301013 0.933285
0.301112 0.933285
0.301211 0.933285
0.301309 0.933285
0.301408 0.933285
0.301507 0.932925
0.301606 0.932925
0.301704 0.932564
0.301803 0.932564
0.301902 0.932564
0.302001 0.932564
0.302099 0.932564
0.302198 0.932564
0.302297 0.932564
0.302396 0.932564
0.302494 0.932564
0.302593 0.932564
0.302692 0.932564
0.302791 0.932564
0.302889 0.932564
0.302988 0.932564
0.303087 0.932564
0.303186 0.932564
0.303284 0.932564
0.303383 0.932564
0.303482 0.932564
0.303581 0.932203
0.303679 0.932203
0.303778 0.932203
0.303877 0.932203
0.303976 0.932203
0.304074 0.931843
0.304173 0.931843
0.304272 0.931843
0.304371 0.931843
0.304469 0.931843
0.304568 0.931843
0.304667 0.931482
0.304766 0.931482
0.304864 0.931482
0.304963 0.931482
0.305062 0.931482
0.305161 0.931482
0.305259 0.931482
0.305358 0.931482
0.305457 0.931482
0.305556 0.931482
0.305654 0.931482
0.305753 0.931482
0.305852 0.931482
0.305951 0.931482
0.306049 0.931482
0.306148 0.931482
0.306247 0.931482
0.306346 0.931482
0.306444 0.931482
0.306543 0.931482
0.306642 0.931482
0.306741 0.931482
0.306840 0.931482
0.306938 0.931482
0.307037 0.931482
0.307136 0.931482
0.307235 0.931482
0.307333 0.931482
0.307432 0.931482
0.307531 0.931482
0.307630 0.931482
0.307728 0.931122
0.307827 0.931122
0.307926 0.930761
0.308025 0.930761
0.308123 0.930761
0.308222 0.930761
0.308321 0.930761
0.308420 0.930761
0.308518 0.930400
0.308617 0.930400
0.308716 0.930400
0.308815 0.930400
0.308913 0.930400
0.309012 0.930040
0.309111 0.929679
0.309210 0.929318
0.309308 0.929318
0.309407 0.929318
0.309506 0.928958
0.309605 0.928958
0.309703 0.928958
0.309802 0.928958
0.309901 0.928958
0.310000 0.928958
0.310098 0.928958
0.310197 0.928597
0.310296 0.928597
0.310395 0.928237
0.310493 0.927876
0.310592 0.927876
0.310691 0.927876
0.310790 0.927876
0.310888 0.927876
0.310987 0.927876
0.311086 0.927876
0.311185 0.927876
0.311283 0.927515
0.311382 0.927155
0.311481 0.927155
0.311580 0.927155
0.311678 0.927155
0.311777 0.927155
0.311876 0.927155
0.311975 0.927155
0.312073 0.927155
0.312172 0.927155
0.312271 0.926794
0.312370 0.926794
0.312468 0.926794
0.312567 0.926794
0.312666 0.926433
0.312765 0.926433
0.312863 0.926433
0.312962 0.926433
0.313061 0.926433
0.313160 0.926433
0.313258 0.926433
0.313357 0.926433
0.313456 0.926073
0.313555 0.926073
0.313653 0.926073
0.313752 0.925712
0.313851 0.925712
0.313950 0.925712
0.314048 0.925712
0.314147 0.925712
0.314246 0.925352
0.314345 0.925352
0.314443 0.925352
0.314542 0.925352
0.314641 0.924991
0.314740 0.924991
0.314838 0.924991
0.314937 0.924991
0.315036 0.924630
0.315135 0.924630
0.315233 0.924630
0.315332 0.924630
0.315431 0.923909
0.315530 0.923909
0.315628 0.923188
0.315727 0.923188
0.315826 0.923188
0.315925 0.923188
0.316023 0.923188
0.316122 0.923188
0.316221 0.923188
0.316320 0.923188
0.316418 0.923188
0.316517 0.923188
0.316616 0.922827
0.316715 0.922467
0.316813 0.922467
0.316912 0.922467
0.317011 0.922467
0.317110 0.922467
0.317208 0.922106
0.317307 0.921745
0.317406 0.921745
0.317505 0.921385
0.317603 0.921024
0.317702 0.921024
0.317801 0.921024
0.317900 0.921024
0.317998 0.921024
0.318097 0.921024
0.318196 0.921024
0.318295 0.921024
0.318393 0.921024
0.318492 0.921024
0.318591 0.921024
0.318690 0.921024
0.318788 0.921024
0.318887 0.921024
0.318986 0.921024
0.319085 0.921024
0.319183 0.921024
0.319282 0.921024
0.319381 0.921024
0.319480 0.921024
0.319578 0.921024
0.319677 0.921024
0.319776 0.921024
0.319875 0.921024
0.319973 0.920664
0.320072 0.920664
0.320171 0.920664
0.320270 0.920664
0.320368 0.920303
0.320467 0.920303
0.320566 0.920303
0.320665 0.920303
0.320763 0.920303
0.320862 0.919221
0.320961 0.919221
0.321060 0.919221
0.321158 0.919221
0.321257 0.919221
0.321356 0.919221
0.321455 0.919221
0.321553 0.919221
0.321652 0.919221
0.321751 0.919221
0.321850 0.919221
0.321948 0.919221
0.322047 0.919221
0.322146 0.918860
0.322245 0.918860
0.322343 0.918500
0.322442 0.917779
0.322541 0.917779
0.322640 0.917779
0.322738 0.917779
0.322837 0.917779
0.322936 0.917779
0.323035 0.917779
0.323133 0.917779
0.323232 0.917779
0.323331 0.917779
0.323430 0.917779
0.323528 0.917779
0.323627 0.917418
0.323726 0.917418
0.323825 0.917418
0.323923 0.917418
0.324022 0.917418
0.324121 0.917057
0.324220 0.917057
0.324318 0.916697
0.324417 0.916697
0.324516 0.916697
0.324615 0.916336
0.324713 0.915975
0.324812 0.915615
0.324911 0.915615
0.325010 0.915615
0.325108 0.915615
0.325207 0.915254
0.325306 0.914894
0.325405 0.914894
0.325503 0.914894
0.325602 0.914533
0.325701 0.914533
0.325800 0.914533
0.325898 0.914533
0.325997 0.914533
0.326096 0.914533
0.326195 0.914533
0.326293 0.914533
0.326392 0.914533
0.326491 0.914533
0.326590 0.914533
0.326688 0.914172
0.326787 0.914172
0.326886 0.914172
0.326985 0.914172
0.327083 0.914172
0.327182 0.914172
0.327281 0.914172
0.327380 0.914172
0.327478 0.914172
0.327577 0.914172
0.327676 0.914172
0.327775 0.914172
0.327873 0.914172
0.327972 0.914172
0.328071 0.914172
0.328170 0.914172
0.328268 0.914172
0.328367 0.914172
0.328466 0.914172
0.328565 0.914172
0.328663 0.913812
0.328762 0.913812
0.328861 0.913812
0.328960 0.913451
0.329058 0.913451
0.329157 0.913451
0.329256 0.913451
0.329355 0.913451
0.329453 0.913451
0.329552 0.913451
0.329651 0.913091
0.329750 0.913091
0.329848 0.913091
0.329947 0.913091
0.330046 0.913091
0.330145 0.912730
0.330243 0.912730
0.330342 0.912730
0.330441 0.912369
0.330540 0.912369
0.330638 0.912369
0.330737 0.912369
0.330836 0.912369
0.330935 0.912369
0.331033 0.912009
0.331132 0.912009
0.331231 0.912009
0.331330 0.911648
0.331428 0.911648
0.331527 0.911648
0.331626 0.911648
0.331725 0.911648
0.331823 0.911648
0.331922 0.911648
0.332021 0.911648
0.332120 0.911648
0.332218 0.911287
0.332317 0.911287
0.332416 0.911287
0.332515 0.911287
0.332613 0.911287
0.332712 0.911287
0.332811 0.911287
0.332910 0.910927
0.333008 0.910927
0.333107 0.910927
0.333206 0.910927
0.333305 0.910566
0.333403 0.910206
0.333502 0.910206
0.333601 0.909845
0.333700 0.909845
0.333798 0.909484
0.333897 0.909484
0.333996 0.909124
0.334095 0.909124
0.334193 0.908402
0.334292 0.908402
0.334391 0.908402
0.334490 0.908402
0.334588 0.908402
0.334687 0.908402
0.334786 0.908402
0.334885 0.908402
0.334983 0.908402
0.335082 0.908042
0.335181 0.908042
0.335280 0.908042
0.335378 0.908042
0.335477 0.908042
0.335576 0.908042
0.335675 0.908042
0.335773 0.908042
0.335872 0.908042
0.335971 0.908042
0.336070 0.907681
0.336168 0.907681
0.336267 0.907321
0.336366 0.907321
0.336465 0.907321
0.336563 0.907321
0.336662 0.907321
0.336761 0.907321
0.336860 0.907321
0.336958 0.907321
0.337057 0.907321
0.337156 0.907321
0.337255 0.907321
0.337353 0.907321
0.337452 0.907321
0.337551 0.907321
0.337650 0.907321
0.337748 0.906960
0.337847 0.906960
0.337946 0.906960
0.338045 0.906960
0.338143 0.906960
0.338242 0.906960
0.338341 0.906960
0.338440 0.906960
0.338538 0.906960
0.338637 0.906960
0.338736 0.906599
0.338835 0.906239
0.338933 0.906239
0.339032 0.906239
0.339131 0.906239
0.339230 0.906239
0.339328 0.906239
0.339427 0.906239
0.339526 0.905878
0.339625 0.905878
0.339723 0.905517
0.339822 0.905517
0.339921 0.905517
0.340020 0.905517
0.340118 0.905517
0.340217 0.905517
0.340316 0.905517
0.340415 0.905157
0.340513 0.904796
0.340612 0.904436
0.340711 0.904436
0.340810 0.904436
0.340908 0.904075
0.341007 0.904075
0.341106 0.904075
0.341205 0.904075
0.341303 0.904075
0.341402 0.904075
0.341501 0.904075
0.341600 0.903354
0.341698 0.903354
0.341797 0.903354
0.341896 0.903354
0.341995 0.902993
0.342093 0.902993
0.342192 0.902993
0.342291 0.902993
0.342390 0.902993
0.342488 0.902993
0.342587 0.902993
0.342686 0.902993
0.342785 0.902993
0.342883 0.902993
0.342982 0.902993
0.343081 0.902993
0.343180 0.902993
0.343278 0.902993
0.343377 0.902272
0.343476 0.902272
0.343575 0.902272
0.343673 0.902272
0.343772 0.902272
0.343871 0.902272
0.343970 0.902272
0.344068 0.902272
0.344167 0.902272
0.344266 0.902272
0.344365 0.902272
0.344463 0.902272
0.344562 0.902272
0.344661 0.902272
0.344760 0.902272
0.344858 0.901911
0.344957 0.901911
0.345056 0.901911
0.345155 0.901911
0.345253 0.901911
0.345352 0.901551
0.345451 0.901551
0.345550 0.901551
0.345648 0.901551
0.345747 0.901551
0.345846 0.901551
0.345945 0.901551
0.346043 0.901551
0.346142 0.901190
0.346241 0.901190
0.346340 0.900829
0.346438 0.900829
0.346537 0.900469
0.346636 0.900108
0.346735 0.900108
0.346833 0.900108
0.346932 0.900108
0.347031 0.899748
0.347130 0.899387
0.347228 0.899387
0.347327 0.899387
0.347426 0.899387
0.347525 0.899387
0.347624 0.899026
0.347722 0.899026
0.347821 0.899026
0.347920 0.898666
0.348019 0.898305
0.348117 0.898305
0.348216 0.898305
0.348315 0.898305
0.348414 0.898305
0.348512 0.898305
0.348611 0.898305
0.348710 0.898305
0.348809 0.898305
0.348907 0.898305
0.349006 0.898305
0.349105 0.898305
0.349204 0.898305
0.349302 0.897584
0.349401 0.897584
0.349500 0.897584
0.349599 0.897223
0.349697 0.897223
0.349796 0.896863
0.349895 0.896502
0.349994 0.896141
0.350092 0.896141
0.350191 0.896141
0.350290 0.896141
0.350389 0.895781
0.350487 0.895781
0.350586 0.895781
0.350685 0.895060
0.350784 0.895060
0.350882 0.895060
0.350981 0.895060
0.351080 0.894699
0.351179 0.894699
0.351277 0.894699
0.351376 0.894699
0.351475 0.894699
0.351574 0.894699
0.351672 0.894699
0.351771 0.894699
0.351870 0.894338
0.351969 0.894338
0.352067 0.894338
0.352166 0.894338
0.352265 0.894338
0.352364 0.894338
0.352462 0.894338
0.352561 0.894338
0.352660 0.894338
0.352759 0.894338
0.352857 0.894338
0.352956 0.893617
0.353055 0.893617
0.353154 0.893617
0.353252 0.893617
0.353351 0.893617
0.353450 0.893256
0.353549 0.892896
0.353647 0.892896
0.353746 0.892535
0.353845 0.892535
0.353944 0.892535
0.354042 0.892535
0.354141 0.892535
0.354240 0.892175
0.354339 0.892175
0.354437 0.891814
0.354536 0.891814
0.354635 0.891814
0.354734 0.891814
0.354832 0.891453
0.354931 0.891453
0.355030 0.891453
0.355129 0.891453
0.355227 0.891453
0.355326 0.891453
0.355425 0.891453
0.355524 0.891453
0.355622 0.891453
0.355721 0.891093
0.355820 0.891093
0.355919 0.891093
0.356017 0.891093
0.356116 0.891093
0.356215 0.890732
0.356314 0.890732
0.356412 0.890732
0.356511 0.890732
0.356610 0.890371
0.356709 0.890371
0.356807 0.890371
0.356906 0.890011
0.357005 0.890011
0.357104 0.890011
0.357202 0.890011
0.357301 0.890011
0.357400 0.890011
0.357499 0.890011
0.357597 0.890011
0.357696 0.890011
0.357795 0.890011
0.357894 0.890011
0.357992 0.890011
0.358091 0.890011
0.358190 0.890011
0.358289 0.890011
0.358387 0.890011
0.358486 0.890011
0.358585 0.890011
0.358684 0.889650
0.358782 0.889290
0.358881 0.888929
0.358980 0.888929
0.359079 0.888929
0.359177 0.888929
0.359276 0.888929
0.359375 0.888208
0.359474 0.888208
0.359572 0.888208
0.359671 0.888208
0.359770 0.888208
0.359869 0.887847
0.359967 0.887847
0.360066 0.887847
0.360165 0.887486
0.360264 0.887486
0.360362 0.887126
0.360461 0.887126
0.360560 0.887126
0.360659 0.887126
0.360757 0.887126
0.360856 0.887126
0.360955 0.887126
0.361054 0.886765
0.361152 0.886765
0.361251 0.886765
0.361350 0.886765
0.361449 0.886044
0.361547 0.886044
0.361646 0.886044
0.361745 0.886044
0.361844 0.886044
0.361942 0.886044
0.362041 0.885683
0.362140 0.885683
0.362239 0.885683
0.362337 0.885323
0.362436 0.885323
0.362535 0.885323
0.362634 0.885323
0.362732 0.885323
0.362831 0.884962
0.362930 0.884602
0.363029 0.884602
0.363127 0.884241
0.363226 0.884241
0.363325 0.883880
0.363424 0.883880
0.363522 0.883880
0.363621 0.883880
0.363720 0.883880
0.363819 0.883520
0.363917 0.883520
0.364016 0.883520
0.364115 0.883520
0.364214 0.883520
0.364312 0.883520
0.364411 0.883520
0.364510 0.883520
0.364609 0.883520
0.364707 0.883159
0.364806 0.883159
0.364905 0.883159
0.365004 0.883159
0.365102 0.883159
0.365201 0.883159
0.365300 0.883159
0.365399 0.883159
0.365497 0.883159
0.365596 0.883159
0.365695 0.883159
0.365794 0.883159
0.365892 0.882798
0.365991 0.882798
0.366090 0.882798
0.366189 0.882438
0.366287 0.882077
0.366386 0.882077
0.366485 0.881356
0.366584 0.881356
0.366682 0.881356
0.366781 0.881356
0.366880 0.880995
0.366979 0.880995
0.367077 0.880995
0.367176 0.880995
0.367275 0.880995
0.367374 0.880995
0.367472 0.880995
0.367571 0.880995
0.367670 0.880995
0.367769 0.880635
0.367867 0.880635
0.367966 0.880635
0.368065 0.880274
0.368164 0.879913
0.368262 0.879913
0.368361 0.879913
0.368460 0.879913
0.368559 0.879913
0.368657 0.879913
0.368756 0.879913
0.368855 0.879913
0.368954 0.879913
0.369052 0.879913
0.369151 0.879913
0.369250 0.879913
0.369349 0.879553
0.369447 0.879553
0.369546 0.879553
0.369645 0.879192
0.369744 0.879192
0.369842 0.879192
0.369941 0.878832
0.370040 0.878832
0.370139 0.878832
0.370237 0.878832
0.370336 0.878471
0.370435 0.878471
0.370534 0.878471
0.370632 0.878471
0.370731 0.878471
0.370830 0.878110
0.370929 0.878110
0.371027 0.878110
0.371126 0.878110
0.371225 0.878110
0.371324 0.877389
0.371422 0.877028
0.371521 0.877028
0.371620 0.876668
0.371719 0.875947
0.371817 0.875947
0.371916 0.875947
0.372015 0.875947
0.372114 0.875947
0.372212 0.875947
0.372311 0.875947
0.372410 0.875947
0.372509 0.875947
0.372607 0.875586
0.372706 0.875586
0.372805 0.875586
0.372904 0.875586
0.373002 0.875586
0.373101 0.875586
0.373200 0.875586
0.373299 0.875225
0.373397 0.874865
0.373496 0.874865
0.373595 0.874865
0.373694 0.874865
0.373792 0.874865
0.373891 0.874865
0.373990 0.874865
0.374089 0.874144
0.374187 0.874144
0.374286 0.873783
0.374385 0.873783
0.374484 0.873422
0.374582 0.872701
0.374681 0.872701
0.374780 0.872701
0.374879 0.872340
0.374977 0.872340
0.375076 0.872340
0.375175 0.872340
0.375274 0.871980
0.375372 0.871980
0.375471 0.871980
0.375570 0.871980
0.375669 0.871980
0.375767 0.870898
0.375866 0.870898
0.375965 0.870537
0.376064 0.870537
0.376162 0.870537
0.376261 0.870537
0.376360 0.870177
0.376459 0.869816
0.376557 0.869816
0.376656 0.869816
0.376755 0.869816
0.376854 0.869816
0.376952 0.869816
0.377051 0.869816
0.377150 0.869816
0.377249 0.869455
0.377347 0.869455
0.377446 0.869455
0.377545 0.869455
0.377644 0.869455
0.377742 0.869455
0.377841 0.869455
0.377940 0.869455
0.378039 0.869455
0.378137 0.869455
0.378236 0.869095
0.378335 0.869095
0.378434 0.869095
0.378532 0.869095
0.378631 0.869095
0.378730 0.869095
0.378829 0.869095
0.378927 0.869095
0.379026 0.868734
0.379125 0.868374
0.379224 0.868374
0.379322 0.868374
0.379421 0.868374
0.379520 0.868013
0.379619 0.867652
0.379717 0.867652
0.379816 0.867652
0.379915 0.867652
0.380014 0.867292
0.380112 0.867292
0.380211 0.866931
0.380310 0.866931
0.380409 0.866931
0.380507 0.866931
0.380606 0.866931
0.380705 0.866571
0.380804 0.866210
0.380902 0.865849
0.381001 0.865849
0.381100 0.865849
0.381199 0.865849
0.381297 0.865489
0.381396 0.865489
0.381495 0.865489
0.381594 0.865128
0.381692 0.865128
0.381791 0.864767
0.381890 0.864767
0.381989 0.864767
0.382087 0.864767
0.382186 0.864767
0.382285 0.864046
0.382384 0.864046
0.382482 0.864046
0.382581 0.864046
0.382680 0.864046
0.382779 0.864046
0.382877 0.863686
0.382976 0.863325
0.383075 0.862964
0.383174 0.862243
0.383272 0.862243
0.383371 0.861882
0.383470 0.861882
0.383569 0.861882
0.383667 0.861522
0.383766 0.861161
0.383865 0.861161
0.383964 0.861161
0.384062 0.861161
0.384161 0.861161
0.384260 0.861161
0.384359 0.861161
0.384457 0.860801
0.384556 0.860440
0.384655 0.860440
0.384754 0.860440
0.384852 0.860440
0.384951 0.860440
0.385050 0.860440
0.385149 0.860440
0.385247 0.860440
0.385346 0.860440
0.385445 0.860440
0.385544 0.860440
0.385642 0.860079
0.385741 0.860079
0.385840 0.860079
0.385939 0.860079
0.386037 0.860079
0.386136 0.860079
0.386235 0.860079
0.386334 0.860079
0.386432 0.859719
0.386531 0.859719
0.386630 0.859719
0.386729 0.859719
0.386827 0.859358
0.386926 0.859358
0.387025 0.859358
0.387124 0.858637
0.387222 0.858637
0.387321 0.858637
0.387420 0.858637
0.387519 0.858637
0.387617 0.858637
0.387716 0.858637
0.387815 0.858637
0.387914 0.858276
0.388013 0.858276
0.388111 0.857916
0.388210 0.857194
0.388309 0.857194
0.388408 0.857194
0.388506 0.857194
0.388605 0.857194
0.388704 0.856834
0.388803 0.856834
0.388901 0.856834
0.389000 0.856834
0.389099 0.856834
0.389198 0.856834
0.389296 0.856834
0.389395 0.856834
0.389494 0.856834
0.389593 0.856473
0.389691 0.856113
0.389790 0.856113
0.389889 0.856113
0.389988 0.855752
0.390086 0.855752
0.390185 0.855752
0.390284 0.855752
0.390383 0.855752
0.390481 0.855752
0.390580 0.855752
0.390679 0.855752
0.390778 0.855391
0.390876 0.855031
0.390975 0.855031
0.391074 0.855031
0.391173 0.855031
0.391271 0.855031
0.391370 0.855031
0.391469 0.855031
0.391568 0.855031
0.391666 0.855031
0.391765 0.855031
0.391864 0.855031
0.391963 0.854670
0.392061 0.854309
0.392160 0.854309
0.392259 0.854309
0.392358 0.853949
0.392456 0.853949
0.392555 0.853949
0.392654 0.853588
0.392753 0.853588
0.392851 0.853588
0.392950 0.853588
0.393049 0.853228
0.393148 0.853228
0.393246 0.853228
0.393345 0.852867
0.393444 0.852506
0.393543 0.852506
0.393641 0.852146
0.393740 0.852146
0.393839 0.852146
0.393938 0.852146
0.394036 0.852146
0.394135 0.852146
0.394234 0.851785
0.394333 0.851785
0.394431 0.851785
0.394530 0.851785
0.394629 0.851785
0.394728 0.851424
0.394826 0.851424
0.394925 0.851064
0.395024 0.850343
0.395123 0.850343
0.395221 0.850343
0.395320 0.850343
0.395419 0.850343
0.395518 0.850343
0.395616 0.849621
0.395715 0.849261
0.395814 0.848539
0.395913 0.848539
0.396011 0.848539
0.396110 0.848179
0.396209 0.848179
0.396308 0.848179
0.396406 0.848179
0.396505 0.848179
0.396604 0.848179
0.396703 0.847818
0.396801 0.847458
0.396900 0.847458
0.396999 0.847458
0.397098 0.847458
0.397196 0.847458
0.397295 0.847458
0.397394 0.847458
0.397493 0.847458
0.397591 0.847097
0.397690 0.847097
0.397789 0.846736
0.397888 0.846736
0.397986 0.846736
0.398085 0.846376
0.398184 0.846376
0.398283 0.846376
0.398381 0.846376
0.398480 0.846376
0.398579 0.846376
0.398678 0.845655
0.398776 0.845655
0.398875 0.845655
0.398974 0.845655
0.399073 0.845294
0.399171 0.845294
0.399270 0.844933
0.399369 0.844573
0.399468 0.844573
0.399566 0.844212
0.399665 0.844212
0.399764 0.844212
0.399863 0.844212
0.399961 0.843491
0.400060 0.843491
0.400159 0.843491
0.400258 0.843491
0.400356 0.843491
0.400455 0.843130
0.400554 0.842770
0.400653 0.842409
0.400751 0.842409
0.400850 0.842048
0.400949 0.842048
0.401048 0.842048
0.401146 0.842048
0.401245 0.842048
0.401344 0.841688
0.401443 0.841327
0.401541 0.840966
0.401640 0.840966
0.401739 0.840606
0.401838 0.840606
0.401936 0.840606
0.402035 0.840606
0.402134 0.840606
0.402233 0.840245
0.402331 0.840245
0.402430 0.840245
0.402529 0.840245
0.402628 0.839885
0.402726 0.839524
0.402825 0.839524
0.402924 0.838803
0.403023 0.838082
0.403121 0.838082
0.403220 0.838082
0.403319 0.838082
0.403418 0.838082
0.403516 0.837360
0.403615 0.837000
0.403714 0.837000
0.403813 0.837000
0.403911 0.837000
0.404010 0.836639
0.404109 0.836639
0.404208 0.836639
0.404306 0.835918
0.404405 0.835557
0.404504 0.835557
0.404603 0.835557
0.404701 0.835197
0.404800 0.835197
0.404899 0.835197
0.404998 0.835197
0.405096 0.835197
0.405195 0.835197
0.405294 0.834836
0.405393 0.834836
0.405491 0.834836
0.405590 0.834836
0.405689 0.834836
0.405788 0.834836
0.405886 0.834836
0.405985 0.834836
0.406084 0.834836
0.406183 0.834836
0.406281 0.834836
0.406380 0.834836
0.406479 0.834836
0.406578 0.834836
0.406676 0.834836
0.406775 0.834475
0.406874 0.834115
0.406973 0.834115
0.407071 0.833754
0.407170 0.833754
0.407269 0.833754
0.407368 0.833754
0.407466 0.833393
0.407565 0.833393
0.407664 0.833033
0.407763 0.832672
0.407861 0.832672
0.407960 0.832312
0.408059 0.832312
0.408158 0.832312
0.408256 0.832312
0.408355 0.831951
0.408454 0.831590
0.408553 0.831590
0.408651 0.831230
0.408750 0.831230
0.408849 0.831230
0.408948 0.830869
0.409046 0.830869
0.409145 0.830148
0.409244 0.830148
0.409343 0.830148
0.409441 0.830148
0.409540 0.830148
0.409639 0.829787
0.409738 0.829066
0.409836 0.828705
0.409935 0.828705
0.410034 0.828705
0.410133 0.828345
0.410231 0.827984
0.410330 0.827984
0.410429 0.827624
0.410528 0.827624
0.410626 0.827624
0.410725 0.827624
0.410824 0.826902
0.410923 0.826902
0.411021 0.826902
0.411120 0.826902
0.411219 0.826902
0.411318 0.826902
0.411416 0.826542
0.411515 0.826542
0.411614 0.826542
0.411713 0.826542
0.411811 0.826542
0.411910 0.826542
0.412009 0.826181
0.412108 0.826181
0.412206 0.826181
0.412305 0.825460
0.412404 0.824739
0.412503 0.824378
0.412601 0.824017
0.412700 0.824017
0.412799 0.824017
0.412898 0.824017
0.412996 0.824017
0.413095 0.824017
0.413194 0.824017
0.413293 0.824017
0.413391 0.824017
0.413490 0.824017
0.413589 0.824017
0.413688 0.823296
0.413786 0.823296
0.413885 0.823296
0.413984 0.823296
0.414083 0.823296
0.414181 0.823296
0.414280 0.822935
0.414379 0.822935
0.414478 0.822935
0.414576 0.822575
0.414675 0.822575
0.414774 0.822575
0.414873 0.822575
0.414971 0.822575
0.415070 0.822575
0.415169 0.822575
0.415268 0.822575
0.415366 0.822214
0.415465 0.822214
0.415564 0.822214
0.415663 0.822214
0.415761 0.822214
0.415860 0.821854
0.415959 0.821854
0.416058 0.821854
0.416156 0.821854
0.416255 0.821854
0.416354 0.821854
0.416453 0.821854
0.416551 0.821493
0.416650 0.821493
0.416749 0.821493
0.416848 0.821132
0.416946 0.821132
0.417045 0.821132
0.417144 0.820772
0.417243 0.820772
0.417341 0.820772
0.417440 0.820772
0.417539 0.820050
0.417638 0.819690
0.417736 0.819690
0.417835 0.819690
0.417934 0.819690
0.418033 0.819690
0.418131 0.819690
0.418230 0.819690
0.418329 0.819329
0.418428 0.818969
0.418526 0.818969
0.418625 0.818969
0.418724 0.818969
0.418823 0.818969
0.418921 0.818608
0.419020 0.818608
0.419119 0.818608
0.419218 0.818608
0.419316 0.818608
0.419415 0.818608
0.419514 0.818608
0.419613 0.818608
0.419711 0.818247
0.419810 0.818247
0.419909 0.818247
0.420008 0.818247
0.420106 0.818247
0.420205 0.817887
0.420304 0.817887
0.420403 0.817887
0.420501 0.817526
0.420600 0.817526
0.420699 0.817166
0.420798 0.817166
0.420896 0.816805
0.420995 0.816805
0.421094 0.816444
0.421193 0.816444
0.421291 0.816084
0.421390 0.816084
0.421489 0.815723
0.421588 0.815002
0.421686 0.815002
0.421785 0.815002
0.421884 0.815002
0.421983 0.815002
0.422081 0.815002
0.422180 0.815002
0.422279 0.815002
0.422378 0.814641
0.422476 0.814641
0.422575 0.814641
0.422674 0.814641
0.422773 0.814641
0.422871 0.814641
0.422970 0.814641
0.423069 0.814641
0.423168 0.813920
0.423266 0.813559
0.423365 0.813559
0.423464 0.813559
0.423563 0.813559
0.423661 0.813199
0.423760 0.813199
0.423859 0.813199
0.423958 0.813199
0.424056 0.813199
0.424155 0.813199
0.424254 0.813199
0.424353 0.813199
0.424451 0.813199
0.424550 0.813199
0.424649 0.813199
0.424748 0.813199
0.424846 0.813199
0.424945 0.813199
0.425044 0.813199
0.425143 0.813199
0.425241 0.812838
0.425340 0.812477
0.425439 0.812477
0.425538 0.812117
0.425636 0.811756
0.425735 0.811756
0.425834 0.811756
0.425933 0.811396
0.426031 0.811396
0.426130 0.811396
0.426229 0.811396
0.426328 0.811396
0.426426 0.811396
0.426525 0.811396
0.426624 0.811396
0.426723 0.811396
0.426821 0.811035
0.426920 0.811035
0.427019 0.811035
0.427118 0.811035
0.427216 0.810674
0.427315 0.810314
0.427414 0.810314
0.427513 0.809953
0.427611 0.808871
0.427710 0.808871
0.427809 0.808511
0.427908 0.808511
0.428006 0.808150
0.428105 0.808150
0.428204 0.807429
0.428303 0.807068
0.428401 0.807068
0.428500 0.807068
0.428599 0.806708
0.428698 0.806708
0.428797 0.806708
0.428895 0.806708
0.428994 0.806708
0.429093 0.806347
0.429192 0.806347
0.429290 0.806347
0.429389 0.806347
0.429488 0.806347
0.429587 0.805986
0.429685 0.805986
0.429784 0.805986
0.429883 0.804904
0.429982 0.804544
0.430080 0.804544
0.430179 0.804544
0.430278 0.804544
0.430377 0.804544
0.430475 0.804544
0.430574 0.804183
0.430673 0.804183
0.430772 0.804183
0.430870 0.803823
0.430969 0.803823
0.431068 0.803823
0.431167 0.803823
0.431265 0.803823
0.431364 0.803823
0.431463 0.803462
0.431562 0.803101
0.431660 0.802741
0.431759 0.802380
0.431858 0.802380
0.431957 0.802019
0.432055 0.802019
0.432154 0.801659
0.432253 0.801659
0.432352 0.801659
0.432450 0.801659
0.432549 0.801298
0.432648 0.800938
0.432747 0.800938
0.432845 0.800938
0.432944 0.799856
0.433043 0.799856
0.433142 0.799856
0.433240 0.799495
0.433339 0.799135
0.433438 0.798774
0.433537 0.798413
0.433635 0.798053
0.433734 0.798053
0.433833 0.798053
0.433932 0.798053
0.434030 0.798053
0.434129 0.796971
0.434228 0.796971
0.434327 0.796971
0.434425 0.796250
0.434524 0.795889
0.434623 0.795528
0.434722 0.795528
0.434820 0.795168
0.434919 0.794807
0.435018 0.794807
0.435117 0.794446
0.435215 0.794086
0.435314 0.794086
0.435413 0.794086
0.435512 0.794086
0.435610 0.794086
0.435709 0.794086
0.435808 0.793725
0.435907 0.793365
0.436005 0.793004
0.436104 0.793004
0.436203 0.793004
0.436302 0.793004
0.436400 0.793004
0.436499 0.793004
0.436598 0.793004
0.436697 0.793004
0.436795 0.793004
0.436894 0.792643
0.436993 0.792643
0.437092 0.792643
0.437190 0.792643
0.437289 0.792283
0.437388 0.792283
0.437487 0.792283
0.437585 0.792283
0.437684 0.792283
0.437783 0.792283
0.437882 0.792283
0.437980 0.792283
0.438079 0.791922
0.438178 0.791922
0.438277 0.791561
0.438375 0.791561
0.438474 0.791561
0.438573 0.791561
0.438672 0.791561
0.438770 0.791561
0.438869 0.791561
0.438968 0.791561
0.439067 0.791561
0.439165 0.791561
0.439264 0.791561
0.439363 0.791561
0.439462 0.791201
0.439560 0.791201
0.439659 0.791201
0.439758 0.790840
0.439857 0.790480
0.439955 0.790480
0.440054 0.790480
0.440153 0.790119
0.440252 0.790119
0.440350 0.790119
0.440449 0.789758
0.440548 0.789758
0.440647 0.789758
0.440745 0.789758
0.440844 0.789758
0.440943 0.789758
0.441042 0.789398
0.441140 0.789037
0.441239 0.789037
0.441338 0.789037
0.441437 0.789037
0.441535 0.789037
0.441634 0.789037
0.441733 0.789037
0.441832 0.789037
0.441930 0.789037
0.442029 0.789037
0.442128 0.788677
0.442227 0.788677
0.442325 0.788677
0.442424 0.788677
0.442523 0.788677
0.442622 0.788677
0.442720 0.788677
0.442819 0.788677
0.442918 0.788677
0.443017 0.788677
0.443115 0.788677
0.443214 0.788316
0.443313 0.788316
0.443412 0.788316
0.443510 0.788316
0.443609 0.787595
0.443708 0.787234
0.443807 0.786873
0.443905 0.786873
0.444004 0.786873
0.444103 0.786513
0.444202 0.786513
0.444300 0.786513
0.444399 0.786513
0.444498 0.786513
0.444597 0.786152
0.444695 0.786152
0.444794 0.786152
0.444893 0.785792
0.444992 0.785792
0.445090 0.785792
0.445189 0.785792
0.445288 0.785792
0.445387 0.785792
0.445485 0.785792
0.445584 0.785431
0.445683 0.785070
0.445782 0.785070
0.445880 0.784349
0.445979 0.784349
0.446078 0.783988
0.446177 0.783988
0.446275 0.783988
0.446374 0.783628
0.446473 0.783628
0.446572 0.783628
0.446670 0.783628
0.446769 0.783628
0.446868 0.783267
0.446967 0.783267
0.447065 0.783267
0.447164 0.782907
0.447263 0.782546
0.447362 0.782185
0.447460 0.782185
0.447559 0.782185
0.447658 0.781825
0.447757 0.781825
0.447855 0.781464
0.447954 0.781464
0.448053 0.781464
0.448152 0.780743
0.448250 0.780743
0.448349 0.780743
0.448448 0.780743
0.448547 0.780743
0.448645 0.780743
0.448744 0.780382
0.448843 0.779661
0.448942 0.778940
0.449040 0.778940
0.449139 0.778940
0.449238 0.778940
0.449337 0.778940
0.449435 0.778940
0.449534 0.778940
0.449633 0.778579
0.449732 0.778579
0.449830 0.778579
0.449929 0.778219
0.450028 0.778219
0.450127 0.778219
0.450225 0.777497
0.450324 0.777497
0.450423 0.777497
0.450522 0.777497
0.450620 0.777497
0.450719 0.777497
0.450818 0.777137
0.450917 0.777137
0.451015 0.776776
0.451114 0.775694
0.451213 0.775694
0.451312 0.775694
0.451410 0.775694
0.451509 0.775694
0.451608 0.775694
0.451707 0.775694
0.451805 0.775334
0.451904 0.775334
0.452003 0.774973
0.452102 0.774973
0.452200 0.774973
0.452299 0.774612
0.452398 0.774252
0.452497 0.773891
0.452595 0.773891
0.452694 0.773891
0.452793 0.773170
0.452892 0.773170
0.452990 0.773170
0.453089 0.772809
0.453188 0.772809
0.453287 0.772449
0.453385 0.772449
0.453484 0.772449
0.453583 0.772449
0.453682 0.771727
0.453780 0.771727
0.453879 0.771727
0.453978 0.771367
0.454077 0.771006
0.454175 0.770646
0.454274 0.770285
0.454373 0.770285
0.454472 0.769924
0.454570 0.769924
0.454669 0.769924
0.454768 0.769924
0.454867 0.769924
0.454965 0.769924
0.455064 0.769924
0.455163 0.769924
0.455262 0.769924
0.455360 0.769564
0.455459 0.769564
0.455558 0.769564
0.455657 0.769564
0.455755 0.769564
0.455854 0.769564
0.455953 0.769564
0.456052 0.769564
0.456150 0.769203
0.456249 0.768842
0.456348 0.768842
0.456447 0.768842
0.456545 0.768842
0.456644 0.768842
0.456743 0.768121
0.456842 0.768121
0.456940 0.768121
0.457039 0.767400
0.457138 0.767039
0.457237 0.766679
0.457335 0.766679
0.457434 0.766679
0.457533 0.766318
0.457632 0.766318
0.457730 0.766318
0.457829 0.765957
0.457928 0.765957
0.458027 0.765597
0.458125 0.765597
0.458224 0.765597
0.458323 0.765597
0.458422 0.765597
0.458520 0.765597
0.458619 0.765597
0.458718 0.765597
0.458817 0.765236
0.458915 0.765236
0.459014 0.764876
0.459113 0.764876
0.459212 0.764876
0.459310 0.764876
0.459409 0.764876
0.459508 0.764876
0.459607 0.764154
0.459705 0.764154
0.459804 0.764154
0.459903 0.764154
0.460002 0.764154
0.460100 0.763794
0.460199 0.763433
0.460298 0.763433
0.460397 0.763072
0.460495 0.763072
0.460594 0.762351
0.460693 0.762351
0.460792 0.762351
0.460890 0.762351
0.460989 0.761630
0.461088 0.761269
0.461187 0.761269
0.461285 0.761269
0.461384 0.760909
0.461483 0.760548
0.461582 0.760548
0.461680 0.760548
0.461779 0.760188
0.461878 0.759466
0.461977 0.759466
0.462075 0.759466
0.462174 0.759106
0.462273 0.759106
0.462372 0.759106
0.462470 0.759106
0.462569 0.759106
0.462668 0.759106
0.462767 0.759106
0.462865 0.759106
0.462964 0.759106
0.463063 0.759106
0.463162 0.758745
0.463260 0.758384
0.463359 0.758384
0.463458 0.758024
0.463557 0.758024
0.463655 0.758024
0.463754 0.758024
0.463853 0.758024
0.463952 0.757663
0.464050 0.757303
0.464149 0.756942
0.464248 0.756942
0.464347 0.756942
0.464445 0.756942
0.464544 0.756942
0.464643 0.756942
0.464742 0.756581
0.464840 0.756581
0.464939 0.756581
0.465038 0.756581
0.465137 0.756221
0.465235 0.756221
0.465334 0.756221
0.465433 0.756221
0.465532 0.755860
0.465630 0.755499
0.465729 0.755499
0.465828 0.755499
0.465927 0.755499
0.466025 0.755499
0.466124 0.755499
0.466223 0.755499
0.466322 0.755499
0.466420 0.755499
0.466519 0.755139
0.466618 0.755139
0.466717 0.755139
0.466815 0.754778
0.466914 0.754057
0.467013 0.754057
0.467112 0.753696
0.467210 0.753336
0.467309 0.753336
0.467408 0.752975
0.467507 0.752975
0.467605 0.752614
0.467704 0.752614
0.467803 0.752614
0.467902 0.752614
0.468000 0.752614
0.468099 0.752614
0.468198 0.752614
0.468297 0.752254
0.468395 0.752254
0.468494 0.752254
0.468593 0.752254
0.468692 0.752254
0.468790 0.751893
0.468889 0.751533
0.468988 0.751172
0.469087 0.750811
0.469185 0.749730
0.469284 0.749730
0.469383 0.749369
0.469482 0.749369
0.469581 0.749008
0.469679 0.748648
0.469778 0.748648
0.469877 0.748648
0.469976 0.748287
0.470074 0.748287
0.470173 0.747926
0.470272 0.747926
0.470371 0.747566
0.470469 0.747566
0.470568 0.747566
0.470667 0.747205
0.470766 0.746845
0.470864 0.746484
0.470963 0.746484
0.471062 0.746484
0.471161 0.746484
0.471259 0.746484
0.471358 0.746123
0.471457 0.746123
0.471556 0.746123
0.471654 0.745402
0.471753 0.745402
0.471852 0.744681
0.471951 0.744320
0.472049 0.744320
0.472148 0.744320
0.472247 0.744320
0.472346 0.743960
0.472444 0.743599
0.472543 0.743599
0.472642 0.743599
0.472741 0.743599
0.472839 0.743599
0.472938 0.743599
0.473037 0.743238
0.473136 0.742878
0.473234 0.742517
0.473333 0.742517
0.473432 0.742517
0.473531 0.742517
0.473629 0.742517
0.473728 0.742517
0.473827 0.742517
0.473926 0.742517
0.474024 0.742517
0.474123 0.742157
0.474222 0.741796
0.474321 0.741796
0.474419 0.741796
0.474518 0.741075
0.474617 0.740714
0.474716 0.739993
0.474814 0.739993
0.474913 0.739993
0.475012 0.739272
0.475111 0.739272
0.475209 0.739272
0.475308 0.739272
0.475407 0.739272
0.475506 0.739272
0.475604 0.739272
0.475703 0.738911
0.475802 0.738550
0.475901 0.738190
0.475999 0.737829
0.476098 0.737468
0.476197 0.736747
0.476296 0.736747
0.476394 0.736747
0.476493 0.736387
0.476592 0.736387
0.476691 0.736387
0.476789 0.736026
0.476888 0.736026
0.476987 0.736026
0.477086 0.735665
0.477184 0.735305
0.477283 0.735305
0.477382 0.735305
0.477481 0.735305
0.477579 0.734583
0.477678 0.734223
0.477777 0.733862
0.477876 0.733862
0.477974 0.733862
0.478073 0.733862
0.478172 0.733862
0.478271 0.733862
0.478369 0.733862
0.478468 0.733862
0.478567 0.733862
0.478666 0.733862
0.478764 0.733862
0.478863 0.733862
0.478962 0.733502
0.479061 0.733502
0.479159 0.733502
0.479258 0.733502
0.479357 0.733502
0.479456 0.733502
0.479554 0.733502
0.479653 0.733502
0.479752 0.733502
0.479851 0.733141
0.479949 0.733141
0.480048 0.731699
0.480147 0.731699
0.480246 0.731338
0.480344 0.731338
0.480443 0.730977
0.480542 0.730977
0.480641 0.730977
0.480739 0.730617
0.480838 0.730256
0.480937 0.729895
0.481036 0.729174
0.481134 0.729174
0.481233 0.729174
0.481332 0.729174
0.481431 0.728092
0.481529 0.728092
0.481628 0.728092
0.481727 0.728092
0.481826 0.728092
0.481924 0.728092
0.482023 0.727732
0.482122 0.727732
0.482221 0.727732
0.482319 0.727010
0.482418 0.727010
0.482517 0.727010
0.482616 0.726650
0.482714 0.726289
0.482813 0.725929
0.482912 0.725568
0.483011 0.725568
0.483109 0.725207
0.483208 0.725207
0.483307 0.724847
0.483406 0.724486
0.483504 0.724486
0.483603 0.724486
0.483702 0.724125
0.483801 0.724125
0.483899 0.724125
0.483998 0.723765
0.484097 0.723404
0.484196 0.723404
0.484294 0.723404
0.484393 0.723404
0.484492 0.723044
0.484591 0.723044
0.484689 0.723044
0.484788 0.722322
0.484887 0.722322
0.484986 0.721962
0.485084 0.721601
0.485183 0.721241
0.485282 0.720880
0.485381 0.720880
0.485479 0.720880
0.485578 0.720880
0.485677 0.720880
0.485776 0.720519
0.485874 0.720519
0.485973 0.720519
0.486072 0.720159
0.486171 0.720159
0.486269 0.719798
0.486368 0.719798
0.486467 0.719798
0.486566 0.719798
0.486664 0.719437
0.486763 0.719437
0.486862 0.719437
0.486961 0.719077
0.487059 0.719077
0.487158 0.719077
0.487257 0.718716
0.487356 0.718716
0.487454 0.718356
0.487553 0.718356
0.487652 0.717634
0.487751 0.717274
0.487849 0.717274
0.487948 0.717274
0.488047 0.717274
0.488146 0.717274
0.488244 0.716913
0.488343 0.716913
0.488442 0.716913
0.488541 0.716913
0.488639 0.716913
0.488738 0.716192
0.488837 0.715831
0.488936 0.715831
0.489034 0.715110
0.489133 0.715110
0.489232 0.715110
0.489331 0.715110
0.489429 0.715110
0.489528 0.715110
0.489627 0.715110
0.489726 0.714749
0.489824 0.714749
0.489923 0.714749
0.490022 0.714749
0.490121 0.714749
0.490219 0.714389
0.490318 0.714028
0.490417 0.714028
0.490516 0.714028
0.490614 0.714028
0.490713 0.713668
0.490812 0.713668
0.490911 0.713307
0.491009 0.712946
0.491108 0.712225
0.491207 0.712225
0.491306 0.711864
0.491404 0.711504
0.491503 0.711504
0.491602 0.711504
0.491701 0.711143
0.491799 0.710422
0.491898 0.710422
0.491997 0.710061
0.492096 0.710061
0.492194 0.710061
0.492293 0.710061
0.492392 0.710061
0.492491 0.710061
0.492589 0.710061
0.492688 0.710061
0.492787 0.710061
0.492886 0.710061
0.492984 0.709701
0.493083 0.709340
0.493182 0.709340
0.493281 0.709340
0.493379 0.709340
0.493478 0.708979
0.493577 0.708979
0.493676 0.708979
0.493774 0.708979
0.493873 0.708619
0.493972 0.708258
0.494071 0.708258
0.494169 0.708258
0.494268 0.708258
0.494367 0.707898
0.494466 0.707898
0.494564 0.707537
0.494663 0.707537
0.494762 0.707537
0.494861 0.706455
0.494959 0.706455
0.495058 0.706455
0.495157 0.706455
0.495256 0.706455
0.495354 0.706094
0.495453 0.706094
0.495552 0.706094
0.495651 0.706094
0.495749 0.705734
0.495848 0.705734
0.495947 0.705373
0.496046 0.705373
0.496144 0.705013
0.496243 0.704652
0.496342 0.704291
0.496441 0.704291
0.496539 0.704291
0.496638 0.704291
0.496737 0.703931
0.496836 0.703210
0.496934 0.703210
0.497033 0.702488
0.497132 0.702128
0.497231 0.702128
0.497329 0.701767
0.497428 0.701406
0.497527 0.701406
0.497626 0.701046
0.497724 0.701046
0.497823 0.700685
0.497922 0.700325
0.498021 0.700325
0.498119 0.700325
0.498218 0.700325
0.498317 0.700325
0.498416 0.700325
0.498514 0.699964
0.498613 0.699603
0.498712 0.699603
0.498811 0.699603
0.498909 0.699603
0.499008 0.699603
0.499107 0.699243
0.499206 0.699243
0.499304 0.699243
0.499403 0.699243
0.499502 0.699243
0.499601 0.699243
0.499699 0.698882
0.499798 0.698882
0.499897 0.697800
0.499996 0.697440
0.500094 0.697440
0.500193 0.697079
0.500292 0.697079
0.500391 0.697079
0.500489 0.697079
0.500588 0.696358
0.500687 0.695997
0.500786 0.695997
0.500884 0.695636
0.500983 0.695636
0.501082 0.695636
0.501181 0.694915
0.501279 0.694915
0.501378 0.694915
0.501477 0.694555
0.501576 0.694555
0.501674 0.694555
0.501773 0.694555
0.501872 0.694555
0.501971 0.694555
0.502069 0.694194
0.502168 0.694194
0.502267 0.694194
0.502366 0.693833
0.502464 0.693473
0.502563 0.693473
0.502662 0.693112
0.502761 0.692391
0.502859 0.691670
0.502958 0.691309
0.503057 0.691309
0.503156 0.690948
0.503254 0.690948
0.503353 0.690588
0.503452 0.690588
0.503551 0.689506
0.503649 0.689506
0.503748 0.688424
0.503847 0.688063
0.503946 0.687703
0.504044 0.687703
0.504143 0.687342
0.504242 0.687342
0.504341 0.686621
0.504439 0.685900
0.504538 0.685900
0.504637 0.685900
0.504736 0.685539
0.504834 0.684818
0.504933 0.684818
0.505032 0.684818
0.505131 0.684457
0.505229 0.684097
0.505328 0.684097
0.505427 0.684097
0.505526 0.684097
0.505624 0.684097
0.505723 0.684097
0.505822 0.684097
0.505921 0.684097
0.506019 0.684097
0.506118 0.684097
0.506217 0.684097
0.506316 0.683736
0.506414 0.683736
0.506513 0.683736
0.506612 0.683375
0.506711 0.683375
0.506809 0.683375
0.506908 0.683015
0.507007 0.683015
0.507106 0.682654
0.507204 0.681933
0.507303 0.681933
0.507402 0.681933
0.507501 0.681212
0.507599 0.681212
0.507698 0.680851
0.507797 0.680851
0.507896 0.680851
0.507994 0.680851
0.508093 0.680851
0.508192 0.680490
0.508291 0.680130
0.508389 0.680130
0.508488 0.679769
0.508587 0.679769
0.508686 0.679769
0.508784 0.679769
0.508883 0.679769
0.508982 0.679769
0.509081 0.679769
0.509179 0.679769
0.509278 0.679048
0.509377 0.679048
0.509476 0.679048
0.509574 0.678687
0.509673 0.678687
0.509772 0.678687
0.509871 0.678327
0.509969 0.677966
0.510068 0.677966
0.510167 0.677605
0.510266 0.677605
0.510365 0.677605
0.510463 0.677245
0.510562 0.677245
0.510661 0.676884
0.510760 0.676524
0.510858 0.675802
0.510957 0.675802
0.511056 0.675802
0.511155 0.675802
0.511253 0.675802
0.511352 0.675442
0.511451 0.675442
0.511550 0.675442
0.511648 0.675442
0.511747 0.675081
0.511846 0.675081
0.511945 0.674721
0.512043 0.674360
0.512142 0.674360
0.512241 0.673999
0.512340 0.673999
0.512438 0.673999
0.512537 0.673639
0.512636 0.673639
0.512735 0.673639
0.512833 0.673639
0.512932 0.673639
0.513031 0.673639
0.513130 0.673278
0.513228 0.673278
0.513327 0.672557
0.513426 0.672557
0.513525 0.672196
0.513623 0.671836
0.513722 0.671114
0.513821 0.671114
0.513920 0.670754
0.514018 0.670393
0.514117 0.670393
0.514216 0.670393
0.514315 0.670393
0.514413 0.670393
0.514512 0.670393
0.514611 0.670032
0.514710 0.670032
0.514808 0.670032
0.514907 0.670032
0.515006 0.670032
0.515105 0.670032
0.515203 0.669672
0.515302 0.669672
0.515401 0.669672
0.515500 0.669311
0.515598 0.669311
0.515697 0.669311
0.515796 0.669311
0.515895 0.669311
0.515993 0.668590
0.516092 0.668590
0.516191 0.667869
0.516290 0.667508
0.516388 0.666787
0.516487 0.666787
0.516586 0.666426
0.516685 0.666426
0.516783 0.666426
0.516882 0.666426
0.516981 0.666066
0.517080 0.666066
0.517178 0.666066
0.517277 0.666066
0.517376 0.666066
0.517475 0.665705
0.517573 0.665705
0.517672 0.665705
0.517771 0.665705
0.517870 0.665705
0.517968 0.665705
0.518067 0.665705
0.518166 0.665344
0.518265 0.665344
0.518363 0.665344
0.518462 0.664984
0.518561 0.664984
0.518660 0.664984
0.518758 0.664984
0.518857 0.664984
0.518956 0.664984
0.519055 0.664623
0.519153 0.664263
0.519252 0.664263
0.519351 0.664263
0.519450 0.663541
0.519548 0.663181
0.519647 0.663181
0.519746 0.663181
0.519845 0.662820
0.519943 0.662820
0.520042 0.661738
0.520141 0.661017
0.520240 0.660656
0.520338 0.660296
0.520437 0.660296
0.520536 0.659935
0.520635 0.659574
0.520733 0.659574
0.520832 0.659214
0.520931 0.659214
0.521030 0.659214
0.521128 0.659214
0.521227 0.659214
0.521326 0.658853
0.521425 0.658853
0.521523 0.658493
0.521622 0.658493
0.521721 0.658493
0.521820 0.658132
0.521918 0.658132
0.522017 0.658132
0.522116 0.658132
0.522215 0.657771
0.522313 0.657771
0.522412 0.657771
0.522511 0.657771
0.522610 0.657411
0.522708 0.657411
0.522807 0.657050
0.522906 0.656690
0.523005 0.656329
0.523103 0.656329
0.523202 0.655968
0.523301 0.655608
0.523400 0.654886
0.523498 0.654526
0.523597 0.654165
0.523696 0.654165
0.523795 0.654165
0.523893 0.654165
0.523992 0.653805
0.524091 0.653805
0.524190 0.653805
0.524288 0.653805
0.524387 0.653444
0.524486 0.653444
0.524585 0.653444
0.524683 0.653444
0.524782 0.653444
0.524881 0.653444
0.524980 0.653083
0.525078 0.653083
0.525177 0.653083
0.525276 0.652362
0.525375 0.652362
0.525473 0.652001
0.525572 0.652001
0.525671 0.652001
0.525770 0.652001
0.525868 0.652001
0.525967 0.651641
0.526066 0.650920
0.526165 0.650920
0.526263 0.650559
0.526362 0.650559
0.526461 0.650198
0.526560 0.649477
0.526658 0.649477
0.526757 0.649116
0.526856 0.649116
0.526955 0.648756
0.527053 0.648756
0.527152 0.648395
0.527251 0.648395
0.527350 0.648395
0.527448 0.648395
0.527547 0.648395
0.527646 0.648035
0.527745 0.647674
0.527843 0.647674
0.527942 0.647674
0.528041 0.646592
0.528140 0.646592
0.528238 0.646592
0.528337 0.646592
0.528436 0.645871
0.528535 0.645510
0.528633 0.645510
0.528732 0.645150
0.528831 0.645150
0.528930 0.645150
0.529028 0.645150
0.529127 0.644789
0.529226 0.644789
0.529325 0.644428
0.529423 0.644428
0.529522 0.644068
0.529621 0.644068
0.529720 0.644068
0.529818 0.643707
0.529917 0.643707
0.530016 0.643707
0.530115 0.642625
0.530213 0.642625
0.530312 0.642625
0.530411 0.642625
0.530510 0.642265
0.530608 0.642265
0.530707 0.641904
0.530806 0.641543
0.530905 0.641543
0.531003 0.641543
0.531102 0.641543
0.531201 0.641543
0.531300 0.641543
0.531398 0.641543
0.531497 0.641543
0.531596 0.641543
0.531695 0.641543
0.531793 0.641543
0.531892 0.640822
0.531991 0.640822
0.532090 0.640822
0.532188 0.640822
0.532287 0.640822
0.532386 0.640822
0.532485 0.640462
0.532583 0.640101
0.532682 0.639740
0.532781 0.639740
0.532880 0.639740
0.532978 0.639380
0.533077 0.638658
0.533176 0.638658
0.533275 0.638658
0.533373 0.638658
0.533472 0.638298
0.533571 0.638298
0.533670 0.638298
0.533768 0.638298
0.533867 0.638298
0.533966 0.638298
0.534065 0.637937
0.534163 0.637937
0.534262 0.637937
0.534361 0.637577
0.534460 0.637216
0.534558 0.637216
0.534657 0.636134
0.534756 0.635774
0.534855 0.635413
0.534953 0.635052
0.535052 0.634692
0.535151 0.634692
0.535250 0.634692
0.535348 0.634692
0.535447 0.634692
0.535546 0.634692
0.535645 0.634331
0.535743 0.633970
0.535842 0.633610
0.535941 0.633610
0.536040 0.633610
0.536138 0.632889
0.536237 0.632167
0.536336 0.631807
0.536435 0.631807
0.536533 0.631807
0.536632 0.631807
0.536731 0.631446
0.536830 0.631446
0.536928 0.631085
0.537027 0.630725
0.537126 0.630364
0.537225 0.630364
0.537323 0.630364
0.537422 0.630364
0.537521 0.630364
0.537620 0.630364
0.537718 0.630364
0.537817 0.630004
0.537916 0.630004
0.538015 0.630004
0.538113 0.630004
0.538212 0.628922
0.538311 0.628922
0.538410 0.628922
0.538508 0.628922
0.538607 0.628922
0.538706 0.628922
0.538805 0.628922
0.538903 0.628922
0.539002 0.628922
0.539101 0.628922
0.539200 0.628922
0.539298 0.628922
0.539397 0.628922
0.539496 0.628922
0.539595 0.628561
0.539693 0.628561
0.539792 0.627840
0.539891 0.627840
0.539990 0.627840
0.540088 0.627479
0.540187 0.627479
0.540286 0.627119
0.540385 0.626758
0.540483 0.626758
0.540582 0.626397
0.540681 0.626397
0.540780 0.626037
0.540878 0.625676
0.540977 0.625676
0.541076 0.625316
0.541175 0.625316
0.541273 0.624955
0.541372 0.624594
0.541471 0.624234
0.541570 0.624234
0.541668 0.624234
0.541767 0.623512
0.541866 0.623512
0.541965 0.623512
0.542063 0.623512
0.542162 0.622791
0.542261 0.622791
0.542360 0.622791
0.542458 0.622791
0.542557 0.622431
0.542656 0.622431
0.542755 0.622070
0.542853 0.622070
0.542952 0.622070
0.543051 0.622070
0.543150 0.622070
0.543248 0.622070
0.543347 0.621709
0.543446 0.621709
0.543545 0.621709
0.543643 0.621349
0.543742 0.620988
0.543841 0.620988
0.543940 0.620988
0.544038 0.620988
0.544137 0.620988
0.544236 0.620988
0.544335 0.620988
0.544433 0.620988
0.544532 0.620988
0.544631 0.620988
0.544730 0.620988
0.544828 0.620988
0.544927 0.620627
0.545026 0.620627
0.545125 0.620627
0.545223 0.619546
0.545322 0.619185
0.545421 0.619185
0.545520 0.619185
0.545618 0.619185
0.545717 0.618824
0.545816 0.618824
0.545915 0.618824
0.546013 0.618824
0.546112 0.618824
0.546211 0.618824
0.546310 0.618103
0.546408 0.618103
0.546507 0.618103
0.546606 0.618103
0.546705 0.617743
0.546803 0.617382
0.546902 0.617382
0.547001 0.617382
0.547100 0.617382
0.547198 0.617382
0.547297 0.617021
0.547396 0.617021
0.547495 0.617021
0.547593 0.617021
0.547692 0.616661
0.547791 0.616661
0.547890 0.616300
0.547988 0.616300
0.548087 0.616300
0.548186 0.615939
0.548285 0.615218
0.548383 0.615218
0.548482 0.615218
0.548581 0.614858
0.548680 0.614858
0.548778 0.614858
0.548877 0.614136
0.548976 0.614136
0.549075 0.613776
0.549173 0.613415
0.549272 0.613054
0.549371 0.612694
0.549470 0.612694
0.549568 0.612333
0.549667 0.612333
0.549766 0.612333
0.549865 0.612333
0.549963 0.611973
0.550062 0.611612
0.550161 0.611612
0.550260 0.611612
0.550358 0.610891
0.550457 0.610530
0.550556 0.609809
0.550655 0.609809
0.550753 0.609809
0.550852 0.609809
0.550951 0.609809
0.551050 0.609448
0.551149 0.609088
0.551247 0.608727
0.551346 0.608366
0.551445 0.608366
0.551544 0.608366
0.551642 0.608366
0.551741 0.608366
0.551840 0.608006
0.551939 0.608006
0.552037 0.608006
0.552136 0.608006
0.552235 0.607645
0.552334 0.607645
0.552432 0.607645
0.552531 0.607645
0.552630 0.607645
0.552729 0.607645
0.552827 0.607645
0.552926 0.607645
0.553025 0.607285
0.553124 0.607285
0.553222 0.606924
0.553321 0.606924
0.553420 0.606563
0.553519 0.606203
0.553617 0.606203
0.553716 0.606203
0.553815 0.605842
0.553914 0.605481
0.554012 0.604760
0.554111 0.604760
0.554210 0.604400
0.554309 0.604400
0.554407 0.604039
0.554506 0.604039
0.554605 0.604039
0.554704 0.604039
0.554802 0.604039
0.554901 0.604039
0.555000 0.604039
0.555099 0.603318
0.555197 0.602957
0.555296 0.602596
0.555395 0.602596
0.555494 0.602596
0.555592 0.602596
0.555691 0.602596
0.555790 0.602236
0.555889 0.601875
0.555987 0.601875
0.556086 0.601515
0.556185 0.601515
0.556284 0.601515
0.556382 0.601154
0.556481 0.601154
0.556580 0.601154
0.556679 0.601154
0.556777 0.601154
0.556876 0.601154
0.556975 0.601154
0.557074 0.600793
0.557172 0.600793
0.557271 0.600793
0.557370 0.600793
0.557469 0.600793
0.557567 0.600793
0.557666 0.600793
0.557765 0.600433
0.557864 0.600433
0.557962 0.600433
0.558061 0.599712
0.558160 0.599351
0.558259 0.599351
0.558357 0.599351
0.558456 0.599351
0.558555 0.599351
0.558654 0.599351
0.558752 0.599351
0.558851 0.599351
0.558950 0.598990
0.559049 0.598990
0.559147 0.598990
0.559246 0.598990
0.559345 0.598990
0.559444 0.598630
0.559542 0.597548
0.559641 0.597187
0.559740 0.597187
0.559839 0.597187
0.559937 0.596827
0.560036 0.596466
0.560135 0.596466
0.560234 0.596466
0.560332 0.595745
0.560431 0.595745
0.560530 0.595745
0.560629 0.595745
0.560727 0.595384
0.560826 0.595023
0.560925 0.594663
0.561024 0.594663
0.561122 0.594663
0.561221 0.594302
0.561320 0.594302
0.561419 0.593942
0.561517 0.593942
0.561616 0.593942
0.561715 0.593942
0.561814 0.593581
0.561912 0.593581
0.562011 0.593220
0.562110 0.592860
0.562209 0.592860
0.562307 0.592860
0.562406 0.592860
0.562505 0.592860
0.562604 0.592860
0.562702 0.592860
0.562801 0.592499
0.562900 0.592499
0.562999 0.592499
0.563097 0.592499
0.563196 0.592499
0.563295 0.592138
0.563394 0.592138
0.563492 0.592138
0.563591 0.591778
0.563690 0.591417
0.563789 0.591057
0.563887 0.589975
0.563986 0.589975
0.564085 0.589975
0.564184 0.589614
0.564282 0.589254
0.564381 0.589254
0.564480 0.589254
0.564579 0.588893
0.564677 0.588532
0.564776 0.587450
0.564875 0.587450
0.564974 0.587090
0.565072 0.587090
0.565171 0.586729
0.565270 0.586008
0.565369 0.586008
0.565467 0.586008
0.565566 0.586008
0.565665 0.586008
0.565764 0.585647
0.565862 0.585647
0.565961 0.585647
0.566060 0.585287
0.566159 0.585287
0.566257 0.585287
0.566356 0.585287
0.566455 0.585287
0.566554 0.584926
0.566652 0.584926
0.566751 0.584926
0.566850 0.584926
0.566949 0.584565
0.567047 0.584205
0.567146 0.583844
0.567245 0.583123
0.567344 0.583123
0.567442 0.583123
0.567541 0.583123
0.567640 0.583123
0.567739 0.582762
0.567837 0.582762
0.567936 0.582762
0.568035 0.582402
0.568134 0.582402
0.568232 0.582402
0.568331 0.582402
0.568430 0.582402
0.568529 0.582402
0.568627 0.581680
0.568726 0.581680
0.568825 0.581680
0.568924 0.581680
0.569022 0.581680
0.569121 0.581680
0.569220 0.581680
0.569319 0.581680
0.569417 0.581680
0.569516 0.581680
0.569615 0.580959
0.569714 0.580959
0.569812 0.580599
0.569911 0.580238
0.570010 0.580238
0.570109 0.579877
0.570207 0.579877
0.570306 0.579877
0.570405 0.579877
0.570504 0.579877
0.570602 0.579877
0.570701 0.579877
0.570800 0.579877
0.570899 0.579877
0.570997 0.579877
0.571096 0.579877
0.571195 0.579877
0.571294 0.579877
0.571392 0.579877
0.571491 0.579877
0.571590 0.579877
0.571689 0.579877
0.571787 0.579877
0.571886 0.579877
0.571985 0.579877
0.572084 0.579877
0.572182 0.579517
0.572281 0.579156
0.572380 0.579156
0.572479 0.578796
0.572577 0.578796
0.572676 0.578796
0.572775 0.578435
0.572874 0.578435
0.572972 0.578435
0.573071 0.578435
0.573170 0.578074
0.573269 0.578074
0.573367 0.578074
0.573466 0.577714
0.573565 0.577714
0.573664 0.577714
0.573762 0.577714
0.573861 0.577353
0.573960 0.577353
0.574059 0.577353
0.574157 0.577353
0.574256 0.576632
0.574355 0.576632
0.574454 0.576632
0.574552 0.576271
0.574651 0.576271
0.574750 0.576271
0.574849 0.576271
0.574947 0.576271
0.575046 0.575911
0.575145 0.575911
0.575244 0.575911
0.575342 0.575550
0.575441 0.575550
0.575540 0.575550
0.575639 0.575550
0.575737 0.575550
0.575836 0.575189
0.575935 0.575189
0.576034 0.575189
0.576132 0.575189
0.576231 0.575189
0.576330 0.574829
0.576429 0.574829
0.576527 0.574107
0.576626 0.574107
0.576725 0.573747
0.576824 0.573386
0.576922 0.573386
0.577021 0.573386
0.577120 0.572304
0.577219 0.571583
0.577317 0.571583
0.577416 0.571223
0.577515 0.570862
0.577614 0.570862
0.577712 0.570862
0.577811 0.570862
0.577910 0.570141
0.578009 0.569780
0.578107 0.569780
0.578206 0.569059
0.578305 0.568698
0.578404 0.568338
0.578502 0.567977
0.578601 0.567977
0.578700 0.567616
0.578799 0.567256
0.578897 0.566895
0.578996 0.566174
0.579095 0.566174
0.579194 0.565453
0.579292 0.565453
0.579391 0.565453
0.579490 0.565453
0.579589 0.565453
0.579687 0.565453
0.579786 0.565092
0.579885 0.565092
0.579984 0.565092
0.580082 0.564731
0.580181 0.564731
0.580280 0.564731
0.580379 0.564731
0.580477 0.564731
0.580576 0.564731
0.580675 0.564371
0.580774 0.564371
0.580872 0.564371
0.580971 0.564371
0.581070 0.564010
0.581169 0.564010
0.581267 0.564010
0.581366 0.564010
0.581465 0.564010
0.581564 0.563649
0.581662 0.563289
0.581761 0.563289
0.581860 0.562928
0.581959 0.562568
0.582057 0.562207
0.582156 0.562207
0.582255 0.562207
0.582354 0.561486
0.582452 0.561486
0.582551 0.561486
0.582650 0.561125
0.582749 0.561125
0.582847 0.561125
0.582946 0.560765
0.583045 0.560404
0.583144 0.560043
0.583242 0.560043
0.583341 0.559683
0.583440 0.558961
0.583539 0.558961
0.583637 0.558961
0.583736 0.558601
0.583835 0.558601
0.583934 0.558601
0.584032 0.558601
0.584131 0.557880
0.584230 0.557519
0.584329 0.557519
0.584427 0.557158
0.584526 0.557158
0.584625 0.557158
0.584724 0.557158
0.584822 0.556798
0.584921 0.556437
0.585020 0.556437
0.585119 0.556437
0.585217 0.556437
0.585316 0.556437
0.585415 0.556437
0.585514 0.556437
0.585612 0.556437
0.585711 0.556076
0.585810 0.555716
0.585909 0.555716
0.586007 0.555355
0.586106 0.555355
0.586205 0.555355
0.586304 0.555355
0.586402 0.554995
0.586501 0.554995
0.586600 0.554995
0.586699 0.554995
0.586797 0.554634
0.586896 0.554273
0.586995 0.554273
0.587094 0.554273
0.587192 0.554273
0.587291 0.553913
0.587390 0.553552
0.587489 0.553552
0.587587 0.553552
0.587686 0.553552
0.587785 0.553191
0.587884 0.552831
0.587982 0.552831
0.588081 0.552831
0.588180 0.552831
0.588279 0.552470
0.588377 0.552470
0.588476 0.552470
0.588575 0.552470
0.588674 0.552470
0.588772 0.552470
0.588871 0.552110
0.588970 0.552110
0.589069 0.551749
0.589167 0.551749
0.589266 0.551749
0.589365 0.551749
0.589464 0.551028
0.589562 0.550667
0.589661 0.550667
0.589760 0.550667
0.589859 0.550307
0.589957 0.550307
0.590056 0.550307
0.590155 0.549585
0.590254 0.549225
0.590352 0.549225
0.590451 0.549225
0.590550 0.548864
0.590649 0.548864
0.590747 0.548864
0.590846 0.547422
0.590945 0.547422
0.591044 0.547422
0.591142 0.546700
0.591241 0.546700
0.591340 0.546700
0.591439 0.546700
0.591538 0.546700
0.591636 0.546340
0.591735 0.546340
0.591834 0.546340
0.591933 0.546340
0.592031 0.546340
0.592130 0.545618
0.592229 0.545618
0.592328 0.545618
0.592426 0.545618
0.592525 0.545618
0.592624 0.545258
0.592723 0.545258
0.592821 0.545258
0.592920 0.545258
0.593019 0.545258
0.593118 0.545258
0.593216 0.545258
0.593315 0.545258
0.593414 0.544897
0.593513 0.544897
0.593611 0.544537
0.593710 0.544537
0.593809 0.544537
0.593908 0.544537
0.594006 0.544176
0.594105 0.544176
0.594204 0.544176
0.594303 0.544176
0.594401 0.544176
0.594500 0.543815
0.594599 0.543815
0.594698 0.543815
0.594796 0.543815
0.594895 0.543815
0.594994 0.543094
0.595093 0.543094
0.595191 0.543094
0.595290 0.543094
0.595389 0.543094
0.595488 0.543094
0.595586 0.542734
0.595685 0.542734
0.595784 0.542734
0.595883 0.542734
0.595981 0.542373
0.596080 0.542373
0.596179 0.542012
0.596278 0.542012
0.596376 0.542012
0.596475 0.542012
0.596574 0.542012
0.596673 0.542012
0.596771 0.541652
0.596870 0.541652
0.596969 0.541652
0.597068 0.541652
0.597166 0.541652
0.597265 0.541291
0.597364 0.541291
0.597463 0.540930
0.597561 0.540570
0.597660 0.539849
0.597759 0.539849
0.597858 0.539849
0.597956 0.539849
0.598055 0.539849
0.598154 0.539488
0.598253 0.539488
0.598351 0.539488
0.598450 0.539488
0.598549 0.539488
0.598648 0.539127
0.598746 0.539127
0.598845 0.539127
0.598944 0.539127
0.599043 0.539127
0.599141 0.538767
0.599240 0.538406
0.599339 0.538406
0.599438 0.538045
0.599536 0.538045
0.599635 0.538045
0.599734 0.538045
0.599833 0.538045
0.599931 0.537685
0.600030 0.537685
0.600129 0.537685
0.600228 0.537324
0.600326 0.537324
0.600425 0.537324
0.600524 0.537324
0.600623 0.537324
0.600721 0.536964
0.600820 0.536603
0.600919 0.536603
0.601018 0.536603
0.601116 0.536603
0.601215 0.536603
0.601314 0.536603
0.601413 0.536603
0.601511 0.536242
0.601610 0.536242
0.601709 0.536242
0.601808 0.536242
0.601906 0.536242
0.602005 0.536242
0.602104 0.536242
0.602203 0.536242
0.602301 0.536242
0.602400 0.536242
0.602499 0.536242
0.602598 0.536242
0.602696 0.536242
0.602795 0.535882
0.602894 0.535882
0.602993 0.535521
0.603091 0.535521
0.603190 0.534800
0.603289 0.534439
0.603388 0.534079
0.603486 0.534079
0.603585 0.534079
0.603684 0.533718
0.603783 0.532997
0.603881 0.532276
0.603980 0.532276
0.604079 0.532276
0.604178 0.532276
0.604276 0.532276
0.604375 0.532276
0.604474 0.532276
0.604573 0.532276
0.604671 0.532276
0.604770 0.531915
0.604869 0.531915
0.604968 0.531194
0.605066 0.531194
0.605165 0.531194
0.605264 0.531194
0.605363 0.530833
0.605461 0.530833
0.605560 0.530833
0.605659 0.530833
0.605758 0.530833
0.605856 0.530833
0.605955 0.530833
0.606054 0.530833
0.606153 0.530833
0.606251 0.530472
0.606350 0.530472
0.606449 0.530112
0.606548 0.530112
0.606646 0.530112
0.606745 0.530112
0.606844 0.530112
0.606943 0.530112
0.607041 0.529751
0.607140 0.529751
0.607239 0.529751
0.607338 0.529751
0.607436 0.529391
0.607535 0.529391
0.607634 0.529030
0.607733 0.528669
0.607831 0.528309
0.607930 0.528309
0.608029 0.528309
0.608128 0.527948
0.608226 0.527948
0.608325 0.527948
0.608424 0.527948
0.608523 0.527948
0.608621 0.527948
0.608720 0.527948
0.608819 0.527948
0.608918 0.527948
0.609016 0.527948
0.609115 0.527948
0.609214 0.527948
0.609313 0.527948
0.609411 0.527948
0.609510 0.527948
0.609609 0.527227
0.609708 0.527227
0.609806 0.527227
0.609905 0.527227
0.610004 0.526866
0.610103 0.526866
0.610201 0.526866
0.610300 0.526866
0.610399 0.526866
0.610498 0.526866
0.610596 0.526506
0.610695 0.526506
0.610794 0.526506
0.610893 0.526506
0.610991 0.526506
0.611090 0.526506
0.611189 0.526506
0.611288 0.526145
0.611386 0.526145
0.611485 0.526145
0.611584 0.526145
0.611683 0.526145
0.611781 0.525784
0.611880 0.525424
0.611979 0.525424
0.612078 0.525424
0.612176 0.525424
0.612275 0.525424
0.612374 0.524702
0.612473 0.524702
0.612571 0.524702
0.612670 0.523621
0.612769 0.523260
0.612868 0.523260
0.612966 0.523260
0.613065 0.523260
0.613164 0.522899
0.613263 0.522899
0.613361 0.522899
0.613460 0.522539
0.613559 0.522539
0.613658 0.522178
0.613756 0.522178
0.613855 0.522178
0.613954 0.521818
0.614053 0.521457
0.614151 0.521457
0.614250 0.521457
0.614349 0.521096
0.614448 0.520736
0.614546 0.520014
0.614645 0.520014
0.614744 0.520014
0.614843 0.520014
0.614941 0.520014
0.615040 0.519293
0.615139 0.518933
0.615238 0.518933
0.615336 0.518211
0.615435 0.518211
0.615534 0.518211
0.615633 0.518211
0.615731 0.517851
0.615830 0.517490
0.615929 0.517490
0.616028 0.517490
0.616126 0.517490
0.616225 0.517490
0.616324 0.517490
0.616423 0.517490
0.616521 0.517490
0.616620 0.517129
0.616719 0.517129
0.616818 0.517129
0.616916 0.517129
0.617015 0.517129
0.617114 0.517129
0.617213 0.516769
0.617311 0.516769
0.617410 0.516769
0.617509 0.516769
0.617608 0.516408
0.617706 0.516408
0.617805 0.516408
0.617904 0.516408
0.618003 0.516408
0.618101 0.516408
0.618200 0.516408
0.618299 0.516408
0.618398 0.516408
0.618496 0.516408
0.618595 0.515687
0.618694 0.515687
0.618793 0.514966
0.618891 0.514966
0.618990 0.514605
0.619089 0.514605
0.619188 0.514605
0.619286 0.514605
0.619385 0.514605
0.619484 0.514605
0.619583 0.514605
0.619681 0.514605
0.619780 0.514605
0.619879 0.514605
0.619978 0.514605
0.620076 0.514245
0.620175 0.514245
0.620274 0.514245
0.620373 0.514245
0.620471 0.514245
0.620570 0.514245
0.620669 0.514245
0.620768 0.514245
0.620866 0.514245
0.620965 0.514245
0.621064 0.514245
0.621163 0.514245
0.621261 0.513884
0.621360 0.513884
0.621459 0.513884
0.621558 0.513523
0.621656 0.513163
0.621755 0.513163
0.621854 0.513163
0.621953 0.513163
0.622051 0.512802
0.622150 0.512802
0.622249 0.512802
0.622348 0.512802
0.622446 0.512802
0.622545 0.512802
0.622644 0.512802
0.622743 0.512081
0.622841 0.512081
0.622940 0.512081
0.623039 0.512081
0.623138 0.512081
0.623236 0.512081
0.623335 0.512081
0.623434 0.512081
0.623533 0.511720
0.623631 0.510999
0.623730 0.510999
0.623829 0.510999
0.623928 0.510999
0.624026 0.510638
0.624125 0.510278
0.624224 0.510278
0.624323 0.510278
0.624421 0.510278
0.624520 0.509556
0.624619 0.509556
0.624718 0.509196
0.624816 0.509196
0.624915 0.509196
0.625014 0.508114
0.625113 0.507753
0.625211 0.507753
0.625310 0.507753
0.625409 0.507753
0.625508 0.507393
0.625606 0.506671
0.625705 0.506671
0.625804 0.506671
0.625903 0.506671
0.626001 0.506671
0.626100 0.506671
0.626199 0.506671
0.626298 0.506671
0.626396 0.506671
0.626495 0.506671
0.626594 0.506671
0.626693 0.506671
0.626791 0.506671
0.626890 0.506671
0.626989 0.506671
0.627088 0.506671
0.627186 0.506311
0.627285 0.506311
0.627384 0.506311
0.627483 0.506311
0.627581 0.506311
0.627680 0.506311
0.627779 0.506311
0.627878 0.506311
0.627976 0.506311
0.628075 0.506311
0.628174 0.506311
0.628273 0.505950
0.628371 0.505950
0.628470 0.505590
0.628569 0.505590
0.628668 0.505229
0.628766 0.504868
0.628865 0.503787
0.628964 0.503787
0.629063 0.503787
0.629161 0.503787
0.629260 0.503787
0.629359 0.503787
0.629458 0.503787
0.629556 0.503787
0.629655 0.503426
0.629754 0.503426
0.629853 0.503426
0.629951 0.503426
0.630050 0.503426
0.630149 0.503065
0.630248 0.503065
0.630346 0.503065
0.630445 0.503065
0.630544 0.503065
0.630643 0.503065
0.630741 0.502705
0.630840 0.502705
0.630939 0.502705
0.631038 0.502705
0.631136 0.501983
0.631235 0.501623
0.631334 0.501623
0.631433 0.501623
0.631531 0.501262
0.631630 0.501262
0.631729 0.501262
0.631828 0.501262
0.631926 0.500902
0.632025 0.500180
0.632124 0.499820
0.632223 0.499820
0.632322 0.499820
0.632420 0.499820
0.632519 0.499459
0.632618 0.499098
0.632717 0.499098
0.632815 0.498738
0.632914 0.498738
0.633013 0.498738
0.633112 0.498738
0.633210 0.498377
0.633309 0.498377
0.633408 0.498017
0.633507 0.498017
0.633605 0.498017
0.633704 0.498017
0.633803 0.498017
0.633902 0.498017
0.634000 0.498017
0.634099 0.498017
0.634198 0.497656
0.634297 0.497656
0.634395 0.497656
0.634494 0.497295
0.634593 0.497295
0.634692 0.497295
0.634790 0.497295
0.634889 0.497295
0.634988 0.497295
0.635087 0.497295
0.635185 0.497295
0.635284 0.496935
0.635383 0.496574
0.635482 0.496574
0.635580 0.496574
0.635679 0.496213
0.635778 0.495853
0.635877 0.495853
0.635975 0.495492
0.636074 0.495492
0.636173 0.495132
0.636272 0.495132
0.636370 0.494771
0.636469 0.494771
0.636568 0.494771
0.636667 0.494771
0.636765 0.494410
0.636864 0.494410
0.636963 0.494410
0.637062 0.494410
0.637160 0.494410
0.637259 0.494050
0.637358 0.493689
0.637457 0.493689
0.637555 0.493689
0.637654 0.493689
0.637753 0.493689
0.637852 0.493689
0.637950 0.493689
0.638049 0.493329
0.638148 0.493329
0.638247 0.493329
0.638345 0.493329
0.638444 0.492968
0.638543 0.492607
0.638642 0.492607
0.638740 0.491886
0.638839 0.491886
0.638938 0.491886
0.639037 0.491886
0.639135 0.491886
0.639234 0.491886
0.639333 0.491886
0.639432 0.491525
0.639530 0.491525
0.639629 0.491525
0.639728 0.491525
0.639827 0.491525
0.639925 0.491525
0.640024 0.491525
0.640123 0.491525
0.640222 0.491525
0.640320 0.491165
0.640419 0.491165
0.640518 0.491165
0.640617 0.491165
0.640715 0.491165
0.640814 0.491165
0.640913 0.491165
0.641012 0.491165
0.641110 0.490804
0.641209 0.490804
0.641308 0.490444
0.641407 0.490444
0.641505 0.489722
0.641604 0.489722
0.641703 0.489722
0.641802 0.489722
0.641900 0.489722
0.641999 0.489722
0.642098 0.489362
0.642197 0.489362
0.642295 0.489362
0.642394 0.489362
0.642493 0.489362
0.642592 0.489362
0.642690 0.489362
0.642789 0.489362
0.642888 0.489362
0.642987 0.489001
0.643085 0.489001
0.643184 0.489001
0.643283 0.489001
0.643382 0.489001
0.643480 0.489001
0.643579 0.488640
0.643678 0.488640
0.643777 0.488640
0.643875 0.487919
0.643974 0.487198
0.644073 0.487198
0.644172 0.487198
0.644270 0.487198
0.644369 0.486477
0.644468 0.486477
0.644567 0.486477
0.644665 0.486477
0.644764 0.486477
0.644863 0.486477
0.644962 0.486477
0.645060 0.486477
0.645159 0.486477
0.645258 0.486116
0.645357 0.486116
0.645455 0.486116
0.645554 0.485755
0.645653 0.485755
0.645752 0.485755
0.645850 0.485755
0.645949 0.485395
0.646048 0.485395
0.646147 0.485034
0.646245 0.485034
0.646344 0.485034
0.646443 0.485034
0.646542 0.485034
0.646640 0.485034
0.646739 0.485034
0.646838 0.484674
0.646937 0.484674
0.647035 0.484674
0.647134 0.484674
0.647233 0.484674
0.647332 0.484674
0.647430 0.484674
0.647529 0.484674
0.647628 0.484674
0.647727 0.484674
0.647825 0.484313
0.647924 0.484313
0.648023 0.484313
0.648122 0.484313
0.648220 0.484313
0.648319 0.484313
0.648418 0.484313
0.648517 0.484313
0.648615 0.484313
0.648714 0.483952
0.648813 0.483952
0.648912 0.483952
0.649010 0.483592
0.649109 0.483592
0.649208 0.483592
0.649307 0.483592
0.649405 0.483592
0.649504 0.483231
0.649603 0.482871
0.649702 0.482871
0.649800 0.482510
0.649899 0.482510
0.649998 0.482510
0.650097 0.482510
0.650195 0.482510
0.650294 0.482510
0.650393 0.482510
0.650492 0.482510
0.650590 0.482149
0.650689 0.482149
0.650788 0.482149
0.650887 0.482149
0.650985 0.482149
0.651084 0.482149
0.651183 0.482149
0.651282 0.481789
0.651380 0.481789
0.651479 0.481428
0.651578 0.481428
0.651677 0.481067
0.651775 0.481067
0.651874 0.481067
0.651973 0.481067
0.652072 0.481067
0.652170 0.480707
0.652269 0.479986
0.652368 0.479986
0.652467 0.479986
0.652565 0.479986
0.652664 0.479625
0.652763 0.479264
0.652862 0.479264
0.652960 0.479264
0.653059 0.479264
0.653158 0.479264
0.653257 0.479264
0.653355 0.478904
0.653454 0.478904
0.653553 0.478904
0.653652 0.478904
0.653750 0.478904
0.653849 0.478904
0.653948 0.478904
0.654047 0.478904
0.654145 0.478904
0.654244 0.478904
0.654343 0.478904
0.654442 0.478904
0.654540 0.478904
0.654639 0.478543
0.654738 0.478543
0.654837 0.478543
0.654935 0.478543
0.655034 0.478543
0.655133 0.478543
0.655232 0.478543
0.655330 0.478543
0.655429 0.478543
0.655528 0.478543
0.655627 0.478543
0.655725 0.478543
0.655824 0.478182
0.655923 0.478182
0.656022 0.478182
0.656120 0.477822
0.656219 0.477822
0.656318 0.477822
0.656417 0.477822
0.656515 0.477822
0.656614 0.477461
0.656713 0.477461
0.656812 0.477101
0.656910 0.476740
0.657009 0.476379
0.657108 0.476019
0.657207 0.476019
0.657305 0.475658
0.657404 0.475658
0.657503 0.474937
0.657602 0.474937
0.657700 0.474937
0.657799 0.474937
0.657898 0.474937
0.657997 0.474937
0.658095 0.474576
0.658194 0.474576
0.658293 0.474216
0.658392 0.474216
0.658490 0.474216
0.658589 0.473855
0.658688 0.473855
0.658787 0.473855
0.658885 0.473494
0.658984 0.473494
0.659083 0.473494
0.659182 0.473494
0.659280 0.473494
0.659379 0.473494
0.659478 0.473494
0.659577 0.473134
0.659675 0.473134
0.659774 0.473134
0.659873 0.473134
0.659972 0.473134
0.660070 0.472773
0.660169 0.472773
0.660268 0.472773
0.660367 0.472773
0.660465 0.472773
0.660564 0.472773
0.660663 0.472413
0.660762 0.472413
0.660860 0.472413
0.660959 0.472413
0.661058 0.472413
0.661157 0.472413
0.661255 0.472413
0.661354 0.472413
0.661453 0.472413
0.661552 0.472052
0.661650 0.472052
0.661749 0.471691
0.661848 0.471691
0.661947 0.471691
0.662045 0.471691
0.662144 0.471331
0.662243 0.471331
0.662342 0.470970
0.662440 0.470609
0.662539 0.470609
0.662638 0.470609
0.662737 0.470609
0.662835 0.470609
0.662934 0.470609
0.663033 0.470249
0.663132 0.470249
0.663230 0.469888
0.663329 0.469888
0.663428 0.469888
0.663527 0.469167
0.663625 0.468806
0.663724 0.468806
0.663823 0.468806
0.663922 0.468806
0.664020 0.468806
0.664119 0.468446
0.664218 0.468085
0.664317 0.468085
0.664415 0.468085
0.664514 0.468085
0.664613 0.467724
0.664712 0.467724
0.664810 0.467724
0.664909 0.467364
0.665008 0.467364
0.665107 0.467003
0.665205 0.467003
0.665304 0.467003
0.665403 0.467003
0.665502 0.467003
0.665600 0.466643
0.665699 0.466282
0.665798 0.465921
0.665897 0.465921
0.665995 0.465921
0.666094 0.465921
0.666193 0.465921
0.666292 0.465921
0.666390 0.465921
0.666489 0.465921
0.666588 0.465921
0.666687 0.465921
0.666785 0.465561
0.666884 0.465200
0.666983 0.465200
0.667082 0.465200
0.667180 0.465200
0.667279 0.465200
0.667378 0.465200
0.667477 0.465200
0.667575 0.464840
0.667674 0.464840
0.667773 0.464840
0.667872 0.464840
0.667970 0.464840
0.668069 0.464840
0.668168 0.464479
0.668267 0.463758
0.668365 0.463758
0.668464 0.463397
0.668563 0.463397
0.668662 0.463036
0.668760 0.462676
0.668859 0.462676
0.668958 0.462676
0.669057 0.462676
0.669155 0.462676
0.669254 0.462676
0.669353 0.462676
0.669452 0.462676
0.669550 0.462315
0.669649 0.462315
0.669748 0.462315
0.669847 0.461955
0.669945 0.461594
0.670044 0.461233
0.670143 0.461233
0.670242 0.461233
0.670340 0.461233
0.670439 0.461233
0.670538 0.461233
0.670637 0.461233
0.670735 0.461233
0.670834 0.461233
0.670933 0.460873
0.671032 0.460873
0.671130 0.460151
0.671229 0.460151
0.671328 0.460151
0.671427 0.460151
0.671525 0.459791
0.671624 0.459791
0.671723 0.459430
0.671822 0.459070
0.671920 0.458709
0.672019 0.458348
0.672118 0.458348
0.672217 0.457988
0.672315 0.457988
0.672414 0.457988
0.672513 0.457988
0.672612 0.457988
0.672710 0.457988
0.672809 0.457988
0.672908 0.457627
0.673007 0.457627
0.673106 0.457627
0.673204 0.457627
0.673303 0.457627
0.673402 0.456906
0.673501 0.456906
0.673599 0.456906
0.673698 0.456545
0.673797 0.456185
0.673896 0.456185
0.673994 0.455824
0.674093 0.455463
0.674192 0.455463
0.674291 0.455463
0.674389 0.455463
0.674488 0.455463
0.674587 0.455463
0.674686 0.455463
0.674784 0.455463
0.674883 0.455463
0.674982 0.455103
0.675081 0.455103
0.675179 0.455103
0.675278 0.455103
0.675377 0.455103
0.675476 0.454742
0.675574 0.454382
0.675673 0.454021
0.675772 0.454021
0.675871 0.454021
0.675969 0.453300
0.676068 0.452218
0.676167 0.452218
0.676266 0.452218
0.676364 0.452218
0.676463 0.452218
0.676562 0.452218
0.676661 0.451857
0.676759 0.451857
0.676858 0.451857
0.676957 0.451857
0.677056 0.451497
0.677154 0.451497
0.677253 0.451497
0.677352 0.451136
0.677451 0.450775
0.677549 0.450775
0.677648 0.450775
0.677747 0.450775
0.677846 0.450775
0.677944 0.450775
0.678043 0.450775
0.678142 0.450775
0.678241 0.450415
0.678339 0.450415
0.678438 0.450415
0.678537 0.450415
0.678636 0.450415
0.678734 0.450415
0.678833 0.450054
0.678932 0.449693
0.679031 0.449333
0.679129 0.449333
0.679228 0.449333
0.679327 0.449333
0.679426 0.449333
0.679524 0.449333
0.679623 0.449333
0.679722 0.449333
0.679821 0.448972
0.679919 0.448972
0.680018 0.448972
0.680117 0.448972
0.680216 0.448972
0.680314 0.448972
0.680413 0.448972
0.680512 0.448972
0.680611 0.448972
0.680709 0.448612
0.680808 0.448612
0.680907 0.448612
0.681006 0.448612
0.681104 0.447890
0.681203 0.447890
0.681302 0.447530
0.681401 0.447530
0.681499 0.446809
0.681598 0.446809
0.681697 0.446809
0.681796 0.446809
0.681894 0.446809
0.681993 0.446809
0.682092 0.446809
0.682191 0.446809
0.682289 0.446809
0.682388 0.446448
0.682487 0.446087
0.682586 0.446087
0.682684 0.446087
0.682783 0.446087
0.682882 0.445727
0.682981 0.445727
0.683079 0.445727
0.683178 0.445727
0.683277 0.445727
0.683376 0.445727
0.683474 0.445366
0.683573 0.445366
0.683672 0.445366
0.683771 0.445366
0.683869 0.445005
0.683968 0.445005
0.684067 0.445005
0.684166 0.445005
0.684264 0.445005
0.684363 0.444645
0.684462 0.444284
0.684561 0.443924
0.684659 0.443924
0.684758 0.443924
0.684857 0.443924
0.684956 0.443924
0.685054 0.443924
0.685153 0.443924
0.685252 0.443924
0.685351 0.443924
0.685449 0.443924
0.685548 0.443924
0.685647 0.443924
0.685746 0.443924
0.685844 0.443924
0.685943 0.443924
0.686042 0.443924
0.686141 0.443924
0.686239 0.443563
0.686338 0.443563
0.686437 0.443563
0.686536 0.442842
0.686634 0.442842
0.686733 0.442842
0.686832 0.442842
0.686931 0.442842
0.687029 0.442842
0.687128 0.442481
0.687227 0.442120
0.687326 0.441760
0.687424 0.441760
0.687523 0.441760
0.687622 0.441760
0.687721 0.441760
0.687819 0.441399
0.687918 0.441399
0.688017 0.441039
0.688116 0.441039
0.688214 0.441039
0.688313 0.441039
0.688412 0.441039
0.688511 0.440678
0.688609 0.440317
0.688708 0.440317
0.688807 0.440317
0.688906 0.440317
0.689004 0.440317
0.689103 0.440317
0.689202 0.439957
0.689301 0.439957
0.689399 0.439596
0.689498 0.439235
0.689597 0.439235
0.689696 0.439235
0.689794 0.439235
0.689893 0.439235
0.689992 0.439235
0.690091 0.439235
0.690189 0.438875
0.690288 0.438514
0.690387 0.438514
0.690486 0.438514
0.690584 0.438514
0.690683 0.438514
0.690782 0.438514
0.690881 0.438514
0.690979 0.438154
0.691078 0.437793
0.691177 0.437793
0.691276 0.437793
0.691374 0.437793
0.691473 0.437432
0.691572 0.437072
0.691671 0.437072
0.691769 0.437072
0.691868 0.437072
0.691967 0.437072
0.692066 0.437072
0.692164 0.437072
0.692263 0.437072
0.692362 0.436351
0.692461 0.436351
0.692559 0.436351
0.692658 0.435990
0.692757 0.435629
0.692856 0.435629
0.692954 0.435629
0.693053 0.435629
0.693152 0.435629
0.693251 0.435629
0.693349 0.435629
0.693448 0.435629
0.693547 0.435629
0.693646 0.435269
0.693744 0.434908
0.693843 0.434547
0.693942 0.434547
0.694041 0.434187
0.694139 0.434187
0.694238 0.433826
0.694337 0.433826
0.694436 0.433826
0.694534 0.433826
0.694633 0.433826
0.694732 0.433466
0.694831 0.433466
0.694929 0.433105
0.695028 0.433105
0.695127 0.433105
0.695226 0.433105
0.695324 0.433105
0.695423 0.433105
0.695522 0.433105
0.695621 0.433105
0.695719 0.433105
0.695818 0.433105
0.695917 0.433105
0.696016 0.433105
0.696114 0.432744
0.696213 0.432744
0.696312 0.432744
0.696411 0.432744
0.696509 0.432023
0.696608 0.432023
0.696707 0.432023
0.696806 0.431662
0.696904 0.431662
0.697003 0.431302
0.697102 0.431302
0.697201 0.431302
0.697299 0.431302
0.697398 0.430941
0.697497 0.430941
0.697596 0.430941
0.697694 0.430941
0.697793 0.430581
0.697892 0.430581
0.697991 0.430581
0.698089 0.430581
0.698188 0.429859
0.698287 0.429859
0.698386 0.429859
0.698484 0.429859
0.698583 0.429859
0.698682 0.429859
0.698781 0.429859
0.698879 0.429859
0.698978 0.429859
0.699077 0.429859
0.699176 0.429499
0.699274 0.429499
0.699373 0.429499
0.699472 0.429499
0.699571 0.429499
0.699669 0.429499
0.699768 0.429499
0.699867 0.429138
0.699966 0.429138
0.700064 0.428777
0.700163 0.428777
0.700262 0.428777
0.700361 0.428777
0.700459 0.428777
0.700558 0.428417
0.700657 0.428417
0.700756 0.428417
0.700854 0.428056
0.700953 0.428056
0.701052 0.427335
0.701151 0.427335
0.701249 0.427335
0.701348 0.427335
0.701447 0.427335
0.701546 0.427335
0.701644 0.427335
0.701743 0.427335
0.701842 0.427335
0.701941 0.426974
0.702039 0.426974
0.702138 0.426974
0.702237 0.426614
0.702336 0.425893
0.702434 0.425893
0.702533 0.425171
0.702632 0.424811
0.702731 0.424450
0.702829 0.424089
0.702928 0.424089
0.703027 0.424089
0.703126 0.424089
0.703224 0.424089
0.703323 0.424089
0.703422 0.424089
0.703521 0.424089
0.703619 0.424089
0.703718 0.424089
0.703817 0.424089
0.703916 0.423729
0.704014 0.423729
0.704113 0.423729
0.704212 0.423368
0.704311 0.423368
0.704409 0.423008
0.704508 0.423008
0.704607 0.423008
0.704706 0.423008
0.704804 0.423008
0.704903 0.422647
0.705002 0.422647
0.705101 0.422647
0.705199 0.422286
0.705298 0.422286
0.705397 0.422286
0.705496 0.422286
0.705594 0.422286
0.705693 0.422286
0.705792 0.422286
0.705891 0.421565
0.705989 0.421565
0.706088 0.421565
0.706187 0.421565
0.706286 0.421565
0.706384 0.421565
0.706483 0.421204
0.706582 0.420844
0.706681 0.420844
0.706779 0.420844
0.706878 0.420844
0.706977 0.420844
0.707076 0.420844
0.707174 0.420844
0.707273 0.420844
0.707372 0.420483
0.707471 0.420483
0.707569 0.420483
0.707668 0.420483
0.707767 0.420483
0.707866 0.420483
0.707964 0.420123
0.708063 0.420123
0.708162 0.420123
0.708261 0.420123
0.708359 0.420123
0.708458 0.419762
0.708557 0.419762
0.708656 0.419762
0.708754 0.419762
0.708853 0.419762
0.708952 0.419401
0.709051 0.419401
0.709149 0.419401
0.709248 0.419401
0.709347 0.419401
0.709446 0.419401
0.709544 0.419401
0.709643 0.419041
0.709742 0.419041
0.709841 0.419041
0.709939 0.419041
0.710038 0.418680
0.710137 0.418680
0.710236 0.418320
0.710334 0.418320
0.710433 0.417598
0.710532 0.417238
0.710631 0.416516
0.710729 0.416516
0.710828 0.416516
0.710927 0.416516
0.711026 0.416516
0.711124 0.416516
0.711223 0.416516
0.711322 0.416516
0.711421 0.416516
0.711519 0.416516
0.711618 0.416516
0.711717 0.416516
0.711816 0.416516
0.711914 0.416516
0.712013 0.416156
0.712112 0.416156
0.712211 0.416156
0.712309 0.415795
0.712408 0.415435
0.712507 0.415435
0.712606 0.415074
0.712704 0.414713
0.712803 0.414713
0.712902 0.414713
0.713001 0.414713
0.713099 0.414713
0.713198 0.414353
0.713297 0.413992
0.713396 0.413992
0.713494 0.413992
0.713593 0.413992
0.713692 0.413992
0.713791 0.413992
0.713890 0.413992
0.713988 0.413992
0.714087 0.413992
0.714186 0.413992
0.714285 0.413631
0.714383 0.412910
0.714482 0.412910
0.714581 0.412910
0.714680 0.412910
0.714778 0.412550
0.714877 0.412189
0.714976 0.412189
0.715075 0.412189
0.715173 0.412189
0.715272 0.412189
0.715371 0.411828
0.715470 0.411828
0.715568 0.411468
0.715667 0.411468
0.715766 0.411468
0.715865 0.411468
0.715963 0.411468
0.716062 0.411468
0.716161 0.411468
0.716260 0.411468
0.716358 0.411468
0.716457 0.411468
0.716556 0.411468
0.716655 0.411468
0.716753 0.411468
0.716852 0.411107
0.716951 0.410746
0.717050 0.410746
0.717148 0.410386
0.717247 0.410386
0.717346 0.410025
0.717445 0.410025
0.717543 0.409665
0.717642 0.409665
0.717741 0.409304
0.717840 0.408943
0.717938 0.408943
0.718037 0.408943
0.718136 0.408943
0.718235 0.408943
0.718333 0.408943
0.718432 0.408943
0.718531 0.408583
0.718630 0.408583
0.718728 0.408583
0.718827 0.408583
0.718926 0.408583
0.719025 0.408583
0.719123 0.408583
0.719222 0.408222
0.719321 0.408222
0.719420 0.408222
0.719518 0.408222
0.719617 0.407862
0.719716 0.407862
0.719815 0.407501
0.719913 0.407501
0.720012 0.407501
0.720111 0.407501
0.720210 0.407140
0.720308 0.407140
0.720407 0.407140
0.720506 0.406780
0.720605 0.406419
0.720703 0.406058
0.720802 0.406058
0.720901 0.405698
0.721000 0.405337
0.721098 0.405337
0.721197 0.405337
0.721296 0.405337
0.721395 0.405337
0.721493 0.405337
0.721592 0.404977
0.721691 0.404616
0.721790 0.404616
0.721888 0.404616
0.721987 0.403895
0.722086 0.403895
0.722185 0.403895
0.722283 0.403534
0.722382 0.403534
0.722481 0.403534
0.722580 0.403534
0.722678 0.403173
0.722777 0.402813
0.722876 0.402813
0.722975 0.402813
0.723073 0.402813
0.723172 0.402813
0.723271 0.402452
0.723370 0.402452
0.723468 0.402452
0.723567 0.402092
0.723666 0.402092
0.723765 0.402092
0.723863 0.401370
0.723962 0.401370
0.724061 0.401370
0.724160 0.401010
0.724258 0.400649
0.724357 0.400649
0.724456 0.400288
0.724555 0.399928
0.724653 0.399928
0.724752 0.399928
0.724851 0.399928
0.724950 0.399928
0.725048 0.399928
0.725147 0.399928
0.725246 0.399928
0.725345 0.399928
0.725443 0.399928
0.725542 0.399567
0.725641 0.399567
0.725740 0.399567
0.725838 0.399567
0.725937 0.399207
0.726036 0.399207
0.726135 0.398846
0.726233 0.398846
0.726332 0.398846
0.726431 0.398846
0.726530 0.398485
0.726628 0.398485
0.726727 0.398485
0.726826 0.398125
0.726925 0.398125
0.727023 0.398125
0.727122 0.397764
0.727221 0.397764
0.727320 0.397764
0.727418 0.397404
0.727517 0.397043
0.727616 0.397043
0.727715 0.396682
0.727813 0.396682
0.727912 0.396322
0.728011 0.396322
0.728110 0.395961
0.728208 0.395961
0.728307 0.395961
0.728406 0.395961
0.728505 0.395961
0.728603 0.395600
0.728702 0.395600
0.728801 0.395600
0.728900 0.394879
0.728998 0.394519
0.729097 0.394158
0.729196 0.394158
0.729295 0.394158
0.729393 0.394158
0.729492 0.393797
0.729591 0.393437
0.729690 0.393437
0.729788 0.393437
0.729887 0.393437
0.729986 0.393437
0.730085 0.393437
0.730183 0.393437
0.730282 0.393437
0.730381 0.393076
0.730480 0.393076
0.730578 0.393076
0.730677 0.392715
0.730776 0.392715
0.730875 0.392715
0.730973 0.392355
0.731072 0.392355
0.731171 0.392355
0.731270 0.392355
0.731368 0.392355
0.731467 0.392355
0.731566 0.392355
0.731665 0.392355
0.731763 0.392355
0.731862 0.392355
0.731961 0.392355
0.732060 0.392355
0.732158 0.392355
0.732257 0.391994
0.732356 0.391994
0.732455 0.391273
0.732553 0.391273
0.732652 0.391273
0.732751 0.390912
0.732850 0.390912
0.732948 0.390552
0.733047 0.390552
0.733146 0.390552
0.733245 0.390552
0.733343 0.390552
0.733442 0.390552
0.733541 0.390552
0.733640 0.390552
0.733738 0.390191
0.733837 0.389831
0.733936 0.389831
0.734035 0.389470
0.734133 0.389470
0.734232 0.389470
0.734331 0.389470
0.734430 0.389470
0.734528 0.389470
0.734627 0.389109
0.734726 0.388749
0.734825 0.388749
0.734923 0.388749
0.735022 0.388027
0.735121 0.388027
0.735220 0.388027
0.735318 0.388027
0.735417 0.387667
0.735516 0.387667
0.735615 0.387306
0.735713 0.387306
0.735812 0.387306
0.735911 0.387306
0.736010 0.386946
0.736108 0.386585
0.736207 0.386224
0.736306 0.385864
0.736405 0.385142
0.736503 0.385142
0.736602 0.385142
0.736701 0.384782
0.736800 0.384782
0.736898 0.384782
0.736997 0.384782
0.737096 0.384421
0.737195 0.384061
0.737293 0.384061
0.737392 0.384061
0.737491 0.384061
0.737590 0.384061
0.737688 0.384061
0.737787 0.384061
0.737886 0.384061
0.737985 0.384061
0.738083 0.384061
0.738182 0.384061
0.738281 0.384061
0.738380 0.384061
0.738478 0.384061
0.738577 0.384061
0.738676 0.384061
0.738775 0.384061
0.738873 0.384061
0.738972 0.384061
0.739071 0.384061
0.739170 0.383700
0.739268 0.383339
0.739367 0.383339
0.739466 0.383339
0.739565 0.383339
0.739663 0.383339
0.739762 0.383339
0.739861 0.382979
0.739960 0.382979
0.740058 0.382979
0.740157 0.382979
0.740256 0.382979
0.740355 0.382979
0.740453 0.382979
0.740552 0.382618
0.740651 0.382618
0.740750 0.382618
0.740848 0.382618
0.740947 0.382257
0.741046 0.382257
0.741145 0.382257
0.741243 0.381897
0.741342 0.381897
0.741441 0.381897
0.741540 0.381897
0.741638 0.381536
0.741737 0.381536
0.741836 0.381536
0.741935 0.381176
0.742033 0.381176
0.742132 0.380815
0.742231 0.380815
0.742330 0.380815
0.742428 0.380815
0.742527 0.380815
0.742626 0.380815
0.742725 0.380815
0.742823 0.380454
0.742922 0.380454
0.743021 0.380094
0.743120 0.380094
0.743218 0.380094
0.743317 0.380094
0.743416 0.380094
0.743515 0.380094
0.743613 0.380094
0.743712 0.380094
0.743811 0.380094
0.743910 0.379733
0.744008 0.379733
0.744107 0.379733
0.744206 0.379733
0.744305 0.379733
0.744403 0.379733
0.744502 0.379733
0.744601 0.379733
0.744700 0.379733
0.744798 0.379373
0.744897 0.379012
0.744996 0.379012
0.745095 0.379012
0.745193 0.379012
0.745292 0.379012
0.745391 0.378651
0.745490 0.378291
0.745588 0.378291
0.745687 0.378291
0.745786 0.378291
0.745885 0.377930
0.745983 0.377930
0.746082 0.377930
0.746181 0.377930
0.746280 0.377930
0.746378 0.377930
0.746477 0.377930
0.746576 0.377930
0.746675 0.377930
0.746773 0.377569
0.746872 0.377209
0.746971 0.376848
0.747070 0.376848
0.747168 0.376848
0.747267 0.376848
0.747366 0.376848
0.747465 0.376848
0.747563 0.375766
0.747662 0.375766
0.747761 0.375766
0.747860 0.375766
0.747958 0.375766
0.748057 0.375766
0.748156 0.375766
0.748255 0.375406
0.748353 0.375406
0.748452 0.375045
0.748551 0.375045
0.748650 0.375045
0.748748 0.375045
0.748847 0.375045
0.748946 0.375045
0.749045 0.374684
0.749143 0.374684
0.749242 0.374684
0.749341 0.374684
0.749440 0.374684
0.749538 0.374324
0.749637 0.374324
0.749736 0.373963
0.749835 0.373963
0.749933 0.373963
0.750032 0.373963
0.750131 0.373963
0.750230 0.373963
0.750328 0.373963
0.750427 0.373603
0.750526 0.373603
0.750625 0.373242
0.750723 0.373242
0.750822 0.373242
0.750921 0.373242
0.751020 0.373242
0.751118 0.373242
0.751217 0.373242
0.751316 0.372881
0.751415 0.372881
0.751513 0.372881
0.751612 0.372881
0.751711 0.372881
0.751810 0.372881
0.751908 0.372881
0.752007 0.372881
0.752106 0.372521
0.752205 0.372160
0.752303 0.371799
0.752402 0.371799
0.752501 0.371439
0.752600 0.371439
0.752698 0.371439
0.752797 0.371439
0.752896 0.371439
0.752995 0.371439
0.753093 0.371439
0.753192 0.371439
0.753291 0.371078
0.753390 0.370718
0.753488 0.370357
0.753587 0.370357
0.753686 0.370357
0.753785 0.370357
0.753883 0.370357
0.753982 0.370357
0.754081 0.370357
0.754180 0.370357
0.754279 0.370357
0.754377 0.370357
0.754476 0.370357
0.754575 0.370357
0.754674 0.369996
0.754772 0.369996
0.754871 0.369996
0.754970 0.369996
0.755069 0.369636
0.755167 0.369636
0.755266 0.369275
0.755365 0.368554
0.755464 0.368554
0.755562 0.368554
0.755661 0.368554
0.755760 0.368554
0.755859 0.368554
0.755957 0.368554
0.756056 0.368554
0.756155 0.368554
0.756254 0.368554
0.756352 0.368554
0.756451 0.368554
0.756550 0.368554
0.756649 0.368554
0.756747 0.368193
0.756846 0.367111
0.756945 0.367111
0.757044 0.367111
0.757142 0.366751
0.757241 0.366751
0.757340 0.366751
0.757439 0.366751
0.757537 0.366751
0.757636 0.366751
0.757735 0.366751
0.757834 0.366390
0.757932 0.366390
0.758031 0.366390
0.758130 0.366390
0.758229 0.366390
0.758327 0.366030
0.758426 0.366030
0.758525 0.366030
0.758624 0.366030
0.758722 0.366030
0.758821 0.366030
0.758920 0.366030
0.759019 0.365669
0.759117 0.365308
0.759216 0.365308
0.759315 0.365308
0.759414 0.365308
0.759512 0.365308
0.759611 0.365308
0.759710 0.365308
0.759809 0.365308
0.759907 0.365308
0.760006 0.365308
0.760105 0.364948
0.760204 0.364948
0.760302 0.364948
0.760401 0.364587
0.760500 0.364587
0.760599 0.364587
0.760697 0.364587
0.760796 0.364587
0.760895 0.364226
0.760994 0.363866
0.761092 0.363866
0.761191 0.363505
0.761290 0.363505
0.761389 0.363505
0.761487 0.363145
0.761586 0.363145
0.761685 0.363145
0.761784 0.362784
0.761882 0.362784
0.761981 0.362784
0.762080 0.362784
0.762179 0.362423
0.762277 0.362423
0.762376 0.362423
0.762475 0.362423
0.762574 0.362063
0.762672 0.362063
0.762771 0.362063
0.762870 0.361702
0.762969 0.361702
0.763067 0.361702
0.763166 0.361342
0.763265 0.361342
0.763364 0.361342
0.763462 0.361342
0.763561 0.361342
0.763660 0.361342
0.763759 0.361342
0.763857 0.360981
0.763956 0.360981
0.764055 0.360981
0.764154 0.360981
0.764252 0.360620
0.764351 0.360620
0.764450 0.360260
0.764549 0.359899
0.764647 0.359538
0.764746 0.359538
0.764845 0.359538
0.764944 0.359178
0.765042 0.358457
0.765141 0.357735
0.765240 0.357375
0.765339 0.357375
0.765437 0.357014
0.765536 0.357014
0.765635 0.357014
0.765734 0.357014
0.765832 0.357014
0.765931 0.357014
0.766030 0.357014
0.766129 0.357014
0.766227 0.357014
0.766326 0.357014
0.766425 0.357014
0.766524 0.357014
0.766622 0.357014
0.766721 0.357014
0.766820 0.357014
0.766919 0.356653
0.767017 0.355572
0.767116 0.355572
0.767215 0.355572
0.767314 0.355211
0.767412 0.355211
0.767511 0.354490
0.767610 0.354490
0.767709 0.354490
0.767807 0.354490
0.767906 0.354129
0.768005 0.354129
0.768104 0.354129
0.768202 0.353768
0.768301 0.353768
0.768400 0.353408
0.768499 0.353408
0.768597 0.353047
0.768696 0.353047
0.768795 0.353047
0.768894 0.353047
0.768992 0.353047
0.769091 0.353047
0.769190 0.353047
0.769289 0.353047
0.769387 0.352326
0.769486 0.352326
0.769585 0.352326
0.769684 0.352326
0.769782 0.352326
0.769881 0.352326
0.769980 0.352326
0.770079 0.352326
0.770177 0.352326
0.770276 0.352326
0.770375 0.352326
0.770474 0.352326
0.770572 0.352326
0.770671 0.352326
0.770770 0.352326
0.770869 0.351965
0.770967 0.351965
0.771066 0.351965
0.771165 0.351965
0.771264 0.351965
0.771362 0.351605
0.771461 0.351605
0.771560 0.351605
0.771659 0.351244
0.771757 0.351244
0.771856 0.350884
0.771955 0.350523
0.772054 0.350523
0.772152 0.350162
0.772251 0.349441
0.772350 0.349441
0.772449 0.349441
0.772547 0.349441
0.772646 0.349080
0.772745 0.349080
0.772844 0.348720
0.772942 0.348720
0.773041 0.348359
0.773140 0.348359
0.773239 0.348359
0.773337 0.348359
0.773436 0.347999
0.773535 0.347999
0.773634 0.347999
0.773732 0.347999
0.773831 0.347999
0.773930 0.347638
0.774029 0.347638
0.774127 0.347638
0.774226 0.347638
0.774325 0.347277
0.774424 0.346917
0.774522 0.346556
0.774621 0.346195
0.774720 0.346195
0.774819 0.346195
0.774917 0.346195
0.775016 0.346195
0.775115 0.346195
0.775214 0.345474
0.775312 0.345114
0.775411 0.344753
0.775510 0.344392
0.775609 0.344032
0.775707 0.343310
0.775806 0.342950
0.775905 0.342589
0.776004 0.342589
0.776102 0.342589
0.776201 0.342589
0.776300 0.342229
0.776399 0.342229
0.776497 0.342229
0.776596 0.342229
0.776695 0.342229
0.776794 0.342229
0.776892 0.342229
0.776991 0.342229
0.777090 0.342229
0.777189 0.341868
0.777287 0.341507
0.777386 0.341507
0.777485 0.341507
0.777584 0.341507
0.777682 0.341147
0.777781 0.340426
0.777880 0.340426
0.777979 0.340426
0.778077 0.340426
0.778176 0.340426
0.778275 0.340065
0.778374 0.340065
0.778472 0.339704
0.778571 0.339344
0.778670 0.339344
0.778769 0.339344
0.778867 0.338983
0.778966 0.338983
0.779065 0.338983
0.779164 0.338983
0.779262 0.338983
0.779361 0.338622
0.779460 0.338622
0.779559 0.338262
0.779657 0.338262
0.779756 0.338262
0.779855 0.338262
0.779954 0.338262
0.780052 0.337901
0.780151 0.337541
0.780250 0.337180
0.780349 0.336819
0.780447 0.336459
0.780546 0.336098
0.780645 0.336098
0.780744 0.335737
0.780842 0.335737
0.780941 0.335737
0.781040 0.335737
0.781139 0.335377
0.781237 0.335377
0.781336 0.335377
0.781435 0.335377
0.781534 0.335377
0.781632 0.335377
0.781731 0.335377
0.781830 0.335377
0.781929 0.335377
0.782027 0.335377
0.782126 0.335377
0.782225 0.335377
0.782324 0.334656
0.782422 0.334656
0.782521 0.334656
0.782620 0.334656
0.782719 0.334656
0.782817 0.334295
0.782916 0.334295
0.783015 0.334295
0.783114 0.334295
0.783212 0.334295
0.783311 0.334295
0.783410 0.334295
0.783509 0.334295
0.783607 0.334295
0.783706 0.333934
0.783805 0.333934
0.783904 0.332853
0.784002 0.332492
0.784101 0.332492
0.784200 0.332492
0.784299 0.332131
0.784397 0.332131
0.784496 0.331771
0.784595 0.331771
0.784694 0.331771
0.784792 0.331410
0.784891 0.331049
0.784990 0.330689
0.785089 0.330689
0.785187 0.330689
0.785286 0.330328
0.785385 0.329968
0.785484 0.329968
0.785582 0.329968
0.785681 0.329968
0.785780 0.329968
0.785879 0.329968
0.785977 0.329607
0.786076 0.329246
0.786175 0.329246
0.786274 0.329246
0.786372 0.329246
0.786471 0.329246
0.786570 0.329246
0.786669 0.329246
0.786767 0.329246
0.786866 0.328886
0.786965 0.328886
0.787064 0.328886
0.787162 0.328164
0.787261 0.327804
0.787360 0.327804
0.787459 0.327804
0.787557 0.327083
0.787656 0.327083
0.787755 0.327083
0.787854 0.327083
0.787952 0.326722
0.788051 0.326361
0.788150 0.326361
0.788249 0.326001
0.788347 0.325640
0.788446 0.325640
0.788545 0.325640
0.788644 0.325640
0.788742 0.325640
0.788841 0.325640
0.788940 0.325640
0.789039 0.325279
0.789137 0.325279
0.789236 0.325279
0.789335 0.325279
0.789434 0.324919
0.789532 0.324919
0.789631 0.324919
0.789730 0.324919
0.789829 0.324558
0.789927 0.323476
0.790026 0.323476
0.790125 0.323476
0.790224 0.323476
0.790322 0.323476
0.790421 0.323476
0.790520 0.323476
0.790619 0.323476
0.790717 0.323116
0.790816 0.323116
0.790915 0.323116
0.791014 0.322755
0.791112 0.322755
0.791211 0.322395
0.791310 0.322395
0.791409 0.322395
0.791507 0.322395
0.791606 0.322395
0.791705 0.322395
0.791804 0.322395
0.791902 0.321673
0.792001 0.321673
0.792100 0.320952
0.792199 0.320952
0.792297 0.320952
0.792396 0.320231
0.792495 0.320231
0.792594 0.320231
0.792692 0.320231
0.792791 0.320231
0.792890 0.320231
0.792989 0.320231
0.793087 0.319870
0.793186 0.319870
0.793285 0.319870
0.793384 0.319870
0.793482 0.319870
0.793581 0.319510
0.793680 0.319510
0.793779 0.319510
0.793877 0.319510
0.793976 0.319149
0.794075 0.319149
0.794174 0.319149
0.794272 0.319149
0.794371 0.318788
0.794470 0.318428
0.794569 0.318067
0.794667 0.318067
0.794766 0.317706
0.794865 0.317706
0.794964 0.317706
0.795063 0.316985
0.795161 0.316625
0.795260 0.316625
0.795359 0.316625
0.795458 0.316625
0.795556 0.316625
0.795655 0.316264
0.795754 0.315903
0.795853 0.315903
0.795951 0.315903
0.796050 0.315543
0.796149 0.315182
0.796248 0.315182
0.796346 0.314821
0.796445 0.314821
0.796544 0.314821
0.796643 0.314461
0.796741 0.314461
0.796840 0.314461
0.796939 0.314100
0.797038 0.314100
0.797136 0.314100
0.797235 0.314100
0.797334 0.313740
0.797433 0.313379
0.797531 0.313379
0.797630 0.313379
0.797729 0.313379
0.797828 0.313379
0.797926 0.313379
0.798025 0.313018
0.798124 0.313018
0.798223 0.312658
0.798321 0.312658
0.798420 0.312658
0.798519 0.312658
0.798618 0.312297
0.798716 0.312297
0.798815 0.312297
0.798914 0.311937
0.799013 0.311576
0.799111 0.311576
0.799210 0.311215
0.799309 0.311215
0.799408 0.311215
0.799506 0.310855
0.799605 0.310855
0.799704 0.310855
0.799803 0.310494
0.799901 0.310494
0.800000 0.310494
0.800099 0.310133
0.800198 0.310133
0.800296 0.309773
0.800395 0.309773
0.800494 0.309773
0.800593 0.309773
0.800691 0.309773
0.800790 0.309773
0.800889 0.309773
0.800988 0.309773
0.801086 0.309773
0.801185 0.309773
0.801284 0.309773
0.801383 0.309773
0.801481 0.309773
0.801580 0.309412
0.801679 0.309052
0.801778 0.308330
0.801876 0.308330
0.801975 0.307970
0.802074 0.307970
0.802173 0.307970
0.802271 0.307970
0.802370 0.307970
0.802469 0.307970
0.802568 0.307970
0.802666 0.307970
0.802765 0.307248
0.802864 0.307248
0.802963 0.307248
0.803061 0.307248
0.803160 0.307248
0.803259 0.307248
0.803358 0.307248
0.803456 0.306167
0.803555 0.306167
0.803654 0.306167
0.803753 0.306167
0.803851 0.306167
0.803950 0.306167
0.804049 0.306167
0.804148 0.305806
0.804246 0.305806
0.804345 0.305806
0.804444 0.305806
0.804543 0.305806
0.804641 0.305445
0.804740 0.305085
0.804839 0.305085
0.804938 0.304724
0.805036 0.304724
0.805135 0.304724
0.805234 0.304724
0.805333 0.304364
0.805431 0.304364
0.805530 0.304364
0.805629 0.303642
0.805728 0.303642
0.805826 0.303642
0.805925 0.303282
0.806024 0.302921
0.806123 0.302921
0.806221 0.302921
0.806320 0.302200
0.806419 0.302200
0.806518 0.302200
0.806616 0.302200
0.806715 0.302200
0.806814 0.302200
0.806913 0.301839
0.807011 0.301479
0.807110 0.301479
0.807209 0.300397
0.807308 0.300397
0.807406 0.300036
0.807505 0.299675
0.807604 0.299675
0.807703 0.299675
0.807801 0.299675
0.807900 0.298954
0.807999 0.298954
0.808098 0.298954
0.808196 0.298594
0.808295 0.298594
0.808394 0.298594
0.808493 0.298594
0.808591 0.298594
0.808690 0.298233
0.808789 0.298233
0.808888 0.297872
0.808986 0.297872
0.809085 0.297872
0.809184 0.297872
0.809283 0.297872
0.809381 0.297512
0.809480 0.297151
0.809579 0.297151
0.809678 0.297151
0.809776 0.297151
0.809875 0.297151
0.809974 0.296790
0.810073 0.296430
0.810171 0.296430
0.810270 0.296430
0.810369 0.296430
0.810468 0.296430
0.810566 0.296430
0.810665 0.296430
0.810764 0.296430
0.810863 0.296069
0.810961 0.296069
0.811060 0.295709
0.811159 0.295709
0.811258 0.295348
0.811356 0.295348
0.811455 0.294987
0.811554 0.294987
0.811653 0.294987
0.811751 0.294987
0.811850 0.294627
0.811949 0.294266
0.812048 0.294266
0.812146 0.293906
0.812245 0.293184
0.812344 0.293184
0.812443 0.293184
0.812541 0.293184
0.812640 0.293184
0.812739 0.293184
0.812838 0.292463
0.812936 0.292463
0.813035 0.292463
0.813134 0.292463
0.813233 0.292463
0.813331 0.292463
0.813430 0.292463
0.813529 0.292463
0.813628 0.292463
0.813726 0.292102
0.813825 0.292102
0.813924 0.292102
0.814023 0.292102
0.814121 0.291381
0.814220 0.291021
0.814319 0.290660
0.814418 0.290660
0.814516 0.290660
0.814615 0.290299
0.814714 0.290299
0.814813 0.289939
0.814911 0.289578
0.815010 0.289217
0.815109 0.289217
0.815208 0.289217
0.815306 0.288496
0.815405 0.288496
0.815504 0.288136
0.815603 0.288136
0.815701 0.288136
0.815800 0.288136
0.815899 0.287775
0.815998 0.287775
0.816096 0.287775
0.816195 0.287775
0.816294 0.287775
0.816393 0.287775
0.816491 0.287775
0.816590 0.287414
0.816689 0.287054
0.816788 0.286693
0.816886 0.286693
0.816985 0.286693
0.817084 0.286693
0.817183 0.286693
0.817281 0.286693
0.817380 0.286693
0.817479 0.286693
0.817578 0.286693
0.817676 0.286332
0.817775 0.286332
0.817874 0.286332
0.817973 0.286332
0.818071 0.285972
0.818170 0.285611
0.818269 0.285611
0.818368 0.285611
0.818466 0.285611
0.818565 0.285611
0.818664 0.285611
0.818763 0.285611
0.818861 0.285611
0.818960 0.285611
0.819059 0.285611
0.819158 0.285251
0.819256 0.285251
0.819355 0.284890
0.819454 0.284529
0.819553 0.284529
0.819651 0.283808
0.819750 0.283087
0.819849 0.283087
0.819948 0.283087
0.820046 0.282726
0.820145 0.282366
0.820244 0.281644
0.820343 0.281644
0.820441 0.281644
0.820540 0.281644
0.820639 0.281644
0.820738 0.281644
0.820836 0.281644
0.820935 0.281644
0.821034 0.281644
0.821133 0.281644
0.821231 0.280923
0.821330 0.280923
0.821429 0.280563
0.821528 0.280563
0.821626 0.280563
0.821725 0.280202
0.821824 0.280202
0.821923 0.280202
0.822021 0.279841
0.822120 0.279841
0.822219 0.279841
0.822318 0.279481
0.822416 0.279120
0.822515 0.279120
0.822614 0.279120
0.822713 0.279120
0.822811 0.279120
0.822910 0.278759
0.823009 0.278759
0.823108 0.278759
0.823206 0.278759
0.823305 0.278399
0.823404 0.278038
0.823503 0.277317
0.823601 0.277317
0.823700 0.276956
0.823799 0.276956
0.823898 0.276596
0.823996 0.276596
0.824095 0.276235
0.824194 0.276235
0.824293 0.276235
0.824391 0.276235
0.824490 0.276235
0.824589 0.276235
0.824688 0.276235
0.824786 0.276235
0.824885 0.276235
0.824984 0.276235
0.825083 0.276235
0.825181 0.276235
0.825280 0.276235
0.825379 0.276235
0.825478 0.275875
0.825576 0.275875
0.825675 0.275875
0.825774 0.275875
0.825873 0.275875
0.825971 0.275875
0.826070 0.275875
0.826169 0.275875
0.826268 0.275875
0.826366 0.275514
0.826465 0.275153
0.826564 0.275153
0.826663 0.275153
0.826761 0.275153
0.826860 0.275153
0.826959 0.275153
0.827058 0.275153
0.827156 0.275153
0.827255 0.274793
0.827354 0.274432
0.827453 0.274432
0.827551 0.274071
0.827650 0.274071
0.827749 0.274071
0.827848 0.274071
0.827946 0.274071
0.828045 0.274071
0.828144 0.273711
0.828243 0.273711
0.828341 0.273711
0.828440 0.273711
0.828539 0.273711
0.828638 0.273711
0.828736 0.273711
0.828835 0.273711
0.828934 0.273350
0.829033 0.272629
0.829131 0.272629
0.829230 0.272629
0.829329 0.271908
0.829428 0.271908
0.829526 0.271908
0.829625 0.271186
0.829724 0.271186
0.829823 0.270826
0.829921 0.270826
0.830020 0.270826
0.830119 0.270465
0.830218 0.270465
0.830316 0.270105
0.830415 0.270105
0.830514 0.270105
0.830613 0.270105
0.830711 0.269744
0.830810 0.269383
0.830909 0.269383
0.831008 0.269383
0.831106 0.269383
0.831205 0.269383
0.831304 0.269023
0.831403 0.269023
0.831501 0.268662
0.831600 0.268301
0.831699 0.267941
0.831798 0.267941
0.831896 0.267941
0.831995 0.267941
0.832094 0.267580
0.832193 0.267220
0.832291 0.267220
0.832390 0.267220
0.832489 0.266138
0.832588 0.266138
0.832686 0.266138
0.832785 0.266138
0.832884 0.266138
0.832983 0.266138
0.833081 0.266138
0.833180 0.266138
0.833279 0.266138
0.833378 0.265777
0.833476 0.265777
0.833575 0.265777
0.833674 0.265777
0.833773 0.264695
0.833871 0.264695
0.833970 0.263974
0.834069 0.263974
0.834168 0.263974
0.834266 0.263974
0.834365 0.263974
0.834464 0.263974
0.834563 0.263613
0.834661 0.263613
0.834760 0.263613
0.834859 0.263613
0.834958 0.263613
0.835056 0.263613
0.835155 0.263253
0.835254 0.263253
0.835353 0.263253
0.835451 0.262532
0.835550 0.262532
0.835649 0.262532
0.835748 0.262532
0.835847 0.262532
0.835945 0.262171
0.836044 0.261810
0.836143 0.261810
0.836242 0.261450
0.836340 0.261450
0.836439 0.261450
0.836538 0.261089
0.836637 0.261089
0.836735 0.261089
0.836834 0.261089
0.836933 0.261089
0.837032 0.260007
0.837130 0.260007
0.837229 0.260007
0.837328 0.260007
0.837427 0.260007
0.837525 0.260007
0.837624 0.259647
0.837723 0.259647
0.837822 0.259647
0.837920 0.259647
0.838019 0.259647
0.838118 0.259647
0.838217 0.259647
0.838315 0.259647
0.838414 0.259647
0.838513 0.259647
0.838612 0.259286
0.838710 0.259286
0.838809 0.259286
0.838908 0.258925
0.839007 0.258565
0.839105 0.258565
0.839204 0.258565
0.839303 0.258565
0.839402 0.258565
0.839500 0.258204
0.839599 0.257843
0.839698 0.257843
0.839797 0.257843
0.839895 0.257843
0.839994 0.257843
0.840093 0.257843
0.840192 0.257843
0.840290 0.257843
0.840389 0.257843
0.840488 0.257843
0.840587 0.257483
0.840685 0.257122
0.840784 0.257122
0.840883 0.257122
0.840982 0.256762
0.841080 0.256401
0.841179 0.256401
0.841278 0.256401
0.841377 0.256401
0.841475 0.256401
0.841574 0.256401
0.841673 0.256401
0.841772 0.256040
0.841870 0.255680
0.841969 0.255680
0.842068 0.255680
0.842167 0.255319
0.842265 0.255319
0.842364 0.255319
0.842463 0.254959
0.842562 0.254598
0.842660 0.253877
0.842759 0.253877
0.842858 0.253877
0.842957 0.253877
0.843055 0.253877
0.843154 0.253877
0.843253 0.253516
0.843352 0.253155
0.843450 0.253155
0.843549 0.253155
0.843648 0.253155
0.843747 0.253155
0.843845 0.252434
0.843944 0.252434
0.844043 0.252434
0.844142 0.252434
0.844240 0.252434
0.844339 0.252434
0.844438 0.252074
0.844537 0.252074
0.844635 0.252074
0.844734 0.252074
0.844833 0.251713
0.844932 0.251352
0.845030 0.250992
0.845129 0.250992
0.845228 0.250992
0.845327 0.250631
0.845425 0.250631
0.845524 0.250270
0.845623 0.250270
0.845722 0.249910
0.845820 0.249910
0.845919 0.249910
0.846018 0.249189
0.846117 0.248828
0.846215 0.248828
0.846314 0.248828
0.846413 0.248828
0.846512 0.248467
0.846610 0.248107
0.846709 0.248107
0.846808 0.247746
0.846907 0.247746
0.847005 0.247386
0.847104 0.247386
0.847203 0.247386
0.847302 0.247386
0.847400 0.247386
0.847499 0.247386
0.847598 0.247025
0.847697 0.247025
0.847795 0.246664
0.847894 0.246664
0.847993 0.246664
0.848092 0.246304
0.848190 0.246304
0.848289 0.246304
0.848388 0.246304
0.848487 0.245943
0.848585 0.245943
0.848684 0.245582
0.848783 0.245582
0.848882 0.245582
0.848980 0.245582
0.849079 0.245582
0.849178 0.245582
0.849277 0.245582
0.849375 0.245582
0.849474 0.245582
0.849573 0.245582
0.849672 0.244861
0.849770 0.244861
0.849869 0.244861
0.849968 0.244861
0.850067 0.244861
0.850165 0.244861
0.850264 0.244861
0.850363 0.244861
0.850462 0.244501
0.850560 0.244501
0.850659 0.244140
0.850758 0.244140
0.850857 0.244140
0.850955 0.243779
0.851054 0.243419
0.851153 0.242337
0.851252 0.242337
0.851350 0.242337
0.851449 0.242337
0.851548 0.242337
0.851647 0.242337
0.851745 0.242337
0.851844 0.242337
0.851943 0.241976
0.852042 0.241616
0.852140 0.241616
0.852239 0.241255
0.852338 0.241255
0.852437 0.240894
0.852535 0.240894
0.852634 0.240894
0.852733 0.240894
0.852832 0.240894
0.852930 0.240534
0.853029 0.240534
0.853128 0.240534
0.853227 0.240534
0.853325 0.240534
0.853424 0.240534
0.853523 0.240534
0.853622 0.240534
0.853720 0.240534
0.853819 0.240534
0.853918 0.240534
0.854017 0.240534
0.854115 0.240534
0.854214 0.240534
0.854313 0.240534
0.854412 0.240534
0.854510 0.240534
0.854609 0.240173
0.854708 0.239812
0.854807 0.239812
0.854905 0.239812
0.855004 0.239812
0.855103 0.239452
0.855202 0.239452
0.855300 0.239091
0.855399 0.239091
0.855498 0.238731
0.855597 0.238731
0.855695 0.238731
0.855794 0.238731
0.855893 0.238731
0.855992 0.238731
0.856090 0.238731
0.856189 0.238731
0.856288 0.238731
0.856387 0.238731
0.856485 0.238731
0.856584 0.238009
0.856683 0.238009
0.856782 0.237649
0.856880 0.237649
0.856979 0.237649
0.857078 0.237288
0.857177 0.236567
0.857275 0.235485
0.857374 0.235485
0.857473 0.235485
0.857572 0.235485
0.857670 0.235485
0.857769 0.235485
0.857868 0.235485
0.857967 0.235124
0.858065 0.234764
0.858164 0.234403
0.858263 0.234043
0.858362 0.234043
0.858460 0.233682
0.858559 0.233682
0.858658 0.233321
0.858757 0.232961
0.858855 0.232961
0.858954 0.232961
0.859053 0.232600
0.859152 0.232600
0.859250 0.232600
0.859349 0.232600
0.859448 0.232239
0.859547 0.231158
0.859645 0.230797
0.859744 0.230797
0.859843 0.230797
0.859942 0.230797
0.860040 0.230797
0.860139 0.230797
0.860238 0.230797
0.860337 0.230797
0.860435 0.230797
0.860534 0.230076
0.860633 0.229715
0.860732 0.229354
0.860830 0.229354
0.860929 0.229354
0.861028 0.229354
0.861127 0.228633
0.861225 0.228273
0.861324 0.228273
0.861423 0.228273
0.861522 0.228273
0.861620 0.228273
0.861719 0.228273
0.861818 0.227912
0.861917 0.227912
0.862015 0.227551
0.862114 0.227551
0.862213 0.226830
0.862312 0.226470
0.862410 0.226470
0.862509 0.226470
0.862608 0.226109
0.862707 0.226109
0.862805 0.225748
0.862904 0.225388
0.863003 0.225027
0.863102 0.225027
0.863200 0.225027
0.863299 0.224666
0.863398 0.224306
0.863497 0.224306
0.863595 0.223945
0.863694 0.223945
0.863793 0.223945
0.863892 0.223585
0.863990 0.222863
0.864089 0.222863
0.864188 0.222863
0.864287 0.222863
0.864385 0.222863
0.864484 0.222863
0.864583 0.222503
0.864682 0.222503
0.864780 0.222503
0.864879 0.222503
0.864978 0.222503
0.865077 0.222142
0.865175 0.222142
0.865274 0.222142
0.865373 0.222142
0.865472 0.222142
0.865570 0.222142
0.865669 0.222142
0.865768 0.222142
0.865867 0.222142
0.865965 0.222142
0.866064 0.222142
0.866163 0.221781
0.866262 0.221421
0.866360 0.221421
0.866459 0.221421
0.866558 0.221421
0.866657 0.221421
0.866755 0.221421
0.866854 0.220700
0.866953 0.220339
0.867052 0.220339
0.867150 0.220339
0.867249 0.220339
0.867348 0.220339
0.867447 0.220339
0.867545 0.220339
0.867644 0.220339
0.867743 0.219257
0.867842 0.218897
0.867940 0.218897
0.868039 0.218536
0.868138 0.218536
0.868237 0.218536
0.868335 0.218175
0.868434 0.218175
0.868533 0.217815
0.868632 0.217815
0.868730 0.217815
0.868829 0.217454
0.868928 0.217454
0.869027 0.217454
0.869125 0.217454
0.869224 0.217454
0.869323 0.217454
0.869422 0.217093
0.869520 0.217093
0.869619 0.217093
0.869718 0.217093
0.869817 0.217093
0.869915 0.216372
0.870014 0.216372
0.870113 0.216372
0.870212 0.216012
0.870310 0.215290
0.870409 0.215290
0.870508 0.215290
0.870607 0.215290
0.870705 0.215290
0.870804 0.215290
0.870903 0.215290
0.871002 0.214569
0.871100 0.214569
0.871199 0.214569
0.871298 0.214208
0.871397 0.214208
0.871495 0.214208
0.871594 0.214208
0.871693 0.214208
0.871792 0.214208
0.871890 0.214208
0.871989 0.213848
0.872088 0.213487
0.872187 0.213487
0.872285 0.213487
0.872384 0.213487
0.872483 0.213487
0.872582 0.213487
0.872680 0.213487
0.872779 0.213487
0.872878 0.213487
0.872977 0.213127
0.873075 0.213127
0.873174 0.213127
0.873273 0.213127
0.873372 0.213127
0.873470 0.213127
0.873569 0.213127
0.873668 0.212766
0.873767 0.212045
0.873865 0.212045
0.873964 0.212045
0.874063 0.212045
0.874162 0.212045
0.874260 0.210963
0.874359 0.210602
0.874458 0.210602
0.874557 0.210602
0.874655 0.210242
0.874754 0.210242
0.874853 0.210242
0.874952 0.210242
0.875050 0.210242
0.875149 0.210242
0.875248 0.210242
0.875347 0.210242
0.875445 0.209881
0.875544 0.209160
0.875643 0.209160
0.875742 0.208439
0.875840 0.208439
0.875939 0.208439
0.876038 0.207717
0.876137 0.207357
0.876235 0.207357
0.876334 0.207357
0.876433 0.207357
0.876532 0.207357
0.876631 0.207357
0.876729 0.207357
0.876828 0.207357
0.876927 0.207357
0.877026 0.207357
0.877124 0.207357
0.877223 0.207357
0.877322 0.207357
0.877421 0.207357
0.877519 0.207357
0.877618 0.206996
0.877717 0.206996
0.877816 0.206275
0.877914 0.206275
0.878013 0.206275
0.878112 0.205914
0.878211 0.205554
0.878309 0.205554
0.878408 0.205554
0.878507 0.205554
0.878606 0.205193
0.878704 0.205193
0.878803 0.205193
0.878902 0.205193
0.879001 0.205193
0.879099 0.204832
0.879198 0.204472
0.879297 0.204111
0.879396 0.204111
0.879494 0.203750
0.879593 0.203750
0.879692 0.203390
0.879791 0.203029
0.879889 0.203029
0.879988 0.203029
0.880087 0.203029
0.880186 0.202669
0.880284 0.202669
0.880383 0.202669
0.880482 0.202669
0.880581 0.202308
0.880679 0.202308
0.880778 0.202308
0.880877 0.202308
0.880976 0.202308
0.881074 0.202308
0.881173 0.202308
0.881272 0.201947
0.881371 0.201947
0.881469 0.201947
0.881568 0.201587
0.881667 0.201226
0.881766 0.201226
0.881864 0.201226
0.881963 0.201226
0.882062 0.201226
0.882161 0.201226
0.882259 0.201226
0.882358 0.201226
0.882457 0.200505
0.882556 0.200144
0.882654 0.200144
0.882753 0.200144
0.882852 0.200144
0.882951 0.200144
0.883049 0.200144
0.883148 0.200144
0.883247 0.200144
0.883346 0.199784
0.883444 0.199423
0.883543 0.199423
0.883642 0.199062
0.883741 0.199062
0.883839 0.199062
0.883938 0.199062
0.884037 0.199062
0.884136 0.199062
0.884234 0.199062
0.884333 0.198702
0.884432 0.198702
0.884531 0.198702
0.884629 0.198702
0.884728 0.198702
0.884827 0.198702
0.884926 0.198341
0.885024 0.198341
0.885123 0.198341
0.885222 0.198341
0.885321 0.198341
0.885419 0.198341
0.885518 0.198341
0.885617 0.198341
0.885716 0.198341
0.885814 0.198341
0.885913 0.197981
0.886012 0.197259
0.886111 0.196899
0.886209 0.196899
0.886308 0.196899
0.886407 0.196899
0.886506 0.196538
0.886604 0.196538
0.886703 0.196177
0.886802 0.196177
0.886901 0.195817
0.886999 0.195456
0.887098 0.195456
0.887197 0.195456
0.887296 0.195456
0.887394 0.195096
0.887493 0.195096
0.887592 0.195096
0.887691 0.195096
0.887789 0.194374
0.887888 0.194374
0.887987 0.194014
0.888086 0.194014
0.888184 0.193653
0.888283 0.193653
0.888382 0.193653
0.888481 0.193653
0.888579 0.193292
0.888678 0.192932
0.888777 0.192932
0.888876 0.192571
0.888974 0.192571
0.889073 0.192571
0.889172 0.191850
0.889271 0.191850
0.889369 0.191850
0.889468 0.191850
0.889567 0.191850
0.889666 0.191129
0.889764 0.191129
0.889863 0.191129
0.889962 0.191129
0.890061 0.190768
0.890159 0.190768
0.890258 0.190768
0.890357 0.190768
0.890456 0.190768
0.890554 0.190408
0.890653 0.190047
0.890752 0.189686
0.890851 0.189686
0.890949 0.189686
0.891048 0.189326
0.891147 0.188965
0.891246 0.188965
0.891344 0.188965
0.891443 0.188965
0.891542 0.188965
0.891641 0.188604
0.891739 0.188604
0.891838 0.187523
0.891937 0.187523
0.892036 0.187162
0.892134 0.186801
0.892233 0.185719
0.892332 0.185359
0.892431 0.184998
0.892529 0.184998
0.892628 0.184998
0.892727 0.184277
0.892826 0.183916
0.892924 0.183916
0.893023 0.183556
0.893122 0.183556
0.893221 0.183556
0.893319 0.183195
0.893418 0.183195
0.893517 0.182474
0.893616 0.182474
0.893714 0.182474
0.893813 0.182474
0.893912 0.182113
0.894011 0.182113
0.894109 0.181392
0.894208 0.181392
0.894307 0.181031
0.894406 0.181031
0.894504 0.180671
0.894603 0.180310
0.894702 0.180310
0.894801 0.180310
0.894899 0.180310
0.894998 0.180310
0.895097 0.179950
0.895196 0.179950
0.895294 0.179950
0.895393 0.179589
0.895492 0.178868
0.895591 0.178507
0.895689 0.178507
0.895788 0.178507
0.895887 0.178507
0.895986 0.178146
0.896084 0.178146
0.896183 0.178146
0.896282 0.177425
0.896381 0.177425
0.896479 0.177425
0.896578 0.177425
0.896677 0.177065
0.896776 0.177065
0.896874 0.177065
0.896973 0.176343
0.897072 0.176343
0.897171 0.176343
0.897269 0.175983
0.897368 0.175983
0.897467 0.175983
0.897566 0.175983
0.897664 0.175983
0.897763 0.175622
0.897862 0.175622
0.897961 0.175622
0.898059 0.175622
0.898158 0.175261
0.898257 0.175261
0.898356 0.175261
0.898454 0.175261
0.898553 0.174901
0.898652 0.174540
0.898751 0.174540
0.898849 0.174540
0.898948 0.174180
0.899047 0.173819
0.899146 0.173819
0.899244 0.173458
0.899343 0.173458
0.899442 0.173458
0.899541 0.173458
0.899639 0.173458
0.899738 0.173458
0.899837 0.173458
0.899936 0.173458
0.900034 0.173458
0.900133 0.173458
0.900232 0.173458
0.900331 0.173458
0.900429 0.173098
0.900528 0.173098
0.900627 0.173098
0.900726 0.173098
0.900824 0.172737
0.900923 0.172737
0.901022 0.172737
0.901121 0.172737
0.901219 0.172376
0.901318 0.171655
0.901417 0.171655
0.901516 0.171655
0.901614 0.171295
0.901713 0.171295
0.901812 0.170934
0.901911 0.170934
0.902009 0.170573
0.902108 0.170573
0.902207 0.170213
0.902306 0.170213
0.902404 0.169492
0.902503 0.169492
0.902602 0.169492
0.902701 0.169131
0.902799 0.168410
0.902898 0.168410
0.902997 0.168049
0.903096 0.168049
0.903194 0.168049
0.903293 0.168049
0.903392 0.168049
0.903491 0.168049
0.903589 0.167328
0.903688 0.166967
0.903787 0.166967
0.903886 0.166607
0.903984 0.166246
0.904083 0.165885
0.904182 0.165885
0.904281 0.165885
0.904379 0.165885
0.904478 0.165885
0.904577 0.165525
0.904676 0.165525
0.904774 0.165525
0.904873 0.165164
0.904972 0.164803
0.905071 0.164803
0.905169 0.164803
0.905268 0.164803
0.905367 0.163722
0.905466 0.163361
0.905564 0.163000
0.905663 0.163000
0.905762 0.163000
0.905861 0.163000
0.905959 0.162640
0.906058 0.162640
0.906157 0.162640
0.906256 0.162640
0.906354 0.162640
0.906453 0.162640
0.906552 0.162279
0.906651 0.161918
0.906749 0.161558
0.906848 0.161558
0.906947 0.161558
0.907046 0.160837
0.907144 0.160837
0.907243 0.160476
0.907342 0.160115
0.907441 0.160115
0.907539 0.160115
0.907638 0.159394
0.907737 0.159034
0.907836 0.159034
0.907934 0.158673
0.908033 0.158673
0.908132 0.158673
0.908231 0.158312
0.908329 0.157952
0.908428 0.157591
0.908527 0.157230
0.908626 0.157230
0.908724 0.156870
0.908823 0.156870
0.908922 0.156870
0.909021 0.156870
0.909119 0.156870
0.909218 0.156870
0.909317 0.156509
0.909416 0.156509
0.909514 0.156509
0.909613 0.156149
0.909712 0.156149
0.909811 0.155788
0.909909 0.155788
0.910008 0.155788
0.910107 0.155788
0.910206 0.155788
0.910304 0.155788
0.910403 0.155788
0.910502 0.155788
0.910601 0.154706
0.910699 0.154706
0.910798 0.154345
0.910897 0.154345
0.910996 0.153985
0.911094 0.153985
0.911193 0.153624
0.911292 0.153624
0.911391 0.153624
0.911489 0.153624
0.911588 0.153624
0.911687 0.152903
0.911786 0.152903
0.911884 0.152903
0.911983 0.152903
0.912082 0.152903
0.912181 0.152542
0.912279 0.152542
0.912378 0.152182
0.912477 0.152182
0.912576 0.152182
0.912674 0.152182
0.912773 0.152182
0.912872 0.152182
0.912971 0.152182
0.913069 0.151821
0.913168 0.151821
0.913267 0.151461
0.913366 0.151461
0.913464 0.151461
0.913563 0.151100
0.913662 0.151100
0.913761 0.151100
0.913859 0.151100
0.913958 0.151100
0.914057 0.150739
0.914156 0.150739
0.914254 0.150379
0.914353 0.150379
0.914452 0.150379
0.914551 0.150018
0.914649 0.150018
0.914748 0.150018
0.914847 0.149657
0.914946 0.149657
0.915044 0.149657
0.915143 0.149657
0.915242 0.149657
0.915341 0.149297
0.915439 0.149297
0.915538 0.148936
0.915637 0.148936
0.915736 0.148576
0.915834 0.148576
0.915933 0.148215
0.916032 0.148215
0.916131 0.148215
0.916229 0.148215
0.916328 0.147854
0.916427 0.147854
0.916526 0.147854
0.916624 0.147854
0.916723 0.147854
0.916822 0.147854
0.916921 0.147494
0.917020 0.147133
0.917118 0.147133
0.917217 0.147133
0.917316 0.147133
0.917415 0.146772
0.917513 0.146772
0.917612 0.146051
0.917711 0.146051
0.917810 0.146051
0.917908 0.146051
0.918007 0.145691
0.918106 0.145691
0.918205 0.145691
0.918303 0.145330
0.918402 0.145330
0.918501 0.145330
0.918600 0.145330
0.918698 0.144969
0.918797 0.144609
0.918896 0.144609
0.918995 0.144609
0.919093 0.144609
0.919192 0.143527
0.919291 0.143527
0.919390 0.143527
0.919488 0.143166
0.919587 0.143166
0.919686 0.142806
0.919785 0.142445
0.919883 0.142445
0.919982 0.142445
0.920081 0.142084
0.920180 0.141724
0.920278 0.141724
0.920377 0.141363
0.920476 0.141003
0.920575 0.141003
0.920673 0.141003
0.920772 0.140642
0.920871 0.140281
0.920970 0.140281
0.921068 0.140281
0.921167 0.139199
0.921266 0.139199
0.921365 0.139199
0.921463 0.139199
0.921562 0.139199
0.921661 0.138839
0.921760 0.138839
0.921858 0.138839
0.921957 0.138839
0.922056 0.138478
0.922155 0.138118
0.922253 0.137396
0.922352 0.137036
0.922451 0.137036
0.922550 0.137036
0.922648 0.136314
0.922747 0.136314
0.922846 0.136314
0.922945 0.136314
0.923043 0.136314
0.923142 0.136314
0.923241 0.135593
0.923340 0.135593
0.923438 0.135593
0.923537 0.135593
0.923636 0.134872
0.923735 0.134872
0.923833 0.134872
0.923932 0.134151
0.924031 0.134151
0.924130 0.133790
0.924228 0.133790
0.924327 0.133790
0.924426 0.133790
0.924525 0.133429
0.924623 0.133069
0.924722 0.132708
0.924821 0.132708
0.924920 0.132708
0.925018 0.132708
0.925117 0.132708
0.925216 0.132348
0.925315 0.131626
0.925413 0.131626
0.925512 0.131626
0.925611 0.131626
0.925710 0.131626
0.925808 0.131626
0.925907 0.131626
0.926006 0.131626
0.926105 0.131266
0.926203 0.131266
0.926302 0.130905
0.926401 0.130905
0.926500 0.130905
0.926598 0.130905
0.926697 0.130905
0.926796 0.130905
0.926895 0.130905
0.926993 0.130545
0.927092 0.130545
0.927191 0.130545
0.927290 0.130545
0.927388 0.130184
0.927487 0.130184
0.927586 0.129463
0.927685 0.129102
0.927783 0.129102
0.927882 0.128741
0.927981 0.128020
0.928080 0.128020
0.928178 0.127660
0.928277 0.127299
0.928376 0.126938
0.928475 0.126938
0.928573 0.126938
0.928672 0.126938
0.928771 0.126578
0.928870 0.125856
0.928968 0.125856
0.929067 0.125856
0.929166 0.125856
0.929265 0.125496
0.929363 0.125496
0.929462 0.125496
0.929561 0.125496
0.929660 0.125496
0.929758 0.125135
0.929857 0.125135
0.929956 0.125135
0.930055 0.125135
0.930153 0.125135
0.930252 0.125135
0.930351 0.125135
0.930450 0.124775
0.930548 0.124414
0.930647 0.124053
0.930746 0.123693
0.930845 0.123693
0.930943 0.123693
0.931042 0.123332
0.931141 0.122611
0.931240 0.122611
0.931338 0.122611
0.931437 0.122611
0.931536 0.122611
0.931635 0.122250
0.931733 0.122250
0.931832 0.121890
0.931931 0.121529
0.932030 0.121529
0.932128 0.121529
0.932227 0.121529
0.932326 0.121529
0.932425 0.121529
0.932523 0.121529
0.932622 0.121529
0.932721 0.121529
0.932820 0.121168
0.932918 0.121168
0.933017 0.121168
0.933116 0.121168
0.933215 0.121168
0.933313 0.120808
0.933412 0.120808
0.933511 0.120808
0.933610 0.120808
0.933708 0.120808
0.933807 0.120808
0.933906 0.120808
0.934005 0.120808
0.934103 0.120808
0.934202 0.120808
0.934301 0.120808
0.934400 0.120447
0.934498 0.119726
0.934597 0.119365
0.934696 0.119365
0.934795 0.119365
0.934893 0.119365
0.934992 0.119365
0.935091 0.119365
0.935190 0.119365
0.935288 0.119365
0.935387 0.119365
0.935486 0.118644
0.935585 0.118644
0.935683 0.118644
0.935782 0.118283
0.935881 0.117562
0.935980 0.117562
0.936078 0.117562
0.936177 0.117562
0.936276 0.117562
0.936375 0.117562
0.936473 0.117562
0.936572 0.117562
0.936671 0.117562
0.936770 0.117202
0.936868 0.117202
0.936967 0.116841
0.937066 0.116841
0.937165 0.116480
0.937263 0.116120
0.937362 0.116120
0.937461 0.116120
0.937560 0.116120
0.937658 0.116120
0.937757 0.115759
0.937856 0.115759
0.937955 0.115759
0.938053 0.115759
0.938152 0.115398
0.938251 0.115038
0.938350 0.115038
0.938448 0.115038
0.938547 0.115038
0.938646 0.115038
0.938745 0.114677
0.938843 0.114677
0.938942 0.114677
0.939041 0.114317
0.939140 0.113595
0.939238 0.113235
0.939337 0.113235
0.939436 0.113235
0.939535 0.113235
0.939633 0.113235
0.939732 0.113235
0.939831 0.112874
0.939930 0.112514
0.940028 0.112153
0.940127 0.112153
0.940226 0.112153
0.940325 0.111792
0.940423 0.111792
0.940522 0.110710
0.940621 0.109989
0.940720 0.109989
0.940818 0.109989
0.940917 0.109989
0.941016 0.109989
0.941115 0.109989
0.941213 0.109989
0.941312 0.109989
0.941411 0.109989
0.941510 0.109989
0.941608 0.109629
0.941707 0.109629
0.941806 0.109268
0.941905 0.109268
0.942003 0.108907
0.942102 0.108907
0.942201 0.108186
0.942300 0.107465
0.942398 0.107465
0.942497 0.107465
0.942596 0.107465
0.942695 0.107465
0.942793 0.107465
0.942892 0.107465
0.942991 0.107465
0.943090 0.107104
0.943188 0.107104
0.943287 0.106744
0.943386 0.106744
0.943485 0.106383
0.943583 0.106383
0.943682 0.105662
0.943781 0.105662
0.943880 0.105662
0.943978 0.105301
0.944077 0.105301
0.944176 0.105301
0.944275 0.105301
0.944373 0.105301
0.944472 0.105301
0.944571 0.105301
0.944670 0.104940
0.944768 0.104940
0.944867 0.104940
0.944966 0.104940
0.945065 0.104940
0.945163 0.104940
0.945262 0.104940
0.945361 0.104940
0.945460 0.104940
0.945558 0.104940
0.945657 0.104940
0.945756 0.104580
0.945855 0.104219
0.945953 0.104219
0.946052 0.104219
0.946151 0.104219
0.946250 0.104219
0.946348 0.104219
0.946447 0.104219
0.946546 0.103859
0.946645 0.103498
0.946743 0.103498
0.946842 0.103498
0.946941 0.103498
0.947040 0.103137
0.947138 0.102416
0.947237 0.102416
0.947336 0.102416
0.947435 0.102056
0.947533 0.102056
0.947632 0.101695
0.947731 0.100974
0.947830 0.100974
0.947928 0.100974
0.948027 0.100974
0.948126 0.100613
0.948225 0.100613
0.948323 0.100252
0.948422 0.100252
0.948521 0.100252
0.948620 0.100252
0.948718 0.100252
0.948817 0.100252
0.948916 0.100252
0.949015 0.100252
0.949113 0.100252
0.949212 0.099892
0.949311 0.099892
0.949410 0.099892
0.949508 0.099171
0.949607 0.098810
0.949706 0.098810
0.949805 0.098810
0.949903 0.098810
0.950002 0.098449
0.950101 0.098449
0.950200 0.098449
0.950298 0.098449
0.950397 0.098449
0.950496 0.098449
0.950595 0.098449
0.950693 0.098089
0.950792 0.098089
0.950891 0.097728
0.950990 0.097728
0.951088 0.097728
0.951187 0.097728
0.951286 0.097728
0.951385 0.097367
0.951483 0.097367
0.951582 0.097007
0.951681 0.096646
0.951780 0.096646
0.951878 0.096286
0.951977 0.095925
0.952076 0.095925
0.952175 0.095925
0.952273 0.095925
0.952372 0.095925
0.952471 0.095925
0.952570 0.095925
0.952668 0.095925
0.952767 0.095925
0.952866 0.095925
0.952965 0.095564
0.953063 0.095564
0.953162 0.095564
0.953261 0.095564
0.953360 0.095564
0.953458 0.095564
0.953557 0.095564
0.953656 0.095564
0.953755 0.095564
0.953853 0.095564
0.953952 0.095204
0.954051 0.094843
0.954150 0.094843
0.954248 0.094843
0.954347 0.094843
0.954446 0.094483
0.954545 0.094483
0.954643 0.094483
0.954742 0.094483
0.954841 0.094483
0.954940 0.094483
0.955038 0.094483
0.955137 0.094483
0.955236 0.094483
0.955335 0.094483
0.955433 0.094483
0.955532 0.094483
0.955631 0.093761
0.955730 0.093761
0.955828 0.093401
0.955927 0.093040
0.956026 0.093040
0.956125 0.093040
0.956223 0.093040
0.956322 0.092319
0.956421 0.092319
0.956520 0.092319
0.956618 0.091598
0.956717 0.091237
0.956816 0.091237
0.956915 0.090876
0.957013 0.090876
0.957112 0.090876
0.957211 0.090876
0.957310 0.090876
0.957408 0.090876
0.957507 0.090876
0.957606 0.090516
0.957705 0.090155
0.957804 0.089794
0.957902 0.089794
0.958001 0.089794
0.958100 0.089434
0.958199 0.089434
0.958297 0.089434
0.958396 0.089073
0.958495 0.088713
0.958594 0.088352
0.958692 0.087991
0.958791 0.087991
0.958890 0.087631
0.958989 0.087631
0.959087 0.087631
0.959186 0.087631
0.959285 0.087631
0.959384 0.087631
0.959482 0.087270
0.959581 0.086909
0.959680 0.086909
0.959779 0.086549
0.959877 0.086188
0.959976 0.086188
0.960075 0.085467
0.960174 0.085467
0.960272 0.085106
0.960371 0.084746
0.960470 0.084025
0.960569 0.084025
0.960667 0.084025
0.960766 0.084025
0.960865 0.084025
0.960964 0.083664
0.961062 0.083664
0.961161 0.083303
0.961260 0.083303
0.961359 0.082221
0.961457 0.082221
0.961556 0.081861
0.961655 0.081861
0.961754 0.081140
0.961852 0.080779
0.961951 0.080418
0.962050 0.079697
0.962149 0.079697
0.962247 0.079336
0.962346 0.078976
0.962445 0.078615
0.962544 0.078255
0.962642 0.078255
0.962741 0.078255
0.962840 0.078255
0.962939 0.077173
0.963037 0.077173
0.963136 0.077173
0.963235 0.076812
0.963334 0.076451
0.963432 0.076091
0.963531 0.075730
0.963630 0.075730
0.963729 0.075370
0.963827 0.075370
0.963926 0.075370
0.964025 0.075009
0.964124 0.075009
0.964222 0.075009
0.964321 0.075009
0.964420 0.075009
0.964519 0.075009
0.964617 0.075009
0.964716 0.074648
0.964815 0.074648
0.964914 0.074648
0.965012 0.074648
0.965111 0.074288
0.965210 0.074288
0.965309 0.074288
0.965407 0.074288
0.965506 0.073567
0.965605 0.073567
0.965704 0.073567
0.965802 0.073567
0.965901 0.073206
0.966000 0.072845
0.966099 0.072485
0.966197 0.072485
0.966296 0.072485
0.966395 0.072485
0.966494 0.071403
0.966592 0.070682
0.966691 0.070682
0.966790 0.070682
0.966889 0.070682
0.966987 0.070682
0.967086 0.070321
0.967185 0.069600
0.967284 0.069239
0.967382 0.068878
0.967481 0.068518
0.967580 0.068518
0.967679 0.068518
0.967777 0.068518
0.967876 0.068518
0.967975 0.068157
0.968074 0.068157
0.968172 0.067797
0.968271 0.067797
0.968370 0.067075
0.968469 0.066715
0.968567 0.066715
0.968666 0.066354
0.968765 0.066354
0.968864 0.066354
0.968962 0.065994
0.969061 0.065994
0.969160 0.065994
0.969259 0.065272
0.969357 0.064912
0.969456 0.064190
0.969555 0.064190
0.969654 0.063830
0.969752 0.063109
0.969851 0.063109
0.969950 0.063109
0.970049 0.062748
0.970147 0.062748
0.970246 0.062387
0.970345 0.062027
0.970444 0.061305
0.970542 0.061305
0.970641 0.061305
0.970740 0.061305
0.970839 0.060945
0.970937 0.060945
0.971036 0.060945
0.971135 0.060584
0.971234 0.060224
0.971332 0.060224
0.971431 0.060224
0.971530 0.059863
0.971629 0.059863
0.971727 0.059863
0.971826 0.059502
0.971925 0.059142
0.972024 0.058781
0.972122 0.058781
0.972221 0.058781
0.972320 0.058420
0.972419 0.058060
0.972517 0.058060
0.972616 0.058060
0.972715 0.057699
0.972814 0.057699
0.972912 0.057699
0.973011 0.057699
0.973110 0.057699
0.973209 0.057699
0.973307 0.057699
0.973406 0.057699
0.973505 0.057699
0.973604 0.057339
0.973702 0.057339
0.973801 0.057339
0.973900 0.056978
0.973999 0.056978
0.974097 0.056978
0.974196 0.056978
0.974295 0.056978
0.974394 0.056617
0.974492 0.056617
0.974591 0.056617
0.974690 0.056617
0.974789 0.056617
0.974887 0.055896
0.974986 0.055536
0.975085 0.055536
0.975184 0.055536
0.975282 0.055175
0.975381 0.055175
0.975480 0.055175
0.975579 0.054814
0.975677 0.054814
0.975776 0.054814
0.975875 0.054093
0.975974 0.053732
0.976072 0.053372
0.976171 0.053372
0.976270 0.053011
0.976369 0.052290
0.976467 0.051569
0.976566 0.051208
0.976665 0.051208
0.976764 0.051208
0.976862 0.051208
0.976961 0.051208
0.977060 0.051208
0.977159 0.051208
0.977257 0.051208
0.977356 0.051208
0.977455 0.050847
0.977554 0.050126
0.977652 0.050126
0.977751 0.050126
0.977850 0.049766
0.977949 0.049766
0.978047 0.049766
0.978146 0.049405
0.978245 0.049405
0.978344 0.049405
0.978442 0.049044
0.978541 0.049044
0.978640 0.048323
0.978739 0.047962
0.978837 0.047962
0.978936 0.047602
0.979035 0.046881
0.979134 0.046881
0.979232 0.046520
0.979331 0.046520
0.979430 0.046159
0.979529 0.046159
0.979627 0.046159
0.979726 0.045799
0.979825 0.045799
0.979924 0.045799
0.980022 0.045438
0.980121 0.045078
0.980220 0.045078
0.980319 0.045078
0.980417 0.044717
0.980516 0.044356
0.980615 0.044356
0.980714 0.043996
0.980812 0.043635
0.980911 0.043274
0.981010 0.043274
0.981109 0.042553
0.981207 0.042193
0.981306 0.042193
0.981405 0.042193
0.981504 0.042193
0.981602 0.041471
0.981701 0.041471
0.981800 0.041471
0.981899 0.041471
0.981997 0.041471
0.982096 0.041111
0.982195 0.041111
0.982294 0.041111
0.982392 0.040750
0.982491 0.040029
0.982590 0.039668
0.982689 0.039668
0.982787 0.039308
0.982886 0.038947
0.982985 0.038947
0.983084 0.038947
0.983182 0.038947
0.983281 0.038586
0.983380 0.038586
0.983479 0.038586
0.983577 0.038586
0.983676 0.038226
0.983775 0.038226
0.983874 0.036783
0.983972 0.036423
0.984071 0.036423
0.984170 0.036423
0.984269 0.036423
0.984367 0.036062
0.984466 0.035701
0.984565 0.035701
0.984664 0.034620
0.984762 0.034259
0.984861 0.033538
0.984960 0.033538
0.985059 0.033538
0.985157 0.033177
0.985256 0.032816
0.985355 0.032816
0.985454 0.032816
0.985552 0.032095
0.985651 0.031374
0.985750 0.031374
0.985849 0.030653
0.985947 0.030653
0.986046 0.030653
0.986145 0.029931
0.986244 0.029571
0.986342 0.029210
0.986441 0.028850
0.986540 0.028850
0.986639 0.028489
0.986737 0.028128
0.986836 0.027407
0.986935 0.027407
0.987034 0.027407
0.987132 0.027407
0.987231 0.026686
0.987330 0.026325
0.987429 0.026325
0.987527 0.026325
0.987626 0.026325
0.987725 0.025965
0.987824 0.025604
0.987922 0.025604
0.988021 0.025604
0.988120 0.025604
0.988219 0.024883
0.988317 0.024883
0.988416 0.024522
0.988515 0.024522
0.988614 0.024162
0.988712 0.023801
0.988811 0.023080
0.988910 0.022719
0.989009 0.022358
0.989107 0.021637
0.989206 0.021277
0.989305 0.021277
0.989404 0.021277
0.989502 0.020916
0.989601 0.020916
0.989700 0.020555
0.989799 0.019834
0.989897 0.019834
0.989996 0.019473
0.990095 0.018752
0.990194 0.018392
0.990292 0.018392
0.990391 0.018031
0.990490 0.018031
0.990589 0.016949
0.990687 0.016949
0.990786 0.016949
0.990885 0.016589
0.990984 0.015867
0.991082 0.015507
0.991181 0.015146
0.991280 0.014785
0.991379 0.014425
0.991477 0.014064
0.991576 0.013343
0.991675 0.013343
0.991774 0.012261
0.991872 0.012261
0.991971 0.012261
0.992070 0.012261
0.992169 0.011900
0.992267 0.011179
0.992366 0.010458
0.992465 0.010097
0.992564 0.009376
0.992662 0.009376
0.992761 0.009376
0.992860 0.009376
0.992959 0.008655
0.993057 0.008655
0.993156 0.008294
0.993255 0.008294
0.993354 0.007934
0.993452 0.007934
0.993551 0.007934
0.993650 0.007573
0.993749 0.007573
0.993847 0.007573
0.993946 0.007212
0.994045 0.005770
0.994144 0.005770
0.994242 0.005409
0.994341 0.005049
0.994440 0.004688
0.994539 0.004688
0.994637 0.003606
0.994736 0.003246
0.994835 0.003246
0.994934 0.002885
0.995032 0.002524
0.995131 0.002524
0.995230 0.002524
0.995329 0.002524
0.995427 0.002164
0.995526 0.002164
0.995625 0.001803
0.995724 0.001442
0.995822 0.001442
0.995921 0.001442
0.996020 0.001442
0.996119 0.001082
0.996217 0.001082
0.996316 0.001082
0.996415 0.000361
0.996514 0.000361
0.996612 0.000000
