# Threshold Efficiency
0.009205 0.999627
0.009304 0.999627
0.009403 0.999627
0.009501 0.999627
0.009600 0.999627
0.009699 0.999627
0.009798 0.999627
0.009896 0.999627
0.009995 0.999627
0.010094 0.999627
0.010193 0.999627
0.010291 0.999627
0.010390 0.999627
0.010489 0.999627
0.010588 0.999627
0.010686 0.999627
0.010785 0.999627
0.010884 0.999627
0.010983 0.999627
0.011081 0.999627
0.011180 0.999627
0.011279 0.999627
0.011378 0.999627
0.011476 0.999627
0.011575 0.999627
0.011674 0.999253
0.011773 0.999253
0.011871 0.999253
0.011970 0.999253
0.012069 0.999253
0.012168 0.999253
0.012266 0.999253
0.012365 0.999253
0.012464 0.999253
0.012563 0.998880
0.012661 0.998880
0.012760 0.998880
0.012859 0.998880
0.012958 0.998880
0.013056 0.998880
0.013155 0.998880
0.013254 0.998880
0.013353 0.998880
0.013451 0.998880
0.013550 0.998880
0.013649 0.998880
0.013748 0.998880
0.013846 0.998880
0.013945 0.998880
0.014044 0.998880
0.014143 0.998507
0.014241 0.998507
0.014340 0.998507
0.014439 0.998507
0.014538 0.998507
0.014636 0.998507
0.014735 0.998507
0.014834 0.998507
0.014933 0.998507
0.015031 0.998134
0.015130 0.998134
0.015229 0.998134
0.015328 0.998134
0.015426 0.998134
0.015525 0.998134
0.015624 0.998134
0.015723 0.997760
0.015821 0.997760
0.015920 0.997760
0.016019 0.997760
0.016118 0.997760
0.016216 0.997760
0.016315 0.997760
0.016414 0.997760
0.016513 0.997387
0.016611 0.997387
0.016710 0.997387
0.016809 0.997387
0.016908 0.997387
0.017006 0.997387
0.017105 0.997387
0.017204 0.997014
0.017303 0.997014
0.017401 0.997014
0.017500 0.996641
0.017599 0.996641
0.017698 0.996267
0.017796 0.996267
0.017895 0.995521
0.017994 0.995521
0.018093 0.995521
0.018191 0.995521
0.018290 0.995521
0.018389 0.995521
0.018488 0.995147
0.018586 0.995147
0.018685 0.995147
0.018784 0.995147
0.018883 0.995147
0.018981 0.995147
0.019080 0.995147
0.019179 0.995147
0.019278 0.994774
0.019376 0.994774
0.019475 0.994774
0.019574 0.994774
0.019673 0.994774
0.019771 0.994774
0.019870 0.994774
0.019969 0.994774
0.020068 0.994774
0.020166 0.994401
0.020265 0.994401
0.020364 0.994401
0.020463 0.994401
0.020561 0.994401
0.020660 0.994401
0.020759 0.994401
0.020858 0.994401
0.020956 0.994028
0.021055 0.994028
0.021154 0.994028
0.021253 0.994028
0.021351 0.994028
0.021450 0.994028
0.021549 0.994028
0.021648 0.994028
0.021746 0.993654
0.021845 0.993281
0.021944 0.993281
0.022043 0.993281
0.022142 0.993281
0.022240 0.993281
0.022339 0.993281
0.022438 0.993281
0.022537 0.993281
0.022635 0.993281
0.022734 0.993281
0.022833 0.993281
0.022932 0.992908
0.023030 0.992535
0.023129 0.992535
0.023228 0.992535
0.023327 0.992535
0.023425 0.992535
0.023524 0.992535
0.023623 0.992535
0.023722 0.992535
0.023820 0.992161
0.023919 0.991788
0.024018 0.991788
0.024117 0.991788
0.024215 0.991788
0.024314 0.991788
0.024413 0.991788
0.024512 0.991788
0.024610 0.991788
0.024709 0.991788
0.024808 0.991788
0.024907 0.991788
0.025005 0.991788
0.025104 0.991788
0.025203 0.991788
0.025302 0.991788
0.025400 0.991788
0.025499 0.991788
0.025598 0.991788
0.025697 0.991788
0.025795 0.991788
0.025894 0.991788
0.025993 0.991788
0.026092 0.991788
0.026190 0.991788
0.026289 0.991788
0.026388 0.991788
0.026487 0.991788
0.026585 0.991788
0.026684 0.991788
0.026783 0.991788
0.026882 0.991788
0.026980 0.991788
0.027079 0.991788
0.027178 0.991788
0.027277 0.991788
0.027375 0.991788
0.027474 0.991788
0.027573 0.991788
0.027672 0.991788
0.027770 0.991415
0.027869 0.991415
0.027968 0.991415
0.028067 0.991415
0.028165 0.991415
0.028264 0.991415
0.028363 0.991415
0.028462 0.991415
0.028560 0.990668
0.028659 0.990668
0.028758 0.990668
0.028857 0.990295
0.028955 0.990295
0.029054 0.990295
0.029153 0.989922
0.029252 0.989922
0.029350 0.989922
0.029449 0.989922
0.029548 0.989922
0.029647 0.989922
0.029745 0.989922
0.029844 0.989548
0.029943 0.989548
0.030042 0.989548
0.030140 0.989548
0.030239 0.989548
0.030338 0.989548
0.030437 0.989175
0.030535 0.989175
0.030634 0.988802
0.030733 0.988802
0.030832 0.988802
0.030930 0.988802
0.031029 0.988802
0.031128 0.988802
0.031227 0.988429
0.031325 0.988429
0.031424 0.988429
0.031523 0.988429
0.031622 0.988429
0.031720 0.988429
0.031819 0.988429
0.031918 0.988429
0.032017 0.988429
0.032115 0.988429
0.032214 0.988429
0.032313 0.988429
0.032412 0.988055
0.032510 0.988055
0.032609 0.987682
0.032708 0.987682
0.032807 0.987682
0.032905 0.987682
0.033004 0.987682
0.033103 0.987682
0.033202 0.987682
0.033300 0.987682
0.033399 0.987682
0.033498 0.987682
0.033597 0.987682
0.033695 0.987682
0.033794 0.987682
0.033893 0.987682
0.033992 0.987682
0.034090 0.987682
0.034189 0.987682
0.034288 0.987682
0.034387 0.987682
0.034485 0.987682
0.034584 0.987682
0.034683 0.987682
0.034782 0.987309
0.034880 0.987309
0.034979 0.987309
0.035078 0.987309
0.035177 0.987309
0.035275 0.987309
0.035374 0.987309
0.035473 0.986935
0.035572 0.986935
0.035670 0.986935
0.035769 0.986935
0.035868 0.986562
0.035967 0.986562
0.036065 0.986562
0.036164 0.986562
0.036263 0.986562
0.036362 0.986562
0.036460 0.986562
0.036559 0.986562
0.036658 0.986562
0.036757 0.986562
0.036855 0.986562
0.036954 0.986562
0.037053 0.986189
0.037152 0.986189
0.037250 0.986189
0.037349 0.986189
0.037448 0.986189
0.037547 0.985816
0.037645 0.985816
0.037744 0.985442
0.037843 0.985069
0.037942 0.985069
0.038040 0.984696
0.038139 0.984696
0.038238 0.984696
0.038337 0.984696
0.038435 0.984696
0.038534 0.984696
0.038633 0.984323
0.038732 0.984323
0.038830 0.984323
0.038929 0.983949
0.039028 0.983949
0.039127 0.983949
0.039225 0.983203
0.039324 0.982829
0.039423 0.982829
0.039522 0.982829
0.039620 0.982829
0.039719 0.982829
0.039818 0.982829
0.039917 0.982829
0.040015 0.982456
0.040114 0.982456
0.040213 0.982456
0.040312 0.982456
0.040410 0.982083
0.040509 0.982083
0.040608 0.982083
0.040707 0.982083
0.040805 0.982083
0.040904 0.982083
0.041003 0.982083
0.041102 0.982083
0.041200 0.982083
0.041299 0.982083
0.041398 0.982083
0.041497 0.982083
0.041595 0.982083
0.041694 0.982083
0.041793 0.982083
0.041892 0.982083
0.041990 0.982083
0.042089 0.982083
0.042188 0.982083
0.042287 0.982083
0.042385 0.982083
0.042484 0.982083
0.042583 0.982083
0.042682 0.982083
0.042780 0.982083
0.042879 0.982083
0.042978 0.981336
0.043077 0.981336
0.043175 0.981336
0.043274 0.981336
0.043373 0.981336
0.043472 0.980963
0.043570 0.980963
0.043669 0.980590
0.043768 0.980590
0.043867 0.980590
0.043965 0.980216
0.044064 0.980216
0.044163 0.980216
0.044262 0.980216
0.044360 0.980216
0.044459 0.980216
0.044558 0.980216
0.044657 0.980216
0.044755 0.980216
0.044854 0.980216
0.044953 0.980216
0.045052 0.980216
0.045150 0.979843
0.045249 0.979843
0.045348 0.979843
0.045447 0.979843
0.045545 0.979843
0.045644 0.979843
0.045743 0.979843
0.045842 0.979843
0.045940 0.979843
0.046039 0.979470
0.046138 0.979097
0.046237 0.979097
0.046335 0.979097
0.046434 0.979097
0.046533 0.979097
0.046632 0.979097
0.046730 0.979097
0.046829 0.979097
0.046928 0.979097
0.047027 0.979097
0.047125 0.978723
0.047224 0.978723
0.047323 0.978723
0.047422 0.978350
0.047520 0.977977
0.047619 0.977604
0.047718 0.977604
0.047817 0.977604
0.047915 0.977604
0.048014 0.977604
0.048113 0.977604
0.048212 0.977230
0.048310 0.977230
0.048409 0.976857
0.048508 0.976857
0.048607 0.976857
0.048705 0.976857
0.048804 0.976857
0.048903 0.976857
0.049002 0.976110
0.049100 0.976110
0.049199 0.976110
0.049298 0.976110
0.049397 0.976110
0.049495 0.976110
0.049594 0.976110
0.049693 0.975737
0.049792 0.975737
0.049890 0.975364
0.049989 0.974617
0.050088 0.974617
0.050187 0.974244
0.050285 0.974244
0.050384 0.973871
0.050483 0.973871
0.050582 0.973871
0.050680 0.973871
0.050779 0.973871
0.050878 0.973498
0.050977 0.973498
0.051075 0.973124
0.051174 0.973124
0.051273 0.973124
0.051372 0.973124
0.051470 0.972751
0.051569 0.972751
0.051668 0.972378
0.051767 0.972378
0.051865 0.972378
0.051964 0.972378
0.052063 0.971631
0.052162 0.971631
0.052260 0.971631
0.052359 0.971631
0.052458 0.971631
0.052557 0.971631
0.052655 0.971258
0.052754 0.971258
0.052853 0.971258
0.052952 0.971258
0.053050 0.970511
0.053149 0.970511
0.053248 0.970511
0.053347 0.970138
0.053445 0.969765
0.053544 0.969765
0.053643 0.969765
0.053742 0.969765
0.053840 0.969765
0.053939 0.969765
0.054038 0.969765
0.054137 0.969392
0.054235 0.969392
0.054334 0.969392
0.054433 0.969392
0.054532 0.969392
0.054630 0.969392
0.054729 0.969392
0.054828 0.969392
0.054927 0.969392
0.055025 0.969392
0.055124 0.969392
0.055223 0.969392
0.055322 0.969392
0.055420 0.969392
0.055519 0.969392
0.055618 0.969392
0.055717 0.969392
0.055815 0.969392
0.055914 0.969392
0.056013 0.969392
0.056112 0.969392
0.056210 0.969392
0.056309 0.969392
0.056408 0.969392
0.056507 0.969392
0.056605 0.969392
0.056704 0.969392
0.056803 0.969392
0.056902 0.969392
0.057000 0.969392
0.057099 0.969392
0.057198 0.969392
0.057297 0.969392
0.057395 0.969392
0.057494 0.968645
0.057593 0.968645
0.057692 0.968645
0.057790 0.968645
0.057889 0.968272
0.057988 0.967898
0.058087 0.967525
0.058185 0.967525
0.058284 0.967525
0.058383 0.967152
0.058482 0.967152
0.058580 0.967152
0.058679 0.967152
0.058778 0.966779
0.058877 0.966405
0.058975 0.965659
0.059074 0.965286
0.059173 0.965286
0.059272 0.965286
0.059370 0.965286
0.059469 0.965286
0.059568 0.964912
0.059667 0.964912
0.059765 0.964912
0.059864 0.964539
0.059963 0.964539
0.060062 0.964539
0.060160 0.964166
0.060259 0.963792
0.060358 0.963792
0.060457 0.963419
0.060555 0.963046
0.060654 0.962673
0.060753 0.962673
0.060852 0.962673
0.060950 0.962299
0.061049 0.962299
0.061148 0.962299
0.061247 0.962299
0.061345 0.962299
0.061444 0.962299
0.061543 0.961553
0.061642 0.961553
0.061740 0.961553
0.061839 0.961553
0.061938 0.961553
0.062037 0.961553
0.062135 0.961553
0.062234 0.961553
0.062333 0.961553
0.062432 0.961553
0.062531 0.961553
0.062629 0.961553
0.062728 0.961180
0.062827 0.961180
0.062926 0.961180
0.063024 0.961180
0.063123 0.961180
0.063222 0.961180
0.063321 0.961180
0.063419 0.961180
0.063518 0.961180
0.063617 0.961180
0.063716 0.960806
0.063814 0.960806
0.063913 0.960806
0.064012 0.960806
0.064111 0.960806
0.064209 0.960433
0.064308 0.960060
0.064407 0.960060
0.064506 0.960060
0.064604 0.960060
0.064703 0.960060
0.064802 0.959686
0.064901 0.959313
0.064999 0.958940
0.065098 0.958567
0.065197 0.958193
0.065296 0.958193
0.065394 0.958193
0.065493 0.957074
0.065592 0.957074
0.065691 0.956700
0.065789 0.956327
0.065888 0.956327
0.065987 0.955954
0.066086 0.955580
0.066184 0.955207
0.066283 0.955207
0.066382 0.954834
0.066481 0.954461
0.066579 0.954087
0.066678 0.953341
0.066777 0.953341
0.066876 0.952968
0.066974 0.952968
0.067073 0.952594
0.067172 0.952594
0.067271 0.952594
0.067369 0.952594
0.067468 0.952594
0.067567 0.952594
0.067666 0.952594
0.067764 0.952594
0.067863 0.951848
0.067962 0.951848
0.068061 0.951474
0.068159 0.951474
0.068258 0.951101
0.068357 0.950728
0.068456 0.950728
0.068554 0.950728
0.068653 0.950728
0.068752 0.950728
0.068851 0.950355
0.068949 0.950355
0.069048 0.950355
0.069147 0.950355
0.069246 0.949608
0.069344 0.949608
0.069443 0.949235
0.069542 0.949235
0.069641 0.949235
0.069739 0.948488
0.069838 0.948115
0.069937 0.948115
0.070036 0.947368
0.070134 0.947368
0.070233 0.947368
0.070332 0.947368
0.070431 0.947368
0.070529 0.946995
0.070628 0.946995
0.070727 0.946995
0.070826 0.946995
0.070924 0.946622
0.071023 0.946249
0.071122 0.945502
0.071221 0.945502
0.071319 0.945502
0.071418 0.945129
0.071517 0.945129
0.071616 0.944009
0.071714 0.943636
0.071813 0.942889
0.071912 0.942889
0.072011 0.942889
0.072109 0.942516
0.072208 0.942516
0.072307 0.942143
0.072406 0.942143
0.072504 0.942143
0.072603 0.942143
0.072702 0.941396
0.072801 0.941023
0.072899 0.941023
0.072998 0.940276
0.073097 0.940276
0.073196 0.939903
0.073294 0.939530
0.073393 0.939530
0.073492 0.939156
0.073591 0.939156
0.073689 0.938410
0.073788 0.938037
0.073887 0.938037
0.073986 0.937290
0.074084 0.937290
0.074183 0.937290
0.074282 0.936917
0.074381 0.936917
0.074479 0.936917
0.074578 0.936543
0.074677 0.936543
0.074776 0.936170
0.074874 0.936170
0.074973 0.936170
0.075072 0.936170
0.075171 0.936170
0.075269 0.935424
0.075368 0.935050
0.075467 0.934677
0.075566 0.934677
0.075664 0.934677
0.075763 0.934304
0.075862 0.934304
0.075961 0.933931
0.076059 0.933931
0.076158 0.933931
0.076257 0.932811
0.076356 0.932811
0.076454 0.932437
0.076553 0.932437
0.076652 0.932064
0.076751 0.932064
0.076849 0.932064
0.076948 0.932064
0.077047 0.932064
0.077146 0.932064
0.077244 0.931691
0.077343 0.931691
0.077442 0.931318
0.077541 0.930944
0.077639 0.930944
0.077738 0.930944
0.077837 0.930944
0.077936 0.930944
0.078034 0.930944
0.078133 0.930198
0.078232 0.930198
0.078331 0.930198
0.078429 0.929825
0.078528 0.929078
0.078627 0.928705
0.078726 0.928705
0.078824 0.928331
0.078923 0.928331
0.079022 0.927585
0.079121 0.927585
0.079219 0.927585
0.079318 0.927585
0.079417 0.927585
0.079516 0.927585
0.079614 0.927585
0.079713 0.926838
0.079812 0.926838
0.079911 0.926465
0.080009 0.926092
0.080108 0.925719
0.080207 0.925719
0.080306 0.925345
0.080404 0.924972
0.080503 0.924972
0.080602 0.924599
0.080701 0.924599
0.080799 0.924599
0.080898 0.924599
0.080997 0.924225
0.081096 0.923852
0.081194 0.923852
0.081293 0.923852
0.081392 0.923852
0.081491 0.923852
0.081589 0.923852
0.081688 0.923852
0.081787 0.923479
0.081886 0.923479
0.081984 0.923479
0.082083 0.923479
0.082182 0.923106
0.082281 0.923106
0.082379 0.923106
0.082478 0.923106
0.082577 0.922732
0.082676 0.922359
0.082774 0.922359
0.082873 0.922359
0.082972 0.921986
0.083071 0.921986
0.083169 0.921239
0.083268 0.921239
0.083367 0.921239
0.083466 0.920866
0.083564 0.920866
0.083663 0.920866
0.083762 0.920493
0.083861 0.920493
0.083959 0.920493
0.084058 0.920493
0.084157 0.919000
0.084256 0.918626
0.084354 0.918626
0.084453 0.918626
0.084552 0.918626
0.084651 0.917880
0.084749 0.917880
0.084848 0.917880
0.084947 0.917880
0.085046 0.917880
0.085144 0.917507
0.085243 0.917507
0.085342 0.917507
0.085441 0.917507
0.085539 0.917507
0.085638 0.917507
0.085737 0.917507
0.085836 0.917507
0.085934 0.917507
0.086033 0.917507
0.086132 0.917507
0.086231 0.916760
0.086329 0.916760
0.086428 0.916760
0.086527 0.916760
0.086626 0.916760
0.086724 0.916760
0.086823 0.916760
0.086922 0.916760
0.087021 0.916760
0.087119 0.916760
0.087218 0.916387
0.087317 0.916387
0.087416 0.916387
0.087514 0.915640
0.087613 0.915267
0.087712 0.914520
0.087811 0.913774
0.087909 0.913774
0.088008 0.913774
0.088107 0.913027
0.088206 0.913027
0.088304 0.913027
0.088403 0.912654
0.088502 0.912281
0.088601 0.912281
0.088699 0.912281
0.088798 0.912281
0.088897 0.911907
0.088996 0.911534
0.089094 0.911161
0.089193 0.910041
0.089292 0.910041
0.089391 0.909668
0.089489 0.909668
0.089588 0.908921
0.089687 0.908921
0.089786 0.908548
0.089884 0.908548
0.089983 0.908548
0.090082 0.908175
0.090181 0.908175
0.090279 0.908175
0.090378 0.908175
0.090477 0.908175
0.090576 0.908175
0.090674 0.908175
0.090773 0.908175
0.090872 0.907801
0.090971 0.907801
0.091069 0.907801
0.091168 0.907801
0.091267 0.906682
0.091366 0.906682
0.091464 0.906682
0.091563 0.906308
0.091662 0.906308
0.091761 0.905935
0.091859 0.905189
0.091958 0.904442
0.092057 0.904069
0.092156 0.903695
0.092254 0.903322
0.092353 0.903322
0.092452 0.903322
0.092551 0.903322
0.092649 0.902949
0.092748 0.902949
0.092847 0.902949
0.092946 0.902949
0.093044 0.902576
0.093143 0.902576
0.093242 0.902202
0.093341 0.902202
0.093439 0.902202
0.093538 0.901829
0.093637 0.901456
0.093736 0.901456
0.093834 0.901082
0.093933 0.901082
0.094032 0.901082
0.094131 0.900709
0.094229 0.900709
0.094328 0.900709
0.094427 0.900709
0.094526 0.900709
0.094624 0.900709
0.094723 0.900709
0.094822 0.900709
0.094921 0.900709
0.095019 0.900336
0.095118 0.899963
0.095217 0.899963
0.095316 0.899963
0.095414 0.899963
0.095513 0.899963
0.095612 0.899963
0.095711 0.899963
0.095809 0.899589
0.095908 0.899589
0.096007 0.899216
0.096106 0.899216
0.096204 0.898843
0.096303 0.898843
0.096402 0.898843
0.096501 0.898843
0.096599 0.898470
0.096698 0.898096
0.096797 0.898096
0.096896 0.898096
0.096994 0.897723
0.097093 0.896976
0.097192 0.896976
0.097291 0.896603
0.097389 0.896603
0.097488 0.896603
0.097587 0.896230
0.097686 0.896230
0.097784 0.896230
0.097883 0.895857
0.097982 0.895483
0.098081 0.895110
0.098179 0.893990
0.098278 0.893617
0.098377 0.893617
0.098476 0.893244
0.098574 0.893244
0.098673 0.893244
0.098772 0.892870
0.098871 0.892870
0.098969 0.892870
0.099068 0.892497
0.099167 0.892497
0.099266 0.892497
0.099364 0.892124
0.099463 0.892124
0.099562 0.892124
0.099661 0.891751
0.099759 0.891751
0.099858 0.891751
0.099957 0.891751
0.100056 0.891751
0.100154 0.891751
0.100253 0.891377
0.100352 0.891377
0.100451 0.891377
0.100549 0.890258
0.100648 0.889884
0.100747 0.889884
0.100846 0.889511
0.100944 0.889511
0.101043 0.889511
0.101142 0.889511
0.101241 0.889511
0.101339 0.888764
0.101438 0.888764
0.101537 0.888764
0.101636 0.888764
0.101734 0.888764
0.101833 0.888391
0.101932 0.888391
0.102031 0.888391
0.102129 0.888391
0.102228 0.888018
0.102327 0.888018
0.102426 0.888018
0.102524 0.887645
0.102623 0.886898
0.102722 0.886898
0.102821 0.886525
0.102919 0.886525
0.103018 0.885405
0.103117 0.885032
0.103216 0.885032
0.103315 0.885032
0.103413 0.884658
0.103512 0.884658
0.103611 0.884658
0.103710 0.884285
0.103808 0.883912
0.103907 0.883539
0.104006 0.882792
0.104105 0.882792
0.104203 0.882792
0.104302 0.882046
0.104401 0.882046
0.104500 0.882046
0.104598 0.882046
0.104697 0.882046
0.104796 0.881672
0.104895 0.881672
0.104993 0.881672
0.105092 0.881672
0.105191 0.881299
0.105290 0.881299
0.105388 0.880552
0.105487 0.880552
0.105586 0.879806
0.105685 0.879806
0.105783 0.879433
0.105882 0.879059
0.105981 0.879059
0.106080 0.878686
0.106178 0.878686
0.106277 0.878313
0.106376 0.878313
0.106475 0.878313
0.106573 0.877940
0.106672 0.877566
0.106771 0.877566
0.106870 0.877566
0.106968 0.877566
0.107067 0.877566
0.107166 0.877193
0.107265 0.876820
0.107363 0.876820
0.107462 0.876820
0.107561 0.876820
0.107660 0.876820
0.107758 0.876446
0.107857 0.876073
0.107956 0.875700
0.108055 0.875700
0.108153 0.875700
0.108252 0.875700
0.108351 0.875700
0.108450 0.875700
0.108548 0.874953
0.108647 0.874953
0.108746 0.874953
0.108845 0.874580
0.108943 0.874580
0.109042 0.874580
0.109141 0.874207
0.109240 0.873834
0.109338 0.873834
0.109437 0.873460
0.109536 0.873087
0.109635 0.872340
0.109733 0.871221
0.109832 0.871221
0.109931 0.871221
0.110030 0.871221
0.110128 0.871221
0.110227 0.871221
0.110326 0.871221
0.110425 0.870847
0.110523 0.870847
0.110622 0.870847
0.110721 0.870474
0.110820 0.870474
0.110918 0.870474
0.111017 0.870474
0.111116 0.869728
0.111215 0.868608
0.111313 0.868234
0.111412 0.868234
0.111511 0.867861
0.111610 0.867488
0.111708 0.867488
0.111807 0.867488
0.111906 0.866741
0.112005 0.866741
0.112103 0.866368
0.112202 0.865995
0.112301 0.865995
0.112400 0.865995
0.112498 0.865995
0.112597 0.865995
0.112696 0.865622
0.112795 0.865248
0.112893 0.865248
0.112992 0.865248
0.113091 0.865248
0.113190 0.864875
0.113288 0.864502
0.113387 0.863755
0.113486 0.863755
0.113585 0.863382
0.113683 0.863382
0.113782 0.863382
0.113881 0.863382
0.113980 0.863382
0.114078 0.863009
0.114177 0.863009
0.114276 0.862635
0.114375 0.862635
0.114473 0.862635
0.114572 0.862635
0.114671 0.862635
0.114770 0.862262
0.114868 0.862262
0.114967 0.862262
0.115066 0.861889
0.115165 0.861515
0.115263 0.861515
0.115362 0.861515
0.115461 0.861515
0.115560 0.861515
0.115658 0.861515
0.115757 0.861515
0.115856 0.861515
0.115955 0.861142
0.116053 0.861142
0.116152 0.861142
0.116251 0.861142
0.116350 0.861142
0.116448 0.861142
0.116547 0.860769
0.116646 0.860396
0.116745 0.860022
0.116843 0.860022
0.116942 0.860022
0.117041 0.859649
0.117140 0.858903
0.117238 0.858903
0.117337 0.858156
0.117436 0.857409
0.117535 0.857409
0.117633 0.857409
0.117732 0.857409
0.117831 0.857036
0.117930 0.857036
0.118028 0.856663
0.118127 0.856290
0.118226 0.856290
0.118325 0.856290
0.118423 0.856290
0.118522 0.856290
0.118621 0.855916
0.118720 0.855916
0.118818 0.855543
0.118917 0.855543
0.119016 0.855543
0.119115 0.855543
0.119213 0.855170
0.119312 0.855170
0.119411 0.854797
0.119510 0.854423
0.119608 0.854423
0.119707 0.854050
0.119806 0.854050
0.119905 0.854050
0.120003 0.854050
0.120102 0.854050
0.120201 0.854050
0.120300 0.854050
0.120398 0.854050
0.120497 0.853303
0.120596 0.852930
0.120695 0.852930
0.120793 0.852930
0.120892 0.852557
0.120991 0.852557
0.121090 0.852557
0.121188 0.852557
0.121287 0.852557
0.121386 0.852184
0.121485 0.852184
0.121583 0.852184
0.121682 0.852184
0.121781 0.852184
0.121880 0.852184
0.121978 0.852184
0.122077 0.852184
0.122176 0.852184
0.122275 0.852184
0.122373 0.852184
0.122472 0.852184
0.122571 0.852184
0.122670 0.851810
0.122768 0.851064
0.122867 0.851064
0.122966 0.851064
0.123065 0.851064
0.123163 0.851064
0.123262 0.851064
0.123361 0.850691
0.123460 0.850317
0.123558 0.850317
0.123657 0.849571
0.123756 0.849571
0.123855 0.849571
0.123953 0.849571
0.124052 0.849197
0.124151 0.849197
0.124250 0.849197
0.124348 0.849197
0.124447 0.848824
0.124546 0.848824
0.124645 0.848451
0.124743 0.848451
0.124842 0.848451
0.124941 0.848078
0.125040 0.848078
0.125138 0.847704
0.125237 0.847704
0.125336 0.847331
0.125435 0.847331
0.125533 0.847331
0.125632 0.847331
0.125731 0.847331
0.125830 0.846958
0.125928 0.846958
0.126027 0.846958
0.126126 0.846585
0.126225 0.846585
0.126323 0.846585
0.126422 0.846585
0.126521 0.846585
0.126620 0.846585
0.126718 0.846585
0.126817 0.846585
0.126916 0.846585
0.127015 0.846585
0.127113 0.845838
0.127212 0.845838
0.127311 0.845838
0.127410 0.845838
0.127508 0.845838
0.127607 0.845838
0.127706 0.845838
0.127805 0.845838
0.127903 0.845465
0.128002 0.845465
0.128101 0.845091
0.128200 0.844718
0.128298 0.844718
0.128397 0.844345
0.128496 0.843972
0.128595 0.843972
0.128693 0.843972
0.128792 0.843972
0.128891 0.843972
0.128990 0.843972
0.129088 0.843972
0.129187 0.843598
0.129286 0.843598
0.129385 0.843598
0.129483 0.843598
0.129582 0.843225
0.129681 0.843225
0.129780 0.842852
0.129878 0.842852
0.129977 0.842479
0.130076 0.842105
0.130175 0.842105
0.130273 0.842105
0.130372 0.842105
0.130471 0.841732
0.130570 0.841732
0.130668 0.841732
0.130767 0.840985
0.130866 0.840239
0.130965 0.839866
0.131063 0.839866
0.131162 0.839492
0.131261 0.839492
0.131360 0.838746
0.131458 0.837999
0.131557 0.837999
0.131656 0.837626
0.131755 0.837626
0.131853 0.837626
0.131952 0.836879
0.132051 0.836506
0.132150 0.836506
0.132248 0.836506
0.132347 0.836506
0.132446 0.836133
0.132545 0.836133
0.132643 0.836133
0.132742 0.835760
0.132841 0.835760
0.132940 0.835760
0.133038 0.835386
0.133137 0.835386
0.133236 0.835386
0.133335 0.835386
0.133433 0.835013
0.133532 0.835013
0.133631 0.834640
0.133730 0.834640
0.133828 0.834267
0.133927 0.834267
0.134026 0.834267
0.134125 0.834267
0.134223 0.833893
0.134322 0.833893
0.134421 0.833520
0.134520 0.833520
0.134618 0.833147
0.134717 0.833147
0.134816 0.832773
0.134915 0.832400
0.135013 0.832027
0.135112 0.832027
0.135211 0.832027
0.135310 0.832027
0.135408 0.831654
0.135507 0.831280
0.135606 0.831280
0.135705 0.831280
0.135803 0.831280
0.135902 0.831280
0.136001 0.831280
0.136100 0.831280
0.136198 0.830907
0.136297 0.830534
0.136396 0.830161
0.136495 0.830161
0.136593 0.830161
0.136692 0.829787
0.136791 0.829787
0.136890 0.829041
0.136988 0.828294
0.137087 0.828294
0.137186 0.828294
0.137285 0.827921
0.137383 0.827921
0.137482 0.827921
0.137581 0.827921
0.137680 0.827921
0.137778 0.827921
0.137877 0.827921
0.137976 0.827921
0.138075 0.827921
0.138173 0.827921
0.138272 0.827921
0.138371 0.827548
0.138470 0.827548
0.138568 0.827548
0.138667 0.827548
0.138766 0.827548
0.138865 0.827548
0.138963 0.827548
0.139062 0.827548
0.139161 0.827548
0.139260 0.827548
0.139358 0.827548
0.139457 0.827174
0.139556 0.827174
0.139655 0.826801
0.139753 0.826801
0.139852 0.826428
0.139951 0.826054
0.140050 0.826054
0.140148 0.826054
0.140247 0.826054
0.140346 0.826054
0.140445 0.826054
0.140543 0.826054
0.140642 0.825681
0.140741 0.825681
0.140840 0.825681
0.140938 0.825308
0.141037 0.824935
0.141136 0.824935
0.141235 0.824188
0.141333 0.824188
0.141432 0.823815
0.141531 0.823815
0.141630 0.823815
0.141728 0.823815
0.141827 0.823442
0.141926 0.823442
0.142025 0.823068
0.142123 0.823068
0.142222 0.823068
0.142321 0.823068
0.142420 0.823068
0.142518 0.823068
0.142617 0.823068
0.142716 0.823068
0.142815 0.823068
0.142913 0.822695
0.143012 0.822695
0.143111 0.822695
0.143210 0.822695
0.143308 0.822695
0.143407 0.822695
0.143506 0.822322
0.143605 0.821948
0.143703 0.821948
0.143802 0.821575
0.143901 0.821575
0.144000 0.821202
0.144099 0.821202
0.144197 0.820829
0.144296 0.820829
0.144395 0.820829
0.144494 0.820829
0.144592 0.820829
0.144691 0.820829
0.144790 0.820455
0.144889 0.820455
0.144987 0.820455
0.145086 0.820455
0.145185 0.820455
0.145284 0.820082
0.145382 0.820082
0.145481 0.819709
0.145580 0.819336
0.145679 0.819336
0.145777 0.819336
0.145876 0.819336
0.145975 0.819336
0.146074 0.819336
0.146172 0.819336
0.146271 0.819336
0.146370 0.818962
0.146469 0.818589
0.146567 0.818589
0.146666 0.818216
0.146765 0.818216
0.146864 0.818216
0.146962 0.818216
0.147061 0.818216
0.147160 0.817842
0.147259 0.817842
0.147357 0.817469
0.147456 0.817469
0.147555 0.817469
0.147654 0.817096
0.147752 0.817096
0.147851 0.816723
0.147950 0.816723
0.148049 0.816349
0.148147 0.815976
0.148246 0.815976
0.148345 0.815976
0.148444 0.815603
0.148542 0.815603
0.148641 0.815603
0.148740 0.815603
0.148839 0.814856
0.148937 0.814856
0.149036 0.814856
0.149135 0.814856
0.149234 0.814856
0.149332 0.814856
0.149431 0.814856
0.149530 0.814483
0.149629 0.814483
0.149727 0.814110
0.149826 0.814110
0.149925 0.814110
0.150024 0.814110
0.150122 0.814110
0.150221 0.813736
0.150320 0.813736
0.150419 0.813736
0.150517 0.813363
0.150616 0.812990
0.150715 0.812990
0.150814 0.812990
0.150912 0.812617
0.151011 0.812617
0.151110 0.812243
0.151209 0.812243
0.151307 0.812243
0.151406 0.812243
0.151505 0.812243
0.151604 0.812243
0.151702 0.812243
0.151801 0.812243
0.151900 0.812243
0.151999 0.811870
0.152097 0.811870
0.152196 0.811124
0.152295 0.810377
0.152394 0.810377
0.152492 0.810377
0.152591 0.810377
0.152690 0.810377
0.152789 0.810377
0.152887 0.810377
0.152986 0.810377
0.153085 0.810377
0.153184 0.810004
0.153282 0.810004
0.153381 0.809630
0.153480 0.809630
0.153579 0.809630
0.153677 0.809630
0.153776 0.809257
0.153875 0.808884
0.153974 0.808884
0.154072 0.808884
0.154171 0.808884
0.154270 0.808884
0.154369 0.808511
0.154467 0.808137
0.154566 0.807764
0.154665 0.807764
0.154764 0.807764
0.154862 0.807764
0.154961 0.807391
0.155060 0.807018
0.155159 0.807018
0.155257 0.807018
0.155356 0.807018
0.155455 0.807018
0.155554 0.807018
0.155652 0.807018
0.155751 0.806271
0.155850 0.805898
0.155949 0.805898
0.156047 0.805898
0.156146 0.805898
0.156245 0.805898
0.156344 0.805524
0.156442 0.805151
0.156541 0.805151
0.156640 0.804778
0.156739 0.804778
0.156837 0.804405
0.156936 0.804031
0.157035 0.804031
0.157134 0.803658
0.157232 0.803658
0.157331 0.803285
0.157430 0.803285
0.157529 0.803285
0.157627 0.803285
0.157726 0.802912
0.157825 0.802538
0.157924 0.802538
0.158022 0.802165
0.158121 0.802165
0.158220 0.802165
0.158319 0.802165
0.158417 0.802165
0.158516 0.802165
0.158615 0.802165
0.158714 0.802165
0.158812 0.802165
0.158911 0.801792
0.159010 0.801792
0.159109 0.801792
0.159207 0.801792
0.159306 0.801418
0.159405 0.801045
0.159504 0.801045
0.159602 0.801045
0.159701 0.801045
0.159800 0.801045
0.159899 0.801045
0.159997 0.800672
0.160096 0.800672
0.160195 0.800299
0.160294 0.800299
0.160392 0.800299
0.160491 0.800299
0.160590 0.800299
0.160689 0.799925
0.160787 0.799179
0.160886 0.798806
0.160985 0.798806
0.161084 0.798432
0.161182 0.798432
0.161281 0.798432
0.161380 0.798432
0.161479 0.798059
0.161577 0.798059
0.161676 0.798059
0.161775 0.798059
0.161874 0.798059
0.161972 0.798059
0.162071 0.797686
0.162170 0.797312
0.162269 0.797312
0.162367 0.796939
0.162466 0.796939
0.162565 0.796193
0.162664 0.796193
0.162762 0.796193
0.162861 0.796193
0.162960 0.796193
0.163059 0.796193
0.163157 0.796193
0.163256 0.796193
0.163355 0.796193
0.163454 0.795446
0.163552 0.794700
0.163651 0.794326
0.163750 0.794326
0.163849 0.794326
0.163947 0.794326
0.164046 0.794326
0.164145 0.794326
0.164244 0.794326
0.164342 0.794326
0.164441 0.794326
0.164540 0.793953
0.164639 0.793953
0.164737 0.793580
0.164836 0.793580
0.164935 0.793206
0.165034 0.793206
0.165132 0.792460
0.165231 0.792460
0.165330 0.792460
0.165429 0.792460
0.165527 0.792460
0.165626 0.792087
0.165725 0.792087
0.165824 0.791713
0.165922 0.791713
0.166021 0.791713
0.166120 0.791340
0.166219 0.790967
0.166317 0.790594
0.166416 0.790594
0.166515 0.790594
0.166614 0.789847
0.166712 0.789847
0.166811 0.789847
0.166910 0.789474
0.167009 0.789100
0.167107 0.788727
0.167206 0.788727
0.167305 0.788727
0.167404 0.787981
0.167502 0.787981
0.167601 0.787981
0.167700 0.787981
0.167799 0.787981
0.167897 0.787607
0.167996 0.787607
0.168095 0.787607
0.168194 0.787234
0.168292 0.787234
0.168391 0.787234
0.168490 0.787234
0.168589 0.786861
0.168687 0.786861
0.168786 0.786861
0.168885 0.786861
0.168984 0.786114
0.169082 0.785368
0.169181 0.785368
0.169280 0.784994
0.169379 0.784994
0.169477 0.784621
0.169576 0.784621
0.169675 0.784621
0.169774 0.784621
0.169872 0.784621
0.169971 0.784621
0.170070 0.784621
0.170169 0.784621
0.170267 0.784621
0.170366 0.784621
0.170465 0.784621
0.170564 0.784621
0.170662 0.784621
0.170761 0.784621
0.170860 0.784621
0.170959 0.784621
0.171057 0.784621
0.171156 0.784621
0.171255 0.784621
0.171354 0.784248
0.171452 0.783875
0.171551 0.783875
0.171650 0.783875
0.171749 0.783875
0.171847 0.783875
0.171946 0.783875
0.172045 0.783875
0.172144 0.783875
0.172242 0.783875
0.172341 0.783875
0.172440 0.783875
0.172539 0.783875
0.172637 0.783875
0.172736 0.783875
0.172835 0.783501
0.172934 0.783501
0.173032 0.783501
0.173131 0.783501
0.173230 0.783501
0.173329 0.783501
0.173427 0.783501
0.173526 0.783501
0.173625 0.783128
0.173724 0.782755
0.173822 0.781635
0.173921 0.781635
0.174020 0.781635
0.174119 0.781262
0.174217 0.780888
0.174316 0.780888
0.174415 0.780888
0.174514 0.780515
0.174612 0.780142
0.174711 0.780142
0.174810 0.779769
0.174909 0.779769
0.175007 0.779395
0.175106 0.779395
0.175205 0.779395
0.175304 0.779395
0.175402 0.779395
0.175501 0.778649
0.175600 0.778275
0.175699 0.777902
0.175797 0.777902
0.175896 0.777902
0.175995 0.777902
0.176094 0.777902
0.176192 0.777902
0.176291 0.777902
0.176390 0.777902
0.176489 0.777529
0.176587 0.777529
0.176686 0.777529
0.176785 0.777529
0.176884 0.777529
0.176982 0.777529
0.177081 0.777529
0.177180 0.777529
0.177279 0.777529
0.177377 0.777156
0.177476 0.776782
0.177575 0.776409
0.177674 0.776409
0.177772 0.776409
0.177871 0.776036
0.177970 0.776036
0.178069 0.776036
0.178167 0.776036
0.178266 0.775663
0.178365 0.775289
0.178464 0.774916
0.178562 0.774916
0.178661 0.774169
0.178760 0.774169
0.178859 0.774169
0.178957 0.774169
0.179056 0.773796
0.179155 0.773050
0.179254 0.773050
0.179352 0.773050
0.179451 0.773050
0.179550 0.773050
0.179649 0.773050
0.179747 0.773050
0.179846 0.773050
0.179945 0.773050
0.180044 0.772303
0.180142 0.772303
0.180241 0.772303
0.180340 0.772303
0.180439 0.771930
0.180537 0.771557
0.180636 0.771557
0.180735 0.771557
0.180834 0.771557
0.180932 0.771557
0.181031 0.771557
0.181130 0.771183
0.181229 0.771183
0.181327 0.771183
0.181426 0.771183
0.181525 0.771183
0.181624 0.771183
0.181722 0.771183
0.181821 0.771183
0.181920 0.771183
0.182019 0.771183
0.182117 0.771183
0.182216 0.771183
0.182315 0.771183
0.182414 0.771183
0.182512 0.771183
0.182611 0.771183
0.182710 0.770810
0.182809 0.770810
0.182907 0.770810
0.183006 0.770810
0.183105 0.770810
0.183204 0.770810
0.183302 0.770810
0.183401 0.770810
0.183500 0.770810
0.183599 0.770810
0.183697 0.770810
0.183796 0.770437
0.183895 0.770437
0.183994 0.769690
0.184092 0.769690
0.184191 0.769690
0.184290 0.769317
0.184389 0.769317
0.184487 0.768570
0.184586 0.768197
0.184685 0.767824
0.184784 0.767824
0.184883 0.767824
0.184981 0.767824
0.185080 0.767824
0.185179 0.767824
0.185278 0.767077
0.185376 0.767077
0.185475 0.767077
0.185574 0.767077
0.185673 0.767077
0.185771 0.766704
0.185870 0.766704
0.185969 0.766331
0.186068 0.766331
0.186166 0.766331
0.186265 0.765957
0.186364 0.765584
0.186463 0.765584
0.186561 0.765584
0.186660 0.765584
0.186759 0.765584
0.186858 0.765584
0.186956 0.765584
0.187055 0.764838
0.187154 0.764464
0.187253 0.764464
0.187351 0.764091
0.187450 0.763718
0.187549 0.763718
0.187648 0.763718
0.187746 0.763718
0.187845 0.763345
0.187944 0.763345
0.188043 0.763345
0.188141 0.763345
0.188240 0.763345
0.188339 0.762971
0.188438 0.762971
0.188536 0.762225
0.188635 0.761851
0.188734 0.761851
0.188833 0.761478
0.188931 0.761105
0.189030 0.761105
0.189129 0.761105
0.189228 0.761105
0.189326 0.760732
0.189425 0.760732
0.189524 0.760732
0.189623 0.760732
0.189721 0.760358
0.189820 0.760358
0.189919 0.759612
0.190018 0.759612
0.190116 0.759239
0.190215 0.758865
0.190314 0.758865
0.190413 0.758865
0.190511 0.758865
0.190610 0.758865
0.190709 0.758865
0.190808 0.758865
0.190906 0.758865
0.191005 0.758492
0.191104 0.758492
0.191203 0.758119
0.191301 0.758119
0.191400 0.758119
0.191499 0.758119
0.191598 0.758119
0.191696 0.756999
0.191795 0.756999
0.191894 0.756999
0.191993 0.756999
0.192091 0.756626
0.192190 0.756626
0.192289 0.756626
0.192388 0.756626
0.192486 0.756252
0.192585 0.756252
0.192684 0.755879
0.192783 0.755506
0.192881 0.755133
0.192980 0.755133
0.193079 0.754759
0.193178 0.754013
0.193276 0.754013
0.193375 0.753639
0.193474 0.753639
0.193573 0.753639
0.193671 0.753639
0.193770 0.753639
0.193869 0.752520
0.193968 0.752520
0.194066 0.752520
0.194165 0.752146
0.194264 0.752146
0.194363 0.752146
0.194461 0.751773
0.194560 0.751773
0.194659 0.751773
0.194758 0.751400
0.194856 0.750653
0.194955 0.750653
0.195054 0.750280
0.195153 0.750280
0.195251 0.750280
0.195350 0.750280
0.195449 0.750280
0.195548 0.750280
0.195646 0.750280
0.195745 0.750280
0.195844 0.750280
0.195943 0.750280
0.196041 0.750280
0.196140 0.749533
0.196239 0.749160
0.196338 0.749160
0.196436 0.749160
0.196535 0.749160
0.196634 0.748787
0.196733 0.748414
0.196831 0.748414
0.196930 0.748414
0.197029 0.748040
0.197128 0.748040
0.197226 0.747667
0.197325 0.747667
0.197424 0.747667
0.197523 0.747294
0.197621 0.747294
0.197720 0.747294
0.197819 0.747294
0.197918 0.746920
0.198016 0.746920
0.198115 0.746547
0.198214 0.746174
0.198313 0.746174
0.198411 0.746174
0.198510 0.746174
0.198609 0.746174
0.198708 0.746174
0.198806 0.746174
0.198905 0.746174
0.199004 0.746174
0.199103 0.745801
0.199201 0.745054
0.199300 0.744681
0.199399 0.744681
0.199498 0.744308
0.199596 0.744308
0.199695 0.744308
0.199794 0.744308
0.199893 0.744308
0.199991 0.743934
0.200090 0.743934
0.200189 0.743934
0.200288 0.743934
0.200386 0.743934
0.200485 0.743934
0.200584 0.743561
0.200683 0.743188
0.200781 0.742814
0.200880 0.742814
0.200979 0.742441
0.201078 0.742441
0.201176 0.742441
0.201275 0.742441
0.201374 0.742441
0.201473 0.742441
0.201571 0.742441
0.201670 0.742441
0.201769 0.742441
0.201868 0.742441
0.201966 0.742441
0.202065 0.742068
0.202164 0.741321
0.202263 0.741321
0.202361 0.740948
0.202460 0.740575
0.202559 0.740202
0.202658 0.740202
0.202756 0.739828
0.202855 0.739828
0.202954 0.739455
0.203053 0.739455
0.203151 0.739455
0.203250 0.739455
0.203349 0.739455
0.203448 0.739455
0.203546 0.739455
0.203645 0.739455
0.203744 0.739455
0.203843 0.738708
0.203941 0.738708
0.204040 0.738335
0.204139 0.738335
0.204238 0.737962
0.204336 0.737962
0.204435 0.737962
0.204534 0.737962
0.204633 0.737589
0.204731 0.737589
0.204830 0.737589
0.204929 0.737589
0.205028 0.737589
0.205126 0.737589
0.205225 0.737589
0.205324 0.737589
0.205423 0.737589
0.205521 0.737589
0.205620 0.737589
0.205719 0.737589
0.205818 0.737589
0.205916 0.737589
0.206015 0.737589
0.206114 0.737215
0.206213 0.737215
0.206311 0.736842
0.206410 0.736469
0.206509 0.736469
0.206608 0.736469
0.206706 0.736096
0.206805 0.736096
0.206904 0.736096
0.207003 0.736096
0.207101 0.736096
0.207200 0.735722
0.207299 0.734976
0.207398 0.734602
0.207496 0.733856
0.207595 0.733483
0.207694 0.733483
0.207793 0.733483
0.207891 0.733109
0.207990 0.733109
0.208089 0.733109
0.208188 0.732736
0.208286 0.732363
0.208385 0.731990
0.208484 0.731616
0.208583 0.730870
0.208681 0.730870
0.208780 0.730870
0.208879 0.730870
0.208978 0.730870
0.209076 0.730870
0.209175 0.730870
0.209274 0.730496
0.209373 0.730496
0.209471 0.730123
0.209570 0.729750
0.209669 0.729377
0.209768 0.729003
0.209866 0.728630
0.209965 0.728630
0.210064 0.728630
0.210163 0.728257
0.210261 0.727884
0.210360 0.727884
0.210459 0.727884
0.210558 0.727884
0.210656 0.727510
0.210755 0.727510
0.210854 0.727510
0.210953 0.727510
0.211051 0.727510
0.211150 0.727510
0.211249 0.727510
0.211348 0.727137
0.211446 0.726764
0.211545 0.726764
0.211644 0.726764
0.211743 0.726764
0.211841 0.726390
0.211940 0.726390
0.212039 0.726390
0.212138 0.726390
0.212236 0.726390
0.212335 0.726390
0.212434 0.726390
0.212533 0.726390
0.212631 0.726390
0.212730 0.726390
0.212829 0.726017
0.212928 0.726017
0.213026 0.726017
0.213125 0.726017
0.213224 0.725644
0.213323 0.725644
0.213421 0.725644
0.213520 0.725271
0.213619 0.724897
0.213718 0.724151
0.213816 0.724151
0.213915 0.724151
0.214014 0.724151
0.214113 0.724151
0.214211 0.724151
0.214310 0.724151
0.214409 0.723778
0.214508 0.723778
0.214606 0.723778
0.214705 0.723778
0.214804 0.723778
0.214903 0.723778
0.215001 0.723778
0.215100 0.723778
0.215199 0.723404
0.215298 0.723404
0.215396 0.723404
0.215495 0.723404
0.215594 0.723404
0.215693 0.723404
0.215791 0.723404
0.215890 0.723404
0.215989 0.723404
0.216088 0.723404
0.216186 0.723404
0.216285 0.723404
0.216384 0.723404
0.216483 0.723031
0.216581 0.723031
0.216680 0.722658
0.216779 0.722658
0.216878 0.722284
0.216976 0.722284
0.217075 0.722284
0.217174 0.722284
0.217273 0.721911
0.217371 0.721911
0.217470 0.721538
0.217569 0.721538
0.217668 0.721538
0.217766 0.721538
0.217865 0.721538
0.217964 0.721538
0.218063 0.721538
0.218161 0.721538
0.218260 0.721538
0.218359 0.721538
0.218458 0.721538
0.218556 0.721538
0.218655 0.721538
0.218754 0.721538
0.218853 0.721538
0.218951 0.721538
0.219050 0.721538
0.219149 0.721538
0.219248 0.721538
0.219346 0.720791
0.219445 0.720791
0.219544 0.720791
0.219643 0.720791
0.219741 0.720791
0.219840 0.720791
0.219939 0.720791
0.220038 0.720418
0.220136 0.720418
0.220235 0.720418
0.220334 0.720045
0.220433 0.720045
0.220531 0.720045
0.220630 0.719672
0.220729 0.719298
0.220828 0.719298
0.220926 0.719298
0.221025 0.719298
0.221124 0.719298
0.221223 0.719298
0.221321 0.719298
0.221420 0.719298
0.221519 0.719298
0.221618 0.719298
0.221716 0.718925
0.221815 0.718925
0.221914 0.718925
0.222013 0.718925
0.222111 0.718925
0.222210 0.718925
0.222309 0.718925
0.222408 0.718552
0.222506 0.718552
0.222605 0.718552
0.222704 0.718178
0.222803 0.718178
0.222901 0.717805
0.223000 0.717432
0.223099 0.717432
0.223198 0.717432
0.223296 0.717432
0.223395 0.717432
0.223494 0.717432
0.223593 0.717432
0.223691 0.717432
0.223790 0.717432
0.223889 0.717432
0.223988 0.717059
0.224086 0.717059
0.224185 0.717059
0.224284 0.717059
0.224383 0.716685
0.224481 0.716685
0.224580 0.716685
0.224679 0.716685
0.224778 0.716685
0.224876 0.716312
0.224975 0.716312
0.225074 0.716312
0.225173 0.715939
0.225272 0.715939
0.225370 0.715939
0.225469 0.715566
0.225568 0.715566
0.225667 0.715192
0.225765 0.714819
0.225864 0.714819
0.225963 0.714819
0.226062 0.714819
0.226160 0.714819
0.226259 0.714819
0.226358 0.714819
0.226457 0.714446
0.226555 0.714072
0.226654 0.713699
0.226753 0.713326
0.226852 0.713326
0.226950 0.712579
0.227049 0.712579
0.227148 0.712579
0.227247 0.712579
0.227345 0.711459
0.227444 0.711086
0.227543 0.711086
0.227642 0.711086
0.227740 0.711086
0.227839 0.711086
0.227938 0.711086
0.228037 0.711086
0.228135 0.711086
0.228234 0.711086
0.228333 0.710713
0.228432 0.709966
0.228530 0.709593
0.228629 0.709593
0.228728 0.709593
0.228827 0.709593
0.228925 0.709220
0.229024 0.709220
0.229123 0.709220
0.229222 0.709220
0.229320 0.709220
0.229419 0.708847
0.229518 0.708847
0.229617 0.708847
0.229715 0.708473
0.229814 0.708473
0.229913 0.708100
0.230012 0.708100
0.230110 0.708100
0.230209 0.708100
0.230308 0.708100
0.230407 0.707727
0.230505 0.707727
0.230604 0.707727
0.230703 0.706980
0.230802 0.706607
0.230900 0.706607
0.230999 0.706607
0.231098 0.706607
0.231197 0.706607
0.231295 0.706607
0.231394 0.706607
0.231493 0.706607
0.231592 0.706234
0.231690 0.705860
0.231789 0.705860
0.231888 0.705860
0.231987 0.705487
0.232085 0.705487
0.232184 0.705487
0.232283 0.705114
0.232382 0.705114
0.232480 0.705114
0.232579 0.705114
0.232678 0.705114
0.232777 0.705114
0.232875 0.705114
0.232974 0.705114
0.233073 0.704741
0.233172 0.704367
0.233270 0.703621
0.233369 0.703621
0.233468 0.703621
0.233567 0.703621
0.233665 0.703621
0.233764 0.703621
0.233863 0.703621
0.233962 0.703621
0.234060 0.703621
0.234159 0.703247
0.234258 0.703247
0.234357 0.703247
0.234455 0.702874
0.234554 0.702874
0.234653 0.701754
0.234752 0.701754
0.234850 0.701754
0.234949 0.701754
0.235048 0.701754
0.235147 0.701754
0.235245 0.701381
0.235344 0.701008
0.235443 0.701008
0.235542 0.701008
0.235640 0.700635
0.235739 0.700635
0.235838 0.700635
0.235937 0.700635
0.236035 0.700635
0.236134 0.700635
0.236233 0.700635
0.236332 0.700635
0.236430 0.700261
0.236529 0.700261
0.236628 0.699888
0.236727 0.699888
0.236825 0.699888
0.236924 0.699888
0.237023 0.699888
0.237122 0.699888
0.237220 0.699888
0.237319 0.699888
0.237418 0.699515
0.237517 0.699515
0.237615 0.699141
0.237714 0.699141
0.237813 0.698768
0.237912 0.698768
0.238010 0.698768
0.238109 0.698768
0.238208 0.698395
0.238307 0.698395
0.238405 0.698395
0.238504 0.698395
0.238603 0.698395
0.238702 0.698395
0.238800 0.698022
0.238899 0.698022
0.238998 0.697648
0.239097 0.697648
0.239195 0.697275
0.239294 0.697275
0.239393 0.697275
0.239492 0.697275
0.239590 0.696902
0.239689 0.696902
0.239788 0.696902
0.239887 0.696902
0.239985 0.696529
0.240084 0.696529
0.240183 0.696529
0.240282 0.696155
0.240380 0.696155
0.240479 0.696155
0.240578 0.696155
0.240677 0.696155
0.240775 0.696155
0.240874 0.696155
0.240973 0.696155
0.241072 0.695782
0.241170 0.695409
0.241269 0.695409
0.241368 0.695409
0.241467 0.695409
0.241565 0.695409
0.241664 0.695035
0.241763 0.695035
0.241862 0.695035
0.241960 0.695035
0.242059 0.695035
0.242158 0.695035
0.242257 0.695035
0.242355 0.695035
0.242454 0.695035
0.242553 0.694662
0.242652 0.694289
0.242750 0.694289
0.242849 0.693916
0.242948 0.693916
0.243047 0.693916
0.243145 0.693916
0.243244 0.693542
0.243343 0.693542
0.243442 0.693542
0.243540 0.693169
0.243639 0.693169
0.243738 0.693169
0.243837 0.693169
0.243935 0.693169
0.244034 0.693169
0.244133 0.693169
0.244232 0.693169
0.244330 0.693169
0.244429 0.693169
0.244528 0.693169
0.244627 0.693169
0.244725 0.693169
0.244824 0.692796
0.244923 0.692423
0.245022 0.691676
0.245120 0.691303
0.245219 0.691303
0.245318 0.691303
0.245417 0.691303
0.245515 0.691303
0.245614 0.690556
0.245713 0.690556
0.245812 0.690556
0.245910 0.690556
0.246009 0.690183
0.246108 0.690183
0.246207 0.690183
0.246305 0.690183
0.246404 0.689810
0.246503 0.689436
0.246602 0.689436
0.246700 0.689063
0.246799 0.689063
0.246898 0.689063
0.246997 0.688690
0.247095 0.688690
0.247194 0.688690
0.247293 0.687943
0.247392 0.687943
0.247490 0.687943
0.247589 0.687943
0.247688 0.687943
0.247787 0.687943
0.247885 0.687943
0.247984 0.687570
0.248083 0.687570
0.248182 0.687570
0.248280 0.687570
0.248379 0.687570
0.248478 0.687570
0.248577 0.687570
0.248675 0.687570
0.248774 0.686823
0.248873 0.686823
0.248972 0.686450
0.249070 0.686450
0.249169 0.686077
0.249268 0.685704
0.249367 0.685330
0.249465 0.685330
0.249564 0.684957
0.249663 0.684957
0.249762 0.684957
0.249860 0.684211
0.249959 0.684211
0.250058 0.684211
0.250157 0.684211
0.250255 0.684211
0.250354 0.684211
0.250453 0.684211
0.250552 0.684211
0.250650 0.684211
0.250749 0.683837
0.250848 0.683464
0.250947 0.683464
0.251045 0.683464
0.251144 0.683464
0.251243 0.683464
0.251342 0.683091
0.251440 0.683091
0.251539 0.682717
0.251638 0.682717
0.251737 0.682717
0.251835 0.682344
0.251934 0.682344
0.252033 0.682344
0.252132 0.682344
0.252230 0.682344
0.252329 0.682344
0.252428 0.682344
0.252527 0.682344
0.252625 0.682344
0.252724 0.682344
0.252823 0.681598
0.252922 0.681598
0.253020 0.681598
0.253119 0.681598
0.253218 0.681598
0.253317 0.681598
0.253415 0.681598
0.253514 0.681598
0.253613 0.681598
0.253712 0.681598
0.253810 0.681598
0.253909 0.681598
0.254008 0.681598
0.254107 0.681224
0.254205 0.680851
0.254304 0.680478
0.254403 0.680478
0.254502 0.680478
0.254600 0.680478
0.254699 0.680478
0.254798 0.680478
0.254897 0.680478
0.254995 0.680478
0.255094 0.680478
0.255193 0.680105
0.255292 0.680105
0.255390 0.679731
0.255489 0.679731
0.255588 0.679731
0.255687 0.679358
0.255785 0.678985
0.255884 0.678985
0.255983 0.678985
0.256082 0.678985
0.256180 0.678985
0.256279 0.678238
0.256378 0.677492
0.256477 0.677492
0.256575 0.677492
0.256674 0.677492
0.256773 0.677492
0.256872 0.677118
0.256970 0.677118
0.257069 0.676745
0.257168 0.675625
0.257267 0.675625
0.257365 0.674879
0.257464 0.674879
0.257563 0.674879
0.257662 0.674879
0.257760 0.674505
0.257859 0.674505
0.257958 0.674505
0.258057 0.674505
0.258155 0.674505
0.258254 0.674505
0.258353 0.674132
0.258452 0.674132
0.258550 0.674132
0.258649 0.673759
0.258748 0.673759
0.258847 0.673386
0.258945 0.673386
0.259044 0.673386
0.259143 0.673386
0.259242 0.673012
0.259340 0.673012
0.259439 0.673012
0.259538 0.673012
0.259637 0.673012
0.259735 0.672639
0.259834 0.672266
0.259933 0.672266
0.260032 0.671892
0.260130 0.671519
0.260229 0.671519
0.260328 0.671519
0.260427 0.671146
0.260525 0.670399
0.260624 0.670399
0.260723 0.670026
0.260822 0.670026
0.260920 0.670026
0.261019 0.670026
0.261118 0.670026
0.261217 0.670026
0.261315 0.669653
0.261414 0.669653
0.261513 0.669653
0.261612 0.669280
0.261710 0.669280
0.261809 0.669280
0.261908 0.668533
0.262007 0.668533
0.262105 0.668160
0.262204 0.667786
0.262303 0.667786
0.262402 0.667786
0.262500 0.667786
0.262599 0.667786
0.262698 0.667786
0.262797 0.667413
0.262895 0.667413
0.262994 0.667413
0.263093 0.667413
0.263192 0.667413
0.263290 0.667413
0.263389 0.667413
0.263488 0.667040
0.263587 0.666667
0.263685 0.666293
0.263784 0.666293
0.263883 0.666293
0.263982 0.665920
0.264080 0.665920
0.264179 0.665547
0.264278 0.665547
0.264377 0.665174
0.264475 0.665174
0.264574 0.665174
0.264673 0.665174
0.264772 0.665174
0.264870 0.664800
0.264969 0.664427
0.265068 0.664054
0.265167 0.664054
0.265265 0.664054
0.265364 0.664054
0.265463 0.664054
0.265562 0.663680
0.265660 0.663680
0.265759 0.663307
0.265858 0.663307
0.265957 0.663307
0.266056 0.662934
0.266154 0.662561
0.266253 0.662561
0.266352 0.662561
0.266451 0.662561
0.266549 0.662561
0.266648 0.662187
0.266747 0.662187
0.266846 0.661814
0.266944 0.661814
0.267043 0.661814
0.267142 0.661814
0.267241 0.661814
0.267339 0.661814
0.267438 0.661814
0.267537 0.661814
0.267636 0.661814
0.267734 0.661814
0.267833 0.661814
0.267932 0.661441
0.268031 0.661068
0.268129 0.659948
0.268228 0.659948
0.268327 0.659948
0.268426 0.659948
0.268524 0.659948
0.268623 0.659948
0.268722 0.659574
0.268821 0.659574
0.268919 0.659201
0.269018 0.659201
0.269117 0.658828
0.269216 0.658828
0.269314 0.658455
0.269413 0.658455
0.269512 0.658455
0.269611 0.658455
0.269709 0.658455
0.269808 0.658455
0.269907 0.658455
0.270006 0.658455
0.270104 0.658455
0.270203 0.658455
0.270302 0.658455
0.270401 0.658455
0.270499 0.657708
0.270598 0.657708
0.270697 0.657708
0.270796 0.656588
0.270894 0.656588
0.270993 0.656588
0.271092 0.656588
0.271191 0.656588
0.271289 0.655842
0.271388 0.655842
0.271487 0.655842
0.271586 0.655842
0.271684 0.655842
0.271783 0.655842
0.271882 0.655468
0.271981 0.655468
0.272079 0.655095
0.272178 0.655095
0.272277 0.655095
0.272376 0.655095
0.272474 0.655095
0.272573 0.655095
0.272672 0.655095
0.272771 0.655095
0.272869 0.655095
0.272968 0.654722
0.273067 0.654722
0.273166 0.654722
0.273264 0.654722
0.273363 0.654349
0.273462 0.654349
0.273561 0.654349
0.273659 0.654349
0.273758 0.653975
0.273857 0.653975
0.273956 0.653975
0.274054 0.653975
0.274153 0.653975
0.274252 0.653975
0.274351 0.653975
0.274449 0.653229
0.274548 0.653229
0.274647 0.653229
0.274746 0.653229
0.274844 0.653229
0.274943 0.653229
0.275042 0.653229
0.275141 0.652109
0.275239 0.652109
0.275338 0.652109
0.275437 0.652109
0.275536 0.652109
0.275634 0.652109
0.275733 0.652109
0.275832 0.651736
0.275931 0.651736
0.276029 0.651736
0.276128 0.651736
0.276227 0.651736
0.276326 0.651362
0.276424 0.650989
0.276523 0.649869
0.276622 0.649869
0.276721 0.649496
0.276819 0.649496
0.276918 0.648750
0.277017 0.648376
0.277116 0.648376
0.277214 0.648376
0.277313 0.648376
0.277412 0.648003
0.277511 0.648003
0.277609 0.647630
0.277708 0.647630
0.277807 0.646883
0.277906 0.646510
0.278004 0.646510
0.278103 0.646510
0.278202 0.646510
0.278301 0.646137
0.278399 0.645763
0.278498 0.645390
0.278597 0.645390
0.278696 0.645017
0.278794 0.645017
0.278893 0.644644
0.278992 0.644644
0.279091 0.644644
0.279189 0.644644
0.279288 0.644270
0.279387 0.644270
0.279486 0.643897
0.279584 0.643524
0.279683 0.643524
0.279782 0.643524
0.279881 0.642404
0.279979 0.642404
0.280078 0.642404
0.280177 0.642404
0.280276 0.642404
0.280374 0.642404
0.280473 0.642404
0.280572 0.642404
0.280671 0.641657
0.280769 0.641657
0.280868 0.641284
0.280967 0.641284
0.281066 0.641284
0.281164 0.641284
0.281263 0.641284
0.281362 0.641284
0.281461 0.641284
0.281559 0.640911
0.281658 0.640911
0.281757 0.640911
0.281856 0.640164
0.281954 0.640164
0.282053 0.640164
0.282152 0.639791
0.282251 0.639791
0.282349 0.639791
0.282448 0.639791
0.282547 0.639791
0.282646 0.639791
0.282744 0.639791
0.282843 0.639791
0.282942 0.639791
0.283041 0.639791
0.283139 0.639791
0.283238 0.639791
0.283337 0.639791
0.283436 0.639791
0.283534 0.639791
0.283633 0.639418
0.283732 0.639418
0.283831 0.639418
0.283929 0.639418
0.284028 0.639418
0.284127 0.639418
0.284226 0.639418
0.284324 0.639044
0.284423 0.638298
0.284522 0.638298
0.284621 0.638298
0.284719 0.638298
0.284818 0.638298
0.284917 0.637925
0.285016 0.637551
0.285114 0.636805
0.285213 0.636805
0.285312 0.636805
0.285411 0.636805
0.285509 0.636432
0.285608 0.636432
0.285707 0.636432
0.285806 0.636058
0.285904 0.636058
0.286003 0.636058
0.286102 0.636058
0.286201 0.636058
0.286299 0.636058
0.286398 0.636058
0.286497 0.636058
0.286596 0.636058
0.286694 0.636058
0.286793 0.636058
0.286892 0.636058
0.286991 0.635685
0.287089 0.635685
0.287188 0.635685
0.287287 0.635312
0.287386 0.634938
0.287484 0.634938
0.287583 0.634192
0.287682 0.634192
0.287781 0.634192
0.287879 0.634192
0.287978 0.634192
0.288077 0.634192
0.288176 0.634192
0.288274 0.634192
0.288373 0.633072
0.288472 0.632699
0.288571 0.632699
0.288669 0.632699
0.288768 0.631952
0.288867 0.631579
0.288966 0.631579
0.289064 0.631579
0.289163 0.630832
0.289262 0.630832
0.289361 0.630459
0.289459 0.630459
0.289558 0.630459
0.289657 0.630086
0.289756 0.629713
0.289854 0.629339
0.289953 0.629339
0.290052 0.629339
0.290151 0.628966
0.290249 0.628593
0.290348 0.628219
0.290447 0.628219
0.290546 0.628219
0.290644 0.627846
0.290743 0.627473
0.290842 0.627473
0.290941 0.627100
0.291039 0.626726
0.291138 0.626726
0.291237 0.626726
0.291336 0.626726
0.291434 0.626726
0.291533 0.626353
0.291632 0.626353
0.291731 0.625980
0.291829 0.625980
0.291928 0.625607
0.292027 0.625607
0.292126 0.624860
0.292224 0.624487
0.292323 0.624487
0.292422 0.624487
0.292521 0.624113
0.292619 0.624113
0.292718 0.624113
0.292817 0.624113
0.292916 0.623740
0.293014 0.623740
0.293113 0.623740
0.293212 0.623367
0.293311 0.623367
0.293409 0.622994
0.293508 0.622994
0.293607 0.622994
0.293706 0.622620
0.293804 0.622247
0.293903 0.621874
0.294002 0.621874
0.294101 0.621874
0.294199 0.621874
0.294298 0.621874
0.294397 0.621874
0.294496 0.621501
0.294594 0.621501
0.294693 0.621501
0.294792 0.621501
0.294891 0.621127
0.294989 0.621127
0.295088 0.620754
0.295187 0.620754
0.295286 0.620754
0.295384 0.620754
0.295483 0.620754
0.295582 0.620381
0.295681 0.620381
0.295779 0.620007
0.295878 0.620007
0.295977 0.620007
0.296076 0.620007
0.296174 0.620007
0.296273 0.620007
0.296372 0.619634
0.296471 0.618888
0.296569 0.617768
0.296668 0.617021
0.296767 0.616648
0.296866 0.616648
0.296964 0.616275
0.297063 0.616275
0.297162 0.615901
0.297261 0.615901
0.297359 0.615901
0.297458 0.615155
0.297557 0.614782
0.297656 0.614408
0.297754 0.614408
0.297853 0.614408
0.297952 0.614035
0.298051 0.614035
0.298149 0.614035
0.298248 0.613662
0.298347 0.613289
0.298446 0.612542
0.298544 0.612542
0.298643 0.612169
0.298742 0.611422
0.298841 0.611422
0.298939 0.611422
0.299038 0.611049
0.299137 0.611049
0.299236 0.611049
0.299334 0.610676
0.299433 0.610676
0.299532 0.610676
0.299631 0.610302
0.299729 0.610302
0.299828 0.610302
0.299927 0.610302
0.300026 0.610302
0.300124 0.610302
0.300223 0.610302
0.300322 0.610302
0.300421 0.609556
0.300519 0.609556
0.300618 0.609183
0.300717 0.608809
0.300816 0.608809
0.300914 0.608809
0.301013 0.608436
0.301112 0.608436
0.301211 0.608063
0.301309 0.608063
0.301408 0.607689
0.301507 0.607316
0.301606 0.606943
0.301704 0.606943
0.301803 0.606570
0.301902 0.606570
0.302001 0.606570
0.302099 0.606570
0.302198 0.606196
0.302297 0.605823
0.302396 0.605823
0.302494 0.605823
0.302593 0.605823
0.302692 0.605823
0.302791 0.605823
0.302889 0.605823
0.302988 0.605823
0.303087 0.605450
0.303186 0.604330
0.303284 0.604330
0.303383 0.604330
0.303482 0.604330
0.303581 0.604330
0.303679 0.604330
0.303778 0.604330
0.303877 0.603957
0.303976 0.603957
0.304074 0.603210
0.304173 0.603210
0.304272 0.603210
0.304371 0.603210
0.304469 0.603210
0.304568 0.603210
0.304667 0.602837
0.304766 0.602837
0.304864 0.602464
0.304963 0.602090
0.305062 0.602090
0.305161 0.601717
0.305259 0.601717
0.305358 0.601344
0.305457 0.601344
0.305556 0.601344
0.305654 0.601344
0.305753 0.600971
0.305852 0.600971
0.305951 0.600971
0.306049 0.600597
0.306148 0.600597
0.306247 0.600597
0.306346 0.600597
0.306444 0.600597
0.306543 0.600597
0.306642 0.600597
0.306741 0.600597
0.306840 0.600597
0.306938 0.600597
0.307037 0.600597
0.307136 0.600597
0.307235 0.600597
0.307333 0.599851
0.307432 0.599477
0.307531 0.599477
0.307630 0.599477
0.307728 0.599477
0.307827 0.599104
0.307926 0.599104
0.308025 0.599104
0.308123 0.599104
0.308222 0.598731
0.308321 0.598358
0.308420 0.598358
0.308518 0.598358
0.308617 0.598358
0.308716 0.598358
0.308815 0.597984
0.308913 0.597611
0.309012 0.597238
0.309111 0.597238
0.309210 0.596865
0.309308 0.596865
0.309407 0.596865
0.309506 0.596865
0.309605 0.596865
0.309703 0.596865
0.309802 0.596491
0.309901 0.596491
0.310000 0.596491
0.310098 0.596491
0.310197 0.596491
0.310296 0.596491
0.310395 0.596118
0.310493 0.595371
0.310592 0.595371
0.310691 0.594998
0.310790 0.594625
0.310888 0.594252
0.310987 0.594252
0.311086 0.593878
0.311185 0.593878
0.311283 0.593878
0.311382 0.593505
0.311481 0.593505
0.311580 0.593132
0.311678 0.593132
0.311777 0.592758
0.311876 0.592758
0.311975 0.592385
0.312073 0.592385
0.312172 0.592385
0.312271 0.592385
0.312370 0.592385
0.312468 0.592385
0.312567 0.591639
0.312666 0.590892
0.312765 0.590892
0.312863 0.590892
0.312962 0.590146
0.313061 0.590146
0.313160 0.590146
0.313258 0.590146
0.313357 0.590146
0.313456 0.590146
0.313555 0.590146
0.313653 0.590146
0.313752 0.589772
0.313851 0.589772
0.313950 0.589772
0.314048 0.589772
0.314147 0.589399
0.314246 0.589026
0.314345 0.588652
0.314443 0.588652
0.314542 0.588652
0.314641 0.588652
0.314740 0.588652
0.314838 0.588279
0.314937 0.587906
0.315036 0.587906
0.315135 0.587906
0.315233 0.587906
0.315332 0.587533
0.315431 0.587533
0.315530 0.587533
0.315628 0.587533
0.315727 0.587159
0.315826 0.586786
0.315925 0.586413
0.316023 0.586413
0.316122 0.586413
0.316221 0.586413
0.316320 0.586413
0.316418 0.585666
0.316517 0.585666
0.316616 0.585666
0.316715 0.585293
0.316813 0.584920
0.316912 0.584920
0.317011 0.584920
0.317110 0.584920
0.317208 0.584920
0.317307 0.584920
0.317406 0.584920
0.317505 0.584920
0.317603 0.584546
0.317702 0.584546
0.317801 0.584546
0.317900 0.584546
0.317998 0.584546
0.318097 0.584173
0.318196 0.583427
0.318295 0.583427
0.318393 0.583427
0.318492 0.583053
0.318591 0.583053
0.318690 0.582680
0.318788 0.582307
0.318887 0.582307
0.318986 0.582307
0.319085 0.581934
0.319183 0.581934
0.319282 0.581934
0.319381 0.581934
0.319480 0.581934
0.319578 0.581934
0.319677 0.581934
0.319776 0.581187
0.319875 0.580814
0.319973 0.580814
0.320072 0.580814
0.320171 0.580814
0.320270 0.580814
0.320368 0.580440
0.320467 0.579694
0.320566 0.579694
0.320665 0.578947
0.320763 0.578574
0.320862 0.578201
0.320961 0.577828
0.321060 0.577828
0.321158 0.577454
0.321257 0.577454
0.321356 0.577454
0.321455 0.577454
0.321553 0.577081
0.321652 0.577081
0.321751 0.577081
0.321850 0.576708
0.321948 0.576708
0.322047 0.576708
0.322146 0.576708
0.322245 0.576708
0.322343 0.576708
0.322442 0.576708
0.322541 0.576708
0.322640 0.576708
0.322738 0.576334
0.322837 0.576334
0.322936 0.576334
0.323035 0.576334
0.323133 0.576334
0.323232 0.576334
0.323331 0.576334
0.323430 0.576334
0.323528 0.575961
0.323627 0.575961
0.323726 0.575961
0.323825 0.575961
0.323923 0.575588
0.324022 0.575215
0.324121 0.575215
0.324220 0.575215
0.324318 0.575215
0.324417 0.574468
0.324516 0.574468
0.324615 0.574468
0.324713 0.574468
0.324812 0.574468
0.324911 0.574468
0.325010 0.574095
0.325108 0.573348
0.325207 0.572602
0.325306 0.572602
0.325405 0.571855
0.325503 0.571855
0.325602 0.571482
0.325701 0.571109
0.325800 0.571109
0.325898 0.571109
0.325997 0.571109
0.326096 0.571109
0.326195 0.571109
0.326293 0.571109
0.326392 0.570735
0.326491 0.570735
0.326590 0.570735
0.326688 0.570735
0.326787 0.570735
0.326886 0.570735
0.326985 0.570735
0.327083 0.570735
0.327182 0.570735
0.327281 0.570362
0.327380 0.569989
0.327478 0.569616
0.327577 0.569616
0.327676 0.568869
0.327775 0.568869
0.327873 0.568869
0.327972 0.568869
0.328071 0.568869
0.328170 0.568122
0.328268 0.567749
0.328367 0.567749
0.328466 0.567749
0.328565 0.567749
0.328663 0.567749
0.328762 0.567749
0.328861 0.567749
0.328960 0.567003
0.329058 0.566256
0.329157 0.565883
0.329256 0.565136
0.329355 0.565136
0.329453 0.564763
0.329552 0.564763
0.329651 0.564763
0.329750 0.564763
0.329848 0.564763
0.329947 0.564763
0.330046 0.564763
0.330145 0.564390
0.330243 0.564390
0.330342 0.564016
0.330441 0.563643
0.330540 0.563643
0.330638 0.563270
0.330737 0.563270
0.330836 0.563270
0.330935 0.563270
0.331033 0.563270
0.331132 0.563270
0.331231 0.563270
0.331330 0.562897
0.331428 0.562897
0.331527 0.562150
0.331626 0.562150
0.331725 0.561777
0.331823 0.561404
0.331922 0.561030
0.332021 0.560657
0.332120 0.560657
0.332218 0.560657
0.332317 0.560657
0.332416 0.560657
0.332515 0.560657
0.332613 0.560284
0.332712 0.559910
0.332811 0.559910
0.332910 0.559910
0.333008 0.559910
0.333107 0.559537
0.333206 0.559164
0.333305 0.559164
0.333403 0.559164
0.333502 0.558417
0.333601 0.558417
0.333700 0.558417
0.333798 0.558417
0.333897 0.558044
0.333996 0.558044
0.334095 0.558044
0.334193 0.558044
0.334292 0.558044
0.334391 0.558044
0.334490 0.558044
0.334588 0.558044
0.334687 0.558044
0.334786 0.557671
0.334885 0.557671
0.334983 0.557671
0.335082 0.556924
0.335181 0.556924
0.335280 0.556924
0.335378 0.556924
0.335477 0.556924
0.335576 0.556924
0.335675 0.556551
0.335773 0.556551
0.335872 0.556551
0.335971 0.556178
0.336070 0.555431
0.336168 0.555431
0.336267 0.555058
0.336366 0.554685
0.336465 0.554685
0.336563 0.554685
0.336662 0.554685
0.336761 0.554685
0.336860 0.554685
0.336958 0.554311
0.337057 0.554311
0.337156 0.554311
0.337255 0.554311
0.337353 0.554311
0.337452 0.553938
0.337551 0.553938
0.337650 0.553938
0.337748 0.553938
0.337847 0.553565
0.337946 0.552818
0.338045 0.552818
0.338143 0.551698
0.338242 0.551325
0.338341 0.551325
0.338440 0.551325
0.338538 0.550205
0.338637 0.550205
0.338736 0.550205
0.338835 0.550205
0.338933 0.549832
0.339032 0.549832
0.339131 0.549459
0.339230 0.549459
0.339328 0.549459
0.339427 0.549459
0.339526 0.549459
0.339625 0.549085
0.339723 0.549085
0.339822 0.549085
0.339921 0.549085
0.340020 0.549085
0.340118 0.548339
0.340217 0.548339
0.340316 0.548339
0.340415 0.548339
0.340513 0.548339
0.340612 0.547966
0.340711 0.547966
0.340810 0.547966
0.340908 0.547592
0.341007 0.547592
0.341106 0.547219
0.341205 0.547219
0.341303 0.547219
0.341402 0.546846
0.341501 0.546846
0.341600 0.546473
0.341698 0.546473
0.341797 0.545726
0.341896 0.545726
0.341995 0.545726
0.342093 0.545726
0.342192 0.545726
0.342291 0.545726
0.342390 0.544979
0.342488 0.544979
0.342587 0.544606
0.342686 0.544606
0.342785 0.544606
0.342883 0.544233
0.342982 0.543860
0.343081 0.543860
0.343180 0.543486
0.343278 0.543486
0.343377 0.543486
0.343476 0.543486
0.343575 0.543113
0.343673 0.542367
0.343772 0.541993
0.343871 0.541993
0.343970 0.541993
0.344068 0.541993
0.344167 0.541247
0.344266 0.540873
0.344365 0.540500
0.344463 0.540500
0.344562 0.540500
0.344661 0.539754
0.344760 0.539754
0.344858 0.539380
0.344957 0.539007
0.345056 0.538634
0.345155 0.538261
0.345253 0.538261
0.345352 0.537887
0.345451 0.537887
0.345550 0.537887
0.345648 0.537887
0.345747 0.537887
0.345846 0.537887
0.345945 0.537887
0.346043 0.537514
0.346142 0.537514
0.346241 0.537514
0.346340 0.537514
0.346438 0.537514
0.346537 0.537141
0.346636 0.537141
0.346735 0.536767
0.346833 0.536394
0.346932 0.536021
0.347031 0.535648
0.347130 0.535648
0.347228 0.535274
0.347327 0.534901
0.347426 0.534901
0.347525 0.534528
0.347624 0.534528
0.347722 0.534528
0.347821 0.534528
0.347920 0.534528
0.348019 0.534528
0.348117 0.534155
0.348216 0.533781
0.348315 0.533408
0.348414 0.533408
0.348512 0.533035
0.348611 0.533035
0.348710 0.533035
0.348809 0.532661
0.348907 0.532661
0.349006 0.532661
0.349105 0.532661
0.349204 0.532288
0.349302 0.532288
0.349401 0.532288
0.349500 0.532288
0.349599 0.531915
0.349697 0.531542
0.349796 0.530795
0.349895 0.529675
0.349994 0.529302
0.350092 0.529302
0.350191 0.528929
0.350290 0.528555
0.350389 0.528555
0.350487 0.528555
0.350586 0.528555
0.350685 0.528555
0.350784 0.528555
0.350882 0.528555
0.350981 0.528555
0.351080 0.528555
0.351179 0.528555
0.351277 0.528555
0.351376 0.528555
0.351475 0.528555
0.351574 0.528555
0.351672 0.528182
0.351771 0.527809
0.351870 0.527436
0.351969 0.527436
0.352067 0.527436
0.352166 0.527062
0.352265 0.526689
0.352364 0.526689
0.352462 0.525943
0.352561 0.525196
0.352660 0.525196
0.352759 0.525196
0.352857 0.524823
0.352956 0.524449
0.353055 0.524449
0.353154 0.524076
0.353252 0.524076
0.353351 0.524076
0.353450 0.524076
0.353549 0.523330
0.353647 0.523330
0.353746 0.522956
0.353845 0.522956
0.353944 0.522956
0.354042 0.522583
0.354141 0.522210
0.354240 0.521837
0.354339 0.521837
0.354437 0.521837
0.354536 0.521837
0.354635 0.521463
0.354734 0.521463
0.354832 0.521090
0.354931 0.521090
0.355030 0.521090
0.355129 0.521090
0.355227 0.521090
0.355326 0.520717
0.355425 0.520717
0.355524 0.520343
0.355622 0.520343
0.355721 0.520343
0.355820 0.519970
0.355919 0.519970
0.356017 0.519970
0.356116 0.519597
0.356215 0.519224
0.356314 0.518850
0.356412 0.518850
0.356511 0.518850
0.356610 0.518477
0.356709 0.518477
0.356807 0.518477
0.356906 0.518477
0.357005 0.518477
0.357104 0.518104
0.357202 0.517730
0.357301 0.517730
0.357400 0.517730
0.357499 0.517730
0.357597 0.517730
0.357696 0.517357
0.357795 0.516984
0.357894 0.516984
0.357992 0.516984
0.358091 0.516611
0.358190 0.516611
0.358289 0.516237
0.358387 0.515864
0.358486 0.515491
0.358585 0.515118
0.358684 0.515118
0.358782 0.515118
0.358881 0.514744
0.358980 0.514744
0.359079 0.514744
0.359177 0.514371
0.359276 0.514371
0.359375 0.514371
0.359474 0.513998
0.359572 0.513998
0.359671 0.513624
0.359770 0.512505
0.359869 0.511758
0.359967 0.511012
0.360066 0.511012
0.360165 0.511012
0.360264 0.511012
0.360362 0.511012
0.360461 0.510638
0.360560 0.510265
0.360659 0.510265
0.360757 0.510265
0.360856 0.510265
0.360955 0.509892
0.361054 0.509145
0.361152 0.509145
0.361251 0.509145
0.361350 0.509145
0.361449 0.508772
0.361547 0.508399
0.361646 0.508399
0.361745 0.507279
0.361844 0.507279
0.361942 0.507279
0.362041 0.507279
0.362140 0.506906
0.362239 0.506906
0.362337 0.506906
0.362436 0.506906
0.362535 0.506906
0.362634 0.506906
0.362732 0.506532
0.362831 0.506532
0.362930 0.506532
0.363029 0.506532
0.363127 0.506159
0.363226 0.505786
0.363325 0.505786
0.363424 0.505786
0.363522 0.505786
0.363621 0.505039
0.363720 0.505039
0.363819 0.505039
0.363917 0.505039
0.364016 0.505039
0.364115 0.505039
0.364214 0.503919
0.364312 0.503919
0.364411 0.503919
0.364510 0.503919
0.364609 0.503546
0.364707 0.503173
0.364806 0.503173
0.364905 0.503173
0.365004 0.503173
0.365102 0.503173
0.365201 0.502800
0.365300 0.502426
0.365399 0.502053
0.365497 0.501680
0.365596 0.501306
0.365695 0.500933
0.365794 0.500560
0.365892 0.500187
0.365991 0.499813
0.366090 0.499813
0.366189 0.499813
0.366287 0.499440
0.366386 0.499440
0.366485 0.499067
0.366584 0.499067
0.366682 0.499067
0.366781 0.499067
0.366880 0.498694
0.366979 0.498320
0.367077 0.498320
0.367176 0.498320
0.367275 0.498320
0.367374 0.498320
0.367472 0.497947
0.367571 0.497947
0.367670 0.497947
0.367769 0.497947
0.367867 0.497574
0.367966 0.497574
0.368065 0.497574
0.368164 0.497574
0.368262 0.497200
0.368361 0.497200
0.368460 0.496454
0.368559 0.496454
0.368657 0.496454
0.368756 0.496454
0.368855 0.496081
0.368954 0.495707
0.369052 0.495707
0.369151 0.494961
0.369250 0.494961
0.369349 0.494961
0.369447 0.494588
0.369546 0.493841
0.369645 0.493468
0.369744 0.493094
0.369842 0.493094
0.369941 0.493094
0.370040 0.492348
0.370139 0.491975
0.370237 0.491601
0.370336 0.491228
0.370435 0.490855
0.370534 0.490855
0.370632 0.490855
0.370731 0.490482
0.370830 0.490108
0.370929 0.489735
0.371027 0.489362
0.371126 0.488988
0.371225 0.488988
0.371324 0.488988
0.371422 0.488988
0.371521 0.488988
0.371620 0.488615
0.371719 0.488615
0.371817 0.488615
0.371916 0.488242
0.372015 0.488242
0.372114 0.488242
0.372212 0.487869
0.372311 0.487869
0.372410 0.487869
0.372509 0.487495
0.372607 0.487495
0.372706 0.487495
0.372805 0.487495
0.372904 0.487495
0.373002 0.487495
0.373101 0.487495
0.373200 0.487495
0.373299 0.486376
0.373397 0.486376
0.373496 0.486376
0.373595 0.486376
0.373694 0.486002
0.373792 0.485256
0.373891 0.485256
0.373990 0.484509
0.374089 0.484509
0.374187 0.484509
0.374286 0.484509
0.374385 0.484509
0.374484 0.484509
0.374582 0.484509
0.374681 0.484509
0.374780 0.483763
0.374879 0.483763
0.374977 0.483763
0.375076 0.483389
0.375175 0.483389
0.375274 0.483389
0.375372 0.482643
0.375471 0.482643
0.375570 0.481896
0.375669 0.481523
0.375767 0.481523
0.375866 0.481150
0.375965 0.481150
0.376064 0.480403
0.376162 0.480030
0.376261 0.479657
0.376360 0.479657
0.376459 0.479283
0.376557 0.478910
0.376656 0.478910
0.376755 0.478910
0.376854 0.478163
0.376952 0.478163
0.377051 0.478163
0.377150 0.477790
0.377249 0.477417
0.377347 0.477417
0.377446 0.477417
0.377545 0.477044
0.377644 0.477044
0.377742 0.477044
0.377841 0.476670
0.377940 0.475551
0.378039 0.475177
0.378137 0.475177
0.378236 0.475177
0.378335 0.475177
0.378434 0.474431
0.378532 0.474057
0.378631 0.474057
0.378730 0.474057
0.378829 0.473684
0.378927 0.473684
0.379026 0.473311
0.379125 0.473311
0.379224 0.472938
0.379322 0.472938
0.379421 0.472564
0.379520 0.472564
0.379619 0.472564
0.379717 0.472564
0.379816 0.471818
0.379915 0.471818
0.380014 0.471445
0.380112 0.471445
0.380211 0.471445
0.380310 0.471071
0.380409 0.470698
0.380507 0.470698
0.380606 0.470698
0.380705 0.470698
0.380804 0.470698
0.380902 0.470698
0.381001 0.469951
0.381100 0.468832
0.381199 0.468458
0.381297 0.468458
0.381396 0.468458
0.381495 0.468458
0.381594 0.468458
0.381692 0.468458
0.381791 0.468458
0.381890 0.468458
0.381989 0.468085
0.382087 0.468085
0.382186 0.468085
0.382285 0.468085
0.382384 0.467712
0.382482 0.467339
0.382581 0.467339
0.382680 0.467339
0.382779 0.467339
0.382877 0.466965
0.382976 0.466965
0.383075 0.466592
0.383174 0.466592
0.383272 0.466219
0.383371 0.465845
0.383470 0.465845
0.383569 0.465845
0.383667 0.465845
0.383766 0.465845
0.383865 0.465472
0.383964 0.465472
0.384062 0.465099
0.384161 0.464726
0.384260 0.464726
0.384359 0.464352
0.384457 0.463979
0.384556 0.463606
0.384655 0.462486
0.384754 0.462486
0.384852 0.462486
0.384951 0.462486
0.385050 0.462486
0.385149 0.462113
0.385247 0.462113
0.385346 0.462113
0.385445 0.461739
0.385544 0.461739
0.385642 0.461739
0.385741 0.461739
0.385840 0.461739
0.385939 0.461366
0.386037 0.460620
0.386136 0.460620
0.386235 0.460620
0.386334 0.459873
0.386432 0.459873
0.386531 0.459500
0.386630 0.459500
0.386729 0.459500
0.386827 0.459500
0.386926 0.459500
0.387025 0.459500
0.387124 0.459127
0.387222 0.459127
0.387321 0.458380
0.387420 0.458380
0.387519 0.458007
0.387617 0.458007
0.387716 0.457633
0.387815 0.457633
0.387914 0.457633
0.388013 0.457260
0.388111 0.456887
0.388210 0.456887
0.388309 0.456514
0.388408 0.456514
0.388506 0.456140
0.388605 0.456140
0.388704 0.455767
0.388803 0.455767
0.388901 0.455767
0.389000 0.455767
0.389099 0.455767
0.389198 0.455021
0.389296 0.453901
0.389395 0.453901
0.389494 0.453527
0.389593 0.453527
0.389691 0.453527
0.389790 0.453154
0.389889 0.453154
0.389988 0.452781
0.390086 0.452781
0.390185 0.452781
0.390284 0.452781
0.390383 0.452781
0.390481 0.452408
0.390580 0.452408
0.390679 0.452034
0.390778 0.452034
0.390876 0.452034
0.390975 0.451288
0.391074 0.451288
0.391173 0.451288
0.391271 0.451288
0.391370 0.450915
0.391469 0.450915
0.391568 0.450915
0.391666 0.450915
0.391765 0.450915
0.391864 0.450915
0.391963 0.450541
0.392061 0.450541
0.392160 0.450541
0.392259 0.450541
0.392358 0.449795
0.392456 0.449048
0.392555 0.448302
0.392654 0.448302
0.392753 0.447928
0.392851 0.447555
0.392950 0.447555
0.393049 0.447555
0.393148 0.447555
0.393246 0.447555
0.393345 0.447182
0.393444 0.447182
0.393543 0.447182
0.393641 0.446435
0.393740 0.446435
0.393839 0.446435
0.393938 0.446062
0.394036 0.445315
0.394135 0.445315
0.394234 0.444942
0.394333 0.444569
0.394431 0.444569
0.394530 0.444569
0.394629 0.444569
0.394728 0.444569
0.394826 0.444569
0.394925 0.444569
0.395024 0.444569
0.395123 0.444569
0.395221 0.444196
0.395320 0.444196
0.395419 0.444196
0.395518 0.444196
0.395616 0.444196
0.395715 0.444196
0.395814 0.444196
0.395913 0.444196
0.396011 0.443822
0.396110 0.443822
0.396209 0.443822
0.396308 0.443449
0.396406 0.443449
0.396505 0.443449
0.396604 0.443449
0.396703 0.443449
0.396801 0.443449
0.396900 0.443076
0.396999 0.443076
0.397098 0.443076
0.397196 0.442703
0.397295 0.442703
0.397394 0.442703
0.397493 0.442329
0.397591 0.442329
0.397690 0.442329
0.397789 0.441956
0.397888 0.441956
0.397986 0.441956
0.398085 0.441956
0.398184 0.441956
0.398283 0.441209
0.398381 0.441209
0.398480 0.441209
0.398579 0.441209
0.398678 0.441209
0.398776 0.441209
0.398875 0.441209
0.398974 0.441209
0.399073 0.441209
0.399171 0.440836
0.399270 0.440090
0.399369 0.440090
0.399468 0.440090
0.399566 0.439343
0.399665 0.438970
0.399764 0.438970
0.399863 0.438970
0.399961 0.438223
0.400060 0.438223
0.400159 0.437850
0.400258 0.437477
0.400356 0.437477
0.400455 0.436730
0.400554 0.436730
0.400653 0.436730
0.400751 0.436357
0.400850 0.436357
0.400949 0.436357
0.401048 0.435984
0.401146 0.435984
0.401245 0.435610
0.401344 0.435610
0.401443 0.435610
0.401541 0.435237
0.401640 0.435237
0.401739 0.435237
0.401838 0.434864
0.401936 0.434490
0.402035 0.434490
0.402134 0.434490
0.402233 0.434117
0.402331 0.434117
0.402430 0.433744
0.402529 0.433371
0.402628 0.433371
0.402726 0.433371
0.402825 0.433371
0.402924 0.433371
0.403023 0.433371
0.403121 0.433371
0.403220 0.433371
0.403319 0.433371
0.403418 0.433371
0.403516 0.433371
0.403615 0.433371
0.403714 0.432624
0.403813 0.432251
0.403911 0.432251
0.404010 0.432251
0.404109 0.431131
0.404208 0.431131
0.404306 0.431131
0.404405 0.431131
0.404504 0.431131
0.404603 0.431131
0.404701 0.431131
0.404800 0.431131
0.404899 0.430758
0.404998 0.430384
0.405096 0.430384
0.405195 0.430384
0.405294 0.430011
0.405393 0.430011
0.405491 0.429265
0.405590 0.428518
0.405689 0.428145
0.405788 0.427772
0.405886 0.427398
0.405985 0.426652
0.406084 0.426652
0.406183 0.426652
0.406281 0.426652
0.406380 0.426652
0.406479 0.426278
0.406578 0.426278
0.406676 0.426278
0.406775 0.426278
0.406874 0.426278
0.406973 0.426278
0.407071 0.426278
0.407170 0.426278
0.407269 0.425905
0.407368 0.425905
0.407466 0.425159
0.407565 0.425159
0.407664 0.425159
0.407763 0.424785
0.407861 0.424785
0.407960 0.424785
0.408059 0.424785
0.408158 0.424785
0.408256 0.424785
0.408355 0.424785
0.408454 0.424785
0.408553 0.424785
0.408651 0.424785
0.408750 0.424785
0.408849 0.424412
0.408948 0.424412
0.409046 0.424039
0.409145 0.424039
0.409244 0.424039
0.409343 0.424039
0.409441 0.424039
0.409540 0.423666
0.409639 0.423666
0.409738 0.423666
0.409836 0.423666
0.409935 0.423666
0.410034 0.422546
0.410133 0.422172
0.410231 0.421799
0.410330 0.421426
0.410429 0.421053
0.410528 0.421053
0.410626 0.421053
0.410725 0.420306
0.410824 0.420306
0.410923 0.420306
0.411021 0.420306
0.411120 0.420306
0.411219 0.420306
0.411318 0.419560
0.411416 0.419186
0.411515 0.418813
0.411614 0.418440
0.411713 0.417693
0.411811 0.417320
0.411910 0.417320
0.412009 0.416947
0.412108 0.416947
0.412206 0.416573
0.412305 0.416200
0.412404 0.416200
0.412503 0.416200
0.412601 0.416200
0.412700 0.416200
0.412799 0.416200
0.412898 0.415827
0.412996 0.415827
0.413095 0.415454
0.413194 0.415454
0.413293 0.415454
0.413391 0.415454
0.413490 0.415454
0.413589 0.415454
0.413688 0.415454
0.413786 0.415080
0.413885 0.415080
0.413984 0.415080
0.414083 0.414707
0.414181 0.414334
0.414280 0.414334
0.414379 0.414334
0.414478 0.414334
0.414576 0.414334
0.414675 0.413960
0.414774 0.413960
0.414873 0.413587
0.414971 0.413214
0.415070 0.412467
0.415169 0.412467
0.415268 0.412467
0.415366 0.411721
0.415465 0.411721
0.415564 0.411721
0.415663 0.411348
0.415761 0.411348
0.415860 0.411348
0.415959 0.411348
0.416058 0.411348
0.416156 0.410974
0.416255 0.410601
0.416354 0.409854
0.416453 0.409481
0.416551 0.409481
0.416650 0.409481
0.416749 0.409481
0.416848 0.409481
0.416946 0.409108
0.417045 0.408735
0.417144 0.408361
0.417243 0.408361
0.417341 0.407988
0.417440 0.407988
0.417539 0.407988
0.417638 0.407988
0.417736 0.407615
0.417835 0.407615
0.417934 0.407615
0.418033 0.407615
0.418131 0.407615
0.418230 0.407242
0.418329 0.407242
0.418428 0.407242
0.418526 0.407242
0.418625 0.407242
0.418724 0.407242
0.418823 0.407242
0.418921 0.406868
0.419020 0.406868
0.419119 0.406868
0.419218 0.406868
0.419316 0.406122
0.419415 0.405748
0.419514 0.405748
0.419613 0.405375
0.419711 0.404255
0.419810 0.403882
0.419909 0.403509
0.420008 0.403135
0.420106 0.403135
0.420205 0.402762
0.420304 0.402389
0.420403 0.402389
0.420501 0.401642
0.420600 0.401269
0.420699 0.401269
0.420798 0.400896
0.420896 0.400523
0.420995 0.400523
0.421094 0.400523
0.421193 0.400523
0.421291 0.400523
0.421390 0.400149
0.421489 0.399403
0.421588 0.399029
0.421686 0.399029
0.421785 0.399029
0.421884 0.399029
0.421983 0.398656
0.422081 0.398283
0.422180 0.398283
0.422279 0.397910
0.422378 0.397536
0.422476 0.397536
0.422575 0.397536
0.422674 0.397163
0.422773 0.397163
0.422871 0.396417
0.422970 0.396417
0.423069 0.396043
0.423168 0.395670
0.423266 0.395297
0.423365 0.394923
0.423464 0.394923
0.423563 0.394923
0.423661 0.394550
0.423760 0.394550
0.423859 0.394550
0.423958 0.394550
0.424056 0.394550
0.424155 0.394550
0.424254 0.394550
0.424353 0.394550
0.424451 0.394550
0.424550 0.394177
0.424649 0.393804
0.424748 0.393804
0.424846 0.393804
0.424945 0.393804
0.425044 0.393804
0.425143 0.393804
0.425241 0.393430
0.425340 0.393057
0.425439 0.393057
0.425538 0.393057
0.425636 0.393057
0.425735 0.393057
0.425834 0.393057
0.425933 0.393057
0.426031 0.392684
0.426130 0.392684
0.426229 0.392684
0.426328 0.392684
0.426426 0.392684
0.426525 0.392684
0.426624 0.392684
0.426723 0.392684
0.426821 0.392684
0.426920 0.392684
0.427019 0.392311
0.427118 0.391937
0.427216 0.391564
0.427315 0.391191
0.427414 0.390817
0.427513 0.390817
0.427611 0.390817
0.427710 0.390444
0.427809 0.390444
0.427908 0.390444
0.428006 0.390444
0.428105 0.390444
0.428204 0.390444
0.428303 0.390444
0.428401 0.390071
0.428500 0.390071
0.428599 0.389698
0.428698 0.389698
0.428797 0.389324
0.428895 0.388951
0.428994 0.388951
0.429093 0.388951
0.429192 0.388578
0.429290 0.387831
0.429389 0.387831
0.429488 0.387831
0.429587 0.387831
0.429685 0.387831
0.429784 0.387458
0.429883 0.387458
0.429982 0.386711
0.430080 0.386711
0.430179 0.386711
0.430278 0.385965
0.430377 0.385965
0.430475 0.385218
0.430574 0.384845
0.430673 0.384472
0.430772 0.384099
0.430870 0.384099
0.430969 0.384099
0.431068 0.384099
0.431167 0.384099
0.431265 0.383352
0.431364 0.382979
0.431463 0.382979
0.431562 0.382979
0.431660 0.382979
0.431759 0.382605
0.431858 0.382605
0.431957 0.382605
0.432055 0.382605
0.432154 0.382232
0.432253 0.381859
0.432352 0.381486
0.432450 0.380739
0.432549 0.379993
0.432648 0.379619
0.432747 0.379619
0.432845 0.379619
0.432944 0.379246
0.433043 0.379246
0.433142 0.378873
0.433240 0.378499
0.433339 0.378499
0.433438 0.378126
0.433537 0.378126
0.433635 0.378126
0.433734 0.378126
0.433833 0.378126
0.433932 0.377753
0.434030 0.377753
0.434129 0.377753
0.434228 0.377380
0.434327 0.377006
0.434425 0.377006
0.434524 0.377006
0.434623 0.376633
0.434722 0.376260
0.434820 0.375887
0.434919 0.375887
0.435018 0.375887
0.435117 0.375887
0.435215 0.375513
0.435314 0.375513
0.435413 0.375513
0.435512 0.375513
0.435610 0.375140
0.435709 0.375140
0.435808 0.375140
0.435907 0.375140
0.436005 0.375140
0.436104 0.375140
0.436203 0.375140
0.436302 0.375140
0.436400 0.374767
0.436499 0.374393
0.436598 0.374020
0.436697 0.374020
0.436795 0.373647
0.436894 0.373647
0.436993 0.373274
0.437092 0.373274
0.437190 0.372527
0.437289 0.372527
0.437388 0.372154
0.437487 0.372154
0.437585 0.371781
0.437684 0.371407
0.437783 0.371407
0.437882 0.371034
0.437980 0.371034
0.438079 0.371034
0.438178 0.371034
0.438277 0.370661
0.438375 0.370661
0.438474 0.370661
0.438573 0.370661
0.438672 0.370287
0.438770 0.369541
0.438869 0.369541
0.438968 0.369168
0.439067 0.368421
0.439165 0.367675
0.439264 0.367675
0.439363 0.367675
0.439462 0.367675
0.439560 0.367675
0.439659 0.367301
0.439758 0.367301
0.439857 0.366928
0.439955 0.366928
0.440054 0.366928
0.440153 0.366928
0.440252 0.366928
0.440350 0.366928
0.440449 0.366928
0.440548 0.366928
0.440647 0.366928
0.440745 0.366928
0.440844 0.366555
0.440943 0.366555
0.441042 0.365435
0.441140 0.364688
0.441239 0.364688
0.441338 0.364315
0.441437 0.364315
0.441535 0.364315
0.441634 0.363942
0.441733 0.363942
0.441832 0.363568
0.441930 0.363568
0.442029 0.363568
0.442128 0.363568
0.442227 0.363568
0.442325 0.363568
0.442424 0.363568
0.442523 0.363568
0.442622 0.363195
0.442720 0.363195
0.442819 0.363195
0.442918 0.363195
0.443017 0.363195
0.443115 0.363195
0.443214 0.363195
0.443313 0.363195
0.443412 0.362822
0.443510 0.362822
0.443609 0.362822
0.443708 0.362075
0.443807 0.361702
0.443905 0.361702
0.444004 0.361702
0.444103 0.361702
0.444202 0.361702
0.444300 0.361702
0.444399 0.361329
0.444498 0.361329
0.444597 0.360582
0.444695 0.360582
0.444794 0.360209
0.444893 0.359836
0.444992 0.359836
0.445090 0.359836
0.445189 0.359836
0.445288 0.359836
0.445387 0.359462
0.445485 0.358716
0.445584 0.358716
0.445683 0.358716
0.445782 0.358343
0.445880 0.358343
0.445979 0.357969
0.446078 0.357969
0.446177 0.357596
0.446275 0.357596
0.446374 0.356850
0.446473 0.356850
0.446572 0.356850
0.446670 0.356850
0.446769 0.356476
0.446868 0.356476
0.446967 0.356476
0.447065 0.356476
0.447164 0.356476
0.447263 0.356103
0.447362 0.355730
0.447460 0.355730
0.447559 0.355730
0.447658 0.355730
0.447757 0.355730
0.447855 0.355356
0.447954 0.355356
0.448053 0.355356
0.448152 0.355356
0.448250 0.355356
0.448349 0.354983
0.448448 0.354983
0.448547 0.354983
0.448645 0.354983
0.448744 0.354983
0.448843 0.354237
0.448942 0.354237
0.449040 0.353863
0.449139 0.353117
0.449238 0.353117
0.449337 0.353117
0.449435 0.352744
0.449534 0.352370
0.449633 0.352370
0.449732 0.352370
0.449830 0.352370
0.449929 0.352370
0.450028 0.352370
0.450127 0.352370
0.450225 0.352370
0.450324 0.352370
0.450423 0.352370
0.450522 0.352370
0.450620 0.351997
0.450719 0.351997
0.450818 0.351997
0.450917 0.351624
0.451015 0.351250
0.451114 0.350877
0.451213 0.350877
0.451312 0.350877
0.451410 0.350877
0.451509 0.350877
0.451608 0.350877
0.451707 0.350131
0.451805 0.349757
0.451904 0.349384
0.452003 0.349011
0.452102 0.349011
0.452200 0.349011
0.452299 0.348638
0.452398 0.348638
0.452497 0.348638
0.452595 0.348264
0.452694 0.347518
0.452793 0.347518
0.452892 0.347518
0.452990 0.347144
0.453089 0.346398
0.453188 0.346398
0.453287 0.346398
0.453385 0.346398
0.453484 0.346398
0.453583 0.346025
0.453682 0.345278
0.453780 0.344532
0.453879 0.344532
0.453978 0.344158
0.454077 0.344158
0.454175 0.344158
0.454274 0.344158
0.454373 0.344158
0.454472 0.344158
0.454570 0.344158
0.454669 0.344158
0.454768 0.343785
0.454867 0.343785
0.454965 0.343785
0.455064 0.343785
0.455163 0.343412
0.455262 0.343038
0.455360 0.342665
0.455459 0.342292
0.455558 0.341919
0.455657 0.341919
0.455755 0.341919
0.455854 0.341919
0.455953 0.341919
0.456052 0.341545
0.456150 0.341172
0.456249 0.341172
0.456348 0.341172
0.456447 0.340052
0.456545 0.340052
0.456644 0.340052
0.456743 0.339306
0.456842 0.339306
0.456940 0.339306
0.457039 0.338932
0.457138 0.338559
0.457237 0.338559
0.457335 0.338559
0.457434 0.338186
0.457533 0.338186
0.457632 0.338186
0.457730 0.338186
0.457829 0.337813
0.457928 0.337439
0.458027 0.337439
0.458125 0.337439
0.458224 0.337066
0.458323 0.337066
0.458422 0.337066
0.458520 0.336693
0.458619 0.336693
0.458718 0.336320
0.458817 0.335946
0.458915 0.335573
0.459014 0.335200
0.459113 0.334826
0.459212 0.334826
0.459310 0.334826
0.459409 0.334826
0.459508 0.334826
0.459607 0.334826
0.459705 0.334080
0.459804 0.334080
0.459903 0.334080
0.460002 0.333707
0.460100 0.333707
0.460199 0.333707
0.460298 0.332960
0.460397 0.332587
0.460495 0.332587
0.460594 0.332587
0.460693 0.332214
0.460792 0.332214
0.460890 0.332214
0.460989 0.331840
0.461088 0.331467
0.461187 0.330347
0.461285 0.329601
0.461384 0.329601
0.461483 0.329601
0.461582 0.329227
0.461680 0.328854
0.461779 0.328481
0.461878 0.328481
0.461977 0.328481
0.462075 0.328481
0.462174 0.328481
0.462273 0.328481
0.462372 0.328108
0.462470 0.327734
0.462569 0.327734
0.462668 0.327734
0.462767 0.327734
0.462865 0.327734
0.462964 0.327361
0.463063 0.326988
0.463162 0.326241
0.463260 0.325868
0.463359 0.325868
0.463458 0.325868
0.463557 0.325868
0.463655 0.325868
0.463754 0.325868
0.463853 0.325868
0.463952 0.325868
0.464050 0.325495
0.464149 0.324748
0.464248 0.324375
0.464347 0.324001
0.464445 0.324001
0.464544 0.324001
0.464643 0.324001
0.464742 0.324001
0.464840 0.323628
0.464939 0.323628
0.465038 0.323628
0.465137 0.323628
0.465235 0.323255
0.465334 0.322882
0.465433 0.322508
0.465532 0.322135
0.465630 0.322135
0.465729 0.322135
0.465828 0.322135
0.465927 0.321762
0.466025 0.321389
0.466124 0.321015
0.466223 0.321015
0.466322 0.321015
0.466420 0.321015
0.466519 0.321015
0.466618 0.320642
0.466717 0.320642
0.466815 0.320269
0.466914 0.320269
0.467013 0.319522
0.467112 0.319522
0.467210 0.319149
0.467309 0.318776
0.467408 0.318776
0.467507 0.318776
0.467605 0.318402
0.467704 0.318402
0.467803 0.318029
0.467902 0.318029
0.468000 0.318029
0.468099 0.318029
0.468198 0.318029
0.468297 0.318029
0.468395 0.318029
0.468494 0.317656
0.468593 0.316909
0.468692 0.316536
0.468790 0.316163
0.468889 0.316163
0.468988 0.316163
0.469087 0.316163
0.469185 0.315789
0.469284 0.315789
0.469383 0.315789
0.469482 0.315416
0.469581 0.315043
0.469679 0.315043
0.469778 0.315043
0.469877 0.314670
0.469976 0.314670
0.470074 0.314670
0.470173 0.314670
0.470272 0.314670
0.470371 0.314670
0.470469 0.314296
0.470568 0.314296
0.470667 0.314296
0.470766 0.314296
0.470864 0.314296
0.470963 0.314296
0.471062 0.313177
0.471161 0.312803
0.471259 0.312430
0.471358 0.312430
0.471457 0.312057
0.471556 0.311310
0.471654 0.310937
0.471753 0.310937
0.471852 0.310937
0.471951 0.310937
0.472049 0.310564
0.472148 0.310564
0.472247 0.310564
0.472346 0.309817
0.472444 0.309071
0.472543 0.309071
0.472642 0.309071
0.472741 0.309071
0.472839 0.309071
0.472938 0.309071
0.473037 0.309071
0.473136 0.308324
0.473234 0.308324
0.473333 0.307951
0.473432 0.307951
0.473531 0.307951
0.473629 0.307951
0.473728 0.307951
0.473827 0.307951
0.473926 0.307951
0.474024 0.307951
0.474123 0.307577
0.474222 0.307577
0.474321 0.307577
0.474419 0.307577
0.474518 0.307204
0.474617 0.307204
0.474716 0.307204
0.474814 0.307204
0.474913 0.306831
0.475012 0.306458
0.475111 0.306458
0.475209 0.306458
0.475308 0.306458
0.475407 0.306458
0.475506 0.306458
0.475604 0.306084
0.475703 0.306084
0.475802 0.306084
0.475901 0.306084
0.475999 0.306084
0.476098 0.306084
0.476197 0.305711
0.476296 0.305338
0.476394 0.304965
0.476493 0.304591
0.476592 0.303845
0.476691 0.303471
0.476789 0.303471
0.476888 0.303471
0.476987 0.303471
0.477086 0.303098
0.477184 0.302725
0.477283 0.302725
0.477382 0.302725
0.477481 0.302352
0.477579 0.302352
0.477678 0.301978
0.477777 0.301978
0.477876 0.301978
0.477974 0.301232
0.478073 0.301232
0.478172 0.300859
0.478271 0.300485
0.478369 0.300485
0.478468 0.300485
0.478567 0.300485
0.478666 0.300485
0.478764 0.300485
0.478863 0.300112
0.478962 0.299739
0.479061 0.299739
0.479159 0.299365
0.479258 0.299365
0.479357 0.299365
0.479456 0.298992
0.479554 0.298992
0.479653 0.298992
0.479752 0.298992
0.479851 0.298619
0.479949 0.298619
0.480048 0.298619
0.480147 0.298619
0.480246 0.298619
0.480344 0.298619
0.480443 0.298246
0.480542 0.298246
0.480641 0.298246
0.480739 0.298246
0.480838 0.297499
0.480937 0.297126
0.481036 0.296753
0.481134 0.296379
0.481233 0.296379
0.481332 0.296379
0.481431 0.295259
0.481529 0.295259
0.481628 0.295259
0.481727 0.295259
0.481826 0.294886
0.481924 0.294886
0.482023 0.294513
0.482122 0.294513
0.482221 0.293766
0.482319 0.293766
0.482418 0.293766
0.482517 0.293393
0.482616 0.293393
0.482714 0.293393
0.482813 0.293393
0.482912 0.293393
0.483011 0.293393
0.483109 0.293393
0.483208 0.293393
0.483307 0.293393
0.483406 0.293393
0.483504 0.293393
0.483603 0.293393
0.483702 0.293393
0.483801 0.293020
0.483899 0.293020
0.483998 0.293020
0.484097 0.293020
0.484196 0.293020
0.484294 0.292647
0.484393 0.292647
0.484492 0.292273
0.484591 0.292273
0.484689 0.291900
0.484788 0.291900
0.484887 0.291527
0.484986 0.291527
0.485084 0.290407
0.485183 0.290407
0.485282 0.290407
0.485381 0.290407
0.485479 0.290034
0.485578 0.289660
0.485677 0.289660
0.485776 0.289660
0.485874 0.289660
0.485973 0.289287
0.486072 0.289287
0.486171 0.289287
0.486269 0.288914
0.486368 0.288914
0.486467 0.288914
0.486566 0.288914
0.486664 0.288167
0.486763 0.287794
0.486862 0.287794
0.486961 0.287794
0.487059 0.287794
0.487158 0.287794
0.487257 0.287794
0.487356 0.287421
0.487454 0.287047
0.487553 0.287047
0.487652 0.286301
0.487751 0.285928
0.487849 0.285928
0.487948 0.285928
0.488047 0.285928
0.488146 0.285928
0.488244 0.285928
0.488343 0.285928
0.488442 0.285554
0.488541 0.285181
0.488639 0.285181
0.488738 0.285181
0.488837 0.285181
0.488936 0.285181
0.489034 0.285181
0.489133 0.285181
0.489232 0.285181
0.489331 0.285181
0.489429 0.285181
0.489528 0.284808
0.489627 0.284061
0.489726 0.284061
0.489824 0.284061
0.489923 0.284061
0.490022 0.284061
0.490121 0.284061
0.490219 0.284061
0.490318 0.283688
0.490417 0.283315
0.490516 0.282941
0.490614 0.282941
0.490713 0.282941
0.490812 0.282195
0.490911 0.281822
0.491009 0.281075
0.491108 0.281075
0.491207 0.281075
0.491306 0.280702
0.491404 0.280328
0.491503 0.279955
0.491602 0.279582
0.491701 0.279582
0.491799 0.279582
0.491898 0.279209
0.491997 0.278835
0.492096 0.278835
0.492194 0.278835
0.492293 0.278462
0.492392 0.278089
0.492491 0.277716
0.492589 0.277716
0.492688 0.277342
0.492787 0.277342
0.492886 0.277342
0.492984 0.277342
0.493083 0.276969
0.493182 0.276969
0.493281 0.276596
0.493379 0.276596
0.493478 0.276596
0.493577 0.276596
0.493676 0.276596
0.493774 0.276596
0.493873 0.276596
0.493972 0.275849
0.494071 0.275849
0.494169 0.275849
0.494268 0.275103
0.494367 0.275103
0.494466 0.274729
0.494564 0.274729
0.494663 0.273983
0.494762 0.273610
0.494861 0.273236
0.494959 0.273236
0.495058 0.273236
0.495157 0.273236
0.495256 0.273236
0.495354 0.273236
0.495453 0.272490
0.495552 0.272490
0.495651 0.272490
0.495749 0.272116
0.495848 0.272116
0.495947 0.272116
0.496046 0.271743
0.496144 0.271743
0.496243 0.271370
0.496342 0.270997
0.496441 0.270623
0.496539 0.270623
0.496638 0.269877
0.496737 0.269877
0.496836 0.269877
0.496934 0.269504
0.497033 0.269130
0.497132 0.269130
0.497231 0.268757
0.497329 0.268384
0.497428 0.268384
0.497527 0.268384
0.497626 0.268384
0.497724 0.268384
0.497823 0.268384
0.497922 0.268384
0.498021 0.268384
0.498119 0.268384
0.498218 0.268384
0.498317 0.268384
0.498416 0.268010
0.498514 0.268010
0.498613 0.268010
0.498712 0.267637
0.498811 0.267264
0.498909 0.267264
0.499008 0.267264
0.499107 0.267264
0.499206 0.266891
0.499304 0.266891
0.499403 0.266891
0.499502 0.266517
0.499601 0.266517
0.499699 0.266144
0.499798 0.266144
0.499897 0.266144
0.499996 0.266144
0.500094 0.265771
0.500193 0.265771
0.500292 0.265771
0.500391 0.265771
0.500489 0.265771
0.500588 0.265024
0.500687 0.264651
0.500786 0.264278
0.500884 0.263904
0.500983 0.263904
0.501082 0.263531
0.501181 0.263531
0.501279 0.263531
0.501378 0.263531
0.501477 0.263531
0.501576 0.263531
0.501674 0.263531
0.501773 0.263531
0.501872 0.263158
0.501971 0.263158
0.502069 0.263158
0.502168 0.262785
0.502267 0.262785
0.502366 0.262785
0.502464 0.262411
0.502563 0.262411
0.502662 0.262411
0.502761 0.262411
0.502859 0.262038
0.502958 0.261665
0.503057 0.261292
0.503156 0.260918
0.503254 0.260918
0.503353 0.260545
0.503452 0.260172
0.503551 0.260172
0.503649 0.260172
0.503748 0.260172
0.503847 0.260172
0.503946 0.260172
0.504044 0.259425
0.504143 0.259052
0.504242 0.259052
0.504341 0.259052
0.504439 0.259052
0.504538 0.259052
0.504637 0.259052
0.504736 0.259052
0.504834 0.258679
0.504933 0.258679
0.505032 0.258679
0.505131 0.258305
0.505229 0.258305
0.505328 0.257932
0.505427 0.257932
0.505526 0.257932
0.505624 0.257559
0.505723 0.257559
0.505822 0.257559
0.505921 0.257559
0.506019 0.257186
0.506118 0.257186
0.506217 0.257186
0.506316 0.256066
0.506414 0.255692
0.506513 0.255692
0.506612 0.255692
0.506711 0.255692
0.506809 0.255692
0.506908 0.255319
0.507007 0.255319
0.507106 0.255319
0.507204 0.255319
0.507303 0.255319
0.507402 0.254946
0.507501 0.254946
0.507599 0.254573
0.507698 0.253453
0.507797 0.253453
0.507896 0.253453
0.507994 0.252333
0.508093 0.252333
0.508192 0.251960
0.508291 0.251960
0.508389 0.251586
0.508488 0.251586
0.508587 0.251586
0.508686 0.251586
0.508784 0.251213
0.508883 0.251213
0.508982 0.251213
0.509081 0.251213
0.509179 0.251213
0.509278 0.251213
0.509377 0.250467
0.509476 0.250467
0.509574 0.250467
0.509673 0.250467
0.509772 0.250467
0.509871 0.250093
0.509969 0.250093
0.510068 0.250093
0.510167 0.249720
0.510266 0.249347
0.510365 0.249347
0.510463 0.248973
0.510562 0.248973
0.510661 0.248973
0.510760 0.248973
0.510858 0.248973
0.510957 0.248973
0.511056 0.248973
0.511155 0.248973
0.511253 0.248227
0.511352 0.248227
0.511451 0.248227
0.511550 0.247854
0.511648 0.247854
0.511747 0.247854
0.511846 0.247854
0.511945 0.247854
0.512043 0.247854
0.512142 0.247854
0.512241 0.247854
0.512340 0.247854
0.512438 0.247480
0.512537 0.247107
0.512636 0.247107
0.512735 0.246734
0.512833 0.245987
0.512932 0.245987
0.513031 0.245987
0.513130 0.245987
0.513228 0.245614
0.513327 0.245241
0.513426 0.245241
0.513525 0.244867
0.513623 0.244867
0.513722 0.244867
0.513821 0.244867
0.513920 0.244867
0.514018 0.244867
0.514117 0.244867
0.514216 0.244867
0.514315 0.244867
0.514413 0.244494
0.514512 0.244121
0.514611 0.244121
0.514710 0.243748
0.514808 0.243748
0.514907 0.243748
0.515006 0.243748
0.515105 0.243374
0.515203 0.243001
0.515302 0.243001
0.515401 0.242628
0.515500 0.242255
0.515598 0.242255
0.515697 0.242255
0.515796 0.242255
0.515895 0.241881
0.515993 0.241881
0.516092 0.241508
0.516191 0.241135
0.516290 0.241135
0.516388 0.240761
0.516487 0.240015
0.516586 0.240015
0.516685 0.239642
0.516783 0.239268
0.516882 0.239268
0.516981 0.239268
0.517080 0.239268
0.517178 0.238895
0.517277 0.238895
0.517376 0.238895
0.517475 0.238522
0.517573 0.238149
0.517672 0.237775
0.517771 0.237402
0.517870 0.237402
0.517968 0.237402
0.518067 0.236655
0.518166 0.236282
0.518265 0.236282
0.518363 0.235909
0.518462 0.235909
0.518561 0.235909
0.518660 0.235909
0.518758 0.235909
0.518857 0.235909
0.518956 0.235909
0.519055 0.235536
0.519153 0.235536
0.519252 0.235536
0.519351 0.234789
0.519450 0.234789
0.519548 0.234416
0.519647 0.234416
0.519746 0.234416
0.519845 0.234043
0.519943 0.234043
0.520042 0.233669
0.520141 0.233669
0.520240 0.233669
0.520338 0.232549
0.520437 0.232549
0.520536 0.232176
0.520635 0.232176
0.520733 0.231430
0.520832 0.231430
0.520931 0.231430
0.521030 0.231430
0.521128 0.231430
0.521227 0.231056
0.521326 0.231056
0.521425 0.231056
0.521523 0.230683
0.521622 0.230310
0.521721 0.230310
0.521820 0.230310
0.521918 0.230310
0.522017 0.230310
0.522116 0.229937
0.522215 0.229937
0.522313 0.228817
0.522412 0.228443
0.522511 0.228070
0.522610 0.227324
0.522708 0.227324
0.522807 0.226950
0.522906 0.226950
0.523005 0.226950
0.523103 0.226950
0.523202 0.226950
0.523301 0.226950
0.523400 0.226950
0.523498 0.226577
0.523597 0.226577
0.523696 0.226577
0.523795 0.226577
0.523893 0.226577
0.523992 0.226577
0.524091 0.226577
0.524190 0.226577
0.524288 0.226577
0.524387 0.226577
0.524486 0.226577
0.524585 0.226577
0.524683 0.226204
0.524782 0.226204
0.524881 0.226204
0.524980 0.226204
0.525078 0.226204
0.525177 0.225831
0.525276 0.225457
0.525375 0.225084
0.525473 0.224711
0.525572 0.224337
0.525671 0.223964
0.525770 0.223964
0.525868 0.223964
0.525967 0.223218
0.526066 0.223218
0.526165 0.223218
0.526263 0.222844
0.526362 0.222471
0.526461 0.222098
0.526560 0.221351
0.526658 0.221351
0.526757 0.221351
0.526856 0.221351
0.526955 0.221351
0.527053 0.220605
0.527152 0.220605
0.527251 0.220605
0.527350 0.220231
0.527448 0.220231
0.527547 0.219858
0.527646 0.219858
0.527745 0.219485
0.527843 0.219485
0.527942 0.219112
0.528041 0.219112
0.528140 0.219112
0.528238 0.218738
0.528337 0.218738
0.528436 0.218738
0.528535 0.218738
0.528633 0.218365
0.528732 0.218365
0.528831 0.218365
0.528930 0.218365
0.529028 0.218365
0.529127 0.218365
0.529226 0.218365
0.529325 0.218365
0.529423 0.218365
0.529522 0.218365
0.529621 0.218365
0.529720 0.217992
0.529818 0.217619
0.529917 0.217619
0.530016 0.217619
0.530115 0.217245
0.530213 0.217245
0.530312 0.217245
0.530411 0.216872
0.530510 0.216499
0.530608 0.216499
0.530707 0.216499
0.530806 0.216499
0.530905 0.216125
0.531003 0.216125
0.531102 0.216125
0.531201 0.215752
0.531300 0.215752
0.531398 0.215752
0.531497 0.215752
0.531596 0.215752
0.531695 0.215752
0.531793 0.215379
0.531892 0.215006
0.531991 0.215006
0.532090 0.215006
0.532188 0.214632
0.532287 0.214259
0.532386 0.214259
0.532485 0.214259
0.532583 0.213886
0.532682 0.213886
0.532781 0.213886
0.532880 0.213886
0.532978 0.213886
0.533077 0.213886
0.533176 0.213886
0.533275 0.213513
0.533373 0.213513
0.533472 0.213513
0.533571 0.213139
0.533670 0.212766
0.533768 0.212393
0.533867 0.210526
0.533966 0.210153
0.534065 0.210153
0.534163 0.210153
0.534262 0.209780
0.534361 0.209780
0.534460 0.209780
0.534558 0.209780
0.534657 0.209780
0.534756 0.209406
0.534855 0.209406
0.534953 0.209406
0.535052 0.209033
0.535151 0.209033
0.535250 0.208660
0.535348 0.208660
0.535447 0.208660
0.535546 0.208660
0.535645 0.208660
0.535743 0.208660
0.535842 0.208660
0.535941 0.208660
0.536040 0.208287
0.536138 0.208287
0.536237 0.208287
0.536336 0.207913
0.536435 0.207913
0.536533 0.207913
0.536632 0.207913
0.536731 0.207913
0.536830 0.207913
0.536928 0.207540
0.537027 0.207540
0.537126 0.207167
0.537225 0.206794
0.537323 0.206794
0.537422 0.206420
0.537521 0.206420
0.537620 0.206420
0.537718 0.205674
0.537817 0.205674
0.537916 0.205674
0.538015 0.205674
0.538113 0.205674
0.538212 0.205674
0.538311 0.205674
0.538410 0.205674
0.538508 0.205674
0.538607 0.205674
0.538706 0.205300
0.538805 0.205300
0.538903 0.205300
0.539002 0.204927
0.539101 0.204927
0.539200 0.204927
0.539298 0.204927
0.539397 0.204927
0.539496 0.204927
0.539595 0.204554
0.539693 0.204554
0.539792 0.204554
0.539891 0.204181
0.539990 0.204181
0.540088 0.204181
0.540187 0.203807
0.540286 0.203434
0.540385 0.202688
0.540483 0.202688
0.540582 0.202314
0.540681 0.201941
0.540780 0.201568
0.540878 0.201568
0.540977 0.201194
0.541076 0.201194
0.541175 0.201194
0.541273 0.201194
0.541372 0.200821
0.541471 0.200821
0.541570 0.200821
0.541668 0.200821
0.541767 0.200821
0.541866 0.200821
0.541965 0.200821
0.542063 0.200448
0.542162 0.200448
0.542261 0.200448
0.542360 0.200448
0.542458 0.200075
0.542557 0.200075
0.542656 0.200075
0.542755 0.200075
0.542853 0.199328
0.542952 0.198955
0.543051 0.198955
0.543150 0.198955
0.543248 0.198955
0.543347 0.198955
0.543446 0.198955
0.543545 0.198955
0.543643 0.198955
0.543742 0.198582
0.543841 0.198208
0.543940 0.198208
0.544038 0.198208
0.544137 0.198208
0.544236 0.198208
0.544335 0.198208
0.544433 0.198208
0.544532 0.198208
0.544631 0.197835
0.544730 0.197835
0.544828 0.197835
0.544927 0.197835
0.545026 0.197835
0.545125 0.197835
0.545223 0.197835
0.545322 0.197462
0.545421 0.197462
0.545520 0.197462
0.545618 0.197462
0.545717 0.197462
0.545816 0.197462
0.545915 0.197462
0.546013 0.197462
0.546112 0.197088
0.546211 0.197088
0.546310 0.197088
0.546408 0.196342
0.546507 0.196342
0.546606 0.196342
0.546705 0.195969
0.546803 0.195969
0.546902 0.195969
0.547001 0.195969
0.547100 0.195969
0.547198 0.195595
0.547297 0.195222
0.547396 0.194849
0.547495 0.194476
0.547593 0.194476
0.547692 0.194476
0.547791 0.194476
0.547890 0.194476
0.547988 0.194476
0.548087 0.194476
0.548186 0.194476
0.548285 0.194476
0.548383 0.193356
0.548482 0.193356
0.548581 0.192236
0.548680 0.192236
0.548778 0.192236
0.548877 0.192236
0.548976 0.191863
0.549075 0.191863
0.549173 0.191863
0.549272 0.191489
0.549371 0.191489
0.549470 0.191116
0.549568 0.191116
0.549667 0.191116
0.549766 0.190370
0.549865 0.189996
0.549963 0.189996
0.550062 0.189996
0.550161 0.189996
0.550260 0.189623
0.550358 0.189623
0.550457 0.189623
0.550556 0.189250
0.550655 0.188876
0.550753 0.188876
0.550852 0.188876
0.550951 0.188876
0.551050 0.188503
0.551149 0.188503
0.551247 0.188130
0.551346 0.188130
0.551445 0.188130
0.551544 0.188130
0.551642 0.188130
0.551741 0.188130
0.551840 0.187383
0.551939 0.187383
0.552037 0.187010
0.552136 0.186637
0.552235 0.186637
0.552334 0.186637
0.552432 0.186637
0.552531 0.186637
0.552630 0.186637
0.552729 0.186637
0.552827 0.186637
0.552926 0.186637
0.553025 0.186637
0.553124 0.186264
0.553222 0.186264
0.553321 0.185890
0.553420 0.185517
0.553519 0.185517
0.553617 0.185517
0.553716 0.185144
0.553815 0.184770
0.553914 0.184397
0.554012 0.184024
0.554111 0.184024
0.554210 0.183651
0.554309 0.182904
0.554407 0.182904
0.554506 0.182904
0.554605 0.182531
0.554704 0.182531
0.554802 0.182531
0.554901 0.182158
0.555000 0.182158
0.555099 0.182158
0.555197 0.182158
0.555296 0.182158
0.555395 0.182158
0.555494 0.182158
0.555592 0.182158
0.555691 0.181784
0.555790 0.181784
0.555889 0.181784
0.555987 0.181784
0.556086 0.181411
0.556185 0.181038
0.556284 0.181038
0.556382 0.181038
0.556481 0.181038
0.556580 0.181038
0.556679 0.181038
0.556777 0.180664
0.556876 0.180291
0.556975 0.180291
0.557074 0.180291
0.557172 0.180291
0.557271 0.180291
0.557370 0.179918
0.557469 0.179918
0.557567 0.179171
0.557666 0.179171
0.557765 0.179171
0.557864 0.179171
0.557962 0.179171
0.558061 0.178798
0.558160 0.178798
0.558259 0.178798
0.558357 0.178798
0.558456 0.178798
0.558555 0.178798
0.558654 0.178798
0.558752 0.178425
0.558851 0.178425
0.558950 0.178052
0.559049 0.177305
0.559147 0.177305
0.559246 0.177305
0.559345 0.176932
0.559444 0.176558
0.559542 0.176558
0.559641 0.176558
0.559740 0.176185
0.559839 0.175812
0.559937 0.175812
0.560036 0.175439
0.560135 0.175439
0.560234 0.175439
0.560332 0.175065
0.560431 0.175065
0.560530 0.174319
0.560629 0.173946
0.560727 0.173946
0.560826 0.173946
0.560925 0.173572
0.561024 0.173572
0.561122 0.173572
0.561221 0.173572
0.561320 0.173572
0.561419 0.173572
0.561517 0.173199
0.561616 0.173199
0.561715 0.173199
0.561814 0.172826
0.561912 0.172452
0.562011 0.171706
0.562110 0.171706
0.562209 0.171706
0.562307 0.171706
0.562406 0.171706
0.562505 0.171333
0.562604 0.171333
0.562702 0.170586
0.562801 0.169839
0.562900 0.169839
0.562999 0.169466
0.563097 0.169093
0.563196 0.169093
0.563295 0.169093
0.563394 0.169093
0.563492 0.168720
0.563591 0.167973
0.563690 0.167973
0.563789 0.167973
0.563887 0.167973
0.563986 0.167973
0.564085 0.167973
0.564184 0.167973
0.564282 0.167973
0.564381 0.167973
0.564480 0.167973
0.564579 0.167973
0.564677 0.167600
0.564776 0.167600
0.564875 0.167600
0.564974 0.167600
0.565072 0.167227
0.565171 0.167227
0.565270 0.167227
0.565369 0.167227
0.565467 0.167227
0.565566 0.167227
0.565665 0.167227
0.565764 0.167227
0.565862 0.167227
0.565961 0.167227
0.566060 0.167227
0.566159 0.166853
0.566257 0.166853
0.566356 0.166853
0.566455 0.166853
0.566554 0.166853
0.566652 0.166853
0.566751 0.166853
0.566850 0.166853
0.566949 0.166480
0.567047 0.166480
0.567146 0.166480
0.567245 0.166480
0.567344 0.166107
0.567442 0.165733
0.567541 0.165733
0.567640 0.165733
0.567739 0.165733
0.567837 0.165360
0.567936 0.165360
0.568035 0.164987
0.568134 0.164614
0.568232 0.164614
0.568331 0.164614
0.568430 0.164614
0.568529 0.164614
0.568627 0.164614
0.568726 0.164240
0.568825 0.164240
0.568924 0.164240
0.569022 0.163867
0.569121 0.163867
0.569220 0.163867
0.569319 0.163867
0.569417 0.163867
0.569516 0.163867
0.569615 0.163867
0.569714 0.163494
0.569812 0.163494
0.569911 0.163494
0.570010 0.163494
0.570109 0.163121
0.570207 0.163121
0.570306 0.163121
0.570405 0.162747
0.570504 0.162374
0.570602 0.162374
0.570701 0.162374
0.570800 0.162374
0.570899 0.162374
0.570997 0.162001
0.571096 0.161627
0.571195 0.161627
0.571294 0.161627
0.571392 0.161627
0.571491 0.161627
0.571590 0.161627
0.571689 0.161627
0.571787 0.161627
0.571886 0.161627
0.571985 0.161254
0.572084 0.161254
0.572182 0.161254
0.572281 0.161254
0.572380 0.161254
0.572479 0.160508
0.572577 0.160508
0.572676 0.160508
0.572775 0.160508
0.572874 0.160508
0.572972 0.160508
0.573071 0.160508
0.573170 0.160508
0.573269 0.160134
0.573367 0.160134
0.573466 0.159761
0.573565 0.159761
0.573664 0.159761
0.573762 0.159388
0.573861 0.159388
0.573960 0.159388
0.574059 0.159388
0.574157 0.159388
0.574256 0.159388
0.574355 0.159388
0.574454 0.159388
0.574552 0.159388
0.574651 0.158641
0.574750 0.158641
0.574849 0.158641
0.574947 0.158641
0.575046 0.158641
0.575145 0.158641
0.575244 0.158641
0.575342 0.158641
0.575441 0.158641
0.575540 0.158641
0.575639 0.158641
0.575737 0.158641
0.575836 0.158641
0.575935 0.158641
0.576034 0.158268
0.576132 0.157895
0.576231 0.157521
0.576330 0.157521
0.576429 0.157521
0.576527 0.157521
0.576626 0.157521
0.576725 0.157521
0.576824 0.157521
0.576922 0.157148
0.577021 0.157148
0.577120 0.157148
0.577219 0.157148
0.577317 0.157148
0.577416 0.157148
0.577515 0.156402
0.577614 0.156402
0.577712 0.156028
0.577811 0.156028
0.577910 0.156028
0.578009 0.155655
0.578107 0.155655
0.578206 0.155655
0.578305 0.155282
0.578404 0.155282
0.578502 0.155282
0.578601 0.155282
0.578700 0.155282
0.578799 0.155282
0.578897 0.155282
0.578996 0.155282
0.579095 0.154535
0.579194 0.154535
0.579292 0.154162
0.579391 0.153789
0.579490 0.153415
0.579589 0.153415
0.579687 0.153415
0.579786 0.153415
0.579885 0.153042
0.579984 0.153042
0.580082 0.153042
0.580181 0.153042
0.580280 0.153042
0.580379 0.153042
0.580477 0.153042
0.580576 0.153042
0.580675 0.153042
0.580774 0.153042
0.580872 0.152669
0.580971 0.152669
0.581070 0.152669
0.581169 0.152669
0.581267 0.152669
0.581366 0.152669
0.581465 0.152669
0.581564 0.152669
0.581662 0.152669
0.581761 0.152296
0.581860 0.151922
0.581959 0.151549
0.582057 0.151549
0.582156 0.151549
0.582255 0.151176
0.582354 0.151176
0.582452 0.151176
0.582551 0.151176
0.582650 0.151176
0.582749 0.150803
0.582847 0.150803
0.582946 0.150803
0.583045 0.150803
0.583144 0.150803
0.583242 0.150056
0.583341 0.149683
0.583440 0.149309
0.583539 0.149309
0.583637 0.148936
0.583736 0.148936
0.583835 0.148936
0.583934 0.148936
0.584032 0.148936
0.584131 0.148936
0.584230 0.148936
0.584329 0.148936
0.584427 0.148936
0.584526 0.148936
0.584625 0.148936
0.584724 0.147816
0.584822 0.147816
0.584921 0.147443
0.585020 0.147443
0.585119 0.147443
0.585217 0.147443
0.585316 0.147443
0.585415 0.147443
0.585514 0.147070
0.585612 0.147070
0.585711 0.147070
0.585810 0.147070
0.585909 0.147070
0.586007 0.147070
0.586106 0.147070
0.586205 0.147070
0.586304 0.147070
0.586402 0.147070
0.586501 0.147070
0.586600 0.147070
0.586699 0.146697
0.586797 0.146697
0.586896 0.146697
0.586995 0.146697
0.587094 0.146323
0.587192 0.145950
0.587291 0.145950
0.587390 0.145950
0.587489 0.145950
0.587587 0.145577
0.587686 0.145577
0.587785 0.145577
0.587884 0.145577
0.587982 0.145577
0.588081 0.145577
0.588180 0.145577
0.588279 0.144830
0.588377 0.144830
0.588476 0.144830
0.588575 0.144830
0.588674 0.144830
0.588772 0.144830
0.588871 0.144830
0.588970 0.144830
0.589069 0.144830
0.589167 0.144830
0.589266 0.144830
0.589365 0.144457
0.589464 0.144457
0.589562 0.144457
0.589661 0.144457
0.589760 0.144457
0.589859 0.144457
0.589957 0.144457
0.590056 0.144457
0.590155 0.144457
0.590254 0.144457
0.590352 0.144457
0.590451 0.144457
0.590550 0.144457
0.590649 0.143710
0.590747 0.143710
0.590846 0.143710
0.590945 0.143710
0.591044 0.143710
0.591142 0.143337
0.591241 0.143337
0.591340 0.143337
0.591439 0.142964
0.591538 0.142591
0.591636 0.142217
0.591735 0.142217
0.591834 0.141471
0.591933 0.141471
0.592031 0.141471
0.592130 0.141471
0.592229 0.141471
0.592328 0.141471
0.592426 0.141471
0.592525 0.141471
0.592624 0.141471
0.592723 0.141097
0.592821 0.140724
0.592920 0.140724
0.593019 0.140724
0.593118 0.140724
0.593216 0.140724
0.593315 0.140724
0.593414 0.140724
0.593513 0.140351
0.593611 0.140351
0.593710 0.140351
0.593809 0.140351
0.593908 0.140351
0.594006 0.140351
0.594105 0.140351
0.594204 0.140351
0.594303 0.140351
0.594401 0.140351
0.594500 0.140351
0.594599 0.140351
0.594698 0.140351
0.594796 0.140351
0.594895 0.140351
0.594994 0.140351
0.595093 0.140351
0.595191 0.140351
0.595290 0.140351
0.595389 0.140351
0.595488 0.140351
0.595586 0.139978
0.595685 0.139231
0.595784 0.139231
0.595883 0.139231
0.595981 0.139231
0.596080 0.139231
0.596179 0.139231
0.596278 0.139231
0.596376 0.139231
0.596475 0.139231
0.596574 0.139231
0.596673 0.139231
0.596771 0.139231
0.596870 0.139231
0.596969 0.139231
0.597068 0.139231
0.597166 0.138858
0.597265 0.138858
0.597364 0.138858
0.597463 0.138858
0.597561 0.138858
0.597660 0.138858
0.597759 0.138858
0.597858 0.138858
0.597956 0.138485
0.598055 0.138111
0.598154 0.138111
0.598253 0.138111
0.598351 0.138111
0.598450 0.138111
0.598549 0.138111
0.598648 0.138111
0.598746 0.138111
0.598845 0.138111
0.598944 0.138111
0.599043 0.138111
0.599141 0.138111
0.599240 0.138111
0.599339 0.137738
0.599438 0.137738
0.599536 0.137738
0.599635 0.137738
0.599734 0.137738
0.599833 0.137738
0.599931 0.137738
0.600030 0.137738
0.600129 0.137738
0.600228 0.137738
0.600326 0.137738
0.600425 0.137738
0.600524 0.137738
0.600623 0.137738
0.600721 0.137738
0.600820 0.137365
0.600919 0.137365
0.601018 0.137365
0.601116 0.137365
0.601215 0.137365
0.601314 0.137365
0.601413 0.137365
0.601511 0.137365
0.601610 0.137365
0.601709 0.137365
0.601808 0.136991
0.601906 0.136991
0.602005 0.136991
0.602104 0.136618
0.602203 0.136618
0.602301 0.136245
0.602400 0.135872
0.602499 0.135872
0.602598 0.135498
0.602696 0.135498
0.602795 0.135498
0.602894 0.135125
0.602993 0.135125
0.603091 0.135125
0.603190 0.134378
0.603289 0.134378
0.603388 0.134378
0.603486 0.134378
0.603585 0.134378
0.603684 0.134378
0.603783 0.134005
0.603881 0.134005
0.603980 0.134005
0.604079 0.134005
0.604178 0.134005
0.604276 0.133632
0.604375 0.133632
0.604474 0.133632
0.604573 0.133259
0.604671 0.133259
0.604770 0.132885
0.604869 0.132885
0.604968 0.132885
0.605066 0.132885
0.605165 0.132885
0.605264 0.132885
0.605363 0.132885
0.605461 0.132885
0.605560 0.132512
0.605659 0.131766
0.605758 0.131766
0.605856 0.131766
0.605955 0.131766
0.606054 0.131392
0.606153 0.131019
0.606251 0.130646
0.606350 0.130646
0.606449 0.130646
0.606548 0.130646
0.606646 0.130646
0.606745 0.130646
0.606844 0.130646
0.606943 0.130646
0.607041 0.130646
0.607140 0.130646
0.607239 0.130646
0.607338 0.130646
0.607436 0.130272
0.607535 0.130272
0.607634 0.130272
0.607733 0.130272
0.607831 0.130272
0.607930 0.130272
0.608029 0.130272
0.608128 0.130272
0.608226 0.130272
0.608325 0.130272
0.608424 0.130272
0.608523 0.130272
0.608621 0.130272
0.608720 0.130272
0.608819 0.130272
0.608918 0.130272
0.609016 0.130272
0.609115 0.130272
0.609214 0.130272
0.609313 0.130272
0.609411 0.129899
0.609510 0.129899
0.609609 0.129899
0.609708 0.129899
0.609806 0.129899
0.609905 0.129899
0.610004 0.129899
0.610103 0.129526
0.610201 0.129526
0.610300 0.129153
0.610399 0.129153
0.610498 0.128779
0.610596 0.128779
0.610695 0.128779
0.610794 0.128779
0.610893 0.128779
0.610991 0.128406
0.611090 0.128033
0.611189 0.128033
0.611288 0.128033
0.611386 0.127660
0.611485 0.127660
0.611584 0.127660
0.611683 0.127660
0.611781 0.127660
0.611880 0.127660
0.611979 0.127286
0.612078 0.127286
0.612176 0.127286
0.612275 0.127286
0.612374 0.127286
0.612473 0.127286
0.612571 0.127286
0.612670 0.127286
0.612769 0.126913
0.612868 0.126913
0.612966 0.126913
0.613065 0.126913
0.613164 0.126913
0.613263 0.126913
0.613361 0.126913
0.613460 0.126913
0.613559 0.126913
0.613658 0.126913
0.613756 0.126540
0.613855 0.126540
0.613954 0.126540
0.614053 0.126540
0.614151 0.126166
0.614250 0.126166
0.614349 0.126166
0.614448 0.126166
0.614546 0.126166
0.614645 0.126166
0.614744 0.125793
0.614843 0.125793
0.614941 0.125793
0.615040 0.125793
0.615139 0.125793
0.615238 0.125420
0.615336 0.125420
0.615435 0.125420
0.615534 0.125420
0.615633 0.125420
0.615731 0.125420
0.615830 0.125420
0.615929 0.125420
0.616028 0.125420
0.616126 0.125420
0.616225 0.125420
0.616324 0.125420
0.616423 0.125047
0.616521 0.124673
0.616620 0.124673
0.616719 0.124673
0.616818 0.124300
0.616916 0.124300
0.617015 0.124300
0.617114 0.124300
0.617213 0.124300
0.617311 0.124300
0.617410 0.124300
0.617509 0.124300
0.617608 0.124300
0.617706 0.124300
0.617805 0.124300
0.617904 0.124300
0.618003 0.124300
0.618101 0.124300
0.618200 0.124300
0.618299 0.123927
0.618398 0.123927
0.618496 0.123554
0.618595 0.123554
0.618694 0.123180
0.618793 0.123180
0.618891 0.123180
0.618990 0.123180
0.619089 0.122807
0.619188 0.122434
0.619286 0.122434
0.619385 0.122434
0.619484 0.122434
0.619583 0.122434
0.619681 0.122434
0.619780 0.122434
0.619879 0.122060
0.619978 0.122060
0.620076 0.122060
0.620175 0.122060
0.620274 0.121687
0.620373 0.121687
0.620471 0.121687
0.620570 0.121687
0.620669 0.121687
0.620768 0.121687
0.620866 0.121687
0.620965 0.121314
0.621064 0.121314
0.621163 0.121314
0.621261 0.121314
0.621360 0.120941
0.621459 0.120941
0.621558 0.120941
0.621656 0.120941
0.621755 0.120941
0.621854 0.120941
0.621953 0.120941
0.622051 0.120567
0.622150 0.120567
0.622249 0.120567
0.622348 0.120567
0.622446 0.120567
0.622545 0.120567
0.622644 0.120567
0.622743 0.120567
0.622841 0.120567
0.622940 0.120567
0.623039 0.120194
0.623138 0.120194
0.623236 0.120194
0.623335 0.120194
0.623434 0.119821
0.623533 0.119821
0.623631 0.119821
0.623730 0.119448
0.623829 0.119448
0.623928 0.119074
0.624026 0.118701
0.624125 0.118328
0.624224 0.117954
0.624323 0.117954
0.624421 0.117954
0.624520 0.117954
0.624619 0.117954
0.624718 0.117581
0.624816 0.117581
0.624915 0.117581
0.625014 0.117208
0.625113 0.117208
0.625211 0.117208
0.625310 0.117208
0.625409 0.117208
0.625508 0.117208
0.625606 0.117208
0.625705 0.116835
0.625804 0.116835
0.625903 0.116835
0.626001 0.116835
0.626100 0.116835
0.626199 0.116461
0.626298 0.116461
0.626396 0.116461
0.626495 0.116461
0.626594 0.116461
0.626693 0.115715
0.626791 0.115715
0.626890 0.114968
0.626989 0.114968
0.627088 0.114968
0.627186 0.114968
0.627285 0.114968
0.627384 0.114968
0.627483 0.114968
0.627581 0.114595
0.627680 0.114595
0.627779 0.114595
0.627878 0.114595
0.627976 0.114595
0.628075 0.114595
0.628174 0.114222
0.628273 0.114222
0.628371 0.114222
0.628470 0.114222
0.628569 0.113848
0.628668 0.113848
0.628766 0.113848
0.628865 0.113475
0.628964 0.113475
0.629063 0.113475
0.629161 0.113475
0.629260 0.113475
0.629359 0.113475
0.629458 0.113475
0.629556 0.113102
0.629655 0.113102
0.629754 0.112729
0.629853 0.112729
0.629951 0.112729
0.630050 0.112729
0.630149 0.112729
0.630248 0.112729
0.630346 0.112729
0.630445 0.112729
0.630544 0.112729
0.630643 0.112729
0.630741 0.112729
0.630840 0.112729
0.630939 0.112729
0.631038 0.112729
0.631136 0.112729
0.631235 0.112729
0.631334 0.112729
0.631433 0.112729
0.631531 0.112729
0.631630 0.112729
0.631729 0.112729
0.631828 0.112729
0.631926 0.112729
0.632025 0.112729
0.632124 0.112729
0.632223 0.112729
0.632322 0.112729
0.632420 0.112729
0.632519 0.112729
0.632618 0.112729
0.632717 0.112355
0.632815 0.112355
0.632914 0.112355
0.633013 0.112355
0.633112 0.111982
0.633210 0.111609
0.633309 0.111609
0.633408 0.111609
0.633507 0.111609
0.633605 0.111609
0.633704 0.111236
0.633803 0.110862
0.633902 0.110862
0.634000 0.110862
0.634099 0.110862
0.634198 0.110489
0.634297 0.110116
0.634395 0.110116
0.634494 0.110116
0.634593 0.110116
0.634692 0.110116
0.634790 0.109742
0.634889 0.109369
0.634988 0.109369
0.635087 0.108996
0.635185 0.108996
0.635284 0.108996
0.635383 0.108996
0.635482 0.108996
0.635580 0.108996
0.635679 0.108996
0.635778 0.108996
0.635877 0.108996
0.635975 0.108996
0.636074 0.108623
0.636173 0.108623
0.636272 0.108623
0.636370 0.108623
0.636469 0.108623
0.636568 0.108623
0.636667 0.108623
0.636765 0.108623
0.636864 0.108623
0.636963 0.108623
0.637062 0.108623
0.637160 0.108623
0.637259 0.108623
0.637358 0.108249
0.637457 0.108249
0.637555 0.108249
0.637654 0.108249
0.637753 0.107876
0.637852 0.107876
0.637950 0.107503
0.638049 0.107503
0.638148 0.107503
0.638247 0.107503
0.638345 0.107503
0.638444 0.107503
0.638543 0.107503
0.638642 0.107503
0.638740 0.107130
0.638839 0.107130
0.638938 0.107130
0.639037 0.106756
0.639135 0.106756
0.639234 0.106756
0.639333 0.106756
0.639432 0.106756
0.639530 0.106756
0.639629 0.106383
0.639728 0.106383
0.639827 0.106383
0.639925 0.106383
0.640024 0.106383
0.640123 0.106383
0.640222 0.106383
0.640320 0.106010
0.640419 0.105636
0.640518 0.105636
0.640617 0.105636
0.640715 0.105636
0.640814 0.105263
0.640913 0.105263
0.641012 0.105263
0.641110 0.105263
0.641209 0.104890
0.641308 0.104890
0.641407 0.104890
0.641505 0.104890
0.641604 0.104890
0.641703 0.104890
0.641802 0.104517
0.641900 0.104143
0.641999 0.104143
0.642098 0.104143
0.642197 0.104143
0.642295 0.104143
0.642394 0.104143
0.642493 0.104143
0.642592 0.104143
0.642690 0.104143
0.642789 0.104143
0.642888 0.104143
0.642987 0.104143
0.643085 0.104143
0.643184 0.104143
0.643283 0.104143
0.643382 0.103770
0.643480 0.103770
0.643579 0.103770
0.643678 0.103770
0.643777 0.103397
0.643875 0.103397
0.643974 0.103397
0.644073 0.102650
0.644172 0.102650
0.644270 0.102650
0.644369 0.102650
0.644468 0.102650
0.644567 0.102650
0.644665 0.102650
0.644764 0.102650
0.644863 0.102650
0.644962 0.102650
0.645060 0.102650
0.645159 0.102650
0.645258 0.102277
0.645357 0.102277
0.645455 0.102277
0.645554 0.102277
0.645653 0.102277
0.645752 0.102277
0.645850 0.102277
0.645949 0.102277
0.646048 0.102277
0.646147 0.102277
0.646245 0.101530
0.646344 0.101530
0.646443 0.101530
0.646542 0.101530
0.646640 0.101530
0.646739 0.101530
0.646838 0.101530
0.646937 0.101157
0.647035 0.101157
0.647134 0.101157
0.647233 0.101157
0.647332 0.100784
0.647430 0.100784
0.647529 0.100784
0.647628 0.100784
0.647727 0.100784
0.647825 0.100784
0.647924 0.100784
0.648023 0.100784
0.648122 0.100784
0.648220 0.100411
0.648319 0.100037
0.648418 0.100037
0.648517 0.100037
0.648615 0.100037
0.648714 0.099664
0.648813 0.099664
0.648912 0.099664
0.649010 0.099664
0.649109 0.099664
0.649208 0.099664
0.649307 0.099664
0.649405 0.099664
0.649504 0.098918
0.649603 0.098918
0.649702 0.098918
0.649800 0.098918
0.649899 0.098918
0.649998 0.098918
0.650097 0.098918
0.650195 0.098918
0.650294 0.098918
0.650393 0.098544
0.650492 0.097798
0.650590 0.097798
0.650689 0.097798
0.650788 0.097798
0.650887 0.097798
0.650985 0.097798
0.651084 0.097798
0.651183 0.097798
0.651282 0.097798
0.651380 0.097798
0.651479 0.097424
0.651578 0.097424
0.651677 0.097424
0.651775 0.097051
0.651874 0.097051
0.651973 0.097051
0.652072 0.097051
0.652170 0.097051
0.652269 0.097051
0.652368 0.097051
0.652467 0.097051
0.652565 0.096678
0.652664 0.096678
0.652763 0.096678
0.652862 0.096678
0.652960 0.096678
0.653059 0.096305
0.653158 0.096305
0.653257 0.096305
0.653355 0.095931
0.653454 0.095931
0.653553 0.095558
0.653652 0.095558
0.653750 0.095558
0.653849 0.095558
0.653948 0.095558
0.654047 0.095558
0.654145 0.095558
0.654244 0.095558
0.654343 0.095558
0.654442 0.095185
0.654540 0.095185
0.654639 0.094811
0.654738 0.094811
0.654837 0.094811
0.654935 0.094811
0.655034 0.094811
0.655133 0.094811
0.655232 0.094811
0.655330 0.094811
0.655429 0.094811
0.655528 0.094811
0.655627 0.094438
0.655725 0.094438
0.655824 0.094065
0.655923 0.094065
0.656022 0.093692
0.656120 0.093692
0.656219 0.093318
0.656318 0.093318
0.656417 0.093318
0.656515 0.093318
0.656614 0.093318
0.656713 0.093318
0.656812 0.093318
0.656910 0.093318
0.657009 0.093318
0.657108 0.093318
0.657207 0.093318
0.657305 0.092945
0.657404 0.092945
0.657503 0.092945
0.657602 0.092945
0.657700 0.092572
0.657799 0.092199
0.657898 0.092199
0.657997 0.092199
0.658095 0.092199
0.658194 0.091825
0.658293 0.091452
0.658392 0.091452
0.658490 0.091452
0.658589 0.091079
0.658688 0.091079
0.658787 0.091079
0.658885 0.091079
0.658984 0.091079
0.659083 0.091079
0.659182 0.091079
0.659280 0.091079
0.659379 0.091079
0.659478 0.091079
0.659577 0.091079
0.659675 0.091079
0.659774 0.091079
0.659873 0.091079
0.659972 0.091079
0.660070 0.091079
0.660169 0.091079
0.660268 0.091079
0.660367 0.090705
0.660465 0.090705
0.660564 0.090705
0.660663 0.090705
0.660762 0.090332
0.660860 0.089959
0.660959 0.089959
0.661058 0.089586
0.661157 0.089586
0.661255 0.089586
0.661354 0.089586
0.661453 0.089586
0.661552 0.089212
0.661650 0.089212
0.661749 0.089212
0.661848 0.088839
0.661947 0.088839
0.662045 0.088839
0.662144 0.088839
0.662243 0.088839
0.662342 0.088839
0.662440 0.088839
0.662539 0.088839
0.662638 0.088839
0.662737 0.088839
0.662835 0.088839
0.662934 0.088466
0.663033 0.088466
0.663132 0.088466
0.663230 0.088466
0.663329 0.088466
0.663428 0.088466
0.663527 0.088466
0.663625 0.088466
0.663724 0.088466
0.663823 0.088466
0.663922 0.088466
0.664020 0.088466
0.664119 0.088466
0.664218 0.088466
0.664317 0.087719
0.664415 0.087346
0.664514 0.086973
0.664613 0.086973
0.664712 0.086973
0.664810 0.086599
0.664909 0.086599
0.665008 0.086226
0.665107 0.086226
0.665205 0.086226
0.665304 0.085853
0.665403 0.085853
0.665502 0.085853
0.665600 0.085853
0.665699 0.085853
0.665798 0.085480
0.665897 0.085480
0.665995 0.085480
0.666094 0.085480
0.666193 0.085480
0.666292 0.085480
0.666390 0.085480
0.666489 0.085480
0.666588 0.085480
0.666687 0.085480
0.666785 0.085480
0.666884 0.085480
0.666983 0.085480
0.667082 0.085480
0.667180 0.085480
0.667279 0.085480
0.667378 0.085480
0.667477 0.085480
0.667575 0.085480
0.667674 0.085480
0.667773 0.085480
0.667872 0.085480
0.667970 0.085480
0.668069 0.085106
0.668168 0.084733
0.668267 0.084733
0.668365 0.084733
0.668464 0.084733
0.668563 0.084733
0.668662 0.084733
0.668760 0.084360
0.668859 0.084360
0.668958 0.084360
0.669057 0.084360
0.669155 0.084360
0.669254 0.083987
0.669353 0.083987
0.669452 0.083987
0.669550 0.083987
0.669649 0.083987
0.669748 0.083987
0.669847 0.083613
0.669945 0.083613
0.670044 0.083613
0.670143 0.083240
0.670242 0.082867
0.670340 0.082867
0.670439 0.082867
0.670538 0.082493
0.670637 0.082493
0.670735 0.082493
0.670834 0.082493
0.670933 0.082493
0.671032 0.082493
0.671130 0.082120
0.671229 0.082120
0.671328 0.081374
0.671427 0.081374
0.671525 0.081374
0.671624 0.081000
0.671723 0.081000
0.671822 0.080627
0.671920 0.080627
0.672019 0.080627
0.672118 0.080627
0.672217 0.080627
0.672315 0.080627
0.672414 0.080627
0.672513 0.080627
0.672612 0.080627
0.672710 0.080627
0.672809 0.080627
0.672908 0.080627
0.673007 0.080627
0.673106 0.080627
0.673204 0.080627
0.673303 0.080254
0.673402 0.079881
0.673501 0.079881
0.673599 0.079881
0.673698 0.079881
0.673797 0.079881
0.673896 0.079507
0.673994 0.079507
0.674093 0.079507
0.674192 0.079507
0.674291 0.079507
0.674389 0.079507
0.674488 0.079507
0.674587 0.079507
0.674686 0.079507
0.674784 0.079507
0.674883 0.079507
0.674982 0.079507
0.675081 0.079507
0.675179 0.079507
0.675278 0.079507
0.675377 0.079507
0.675476 0.079507
0.675574 0.079507
0.675673 0.079507
0.675772 0.079507
0.675871 0.079507
0.675969 0.079507
0.676068 0.079507
0.676167 0.079507
0.676266 0.079507
0.676364 0.079507
0.676463 0.079507
0.676562 0.079507
0.676661 0.079507
0.676759 0.079134
0.676858 0.079134
0.676957 0.078761
0.677056 0.078761
0.677154 0.078761
0.677253 0.078761
0.677352 0.078761
0.677451 0.078761
0.677549 0.078761
0.677648 0.078761
0.677747 0.078387
0.677846 0.078387
0.677944 0.078387
0.678043 0.078014
0.678142 0.078014
0.678241 0.078014
0.678339 0.077641
0.678438 0.077641
0.678537 0.077641
0.678636 0.077641
0.678734 0.077268
0.678833 0.077268
0.678932 0.077268
0.679031 0.076894
0.679129 0.076894
0.679228 0.076521
0.679327 0.076521
0.679426 0.076521
0.679524 0.076521
0.679623 0.076521
0.679722 0.076521
0.679821 0.076521
0.679919 0.076521
0.680018 0.076148
0.680117 0.076148
0.680216 0.076148
0.680314 0.076148
0.680413 0.076148
0.680512 0.076148
0.680611 0.076148
0.680709 0.076148
0.680808 0.076148
0.680907 0.076148
0.681006 0.076148
0.681104 0.076148
0.681203 0.076148
0.681302 0.076148
0.681401 0.076148
0.681499 0.076148
0.681598 0.076148
0.681697 0.076148
0.681796 0.076148
0.681894 0.076148
0.681993 0.076148
0.682092 0.076148
0.682191 0.076148
0.682289 0.076148
0.682388 0.076148
0.682487 0.076148
0.682586 0.076148
0.682684 0.076148
0.682783 0.076148
0.682882 0.076148
0.682981 0.076148
0.683079 0.076148
0.683178 0.076148
0.683277 0.076148
0.683376 0.075775
0.683474 0.075775
0.683573 0.075775
0.683672 0.075775
0.683771 0.075775
0.683869 0.075775
0.683968 0.075775
0.684067 0.075401
0.684166 0.075401
0.684264 0.075401
0.684363 0.075401
0.684462 0.075401
0.684561 0.075401
0.684659 0.075401
0.684758 0.075401
0.684857 0.075401
0.684956 0.075028
0.685054 0.075028
0.685153 0.075028
0.685252 0.075028
0.685351 0.075028
0.685449 0.075028
0.685548 0.075028
0.685647 0.074655
0.685746 0.074655
0.685844 0.074281
0.685943 0.073908
0.686042 0.073535
0.686141 0.073535
0.686239 0.073535
0.686338 0.073535
0.686437 0.073535
0.686536 0.073535
0.686634 0.073535
0.686733 0.073535
0.686832 0.073535
0.686931 0.073535
0.687029 0.073535
0.687128 0.073535
0.687227 0.073535
0.687326 0.073535
0.687424 0.073535
0.687523 0.073535
0.687622 0.073535
0.687721 0.073535
0.687819 0.073535
0.687918 0.073162
0.688017 0.073162
0.688116 0.073162
0.688214 0.073162
0.688313 0.073162
0.688412 0.073162
0.688511 0.072788
0.688609 0.072788
0.688708 0.072415
0.688807 0.072415
0.688906 0.072415
0.689004 0.072415
0.689103 0.072415
0.689202 0.072042
0.689301 0.072042
0.689399 0.071669
0.689498 0.071669
0.689597 0.071669
0.689696 0.071669
0.689794 0.071669
0.689893 0.071669
0.689992 0.071669
0.690091 0.071669
0.690189 0.071669
0.690288 0.071669
0.690387 0.071669
0.690486 0.071669
0.690584 0.071295
0.690683 0.071295
0.690782 0.071295
0.690881 0.071295
0.690979 0.071295
0.691078 0.071295
0.691177 0.071295
0.691276 0.071295
0.691374 0.071295
0.691473 0.071295
0.691572 0.070922
0.691671 0.070922
0.691769 0.070922
0.691868 0.070922
0.691967 0.070922
0.692066 0.070922
0.692164 0.070922
0.692263 0.070175
0.692362 0.070175
0.692461 0.070175
0.692559 0.070175
0.692658 0.070175
0.692757 0.070175
0.692856 0.070175
0.692954 0.070175
0.693053 0.070175
0.693152 0.070175
0.693251 0.070175
0.693349 0.070175
0.693448 0.070175
0.693547 0.070175
0.693646 0.070175
0.693744 0.070175
0.693843 0.070175
0.693942 0.070175
0.694041 0.070175
0.694139 0.070175
0.694238 0.070175
0.694337 0.070175
0.694436 0.070175
0.694534 0.070175
0.694633 0.070175
0.694732 0.070175
0.694831 0.070175
0.694929 0.070175
0.695028 0.070175
0.695127 0.070175
0.695226 0.070175
0.695324 0.070175
0.695423 0.069802
0.695522 0.069802
0.695621 0.069802
0.695719 0.069802
0.695818 0.069802
0.695917 0.069802
0.696016 0.069429
0.696114 0.069056
0.696213 0.069056
0.696312 0.069056
0.696411 0.069056
0.696509 0.069056
0.696608 0.069056
0.696707 0.069056
0.696806 0.069056
0.696904 0.069056
0.697003 0.069056
0.697102 0.069056
0.697201 0.069056
0.697299 0.068682
0.697398 0.068682
0.697497 0.068682
0.697596 0.068682
0.697694 0.068682
0.697793 0.068309
0.697892 0.067936
0.697991 0.067936
0.698089 0.067936
0.698188 0.067936
0.698287 0.067936
0.698386 0.067936
0.698484 0.067563
0.698583 0.067563
0.698682 0.067189
0.698781 0.067189
0.698879 0.067189
0.698978 0.067189
0.699077 0.067189
0.699176 0.067189
0.699274 0.067189
0.699373 0.067189
0.699472 0.067189
0.699571 0.066816
0.699669 0.066816
0.699768 0.066443
0.699867 0.066443
0.699966 0.066443
0.700064 0.066443
0.700163 0.066443
0.700262 0.066443
0.700361 0.066443
0.700459 0.066443
0.700558 0.066443
0.700657 0.066443
0.700756 0.066443
0.700854 0.066443
0.700953 0.066443
0.701052 0.066443
0.701151 0.066443
0.701249 0.066443
0.701348 0.066443
0.701447 0.066443
0.701546 0.066069
0.701644 0.066069
0.701743 0.065696
0.701842 0.065696
0.701941 0.065696
0.702039 0.065696
0.702138 0.065696
0.702237 0.065696
0.702336 0.065696
0.702434 0.065696
0.702533 0.065696
0.702632 0.065696
0.702731 0.065696
0.702829 0.065696
0.702928 0.065696
0.703027 0.065696
0.703126 0.065696
0.703224 0.065696
0.703323 0.065696
0.703422 0.065696
0.703521 0.065696
0.703619 0.065696
0.703718 0.065696
0.703817 0.065696
0.703916 0.065696
0.704014 0.065696
0.704113 0.065696
0.704212 0.065323
0.704311 0.065323
0.704409 0.065323
0.704508 0.065323
0.704607 0.065323
0.704706 0.065323
0.704804 0.065323
0.704903 0.065323
0.705002 0.065323
0.705101 0.065323
0.705199 0.064950
0.705298 0.064950
0.705397 0.064950
0.705496 0.064950
0.705594 0.064950
0.705693 0.064950
0.705792 0.064950
0.705891 0.064950
0.705989 0.064950
0.706088 0.064950
0.706187 0.064950
0.706286 0.064950
0.706384 0.064576
0.706483 0.064576
0.706582 0.064576
0.706681 0.064203
0.706779 0.064203
0.706878 0.064203
0.706977 0.063830
0.707076 0.063830
0.707174 0.063830
0.707273 0.063830
0.707372 0.063830
0.707471 0.063830
0.707569 0.063830
0.707668 0.063830
0.707767 0.063830
0.707866 0.063830
0.707964 0.063830
0.708063 0.063830
0.708162 0.063830
0.708261 0.063830
0.708359 0.063830
0.708458 0.063830
0.708557 0.063830
0.708656 0.063830
0.708754 0.063830
0.708853 0.063457
0.708952 0.063457
0.709051 0.063457
0.709149 0.063457
0.709248 0.063457
0.709347 0.063457
0.709446 0.063083
0.709544 0.063083
0.709643 0.063083
0.709742 0.063083
0.709841 0.063083
0.709939 0.063083
0.710038 0.063083
0.710137 0.063083
0.710236 0.063083
0.710334 0.063083
0.710433 0.062710
0.710532 0.062337
0.710631 0.062337
0.710729 0.062337
0.710828 0.062337
0.710927 0.062337
0.711026 0.062337
0.711124 0.062337
0.711223 0.062337
0.711322 0.061963
0.711421 0.061963
0.711519 0.061963
0.711618 0.061590
0.711717 0.061590
0.711816 0.061590
0.711914 0.061590
0.712013 0.061590
0.712112 0.061590
0.712211 0.061590
0.712309 0.061590
0.712408 0.061590
0.712507 0.061217
0.712606 0.061217
0.712704 0.061217
0.712803 0.061217
0.712902 0.061217
0.713001 0.061217
0.713099 0.060844
0.713198 0.060470
0.713297 0.060097
0.713396 0.060097
0.713494 0.060097
0.713593 0.060097
0.713692 0.060097
0.713791 0.060097
0.713890 0.059724
0.713988 0.059724
0.714087 0.059724
0.714186 0.059724
0.714285 0.059724
0.714383 0.059724
0.714482 0.059724
0.714581 0.059351
0.714680 0.059351
0.714778 0.059351
0.714877 0.059351
0.714976 0.059351
0.715075 0.059351
0.715173 0.059351
0.715272 0.059351
0.715371 0.059351
0.715470 0.059351
0.715568 0.059351
0.715667 0.059351
0.715766 0.059351
0.715865 0.059351
0.715963 0.059351
0.716062 0.059351
0.716161 0.059351
0.716260 0.059351
0.716358 0.059351
0.716457 0.059351
0.716556 0.058977
0.716655 0.058977
0.716753 0.058977
0.716852 0.058977
0.716951 0.058977
0.717050 0.058977
0.717148 0.058977
0.717247 0.058977
0.717346 0.058977
0.717445 0.058977
0.717543 0.058977
0.717642 0.058977
0.717741 0.058977
0.717840 0.058977
0.717938 0.058977
0.718037 0.058977
0.718136 0.058977
0.718235 0.058977
0.718333 0.058977
0.718432 0.058977
0.718531 0.058977
0.718630 0.058977
0.718728 0.058977
0.718827 0.058977
0.718926 0.058977
0.719025 0.058977
0.719123 0.058977
0.719222 0.058977
0.719321 0.058977
0.719420 0.058977
0.719518 0.058977
0.719617 0.058977
0.719716 0.058977
0.719815 0.058977
0.719913 0.058977
0.720012 0.058977
0.720111 0.058977
0.720210 0.058977
0.720308 0.058977
0.720407 0.058977
0.720506 0.058231
0.720605 0.058231
0.720703 0.057857
0.720802 0.057857
0.720901 0.057857
0.721000 0.057857
0.721098 0.057484
0.721197 0.057484
0.721296 0.057484
0.721395 0.057484
0.721493 0.057484
0.721592 0.057484
0.721691 0.057484
0.721790 0.057484
0.721888 0.057484
0.721987 0.057484
0.722086 0.057111
0.722185 0.057111
0.722283 0.057111
0.722382 0.056738
0.722481 0.056738
0.722580 0.056738
0.722678 0.056738
0.722777 0.056738
0.722876 0.056738
0.722975 0.056738
0.723073 0.056738
0.723172 0.056738
0.723271 0.056738
0.723370 0.056738
0.723468 0.056738
0.723567 0.056738
0.723666 0.056738
0.723765 0.056738
0.723863 0.056738
0.723962 0.056738
0.724061 0.056738
0.724160 0.056364
0.724258 0.056364
0.724357 0.056364
0.724456 0.056364
0.724555 0.056364
0.724653 0.056364
0.724752 0.056364
0.724851 0.056364
0.724950 0.056364
0.725048 0.056364
0.725147 0.056364
0.725246 0.056364
0.725345 0.056364
0.725443 0.056364
0.725542 0.056364
0.725641 0.056364
0.725740 0.055991
0.725838 0.055991
0.725937 0.055991
0.726036 0.055991
0.726135 0.055618
0.726233 0.055618
0.726332 0.055618
0.726431 0.055618
0.726530 0.055618
0.726628 0.055618
0.726727 0.055618
0.726826 0.055618
0.726925 0.055618
0.727023 0.055618
0.727122 0.055618
0.727221 0.055618
0.727320 0.055618
0.727418 0.055618
0.727517 0.055618
0.727616 0.055618
0.727715 0.055244
0.727813 0.055244
0.727912 0.055244
0.728011 0.055244
0.728110 0.055244
0.728208 0.055244
0.728307 0.055244
0.728406 0.055244
0.728505 0.055244
0.728603 0.055244
0.728702 0.055244
0.728801 0.055244
0.728900 0.055244
0.728998 0.055244
0.729097 0.055244
0.729196 0.054871
0.729295 0.054871
0.729393 0.054871
0.729492 0.054871
0.729591 0.054871
0.729690 0.054498
0.729788 0.054498
0.729887 0.054498
0.729986 0.054498
0.730085 0.053751
0.730183 0.053751
0.730282 0.053751
0.730381 0.053751
0.730480 0.053751
0.730578 0.053751
0.730677 0.053751
0.730776 0.053751
0.730875 0.053378
0.730973 0.053378
0.731072 0.053378
0.731171 0.053378
0.731270 0.053378
0.731368 0.053005
0.731467 0.053005
0.731566 0.053005
0.731665 0.053005
0.731763 0.053005
0.731862 0.053005
0.731961 0.053005
0.732060 0.053005
0.732158 0.053005
0.732257 0.053005
0.732356 0.053005
0.732455 0.052632
0.732553 0.052632
0.732652 0.052258
0.732751 0.052258
0.732850 0.051885
0.732948 0.051885
0.733047 0.051885
0.733146 0.051885
0.733245 0.051885
0.733343 0.051885
0.733442 0.051885
0.733541 0.051885
0.733640 0.051885
0.733738 0.051885
0.733837 0.051885
0.733936 0.051885
0.734035 0.051885
0.734133 0.051885
0.734232 0.051885
0.734331 0.051885
0.734430 0.051885
0.734528 0.051885
0.734627 0.051885
0.734726 0.051885
0.734825 0.051885
0.734923 0.051885
0.735022 0.051885
0.735121 0.051885
0.735220 0.051885
0.735318 0.051885
0.735417 0.051885
0.735516 0.051885
0.735615 0.051885
0.735713 0.051885
0.735812 0.051885
0.735911 0.051512
0.736010 0.051138
0.736108 0.051138
0.736207 0.051138
0.736306 0.051138
0.736405 0.051138
0.736503 0.051138
0.736602 0.051138
0.736701 0.051138
0.736800 0.050765
0.736898 0.050765
0.736997 0.050765
0.737096 0.050765
0.737195 0.050765
0.737293 0.050765
0.737392 0.050765
0.737491 0.050765
0.737590 0.050765
0.737688 0.050765
0.737787 0.050765
0.737886 0.050765
0.737985 0.050765
0.738083 0.050765
0.738182 0.050765
0.738281 0.050765
0.738380 0.050765
0.738478 0.050765
0.738577 0.050765
0.738676 0.050765
0.738775 0.050765
0.738873 0.050765
0.738972 0.050765
0.739071 0.050765
0.739170 0.050392
0.739268 0.050392
0.739367 0.050392
0.739466 0.050392
0.739565 0.050392
0.739663 0.050392
0.739762 0.050392
0.739861 0.050392
0.739960 0.050392
0.740058 0.050392
0.740157 0.050392
0.740256 0.050019
0.740355 0.049645
0.740453 0.049645
0.740552 0.049645
0.740651 0.049645
0.740750 0.049645
0.740848 0.049645
0.740947 0.049645
0.741046 0.049645
0.741145 0.049645
0.741243 0.049645
0.741342 0.049272
0.741441 0.049272
0.741540 0.049272
0.741638 0.049272
0.741737 0.049272
0.741836 0.049272
0.741935 0.048899
0.742033 0.048899
0.742132 0.048899
0.742231 0.048899
0.742330 0.048899
0.742428 0.048899
0.742527 0.048899
0.742626 0.048899
0.742725 0.048526
0.742823 0.048526
0.742922 0.048526
0.743021 0.048526
0.743120 0.048526
0.743218 0.048526
0.743317 0.048526
0.743416 0.048152
0.743515 0.048152
0.743613 0.048152
0.743712 0.047779
0.743811 0.047779
0.743910 0.047779
0.744008 0.047779
0.744107 0.047779
0.744206 0.047779
0.744305 0.047779
0.744403 0.047779
0.744502 0.047779
0.744601 0.047779
0.744700 0.047779
0.744798 0.047779
0.744897 0.047779
0.744996 0.047779
0.745095 0.047779
0.745193 0.047779
0.745292 0.047779
0.745391 0.047779
0.745490 0.047779
0.745588 0.047779
0.745687 0.047779
0.745786 0.047779
0.745885 0.047779
0.745983 0.047779
0.746082 0.047779
0.746181 0.047779
0.746280 0.047779
0.746378 0.047779
0.746477 0.047779
0.746576 0.047779
0.746675 0.047779
0.746773 0.047779
0.746872 0.047779
0.746971 0.047779
0.747070 0.047779
0.747168 0.047779
0.747267 0.047779
0.747366 0.047779
0.747465 0.047779
0.747563 0.047779
0.747662 0.047779
0.747761 0.047779
0.747860 0.047779
0.747958 0.047779
0.748057 0.047406
0.748156 0.047406
0.748255 0.047406
0.748353 0.047406
0.748452 0.047406
0.748551 0.047406
0.748650 0.047406
0.748748 0.047406
0.748847 0.047406
0.748946 0.047406
0.749045 0.047406
0.749143 0.047406
0.749242 0.047406
0.749341 0.047406
0.749440 0.047406
0.749538 0.047406
0.749637 0.047406
0.749736 0.047406
0.749835 0.047406
0.749933 0.047406
0.750032 0.047406
0.750131 0.047406
0.750230 0.047406
0.750328 0.047406
0.750427 0.047406
0.750526 0.047406
0.750625 0.047406
0.750723 0.047406
0.750822 0.047406
0.750921 0.047406
0.751020 0.047406
0.751118 0.047406
0.751217 0.047406
0.751316 0.047406
0.751415 0.047406
0.751513 0.047406
0.751612 0.047406
0.751711 0.047406
0.751810 0.047406
0.751908 0.047406
0.752007 0.047406
0.752106 0.047406
0.752205 0.047406
0.752303 0.047406
0.752402 0.047406
0.752501 0.047406
0.752600 0.047406
0.752698 0.047406
0.752797 0.047406
0.752896 0.047406
0.752995 0.047406
0.753093 0.047406
0.753192 0.047406
0.753291 0.047406
0.753390 0.047406
0.753488 0.047406
0.753587 0.047406
0.753686 0.047406
0.753785 0.047406
0.753883 0.047406
0.753982 0.047406
0.754081 0.047406
0.754180 0.047406
0.754279 0.047406
0.754377 0.047406
0.754476 0.047406
0.754575 0.047406
0.754674 0.047406
0.754772 0.047406
0.754871 0.047406
0.754970 0.047406
0.755069 0.047406
0.755167 0.047406
0.755266 0.047406
0.755365 0.047406
0.755464 0.047406
0.755562 0.047406
0.755661 0.047406
0.755760 0.047406
0.755859 0.047406
0.755957 0.047406
0.756056 0.047406
0.756155 0.047406
0.756254 0.047406
0.756352 0.047032
0.756451 0.047032
0.756550 0.047032
0.756649 0.047032
0.756747 0.047032
0.756846 0.047032
0.756945 0.047032
0.757044 0.047032
0.757142 0.047032
0.757241 0.047032
0.757340 0.047032
0.757439 0.047032
0.757537 0.047032
0.757636 0.047032
0.757735 0.047032
0.757834 0.047032
0.757932 0.047032
0.758031 0.047032
0.758130 0.047032
0.758229 0.047032
0.758327 0.046659
0.758426 0.046659
0.758525 0.046659
0.758624 0.046659
0.758722 0.046659
0.758821 0.046659
0.758920 0.046659
0.759019 0.046659
0.759117 0.046659
0.759216 0.046659
0.759315 0.046659
0.759414 0.046659
0.759512 0.046659
0.759611 0.046659
0.759710 0.046659
0.759809 0.046659
0.759907 0.046659
0.760006 0.046659
0.760105 0.046659
0.760204 0.046659
0.760302 0.046659
0.760401 0.046659
0.760500 0.046659
0.760599 0.046659
0.760697 0.046286
0.760796 0.046286
0.760895 0.046286
0.760994 0.046286
0.761092 0.046286
0.761191 0.045913
0.761290 0.045913
0.761389 0.045913
0.761487 0.045539
0.761586 0.045539
0.761685 0.045539
0.761784 0.045539
0.761882 0.045539
0.761981 0.045539
0.762080 0.045539
0.762179 0.045539
0.762277 0.045539
0.762376 0.045539
0.762475 0.045539
0.762574 0.045539
0.762672 0.045539
0.762771 0.045539
0.762870 0.045539
0.762969 0.045166
0.763067 0.045166
0.763166 0.045166
0.763265 0.045166
0.763364 0.045166
0.763462 0.045166
0.763561 0.045166
0.763660 0.045166
0.763759 0.045166
0.763857 0.045166
0.763956 0.045166
0.764055 0.045166
0.764154 0.045166
0.764252 0.044793
0.764351 0.044793
0.764450 0.044793
0.764549 0.044420
0.764647 0.044420
0.764746 0.044420
0.764845 0.044420
0.764944 0.044420
0.765042 0.044420
0.765141 0.044420
0.765240 0.044420
0.765339 0.044420
0.765437 0.044420
0.765536 0.044420
0.765635 0.044420
0.765734 0.044046
0.765832 0.043673
0.765931 0.043673
0.766030 0.043673
0.766129 0.043673
0.766227 0.043673
0.766326 0.043673
0.766425 0.043673
0.766524 0.043673
0.766622 0.043673
0.766721 0.043300
0.766820 0.043300
0.766919 0.043300
0.767017 0.043300
0.767116 0.043300
0.767215 0.043300
0.767314 0.043300
0.767412 0.042926
0.767511 0.042926
0.767610 0.042926
0.767709 0.042926
0.767807 0.042926
0.767906 0.042926
0.768005 0.042926
0.768104 0.042926
0.768202 0.042926
0.768301 0.042926
0.768400 0.042926
0.768499 0.042926
0.768597 0.042926
0.768696 0.042553
0.768795 0.042553
0.768894 0.042553
0.768992 0.042553
0.769091 0.042553
0.769190 0.042553
0.769289 0.042553
0.769387 0.042553
0.769486 0.042553
0.769585 0.042553
0.769684 0.042553
0.769782 0.042553
0.769881 0.042553
0.769980 0.042553
0.770079 0.042553
0.770177 0.042553
0.770276 0.042553
0.770375 0.042553
0.770474 0.042553
0.770572 0.042553
0.770671 0.042553
0.770770 0.042553
0.770869 0.042180
0.770967 0.042180
0.771066 0.041807
0.771165 0.041807
0.771264 0.041807
0.771362 0.041807
0.771461 0.041807
0.771560 0.041807
0.771659 0.041807
0.771757 0.041807
0.771856 0.041807
0.771955 0.041807
0.772054 0.041433
0.772152 0.041433
0.772251 0.041433
0.772350 0.041433
0.772449 0.041433
0.772547 0.041433
0.772646 0.041433
0.772745 0.041433
0.772844 0.041433
0.772942 0.041433
0.773041 0.041433
0.773140 0.041433
0.773239 0.041060
0.773337 0.040687
0.773436 0.040687
0.773535 0.040687
0.773634 0.040687
0.773732 0.040687
0.773831 0.040687
0.773930 0.040687
0.774029 0.040314
0.774127 0.040314
0.774226 0.040314
0.774325 0.040314
0.774424 0.040314
0.774522 0.039940
0.774621 0.039940
0.774720 0.039940
0.774819 0.039940
0.774917 0.039940
0.775016 0.039940
0.775115 0.039940
0.775214 0.039940
0.775312 0.039940
0.775411 0.039940
0.775510 0.039940
0.775609 0.039940
0.775707 0.039940
0.775806 0.039940
0.775905 0.039940
0.776004 0.039940
0.776102 0.039940
0.776201 0.039940
0.776300 0.039940
0.776399 0.039940
0.776497 0.039940
0.776596 0.039940
0.776695 0.039940
0.776794 0.039940
0.776892 0.039940
0.776991 0.039940
0.777090 0.039940
0.777189 0.039940
0.777287 0.039940
0.777386 0.039940
0.777485 0.039940
0.777584 0.039940
0.777682 0.039940
0.777781 0.039940
0.777880 0.039940
0.777979 0.039940
0.778077 0.039940
0.778176 0.039940
0.778275 0.039940
0.778374 0.039940
0.778472 0.039567
0.778571 0.039567
0.778670 0.039567
0.778769 0.039567
0.778867 0.039567
0.778966 0.039567
0.779065 0.039567
0.779164 0.039567
0.779262 0.039567
0.779361 0.039567
0.779460 0.039567
0.779559 0.039567
0.779657 0.039567
0.779756 0.039567
0.779855 0.039567
0.779954 0.039567
0.780052 0.039194
0.780151 0.039194
0.780250 0.039194
0.780349 0.039194
0.780447 0.039194
0.780546 0.039194
0.780645 0.039194
0.780744 0.039194
0.780842 0.038820
0.780941 0.038820
0.781040 0.038820
0.781139 0.038820
0.781237 0.038820
0.781336 0.038820
0.781435 0.038820
0.781534 0.038820
0.781632 0.038820
0.781731 0.038820
0.781830 0.038820
0.781929 0.038447
0.782027 0.038447
0.782126 0.038447
0.782225 0.038447
0.782324 0.038447
0.782422 0.038447
0.782521 0.038447
0.782620 0.038074
0.782719 0.038074
0.782817 0.038074
0.782916 0.038074
0.783015 0.037701
0.783114 0.037701
0.783212 0.037701
0.783311 0.037701
0.783410 0.037701
0.783509 0.037701
0.783607 0.037701
0.783706 0.037701
0.783805 0.037701
0.783904 0.037701
0.784002 0.037701
0.784101 0.037701
0.784200 0.037701
0.784299 0.037701
0.784397 0.037701
0.784496 0.037701
0.784595 0.037701
0.784694 0.037701
0.784792 0.037701
0.784891 0.037701
0.784990 0.037701
0.785089 0.037701
0.785187 0.037701
0.785286 0.037701
0.785385 0.037701
0.785484 0.037701
0.785582 0.037701
0.785681 0.037701
0.785780 0.037701
0.785879 0.037701
0.785977 0.037701
0.786076 0.037701
0.786175 0.037701
0.786274 0.037701
0.786372 0.037701
0.786471 0.037701
0.786570 0.037327
0.786669 0.037327
0.786767 0.037327
0.786866 0.036954
0.786965 0.036954
0.787064 0.036954
0.787162 0.036954
0.787261 0.036954
0.787360 0.036954
0.787459 0.036954
0.787557 0.036954
0.787656 0.036954
0.787755 0.036954
0.787854 0.036954
0.787952 0.036954
0.788051 0.036954
0.788150 0.036954
0.788249 0.036954
0.788347 0.036581
0.788446 0.036581
0.788545 0.036581
0.788644 0.036581
0.788742 0.036581
0.788841 0.036581
0.788940 0.036581
0.789039 0.036208
0.789137 0.036208
0.789236 0.036208
0.789335 0.036208
0.789434 0.036208
0.789532 0.035834
0.789631 0.035834
0.789730 0.035834
0.789829 0.035834
0.789927 0.035834
0.790026 0.035834
0.790125 0.035834
0.790224 0.035834
0.790322 0.035461
0.790421 0.035461
0.790520 0.035461
0.790619 0.035461
0.790717 0.035461
0.790816 0.035461
0.790915 0.035461
0.791014 0.035461
0.791112 0.035461
0.791211 0.035461
0.791310 0.035461
0.791409 0.035461
0.791507 0.035461
0.791606 0.035461
0.791705 0.035461
0.791804 0.035461
0.791902 0.035088
0.792001 0.035088
0.792100 0.035088
0.792199 0.035088
0.792297 0.035088
0.792396 0.035088
0.792495 0.034714
0.792594 0.034714
0.792692 0.034714
0.792791 0.034714
0.792890 0.034714
0.792989 0.034341
0.793087 0.034341
0.793186 0.034341
0.793285 0.034341
0.793384 0.033968
0.793482 0.033968
0.793581 0.033968
0.793680 0.033968
0.793779 0.033968
0.793877 0.033968
0.793976 0.033968
0.794075 0.033968
0.794174 0.033968
0.794272 0.033968
0.794371 0.033968
0.794470 0.033968
0.794569 0.033968
0.794667 0.033968
0.794766 0.033968
0.794865 0.033968
0.794964 0.033968
0.795063 0.033968
0.795161 0.033968
0.795260 0.033968
0.795359 0.033968
0.795458 0.033968
0.795556 0.033968
0.795655 0.033968
0.795754 0.033595
0.795853 0.033595
0.795951 0.033595
0.796050 0.033595
0.796149 0.032848
0.796248 0.032848
0.796346 0.032848
0.796445 0.032102
0.796544 0.032102
0.796643 0.032102
0.796741 0.032102
0.796840 0.032102
0.796939 0.032102
0.797038 0.032102
0.797136 0.032102
0.797235 0.032102
0.797334 0.032102
0.797433 0.032102
0.797531 0.032102
0.797630 0.032102
0.797729 0.032102
0.797828 0.031728
0.797926 0.031728
0.798025 0.031728
0.798124 0.031728
0.798223 0.031728
0.798321 0.031728
0.798420 0.031728
0.798519 0.031728
0.798618 0.031728
0.798716 0.031728
0.798815 0.031728
0.798914 0.031728
0.799013 0.031728
0.799111 0.031728
0.799210 0.031728
0.799309 0.031728
0.799408 0.031728
0.799506 0.031728
0.799605 0.031728
0.799704 0.031728
0.799803 0.031728
0.799901 0.031728
0.800000 0.031728
0.800099 0.031728
0.800198 0.031728
0.800296 0.031728
0.800395 0.031728
0.800494 0.031728
0.800593 0.031728
0.800691 0.031355
0.800790 0.030982
0.800889 0.030982
0.800988 0.030982
0.801086 0.030982
0.801185 0.030982
0.801284 0.030982
0.801383 0.030982
0.801481 0.030982
0.801580 0.030982
0.801679 0.030982
0.801778 0.030982
0.801876 0.030982
0.801975 0.030982
0.802074 0.030982
0.802173 0.030982
0.802271 0.030608
0.802370 0.030608
0.802469 0.030608
0.802568 0.030608
0.802666 0.030608
0.802765 0.030235
0.802864 0.030235
0.802963 0.030235
0.803061 0.030235
0.803160 0.030235
0.803259 0.030235
0.803358 0.030235
0.803456 0.030235
0.803555 0.030235
0.803654 0.030235
0.803753 0.030235
0.803851 0.030235
0.803950 0.030235
0.804049 0.030235
0.804148 0.029862
0.804246 0.029862
0.804345 0.029862
0.804444 0.029862
0.804543 0.029862
0.804641 0.029862
0.804740 0.029862
0.804839 0.029862
0.804938 0.029862
0.805036 0.029862
0.805135 0.029862
0.805234 0.029862
0.805333 0.029862
0.805431 0.029862
0.805530 0.029862
0.805629 0.029489
0.805728 0.029489
0.805826 0.029489
0.805925 0.029489
0.806024 0.029489
0.806123 0.029489
0.806221 0.029489
0.806320 0.029489
0.806419 0.029489
0.806518 0.029489
0.806616 0.029489
0.806715 0.029489
0.806814 0.029489
0.806913 0.029489
0.807011 0.029489
0.807110 0.029489
0.807209 0.029489
0.807308 0.029489
0.807406 0.029489
0.807505 0.029489
0.807604 0.029489
0.807703 0.029489
0.807801 0.029489
0.807900 0.029115
0.807999 0.029115
0.808098 0.029115
0.808196 0.029115
0.808295 0.029115
0.808394 0.029115
0.808493 0.029115
0.808591 0.029115
0.808690 0.029115
0.808789 0.029115
0.808888 0.029115
0.808986 0.029115
0.809085 0.029115
0.809184 0.029115
0.809283 0.029115
0.809381 0.029115
0.809480 0.029115
0.809579 0.029115
0.809678 0.029115
0.809776 0.029115
0.809875 0.029115
0.809974 0.029115
0.810073 0.029115
0.810171 0.029115
0.810270 0.029115
0.810369 0.029115
0.810468 0.029115
0.810566 0.029115
0.810665 0.029115
0.810764 0.029115
0.810863 0.029115
0.810961 0.029115
0.811060 0.029115
0.811159 0.029115
0.811258 0.029115
0.811356 0.029115
0.811455 0.029115
0.811554 0.029115
0.811653 0.029115
0.811751 0.029115
0.811850 0.029115
0.811949 0.029115
0.812048 0.029115
0.812146 0.029115
0.812245 0.029115
0.812344 0.029115
0.812443 0.029115
0.812541 0.029115
0.812640 0.029115
0.812739 0.029115
0.812838 0.028742
0.812936 0.028742
0.813035 0.028742
0.813134 0.028742
0.813233 0.028742
0.813331 0.028742
0.813430 0.028742
0.813529 0.028742
0.813628 0.028742
0.813726 0.028742
0.813825 0.028742
0.813924 0.028742
0.814023 0.028369
0.814121 0.028369
0.814220 0.027622
0.814319 0.027249
0.814418 0.027249
0.814516 0.027249
0.814615 0.027249
0.814714 0.027249
0.814813 0.027249
0.814911 0.027249
0.815010 0.027249
0.815109 0.027249
0.815208 0.027249
0.815306 0.027249
0.815405 0.026876
0.815504 0.026876
0.815603 0.026876
0.815701 0.026876
0.815800 0.026876
0.815899 0.026876
0.815998 0.026876
0.816096 0.026876
0.816195 0.026502
0.816294 0.026502
0.816393 0.026502
0.816491 0.026502
0.816590 0.026502
0.816689 0.026502
0.816788 0.026502
0.816886 0.026502
0.816985 0.026502
0.817084 0.026502
0.817183 0.026502
0.817281 0.026502
0.817380 0.026502
0.817479 0.026502
0.817578 0.026502
0.817676 0.026502
0.817775 0.026502
0.817874 0.026502
0.817973 0.026502
0.818071 0.026502
0.818170 0.026502
0.818269 0.026502
0.818368 0.026502
0.818466 0.026502
0.818565 0.026502
0.818664 0.026502
0.818763 0.026502
0.818861 0.026502
0.818960 0.026502
0.819059 0.026502
0.819158 0.026129
0.819256 0.026129
0.819355 0.026129
0.819454 0.026129
0.819553 0.026129
0.819651 0.026129
0.819750 0.026129
0.819849 0.026129
0.819948 0.026129
0.820046 0.025756
0.820145 0.025756
0.820244 0.025756
0.820343 0.025756
0.820441 0.025756
0.820540 0.025756
0.820639 0.025756
0.820738 0.025756
0.820836 0.025756
0.820935 0.025756
0.821034 0.025756
0.821133 0.025756
0.821231 0.025756
0.821330 0.025756
0.821429 0.025756
0.821528 0.025756
0.821626 0.025756
0.821725 0.025756
0.821824 0.025756
0.821923 0.025756
0.822021 0.025756
0.822120 0.025756
0.822219 0.025756
0.822318 0.025756
0.822416 0.025756
0.822515 0.025756
0.822614 0.025756
0.822713 0.025756
0.822811 0.025756
0.822910 0.025383
0.823009 0.025383
0.823108 0.025383
0.823206 0.025383
0.823305 0.025383
0.823404 0.025383
0.823503 0.025383
0.823601 0.025383
0.823700 0.025383
0.823799 0.025383
0.823898 0.025383
0.823996 0.025383
0.824095 0.025383
0.824194 0.025009
0.824293 0.025009
0.824391 0.025009
0.824490 0.025009
0.824589 0.025009
0.824688 0.025009
0.824786 0.024636
0.824885 0.024636
0.824984 0.024636
0.825083 0.024636
0.825181 0.024636
0.825280 0.024636
0.825379 0.024636
0.825478 0.024636
0.825576 0.024636
0.825675 0.024636
0.825774 0.024636
0.825873 0.024636
0.825971 0.024636
0.826070 0.024636
0.826169 0.024636
0.826268 0.024636
0.826366 0.024636
0.826465 0.024263
0.826564 0.024263
0.826663 0.024263
0.826761 0.024263
0.826860 0.024263
0.826959 0.024263
0.827058 0.024263
0.827156 0.024263
0.827255 0.024263
0.827354 0.024263
0.827453 0.024263
0.827551 0.024263
0.827650 0.024263
0.827749 0.024263
0.827848 0.024263
0.827946 0.024263
0.828045 0.024263
0.828144 0.024263
0.828243 0.023890
0.828341 0.023890
0.828440 0.023516
0.828539 0.023516
0.828638 0.023516
0.828736 0.023516
0.828835 0.023516
0.828934 0.023516
0.829033 0.023516
0.829131 0.023516
0.829230 0.023516
0.829329 0.023516
0.829428 0.023516
0.829526 0.023516
0.829625 0.023516
0.829724 0.023516
0.829823 0.023516
0.829921 0.023516
0.830020 0.023516
0.830119 0.023516
0.830218 0.023516
0.830316 0.023516
0.830415 0.023516
0.830514 0.023516
0.830613 0.023516
0.830711 0.023516
0.830810 0.023516
0.830909 0.023516
0.831008 0.023516
0.831106 0.023516
0.831205 0.023516
0.831304 0.023516
0.831403 0.023516
0.831501 0.023516
0.831600 0.023516
0.831699 0.023516
0.831798 0.023516
0.831896 0.023516
0.831995 0.023516
0.832094 0.023516
0.832193 0.023516
0.832291 0.023516
0.832390 0.023516
0.832489 0.023516
0.832588 0.023516
0.832686 0.023516
0.832785 0.023516
0.832884 0.023516
0.832983 0.023516
0.833081 0.023516
0.833180 0.023516
0.833279 0.023516
0.833378 0.023143
0.833476 0.023143
0.833575 0.023143
0.833674 0.023143
0.833773 0.023143
0.833871 0.023143
0.833970 0.023143
0.834069 0.023143
0.834168 0.023143
0.834266 0.022770
0.834365 0.022770
0.834464 0.022770
0.834563 0.022770
0.834661 0.022396
0.834760 0.022396
0.834859 0.022396
0.834958 0.022396
0.835056 0.022396
0.835155 0.022396
0.835254 0.022396
0.835353 0.022396
0.835451 0.022396
0.835550 0.022396
0.835649 0.022396
0.835748 0.022396
0.835847 0.022396
0.835945 0.022396
0.836044 0.022396
0.836143 0.022396
0.836242 0.022396
0.836340 0.022396
0.836439 0.022396
0.836538 0.022396
0.836637 0.022396
0.836735 0.022396
0.836834 0.022396
0.836933 0.022396
0.837032 0.022396
0.837130 0.022396
0.837229 0.022396
0.837328 0.022396
0.837427 0.022396
0.837525 0.022396
0.837624 0.022396
0.837723 0.022396
0.837822 0.022396
0.837920 0.022396
0.838019 0.022396
0.838118 0.022396
0.838217 0.022396
0.838315 0.022396
0.838414 0.022023
0.838513 0.022023
0.838612 0.022023
0.838710 0.022023
0.838809 0.021650
0.838908 0.021650
0.839007 0.021650
0.839105 0.021650
0.839204 0.021650
0.839303 0.021277
0.839402 0.021277
0.839500 0.020903
0.839599 0.020903
0.839698 0.020903
0.839797 0.020903
0.839895 0.020903
0.839994 0.020903
0.840093 0.020903
0.840192 0.020903
0.840290 0.020903
0.840389 0.020903
0.840488 0.020903
0.840587 0.020903
0.840685 0.020903
0.840784 0.020903
0.840883 0.020903
0.840982 0.020903
0.841080 0.020903
0.841179 0.020903
0.841278 0.020903
0.841377 0.020903
0.841475 0.020903
0.841574 0.020903
0.841673 0.020530
0.841772 0.020530
0.841870 0.020530
0.841969 0.020530
0.842068 0.020530
0.842167 0.020530
0.842265 0.020530
0.842364 0.020530
0.842463 0.020530
0.842562 0.020530
0.842660 0.020530
0.842759 0.020530
0.842858 0.020157
0.842957 0.020157
0.843055 0.019784
0.843154 0.019784
0.843253 0.019784
0.843352 0.019784
0.843450 0.019784
0.843549 0.019784
0.843648 0.019784
0.843747 0.019784
0.843845 0.019784
0.843944 0.019784
0.844043 0.019784
0.844142 0.019784
0.844240 0.019784
0.844339 0.019784
0.844438 0.019784
0.844537 0.019784
0.844635 0.019784
0.844734 0.019784
0.844833 0.019410
0.844932 0.019410
0.845030 0.019410
0.845129 0.019410
0.845228 0.019410
0.845327 0.019410
0.845425 0.019410
0.845524 0.019410
0.845623 0.019410
0.845722 0.019410
0.845820 0.019410
0.845919 0.019410
0.846018 0.019410
0.846117 0.019410
0.846215 0.019410
0.846314 0.019410
0.846413 0.019410
0.846512 0.019410
0.846610 0.019410
0.846709 0.019410
0.846808 0.019410
0.846907 0.019410
0.847005 0.019410
0.847104 0.019410
0.847203 0.019410
0.847302 0.019410
0.847400 0.019410
0.847499 0.019037
0.847598 0.019037
0.847697 0.019037
0.847795 0.019037
0.847894 0.019037
0.847993 0.019037
0.848092 0.019037
0.848190 0.019037
0.848289 0.019037
0.848388 0.019037
0.848487 0.019037
0.848585 0.019037
0.848684 0.019037
0.848783 0.019037
0.848882 0.019037
0.848980 0.018664
0.849079 0.018290
0.849178 0.018290
0.849277 0.018290
0.849375 0.018290
0.849474 0.018290
0.849573 0.018290
0.849672 0.017917
0.849770 0.017917
0.849869 0.017917
0.849968 0.017917
0.850067 0.017917
0.850165 0.017171
0.850264 0.017171
0.850363 0.017171
0.850462 0.017171
0.850560 0.017171
0.850659 0.017171
0.850758 0.017171
0.850857 0.017171
0.850955 0.017171
0.851054 0.017171
0.851153 0.017171
0.851252 0.017171
0.851350 0.017171
0.851449 0.017171
0.851548 0.017171
0.851647 0.016797
0.851745 0.016797
0.851844 0.016797
0.851943 0.016424
0.852042 0.016424
0.852140 0.016424
0.852239 0.016424
0.852338 0.016424
0.852437 0.016424
0.852535 0.016424
0.852634 0.016424
0.852733 0.016424
0.852832 0.016051
0.852930 0.016051
0.853029 0.016051
0.853128 0.016051
0.853227 0.016051
0.853325 0.016051
0.853424 0.016051
0.853523 0.016051
0.853622 0.016051
0.853720 0.015677
0.853819 0.015677
0.853918 0.015677
0.854017 0.014931
0.854115 0.014931
0.854214 0.014931
0.854313 0.014931
0.854412 0.014931
0.854510 0.014931
0.854609 0.014931
0.854708 0.014931
0.854807 0.014931
0.854905 0.014931
0.855004 0.014931
0.855103 0.014931
0.855202 0.014931
0.855300 0.014931
0.855399 0.014931
0.855498 0.014931
0.855597 0.014931
0.855695 0.014931
0.855794 0.014931
0.855893 0.014931
0.855992 0.014931
0.856090 0.014931
0.856189 0.014931
0.856288 0.014931
0.856387 0.014931
0.856485 0.014931
0.856584 0.014931
0.856683 0.014558
0.856782 0.014558
0.856880 0.014558
0.856979 0.014558
0.857078 0.014558
0.857177 0.014558
0.857275 0.014558
0.857374 0.014558
0.857473 0.014558
0.857572 0.014184
0.857670 0.014184
0.857769 0.014184
0.857868 0.013811
0.857967 0.013438
0.858065 0.013438
0.858164 0.013438
0.858263 0.013438
0.858362 0.013438
0.858460 0.013438
0.858559 0.013438
0.858658 0.013438
0.858757 0.013438
0.858855 0.013438
0.858954 0.013438
0.859053 0.013438
0.859152 0.013438
0.859250 0.013438
0.859349 0.013438
0.859448 0.013438
0.859547 0.013438
0.859645 0.013438
0.859744 0.013438
0.859843 0.013438
0.859942 0.013065
0.860040 0.013065
0.860139 0.013065
0.860238 0.013065
0.860337 0.013065
0.860435 0.013065
0.860534 0.013065
0.860633 0.013065
0.860732 0.013065
0.860830 0.013065
0.860929 0.013065
0.861028 0.013065
0.861127 0.013065
0.861225 0.013065
0.861324 0.013065
0.861423 0.013065
0.861522 0.013065
0.861620 0.013065
0.861719 0.013065
0.861818 0.013065
0.861917 0.013065
0.862015 0.013065
0.862114 0.013065
0.862213 0.013065
0.862312 0.013065
0.862410 0.013065
0.862509 0.013065
0.862608 0.013065
0.862707 0.013065
0.862805 0.013065
0.862904 0.013065
0.863003 0.013065
0.863102 0.013065
0.863200 0.013065
0.863299 0.013065
0.863398 0.012691
0.863497 0.012691
0.863595 0.012318
0.863694 0.012318
0.863793 0.012318
0.863892 0.012318
0.863990 0.012318
0.864089 0.012318
0.864188 0.012318
0.864287 0.012318
0.864385 0.012318
0.864484 0.012318
0.864583 0.012318
0.864682 0.012318
0.864780 0.012318
0.864879 0.012318
0.864978 0.012318
0.865077 0.012318
0.865175 0.012318
0.865274 0.011945
0.865373 0.011945
0.865472 0.011945
0.865570 0.011945
0.865669 0.011945
0.865768 0.011945
0.865867 0.011945
0.865965 0.011945
0.866064 0.011945
0.866163 0.011945
0.866262 0.011945
0.866360 0.011945
0.866459 0.011945
0.866558 0.011945
0.866657 0.011945
0.866755 0.011945
0.866854 0.011945
0.866953 0.011571
0.867052 0.011571
0.867150 0.011571
0.867249 0.011571
0.867348 0.011571
0.867447 0.011571
0.867545 0.011571
0.867644 0.011571
0.867743 0.011571
0.867842 0.011571
0.867940 0.011571
0.868039 0.011571
0.868138 0.011571
0.868237 0.011571
0.868335 0.011571
0.868434 0.011571
0.868533 0.011571
0.868632 0.011198
0.868730 0.011198
0.868829 0.011198
0.868928 0.011198
0.869027 0.011198
0.869125 0.011198
0.869224 0.011198
0.869323 0.011198
0.869422 0.011198
0.869520 0.011198
0.869619 0.011198
0.869718 0.010825
0.869817 0.010452
0.869915 0.010452
0.870014 0.010452
0.870113 0.010452
0.870212 0.010452
0.870310 0.010452
0.870409 0.010452
0.870508 0.010452
0.870607 0.010452
0.870705 0.010452
0.870804 0.010452
0.870903 0.010452
0.871002 0.010078
0.871100 0.010078
0.871199 0.010078
0.871298 0.010078
0.871397 0.010078
0.871495 0.010078
0.871594 0.010078
0.871693 0.010078
0.871792 0.010078
0.871890 0.010078
0.871989 0.010078
0.872088 0.010078
0.872187 0.010078
0.872285 0.010078
0.872384 0.010078
0.872483 0.010078
0.872582 0.010078
0.872680 0.010078
0.872779 0.010078
0.872878 0.010078
0.872977 0.010078
0.873075 0.010078
0.873174 0.010078
0.873273 0.010078
0.873372 0.010078
0.873470 0.010078
0.873569 0.010078
0.873668 0.010078
0.873767 0.010078
0.873865 0.009705
0.873964 0.009705
0.874063 0.009332
0.874162 0.009332
0.874260 0.009332
0.874359 0.009332
0.874458 0.009332
0.874557 0.009332
0.874655 0.009332
0.874754 0.009332
0.874853 0.009332
0.874952 0.009332
0.875050 0.009332
0.875149 0.009332
0.875248 0.009332
0.875347 0.009332
0.875445 0.009332
0.875544 0.009332
0.875643 0.009332
0.875742 0.009332
0.875840 0.009332
0.875939 0.009332
0.876038 0.009332
0.876137 0.009332
0.876235 0.009332
0.876334 0.009332
0.876433 0.009332
0.876532 0.009332
0.876631 0.009332
0.876729 0.009332
0.876828 0.009332
0.876927 0.009332
0.877026 0.009332
0.877124 0.009332
0.877223 0.009332
0.877322 0.009332
0.877421 0.009332
0.877519 0.009332
0.877618 0.009332
0.877717 0.009332
0.877816 0.009332
0.877914 0.009332
0.878013 0.009332
0.878112 0.009332
0.878211 0.009332
0.878309 0.009332
0.878408 0.009332
0.878507 0.009332
0.878606 0.008959
0.878704 0.008959
0.878803 0.008959
0.878902 0.008959
0.879001 0.008959
0.879099 0.008959
0.879198 0.008959
0.879297 0.008959
0.879396 0.008959
0.879494 0.008959
0.879593 0.008959
0.879692 0.008959
0.879791 0.008959
0.879889 0.008959
0.879988 0.008959
0.880087 0.008959
0.880186 0.008959
0.880284 0.008959
0.880383 0.008959
0.880482 0.008959
0.880581 0.008959
0.880679 0.008959
0.880778 0.008959
0.880877 0.008959
0.880976 0.008959
0.881074 0.008959
0.881173 0.008959
0.881272 0.008959
0.881371 0.008959
0.881469 0.008585
0.881568 0.008585
0.881667 0.008585
0.881766 0.008585
0.881864 0.008585
0.881963 0.008585
0.882062 0.008585
0.882161 0.008585
0.882259 0.008585
0.882358 0.008585
0.882457 0.008585
0.882556 0.008585
0.882654 0.008585
0.882753 0.008585
0.882852 0.008585
0.882951 0.008585
0.883049 0.008585
0.883148 0.008585
0.883247 0.008585
0.883346 0.008585
0.883444 0.008585
0.883543 0.008585
0.883642 0.008585
0.883741 0.008585
0.883839 0.008585
0.883938 0.008585
0.884037 0.008585
0.884136 0.008585
0.884234 0.008585
0.884333 0.008585
0.884432 0.008585
0.884531 0.008585
0.884629 0.008585
0.884728 0.008585
0.884827 0.008585
0.884926 0.008585
0.885024 0.008585
0.885123 0.008585
0.885222 0.008585
0.885321 0.008585
0.885419 0.008585
0.885518 0.008585
0.885617 0.008585
0.885716 0.008585
0.885814 0.008585
0.885913 0.008585
0.886012 0.008585
0.886111 0.008585
0.886209 0.008585
0.886308 0.008585
0.886407 0.008585
0.886506 0.008585
0.886604 0.008585
0.886703 0.008585
0.886802 0.008585
0.886901 0.008585
0.886999 0.008585
0.887098 0.008585
0.887197 0.008585
0.887296 0.008585
0.887394 0.008585
0.887493 0.008585
0.887592 0.008585
0.887691 0.008585
0.887789 0.008585
0.887888 0.008585
0.887987 0.008585
0.888086 0.008585
0.888184 0.008585
0.888283 0.008585
0.888382 0.008585
0.888481 0.008585
0.888579 0.008585
0.888678 0.008585
0.888777 0.008585
0.888876 0.008585
0.888974 0.008585
0.889073 0.008585
0.889172 0.008585
0.889271 0.008585
0.889369 0.008585
0.889468 0.008585
0.889567 0.008585
0.889666 0.008585
0.889764 0.008585
0.889863 0.008585
0.889962 0.008585
0.890061 0.008585
0.890159 0.008585
0.890258 0.008585
0.890357 0.008585
0.890456 0.008585
0.890554 0.008585
0.890653 0.008585
0.890752 0.008585
0.890851 0.008585
0.890949 0.008585
0.891048 0.008585
0.891147 0.008585
0.891246 0.008585
0.891344 0.008585
0.891443 0.008585
0.891542 0.008585
0.891641 0.008585
0.891739 0.008585
0.891838 0.008585
0.891937 0.008585
0.892036 0.008585
0.892134 0.008585
0.892233 0.008212
0.892332 0.008212
0.892431 0.008212
0.892529 0.008212
0.892628 0.008212
0.892727 0.008212
0.892826 0.008212
0.892924 0.008212
0.893023 0.008212
0.893122 0.008212
0.893221 0.008212
0.893319 0.008212
0.893418 0.008212
0.893517 0.008212
0.893616 0.008212
0.893714 0.008212
0.893813 0.008212
0.893912 0.008212
0.894011 0.008212
0.894109 0.008212
0.894208 0.008212
0.894307 0.008212
0.894406 0.008212
0.894504 0.008212
0.894603 0.008212
0.894702 0.008212
0.894801 0.008212
0.894899 0.008212
0.894998 0.008212
0.895097 0.008212
0.895196 0.008212
0.895294 0.008212
0.895393 0.008212
0.895492 0.008212
0.895591 0.008212
0.895689 0.008212
0.895788 0.008212
0.895887 0.008212
0.895986 0.008212
0.896084 0.008212
0.896183 0.008212
0.896282 0.008212
0.896381 0.008212
0.896479 0.008212
0.896578 0.008212
0.896677 0.008212
0.896776 0.008212
0.896874 0.007839
0.896973 0.007839
0.897072 0.007839
0.897171 0.007839
0.897269 0.007839
0.897368 0.007839
0.897467 0.007839
0.897566 0.007839
0.897664 0.007839
0.897763 0.007839
0.897862 0.007839
0.897961 0.007839
0.898059 0.007839
0.898158 0.007839
0.898257 0.007839
0.898356 0.007839
0.898454 0.007465
0.898553 0.007465
0.898652 0.007092
0.898751 0.007092
0.898849 0.007092
0.898948 0.007092
0.899047 0.006719
0.899146 0.006719
0.899244 0.006719
0.899343 0.006346
0.899442 0.006346
0.899541 0.006346
0.899639 0.006346
0.899738 0.006346
0.899837 0.006346
0.899936 0.006346
0.900034 0.006346
0.900133 0.006346
0.900232 0.006346
0.900331 0.006346
0.900429 0.006346
0.900528 0.006346
0.900627 0.006346
0.900726 0.006346
0.900824 0.006346
0.900923 0.006346
0.901022 0.006346
0.901121 0.006346
0.901219 0.006346
0.901318 0.006346
0.901417 0.006346
0.901516 0.006346
0.901614 0.006346
0.901713 0.006346
0.901812 0.006346
0.901911 0.006346
0.902009 0.006346
0.902108 0.006346
0.902207 0.005972
0.902306 0.005972
0.902404 0.005972
0.902503 0.005972
0.902602 0.005972
0.902701 0.005972
0.902799 0.005972
0.902898 0.005972
0.902997 0.005972
0.903096 0.005972
0.903194 0.005972
0.903293 0.005972
0.903392 0.005599
0.903491 0.005599
0.903589 0.005599
0.903688 0.005599
0.903787 0.005599
0.903886 0.005599
0.903984 0.005599
0.904083 0.005599
0.904182 0.005599
0.904281 0.005599
0.904379 0.005599
0.904478 0.005599
0.904577 0.005599
0.904676 0.005599
0.904774 0.005599
0.904873 0.005599
0.904972 0.005599
0.905071 0.005599
0.905169 0.005599
0.905268 0.005599
0.905367 0.005599
0.905466 0.005599
0.905564 0.005599
0.905663 0.005599
0.905762 0.005599
0.905861 0.005599
0.905959 0.005599
0.906058 0.005599
0.906157 0.005599
0.906256 0.005599
0.906354 0.005599
0.906453 0.005599
0.906552 0.005599
0.906651 0.005599
0.906749 0.005599
0.906848 0.005599
0.906947 0.005599
0.907046 0.005599
0.907144 0.005599
0.907243 0.005599
0.907342 0.005599
0.907441 0.005599
0.907539 0.005599
0.907638 0.005599
0.907737 0.005599
0.907836 0.005599
0.907934 0.005599
0.908033 0.005599
0.908132 0.005599
0.908231 0.005599
0.908329 0.005599
0.908428 0.005599
0.908527 0.005599
0.908626 0.005599
0.908724 0.005599
0.908823 0.005599
0.908922 0.005599
0.909021 0.005599
0.909119 0.005599
0.909218 0.005599
0.909317 0.005599
0.909416 0.005599
0.909514 0.005599
0.909613 0.005599
0.909712 0.005599
0.909811 0.005599
0.909909 0.005599
0.910008 0.005599
0.910107 0.005599
0.910206 0.005599
0.910304 0.005599
0.910403 0.005599
0.910502 0.005599
0.910601 0.005599
0.910699 0.005599
0.910798 0.005599
0.910897 0.005599
0.910996 0.005599
0.911094 0.005599
0.911193 0.005599
0.911292 0.005599
0.911391 0.005599
0.911489 0.005599
0.911588 0.005599
0.911687 0.005599
0.911786 0.005599
0.911884 0.005599
0.911983 0.005599
0.912082 0.005599
0.912181 0.005599
0.912279 0.005599
0.912378 0.005599
0.912477 0.005599
0.912576 0.005599
0.912674 0.005599
0.912773 0.005599
0.912872 0.005599
0.912971 0.005599
0.913069 0.005599
0.913168 0.005599
0.913267 0.005599
0.913366 0.005599
0.913464 0.005599
0.913563 0.005599
0.913662 0.005599
0.913761 0.005599
0.913859 0.005599
0.913958 0.005599
0.914057 0.005599
0.914156 0.005599
0.914254 0.005599
0.914353 0.005599
0.914452 0.005599
0.914551 0.005226
0.914649 0.005226
0.914748 0.005226
0.914847 0.005226
0.914946 0.005226
0.915044 0.005226
0.915143 0.005226
0.915242 0.005226
0.915341 0.005226
0.915439 0.005226
0.915538 0.005226
0.915637 0.005226
0.915736 0.005226
0.915834 0.005226
0.915933 0.005226
0.916032 0.005226
0.916131 0.005226
0.916229 0.005226
0.916328 0.005226
0.916427 0.005226
0.916526 0.005226
0.916624 0.005226
0.916723 0.005226
0.916822 0.005226
0.916921 0.005226
0.917020 0.005226
0.917118 0.005226
0.917217 0.004853
0.917316 0.004853
0.917415 0.004853
0.917513 0.004853
0.917612 0.004853
0.917711 0.004853
0.917810 0.004853
0.917908 0.004853
0.918007 0.004853
0.918106 0.004853
0.918205 0.004853
0.918303 0.004853
0.918402 0.004853
0.918501 0.004853
0.918600 0.004853
0.918698 0.004853
0.918797 0.004853
0.918896 0.004853
0.918995 0.004853
0.919093 0.004853
0.919192 0.004853
0.919291 0.004853
0.919390 0.004853
0.919488 0.004853
0.919587 0.004853
0.919686 0.004853
0.919785 0.004853
0.919883 0.004853
0.919982 0.004853
0.920081 0.004853
0.920180 0.004853
0.920278 0.004853
0.920377 0.004853
0.920476 0.004853
0.920575 0.004853
0.920673 0.004853
0.920772 0.004853
0.920871 0.004853
0.920970 0.004853
0.921068 0.004853
0.921167 0.004853
0.921266 0.004853
0.921365 0.004853
0.921463 0.004853
0.921562 0.004853
0.921661 0.004853
0.921760 0.004853
0.921858 0.004853
0.921957 0.004853
0.922056 0.004853
0.922155 0.004853
0.922253 0.004853
0.922352 0.004853
0.922451 0.004853
0.922550 0.004853
0.922648 0.004853
0.922747 0.004479
0.922846 0.004479
0.922945 0.004479
0.923043 0.004479
0.923142 0.004479
0.923241 0.004479
0.923340 0.004479
0.923438 0.004479
0.923537 0.004479
0.923636 0.004479
0.923735 0.004479
0.923833 0.004479
0.923932 0.004479
0.924031 0.004479
0.924130 0.004479
0.924228 0.004106
0.924327 0.004106
0.924426 0.004106
0.924525 0.004106
0.924623 0.004106
0.924722 0.004106
0.924821 0.004106
0.924920 0.004106
0.925018 0.004106
0.925117 0.004106
0.925216 0.004106
0.925315 0.004106
0.925413 0.004106
0.925512 0.004106
0.925611 0.004106
0.925710 0.004106
0.925808 0.004106
0.925907 0.004106
0.926006 0.004106
0.926105 0.004106
0.926203 0.004106
0.926302 0.004106
0.926401 0.004106
0.926500 0.004106
0.926598 0.004106
0.926697 0.003733
0.926796 0.003733
0.926895 0.003733
0.926993 0.003733
0.927092 0.003733
0.927191 0.003733
0.927290 0.003733
0.927388 0.003733
0.927487 0.003733
0.927586 0.003733
0.927685 0.003733
0.927783 0.003733
0.927882 0.003733
0.927981 0.003733
0.928080 0.003733
0.928178 0.003733
0.928277 0.003733
0.928376 0.003733
0.928475 0.003733
0.928573 0.003733
0.928672 0.003733
0.928771 0.003733
0.928870 0.003733
0.928968 0.003733
0.929067 0.003733
0.929166 0.003733
0.929265 0.003733
0.929363 0.003733
0.929462 0.003733
0.929561 0.003733
0.929660 0.003733
0.929758 0.003733
0.929857 0.003359
0.929956 0.003359
0.930055 0.003359
0.930153 0.003359
0.930252 0.003359
0.930351 0.003359
0.930450 0.003359
0.930548 0.003359
0.930647 0.003359
0.930746 0.003359
0.930845 0.002986
0.930943 0.002986
0.931042 0.002986
0.931141 0.002986
0.931240 0.002986
0.931338 0.002986
0.931437 0.002986
0.931536 0.002986
0.931635 0.002613
0.931733 0.002613
0.931832 0.002613
0.931931 0.002613
0.932030 0.002613
0.932128 0.002613
0.932227 0.002613
0.932326 0.002613
0.932425 0.002613
0.932523 0.002613
0.932622 0.002613
0.932721 0.002613
0.932820 0.002613
0.932918 0.002613
0.933017 0.002613
0.933116 0.002613
0.933215 0.002613
0.933313 0.002613
0.933412 0.002613
0.933511 0.002613
0.933610 0.002613
0.933708 0.002613
0.933807 0.002613
0.933906 0.002613
0.934005 0.002613
0.934103 0.002613
0.934202 0.002613
0.934301 0.002613
0.934400 0.002613
0.934498 0.002613
0.934597 0.002613
0.934696 0.002613
0.934795 0.002613
0.934893 0.002613
0.934992 0.002613
0.935091 0.002613
0.935190 0.002613
0.935288 0.002613
0.935387 0.002613
0.935486 0.002613
0.935585 0.002613
0.935683 0.002613
0.935782 0.002613
0.935881 0.002613
0.935980 0.002613
0.936078 0.002613
0.936177 0.002613
0.936276 0.002613
0.936375 0.002613
0.936473 0.002613
0.936572 0.002613
0.936671 0.002613
0.936770 0.002613
0.936868 0.002613
0.936967 0.002613
0.937066 0.002613
0.937165 0.002613
0.937263 0.002613
0.937362 0.002613
0.937461 0.002613
0.937560 0.002613
0.937658 0.002613
0.937757 0.002613
0.937856 0.002613
0.937955 0.002613
0.938053 0.002613
0.938152 0.002613
0.938251 0.002613
0.938350 0.002613
0.938448 0.002613
0.938547 0.002613
0.938646 0.002613
0.938745 0.002613
0.938843 0.002613
0.938942 0.002613
0.939041 0.002613
0.939140 0.002613
0.939238 0.002613
0.939337 0.002613
0.939436 0.002613
0.939535 0.002613
0.939633 0.002613
0.939732 0.002613
0.939831 0.002613
0.939930 0.002613
0.940028 0.002613
0.940127 0.002613
0.940226 0.002613
0.940325 0.002613
0.940423 0.002613
0.940522 0.002613
0.940621 0.002613
0.940720 0.002613
0.940818 0.002613
0.940917 0.002613
0.941016 0.002613
0.941115 0.002613
0.941213 0.002613
0.941312 0.002613
0.941411 0.002613
0.941510 0.002613
0.941608 0.002613
0.941707 0.002613
0.941806 0.002613
0.941905 0.002613
0.942003 0.002613
0.942102 0.002613
0.942201 0.002613
0.942300 0.002613
0.942398 0.002613
0.942497 0.002613
0.942596 0.002613
0.942695 0.002613
0.942793 0.002613
0.942892 0.002613
0.942991 0.002613
0.943090 0.002613
0.943188 0.002613
0.943287 0.002613
0.943386 0.002613
0.943485 0.002613
0.943583 0.002613
0.943682 0.002613
0.943781 0.002613
0.943880 0.002613
0.943978 0.002613
0.944077 0.002613
0.944176 0.002613
0.944275 0.002613
0.944373 0.002613
0.944472 0.002613
0.944571 0.002613
0.944670 0.002613
0.944768 0.002613
0.944867 0.002613
0.944966 0.002613
0.945065 0.002613
0.945163 0.002613
0.945262 0.002613
0.945361 0.002613
0.945460 0.002613
0.945558 0.002613
0.945657 0.002613
0.945756 0.002613
0.945855 0.002613
0.945953 0.002613
0.946052 0.002613
0.946151 0.002613
0.946250 0.002613
0.946348 0.002613
0.946447 0.002613
0.946546 0.002613
0.946645 0.002613
0.946743 0.002613
0.946842 0.002613
0.946941 0.002613
0.947040 0.002613
0.947138 0.002613
0.947237 0.002613
0.947336 0.002613
0.947435 0.002613
0.947533 0.002613
0.947632 0.002613
0.947731 0.002613
0.947830 0.002613
0.947928 0.002613
0.948027 0.002613
0.948126 0.002613
0.948225 0.002613
0.948323 0.002613
0.948422 0.002613
0.948521 0.002613
0.948620 0.002613
0.948718 0.002613
0.948817 0.002613
0.948916 0.002613
0.949015 0.002613
0.949113 0.002613
0.949212 0.002613
0.949311 0.002613
0.949410 0.002613
0.949508 0.002613
0.949607 0.002613
0.949706 0.002613
0.949805 0.002613
0.949903 0.002613
0.950002 0.002613
0.950101 0.002613
0.950200 0.002613
0.950298 0.002613
0.950397 0.002613
0.950496 0.002613
0.950595 0.002613
0.950693 0.002613
0.950792 0.002613
0.950891 0.002613
0.950990 0.002613
0.951088 0.002613
0.951187 0.002613
0.951286 0.002613
0.951385 0.002613
0.951483 0.002613
0.951582 0.002613
0.951681 0.002613
0.951780 0.002613
0.951878 0.002613
0.951977 0.002613
0.952076 0.002613
0.952175 0.002613
0.952273 0.002613
0.952372 0.002613
0.952471 0.002613
0.952570 0.002613
0.952668 0.002613
0.952767 0.002613
0.952866 0.002613
0.952965 0.002613
0.953063 0.002613
0.953162 0.002613
0.953261 0.002613
0.953360 0.002613
0.953458 0.002613
0.953557 0.002613
0.953656 0.002613
0.953755 0.002613
0.953853 0.002613
0.953952 0.002613
0.954051 0.002613
0.954150 0.002613
0.954248 0.002240
0.954347 0.002240
0.954446 0.002240
0.954545 0.002240
0.954643 0.002240
0.954742 0.001866
0.954841 0.001866
0.954940 0.001866
0.955038 0.001866
0.955137 0.001493
0.955236 0.001493
0.955335 0.001493
0.955433 0.001493
0.955532 0.001493
0.955631 0.001493
0.955730 0.001493
0.955828 0.001493
0.955927 0.001493
0.956026 0.001493
0.956125 0.001493
0.956223 0.001493
0.956322 0.001493
0.956421 0.001493
0.956520 0.001493
0.956618 0.001493
0.956717 0.001493
0.956816 0.001493
0.956915 0.001493
0.957013 0.001493
0.957112 0.001493
0.957211 0.001493
0.957310 0.001493
0.957408 0.001493
0.957507 0.001493
0.957606 0.001493
0.957705 0.001493
0.957804 0.001493
0.957902 0.001493
0.958001 0.001493
0.958100 0.001493
0.958199 0.001493
0.958297 0.001493
0.958396 0.001493
0.958495 0.001493
0.958594 0.001493
0.958692 0.001493
0.958791 0.001493
0.958890 0.001493
0.958989 0.001120
0.959087 0.001120
0.959186 0.001120
0.959285 0.001120
0.959384 0.001120
0.959482 0.001120
0.959581 0.001120
0.959680 0.001120
0.959779 0.001120
0.959877 0.001120
0.959976 0.001120
0.960075 0.001120
0.960174 0.001120
0.960272 0.001120
0.960371 0.001120
0.960470 0.001120
0.960569 0.001120
0.960667 0.001120
0.960766 0.001120
0.960865 0.001120
0.960964 0.001120
0.961062 0.001120
0.961161 0.001120
0.961260 0.001120
0.961359 0.001120
0.961457 0.001120
0.961556 0.001120
0.961655 0.001120
0.961754 0.001120
0.961852 0.001120
0.961951 0.001120
0.962050 0.001120
0.962149 0.001120
0.962247 0.001120
0.962346 0.001120
0.962445 0.001120
0.962544 0.001120
0.962642 0.001120
0.962741 0.001120
0.962840 0.001120
0.962939 0.001120
0.963037 0.001120
0.963136 0.001120
0.963235 0.001120
0.963334 0.001120
0.963432 0.001120
0.963531 0.001120
0.963630 0.001120
0.963729 0.001120
0.963827 0.001120
0.963926 0.001120
0.964025 0.001120
0.964124 0.001120
0.964222 0.001120
0.964321 0.001120
0.964420 0.001120
0.964519 0.001120
0.964617 0.001120
0.964716 0.001120
0.964815 0.001120
0.964914 0.001120
0.965012 0.001120
0.965111 0.001120
0.965210 0.001120
0.965309 0.001120
0.965407 0.001120
0.965506 0.001120
0.965605 0.001120
0.965704 0.001120
0.965802 0.001120
0.965901 0.001120
0.966000 0.001120
0.966099 0.001120
0.966197 0.001120
0.966296 0.001120
0.966395 0.001120
0.966494 0.001120
0.966592 0.001120
0.966691 0.001120
0.966790 0.001120
0.966889 0.001120
0.966987 0.001120
0.967086 0.001120
0.967185 0.001120
0.967284 0.001120
0.967382 0.001120
0.967481 0.001120
0.967580 0.001120
0.967679 0.001120
0.967777 0.001120
0.967876 0.001120
0.967975 0.001120
0.968074 0.001120
0.968172 0.001120
0.968271 0.001120
0.968370 0.001120
0.968469 0.001120
0.968567 0.001120
0.968666 0.001120
0.968765 0.001120
0.968864 0.001120
0.968962 0.001120
0.969061 0.001120
0.969160 0.001120
0.969259 0.001120
0.969357 0.001120
0.969456 0.001120
0.969555 0.001120
0.969654 0.001120
0.969752 0.001120
0.969851 0.001120
0.969950 0.001120
0.970049 0.001120
0.970147 0.001120
0.970246 0.001120
0.970345 0.001120
0.970444 0.001120
0.970542 0.001120
0.970641 0.001120
0.970740 0.001120
0.970839 0.000747
0.970937 0.000747
0.971036 0.000747
0.971135 0.000747
0.971234 0.000747
0.971332 0.000747
0.971431 0.000373
0.971530 0.000373
0.971629 0.000373
0.971727 0.000373
0.971826 0.000373
0.971925 0.000373
0.972024 0.000373
0.972122 0.000373
0.972221 0.000373
0.972320 0.000373
0.972419 0.000373
0.972517 0.000373
0.972616 0.000373
0.972715 0.000373
0.972814 0.000373
0.972912 0.000373
0.973011 0.000373
0.973110 0.000373
0.973209 0.000373
0.973307 0.000373
0.973406 0.000373
0.973505 0.000373
0.973604 0.000373
0.973702 0.000373
0.973801 0.000373
0.973900 0.000373
0.973999 0.000373
0.974097 0.000373
0.974196 0.000373
0.974295 0.000373
0.974394 0.000373
0.974492 0.000373
0.974591 0.000373
0.974690 0.000373
0.974789 0.000373
0.974887 0.000373
0.974986 0.000373
0.975085 0.000373
0.975184 0.000373
0.975282 0.000373
0.975381 0.000373
0.975480 0.000373
0.975579 0.000373
0.975677 0.000373
0.975776 0.000373
0.975875 0.000373
0.975974 0.000373
0.976072 0.000373
0.976171 0.000373
0.976270 0.000373
0.976369 0.000373
0.976467 0.000373
0.976566 0.000373
0.976665 0.000373
0.976764 0.000373
0.976862 0.000373
0.976961 0.000373
0.977060 0.000373
0.977159 0.000373
0.977257 0.000373
0.977356 0.000373
0.977455 0.000373
0.977554 0.000373
0.977652 0.000373
0.977751 0.000373
0.977850 0.000373
0.977949 0.000373
0.978047 0.000373
0.978146 0.000373
0.978245 0.000373
0.978344 0.000373
0.978442 0.000373
0.978541 0.000373
0.978640 0.000373
0.978739 0.000373
0.978837 0.000373
0.978936 0.000373
0.979035 0.000373
0.979134 0.000373
0.979232 0.000373
0.979331 0.000373
0.979430 0.000373
0.979529 0.000373
0.979627 0.000373
0.979726 0.000373
0.979825 0.000373
0.979924 0.000373
0.980022 0.000373
0.980121 0.000373
0.980220 0.000373
0.980319 0.000373
0.980417 0.000373
0.980516 0.000373
0.980615 0.000373
0.980714 0.000373
0.980812 0.000373
0.980911 0.000373
0.981010 0.000373
0.981109 0.000373
0.981207 0.000373
0.981306 0.000373
0.981405 0.000373
0.981504 0.000373
0.981602 0.000373
0.981701 0.000373
0.981800 0.000373
0.981899 0.000373
0.981997 0.000373
0.982096 0.000373
0.982195 0.000373
0.982294 0.000373
0.982392 0.000373
0.982491 0.000373
0.982590 0.000373
0.982689 0.000373
0.982787 0.000373
0.982886 0.000373
0.982985 0.000373
0.983084 0.000000
0.983182 0.000000
0.983281 0.000000
0.983380 0.000000
0.983479 0.000000
0.983577 0.000000
0.983676 0.000000
0.983775 0.000000
0.983874 0.000000
0.983972 0.000000
0.984071 0.000000
0.984170 0.000000
0.984269 0.000000
0.984367 0.000000
0.984466 0.000000
0.984565 0.000000
0.984664 0.000000
0.984762 0.000000
0.984861 0.000000
0.984960 0.000000
0.985059 0.000000
0.985157 0.000000
0.985256 0.000000
0.985355 0.000000
0.985454 0.000000
0.985552 0.000000
0.985651 0.000000
0.985750 0.000000
0.985849 0.000000
0.985947 0.000000
0.986046 0.000000
0.986145 0.000000
0.986244 0.000000
0.986342 0.000000
0.986441 0.000000
0.986540 0.000000
0.986639 0.000000
0.986737 0.000000
0.986836 0.000000
0.986935 0.000000
0.987034 0.000000
0.987132 0.000000
0.987231 0.000000
0.987330 0.000000
0.987429 0.000000
0.987527 0.000000
0.987626 0.000000
0.987725 0.000000
0.987824 0.000000
0.987922 0.000000
0.988021 0.000000
0.988120 0.000000
0.988219 0.000000
0.988317 0.000000
0.988416 0.000000
0.988515 0.000000
0.988614 0.000000
0.988712 0.000000
0.988811 0.000000
0.988910 0.000000
0.989009 0.000000
0.989107 0.000000
0.989206 0.000000
0.989305 0.000000
0.989404 0.000000
0.989502 0.000000
0.989601 0.000000
0.989700 0.000000
0.989799 0.000000
0.989897 0.000000
0.989996 0.000000
0.990095 0.000000
0.990194 0.000000
0.990292 0.000000
0.990391 0.000000
0.990490 0.000000
0.990589 0.000000
0.990687 0.000000
0.990786 0.000000
0.990885 0.000000
0.990984 0.000000
0.991082 0.000000
0.991181 0.000000
0.991280 0.000000
0.991379 0.000000
0.991477 0.000000
0.991576 0.000000
0.991675 0.000000
0.991774 0.000000
0.991872 0.000000
0.991971 0.000000
0.992070 0.000000
0.992169 0.000000
0.992267 0.000000
0.992366 0.000000
0.992465 0.000000
0.992564 0.000000
0.992662 0.000000
0.992761 0.000000
0.992860 0.000000
0.992959 0.000000
0.993057 0.000000
0.993156 0.000000
0.993255 0.000000
0.993354 0.000000
0.993452 0.000000
0.993551 0.000000
0.993650 0.000000
0.993749 0.000000
0.993847 0.000000
0.993946 0.000000
0.994045 0.000000
0.994144 0.000000
0.994242 0.000000
0.994341 0.000000
0.994440 0.000000
0.994539 0.000000
0.994637 0.000000
0.994736 0.000000
0.994835 0.000000
0.994934 0.000000
0.995032 0.000000
0.995131 0.000000
0.995230 0.000000
0.995329 0.000000
0.995427 0.000000
0.995526 0.000000
0.995625 0.000000
0.995724 0.000000
0.995822 0.000000
0.995921 0.000000
0.996020 0.000000
0.996119 0.000000
0.996217 0.000000
0.996316 0.000000
0.996415 0.000000
0.996514 0.000000
0.996612 0.000000
