# Threshold Efficiency
0.001004 0.999772
0.001103 0.999772
0.001203 0.999772
0.001302 0.999772
0.001402 0.999772
0.001501 0.999543
0.001601 0.999543
0.001700 0.999543
0.001800 0.999543
0.001899 0.999543
0.001999 0.999543
0.002098 0.999543
0.002198 0.999543
0.002297 0.999543
0.002397 0.999543
0.002496 0.999543
0.002596 0.999543
0.002695 0.999543
0.002795 0.999543
0.002894 0.999543
0.002994 0.999543
0.003093 0.999543
0.003193 0.999543
0.003292 0.999543
0.003392 0.999543
0.003491 0.999315
0.003591 0.999315
0.003690 0.999315
0.003790 0.999087
0.003889 0.999087
0.003989 0.999087
0.004088 0.999087
0.004188 0.999087
0.004287 0.998859
0.004387 0.998859
0.004486 0.998859
0.004586 0.998859
0.004685 0.998859
0.004785 0.998859
0.004884 0.998859
0.004984 0.998174
0.005083 0.998174
0.005183 0.997946
0.005282 0.997946
0.005382 0.997946
0.005481 0.997489
0.005581 0.997261
0.005680 0.997261
0.005780 0.997261
0.005879 0.997261
0.005979 0.997033
0.006078 0.997033
0.006178 0.996804
0.006277 0.996804
0.006377 0.996576
0.006476 0.996348
0.006576 0.996348
0.006675 0.996120
0.006775 0.996120
0.006874 0.996120
0.006974 0.996120
0.007073 0.995891
0.007173 0.995891
0.007272 0.995891
0.007372 0.995891
0.007471 0.995891
0.007571 0.995891
0.007670 0.995435
0.007770 0.995207
0.007869 0.995207
0.007969 0.995207
0.008068 0.994978
0.008168 0.994978
0.008267 0.994750
0.008367 0.994750
0.008466 0.994750
0.008566 0.994522
0.008665 0.994522
0.008765 0.994065
0.008864 0.994065
0.008964 0.993837
0.009063 0.993837
0.009163 0.993837
0.009262 0.993837
0.009362 0.993837
0.009461 0.993609
0.009561 0.993381
0.009660 0.993381
0.009760 0.993381
0.009859 0.993381
0.009959 0.992924
0.010058 0.992924
0.010158 0.992924
0.010257 0.992924
0.010357 0.992924
0.010456 0.992924
0.010556 0.992924
0.010656 0.992924
0.010755 0.992924
0.010855 0.992924
0.010954 0.992924
0.011054 0.992924
0.011153 0.992924
0.011253 0.992924
0.011352 0.992924
0.011452 0.992696
0.011551 0.992696
0.011651 0.992696
0.011750 0.992467
0.011850 0.992467
0.011949 0.992467
0.012049 0.992239
0.012148 0.992239
0.012248 0.992239
0.012347 0.992011
0.012447 0.992011
0.012546 0.991783
0.012646 0.991783
0.012745 0.991783
0.012845 0.991783
0.012944 0.991783
0.013044 0.991554
0.013143 0.991326
0.013243 0.991326
0.013342 0.991326
0.013442 0.991098
0.013541 0.990870
0.013641 0.990870
0.013740 0.990641
0.013840 0.990641
0.013939 0.990641
0.014039 0.990641
0.014138 0.990413
0.014238 0.990413
0.014337 0.990413
0.014437 0.990413
0.014536 0.990185
0.014636 0.990185
0.014735 0.989957
0.014835 0.989957
0.014934 0.989957
0.015034 0.989728
0.015133 0.989500
0.015233 0.989500
0.015332 0.989044
0.015432 0.988587
0.015531 0.988359
0.015631 0.988131
0.015730 0.987902
0.015830 0.987902
0.015929 0.987902
0.016029 0.987902
0.016128 0.987674
0.016228 0.987674
0.016327 0.987674
0.016427 0.987674
0.016526 0.987674
0.016626 0.987674
0.016725 0.987674
0.016825 0.987674
0.016924 0.987446
0.017024 0.987446
0.017123 0.986989
0.017223 0.986989
0.017322 0.986989
0.017422 0.986761
0.017521 0.986533
0.017621 0.986076
0.017720 0.985848
0.017820 0.985391
0.017919 0.985391
0.018019 0.985391
0.018118 0.985391
0.018218 0.985391
0.018317 0.985391
0.018417 0.985391
0.018516 0.985391
0.018616 0.985163
0.018715 0.985163
0.018815 0.985163
0.018914 0.985163
0.019014 0.984935
0.019113 0.984935
0.019213 0.984935
0.019312 0.984707
0.019412 0.984707
0.019511 0.984707
0.019611 0.984707
0.019710 0.984707
0.019810 0.984478
0.019909 0.984250
0.020009 0.984250
0.020108 0.984250
0.020208 0.984250
0.020307 0.983794
0.020407 0.983794
0.020506 0.983794
0.020606 0.983794
0.020705 0.983794
0.020805 0.983794
0.020904 0.983565
0.021004 0.982881
0.021103 0.982424
0.021203 0.982424
0.021302 0.982424
0.021402 0.982196
0.021501 0.982196
0.021601 0.981968
0.021700 0.981968
0.021800 0.981739
0.021899 0.981739
0.021999 0.981511
0.022098 0.981511
0.022198 0.981283
0.022298 0.981283
0.022397 0.981055
0.022497 0.980598
0.022596 0.980370
0.022696 0.980370
0.022795 0.980142
0.022895 0.979913
0.022994 0.979913
0.023094 0.979913
0.023193 0.979913
0.023293 0.979685
0.023392 0.979000
0.023492 0.979000
0.023591 0.978772
0.023691 0.978772
0.023790 0.978772
0.023890 0.978544
0.023989 0.978315
0.024089 0.978315
0.024188 0.977859
0.024288 0.977859
0.024387 0.977859
0.024487 0.977402
0.024586 0.977174
0.024686 0.976946
0.024785 0.976718
0.024885 0.976718
0.024984 0.976718
0.025084 0.976489
0.025183 0.976261
0.025283 0.976261
0.025382 0.976261
0.025482 0.975805
0.025581 0.975805
0.025681 0.975576
0.025780 0.975576
0.025880 0.975120
0.025979 0.975120
0.026079 0.975120
0.026178 0.974892
0.026278 0.974435
0.026377 0.974435
0.026477 0.974435
0.026576 0.974435
0.026676 0.974207
0.026775 0.974207
0.026875 0.974207
0.026974 0.973294
0.027074 0.972837
0.027173 0.972381
0.027273 0.972381
0.027372 0.972381
0.027472 0.972381
0.027571 0.972152
0.027671 0.971924
0.027770 0.971924
0.027870 0.971924
0.027969 0.971924
0.028069 0.971924
0.028168 0.971924
0.028268 0.971924
0.028367 0.971924
0.028467 0.971924
0.028566 0.971924
0.028666 0.971468
0.028765 0.971011
0.028865 0.971011
0.028964 0.971011
0.029064 0.971011
0.029163 0.970783
0.029263 0.970783
0.029362 0.970326
0.029462 0.970326
0.029561 0.970326
0.029661 0.970326
0.029760 0.970098
0.029860 0.970098
0.029959 0.970098
0.030059 0.969870
0.030158 0.969413
0.030258 0.969413
0.030357 0.968957
0.030457 0.968729
0.030556 0.968500
0.030656 0.968272
0.030755 0.968272
0.030855 0.967816
0.030954 0.967587
0.031054 0.967131
0.031153 0.966903
0.031253 0.966903
0.031352 0.966446
0.031452 0.965990
0.031551 0.965990
0.031651 0.965990
0.031750 0.965533
0.031850 0.965305
0.031949 0.964848
0.032049 0.964620
0.032148 0.964620
0.032248 0.964620
0.032347 0.964163
0.032447 0.964163
0.032546 0.964163
0.032646 0.963935
0.032745 0.963935
0.032845 0.963935
0.032944 0.963707
0.033044 0.963250
0.033143 0.963250
0.033243 0.963250
0.033342 0.963022
0.033442 0.962566
0.033541 0.962337
0.033641 0.961653
0.033740 0.961424
0.033840 0.961196
0.033939 0.960968
0.034039 0.960283
0.034139 0.960283
0.034238 0.960055
0.034338 0.960055
0.034437 0.959827
0.034537 0.959827
0.034636 0.959598
0.034736 0.959598
0.034835 0.959598
0.034935 0.959142
0.035034 0.958913
0.035134 0.958913
0.035233 0.958913
0.035333 0.958913
0.035432 0.958913
0.035532 0.958913
0.035631 0.958457
0.035731 0.958229
0.035830 0.958000
0.035930 0.958000
0.036029 0.958000
0.036129 0.957772
0.036228 0.957772
0.036328 0.957544
0.036427 0.957316
0.036527 0.957087
0.036626 0.956859
0.036726 0.956859
0.036825 0.956859
0.036925 0.956403
0.037024 0.956403
0.037124 0.955718
0.037223 0.955718
0.037323 0.955718
0.037422 0.955490
0.037522 0.955033
0.037621 0.955033
0.037721 0.955033
0.037820 0.955033
0.037920 0.954805
0.038019 0.954577
0.038119 0.954577
0.038218 0.954577
0.038318 0.954577
0.038417 0.954348
0.038517 0.954120
0.038616 0.954120
0.038716 0.953664
0.038815 0.953664
0.038915 0.953207
0.039014 0.953207
0.039114 0.953207
0.039213 0.953207
0.039313 0.952751
0.039412 0.952522
0.039512 0.952294
0.039611 0.952294
0.039711 0.952066
0.039810 0.951837
0.039910 0.951609
0.040009 0.951609
0.040109 0.951609
0.040208 0.951609
0.040308 0.951609
0.040407 0.951609
0.040507 0.951609
0.040606 0.950468
0.040706 0.950468
0.040805 0.950240
0.040905 0.950011
0.041004 0.949783
0.041104 0.949783
0.041203 0.949327
0.041303 0.949327
0.041402 0.949327
0.041502 0.949327
0.041601 0.949327
0.041701 0.949098
0.041800 0.948642
0.041900 0.948642
0.041999 0.948642
0.042099 0.947957
0.042198 0.947957
0.042298 0.947729
0.042397 0.947729
0.042497 0.947729
0.042596 0.947729
0.042696 0.947501
0.042795 0.947272
0.042895 0.947044
0.042994 0.946816
0.043094 0.946816
0.043193 0.946131
0.043293 0.946131
0.043392 0.945903
0.043492 0.945903
0.043591 0.945903
0.043691 0.945903
0.043790 0.945218
0.043890 0.945218
0.043989 0.945218
0.044089 0.944305
0.044188 0.944077
0.044288 0.943848
0.044387 0.943620
0.044487 0.943392
0.044586 0.943392
0.044686 0.943164
0.044785 0.942707
0.044885 0.942707
0.044984 0.942707
0.045084 0.942479
0.045183 0.942479
0.045283 0.942479
0.045382 0.942251
0.045482 0.942022
0.045581 0.942022
0.045681 0.941794
0.045780 0.941794
0.045880 0.941566
0.045980 0.941566
0.046079 0.941338
0.046179 0.941338
0.046278 0.941338
0.046378 0.941338
0.046477 0.941109
0.046577 0.940881
0.046676 0.940653
0.046776 0.940425
0.046875 0.939968
0.046975 0.939740
0.047074 0.939740
0.047174 0.939740
0.047273 0.939283
0.047373 0.939283
0.047472 0.939283
0.047572 0.939055
0.047671 0.938598
0.047771 0.938598
0.047870 0.938370
0.047970 0.938370
0.048069 0.938370
0.048169 0.937914
0.048268 0.937685
0.048368 0.937001
0.048467 0.936544
0.048567 0.935403
0.048666 0.934946
0.048766 0.934946
0.048865 0.934946
0.048965 0.934946
0.049064 0.934718
0.049164 0.934490
0.049263 0.934490
0.049363 0.934262
0.049462 0.934033
0.049562 0.934033
0.049661 0.934033
0.049761 0.933805
0.049860 0.933577
0.049960 0.933577
0.050059 0.933120
0.050159 0.932664
0.050258 0.932664
0.050358 0.932436
0.050457 0.932207
0.050557 0.931522
0.050656 0.931066
0.050756 0.931066
0.050855 0.931066
0.050955 0.930838
0.051054 0.930153
0.051154 0.930153
0.051253 0.930153
0.051353 0.930153
0.051452 0.929925
0.051552 0.929925
0.051651 0.929696
0.051751 0.929240
0.051850 0.928783
0.051950 0.928783
0.052049 0.928783
0.052149 0.928783
0.052248 0.928555
0.052348 0.928327
0.052447 0.928327
0.052547 0.928327
0.052646 0.928327
0.052746 0.928327
0.052845 0.928327
0.052945 0.927870
0.053044 0.927870
0.053144 0.927642
0.053243 0.927642
0.053343 0.927414
0.053442 0.927186
0.053542 0.927186
0.053641 0.927186
0.053741 0.927186
0.053840 0.926957
0.053940 0.926957
0.054039 0.926501
0.054139 0.926273
0.054238 0.925816
0.054338 0.925360
0.054437 0.925360
0.054537 0.924903
0.054636 0.924218
0.054736 0.923762
0.054835 0.923305
0.054935 0.923305
0.055034 0.923077
0.055134 0.922849
0.055233 0.922620
0.055333 0.922620
0.055432 0.922392
0.055532 0.922164
0.055631 0.922164
0.055731 0.921707
0.055830 0.921479
0.055930 0.920794
0.056029 0.920566
0.056129 0.919653
0.056228 0.919653
0.056328 0.919653
0.056427 0.919425
0.056527 0.919197
0.056626 0.918968
0.056726 0.918512
0.056825 0.918055
0.056925 0.918055
0.057024 0.917827
0.057124 0.917827
0.057223 0.917599
0.057323 0.917142
0.057422 0.917142
0.057522 0.916914
0.057622 0.916686
0.057721 0.916686
0.057821 0.916457
0.057920 0.916229
0.058020 0.916001
0.058119 0.915773
0.058219 0.915544
0.058318 0.914860
0.058418 0.914860
0.058517 0.914403
0.058617 0.914403
0.058716 0.914403
0.058816 0.914175
0.058915 0.913947
0.059015 0.913490
0.059114 0.913262
0.059214 0.912805
0.059313 0.912577
0.059413 0.912577
0.059512 0.912121
0.059612 0.912121
0.059711 0.911892
0.059811 0.911436
0.059910 0.910979
0.060010 0.910979
0.060109 0.910751
0.060209 0.910751
0.060308 0.910523
0.060408 0.910294
0.060507 0.909838
0.060607 0.909610
0.060706 0.909153
0.060806 0.908925
0.060905 0.908468
0.061005 0.908012
0.061104 0.907784
0.061204 0.907784
0.061303 0.907555
0.061403 0.907099
0.061502 0.907099
0.061602 0.907099
0.061701 0.905958
0.061801 0.905729
0.061900 0.905273
0.062000 0.904816
0.062099 0.904816
0.062199 0.904816
0.062298 0.904360
0.062398 0.903675
0.062497 0.903447
0.062597 0.903218
0.062696 0.902990
0.062796 0.902990
0.062895 0.902762
0.062995 0.902534
0.063094 0.902305
0.063194 0.902077
0.063293 0.901849
0.063393 0.901849
0.063492 0.901392
0.063592 0.900708
0.063691 0.900251
0.063791 0.900023
0.063890 0.899338
0.063990 0.899110
0.064089 0.898882
0.064189 0.898425
0.064288 0.898425
0.064388 0.898425
0.064487 0.898425
0.064587 0.898197
0.064686 0.898197
0.064786 0.897969
0.064885 0.897969
0.064985 0.897969
0.065084 0.897740
0.065184 0.896827
0.065283 0.896371
0.065383 0.896142
0.065482 0.896142
0.065582 0.896142
0.065681 0.895914
0.065781 0.895686
0.065880 0.895001
0.065980 0.895001
0.066079 0.894773
0.066179 0.894773
0.066278 0.894545
0.066378 0.894545
0.066477 0.894316
0.066577 0.894316
0.066676 0.893860
0.066776 0.893632
0.066875 0.893403
0.066975 0.893403
0.067074 0.893175
0.067174 0.893175
0.067273 0.893175
0.067373 0.892719
0.067472 0.892262
0.067572 0.892262
0.067671 0.892034
0.067771 0.891806
0.067870 0.891577
0.067970 0.890892
0.068069 0.890664
0.068169 0.890208
0.068268 0.889979
0.068368 0.889979
0.068467 0.889979
0.068567 0.889751
0.068666 0.889751
0.068766 0.889066
0.068865 0.889066
0.068965 0.888838
0.069064 0.888838
0.069164 0.888838
0.069263 0.888610
0.069363 0.888610
0.069463 0.888610
0.069562 0.888153
0.069662 0.887925
0.069761 0.887925
0.069861 0.887697
0.069960 0.887240
0.070060 0.887240
0.070159 0.886784
0.070259 0.886784
0.070358 0.886327
0.070458 0.886327
0.070557 0.886099
0.070657 0.885871
0.070756 0.885871
0.070856 0.885414
0.070955 0.885186
0.071055 0.884730
0.071154 0.884501
0.071254 0.884273
0.071353 0.883588
0.071453 0.883588
0.071552 0.883360
0.071652 0.882675
0.071751 0.882447
0.071851 0.881990
0.071950 0.881990
0.072050 0.881762
0.072149 0.881762
0.072249 0.881534
0.072348 0.881306
0.072448 0.881077
0.072547 0.880849
0.072647 0.880621
0.072746 0.880393
0.072846 0.880164
0.072945 0.879936
0.073045 0.879708
0.073144 0.879708
0.073244 0.879708
0.073343 0.879480
0.073443 0.878795
0.073542 0.878795
0.073642 0.878795
0.073741 0.877882
0.073841 0.877197
0.073940 0.876740
0.074040 0.876512
0.074139 0.876512
0.074239 0.876512
0.074338 0.876284
0.074438 0.876056
0.074537 0.876056
0.074637 0.876056
0.074736 0.875371
0.074836 0.875371
0.074935 0.874914
0.075035 0.874686
0.075134 0.874686
0.075234 0.874686
0.075333 0.874230
0.075433 0.874001
0.075532 0.873545
0.075632 0.873088
0.075731 0.873088
0.075831 0.873088
0.075930 0.873088
0.076030 0.872632
0.076129 0.871947
0.076229 0.871262
0.076328 0.870806
0.076428 0.870577
0.076527 0.870121
0.076627 0.869893
0.076726 0.869436
0.076826 0.869208
0.076925 0.869208
0.077025 0.869208
0.077124 0.869208
0.077224 0.869208
0.077323 0.868523
0.077423 0.868295
0.077522 0.867838
0.077622 0.867610
0.077721 0.867382
0.077821 0.867154
0.077920 0.867154
0.078020 0.867154
0.078119 0.866925
0.078219 0.866925
0.078318 0.866925
0.078418 0.866697
0.078517 0.866697
0.078617 0.866469
0.078716 0.866241
0.078816 0.866241
0.078915 0.866012
0.079015 0.866012
0.079114 0.866012
0.079214 0.866012
0.079313 0.865556
0.079413 0.865099
0.079512 0.864871
0.079612 0.864643
0.079711 0.864643
0.079811 0.864415
0.079910 0.863958
0.080010 0.863273
0.080109 0.862817
0.080209 0.862132
0.080308 0.861904
0.080408 0.861447
0.080507 0.861447
0.080607 0.860991
0.080706 0.860078
0.080806 0.858936
0.080905 0.858480
0.081005 0.858480
0.081104 0.857795
0.081204 0.857339
0.081304 0.857339
0.081403 0.856882
0.081503 0.856654
0.081602 0.855741
0.081702 0.855741
0.081801 0.855284
0.081901 0.855284
0.082000 0.854828
0.082100 0.854143
0.082199 0.853915
0.082299 0.853915
0.082398 0.853458
0.082498 0.853458
0.082597 0.853458
0.082697 0.853458
0.082796 0.853002
0.082896 0.852773
0.082995 0.852545
0.083095 0.852089
0.083194 0.851632
0.083294 0.851632
0.083393 0.851632
0.083493 0.851404
0.083592 0.851176
0.083692 0.850947
0.083791 0.850719
0.083891 0.850491
0.083990 0.850262
0.084090 0.850034
0.084189 0.849806
0.084289 0.849578
0.084388 0.849578
0.084488 0.848893
0.084587 0.848436
0.084687 0.847752
0.084786 0.847523
0.084886 0.847067
0.084985 0.846382
0.085085 0.845469
0.085184 0.845241
0.085284 0.844784
0.085383 0.844328
0.085483 0.844100
0.085582 0.843643
0.085682 0.843415
0.085781 0.842958
0.085881 0.842273
0.085980 0.842273
0.086080 0.842045
0.086179 0.840904
0.086279 0.840904
0.086378 0.839763
0.086478 0.839306
0.086577 0.839306
0.086677 0.839078
0.086776 0.838621
0.086876 0.838165
0.086975 0.837708
0.087075 0.837480
0.087174 0.837024
0.087274 0.837024
0.087373 0.836795
0.087473 0.836795
0.087572 0.836795
0.087672 0.836567
0.087771 0.836339
0.087871 0.835882
0.087970 0.834969
0.088070 0.834741
0.088169 0.834056
0.088269 0.834056
0.088368 0.833828
0.088468 0.833143
0.088567 0.832687
0.088667 0.832458
0.088766 0.832230
0.088866 0.832002
0.088965 0.832002
0.089065 0.831545
0.089164 0.830404
0.089264 0.830404
0.089363 0.830176
0.089463 0.829948
0.089562 0.829263
0.089662 0.829034
0.089761 0.828350
0.089861 0.828121
0.089960 0.827893
0.090060 0.827665
0.090159 0.827437
0.090259 0.827208
0.090358 0.827208
0.090458 0.827208
0.090557 0.827208
0.090657 0.827208
0.090756 0.826752
0.090856 0.826752
0.090955 0.826524
0.091055 0.826295
0.091154 0.826067
0.091254 0.825839
0.091353 0.825611
0.091453 0.825154
0.091552 0.824926
0.091652 0.824926
0.091751 0.824698
0.091851 0.824469
0.091950 0.824241
0.092050 0.823328
0.092149 0.823100
0.092249 0.822871
0.092348 0.822187
0.092448 0.821502
0.092547 0.821274
0.092647 0.821274
0.092746 0.821274
0.092846 0.820817
0.092946 0.820817
0.093045 0.820589
0.093145 0.820361
0.093244 0.819904
0.093344 0.819448
0.093443 0.818763
0.093543 0.818535
0.093642 0.818306
0.093742 0.817622
0.093841 0.816709
0.093941 0.816480
0.094040 0.816252
0.094140 0.816024
0.094239 0.816024
0.094339 0.816024
0.094438 0.815339
0.094538 0.815111
0.094637 0.814882
0.094737 0.814426
0.094836 0.814198
0.094936 0.814198
0.095035 0.813285
0.095135 0.813285
0.095234 0.812828
0.095334 0.812372
0.095433 0.812372
0.095533 0.812372
0.095632 0.812143
0.095732 0.811687
0.095831 0.811687
0.095931 0.811459
0.096030 0.811230
0.096130 0.811002
0.096229 0.811002
0.096329 0.810546
0.096428 0.810317
0.096528 0.809633
0.096627 0.809404
0.096727 0.809176
0.096826 0.809176
0.096926 0.809176
0.097025 0.809176
0.097125 0.809176
0.097224 0.808948
0.097324 0.808948
0.097423 0.808719
0.097523 0.808263
0.097622 0.807806
0.097722 0.807350
0.097821 0.807122
0.097921 0.807122
0.098020 0.807122
0.098120 0.806893
0.098219 0.806665
0.098319 0.806437
0.098418 0.806209
0.098518 0.806209
0.098617 0.805980
0.098717 0.805296
0.098816 0.804839
0.098916 0.804839
0.099015 0.804611
0.099115 0.804611
0.099214 0.804611
0.099314 0.804611
0.099413 0.804383
0.099513 0.804383
0.099612 0.804154
0.099712 0.803698
0.099811 0.803698
0.099911 0.803470
0.100010 0.803241
0.100110 0.803241
0.100209 0.803241
0.100309 0.802785
0.100408 0.802328
0.100508 0.802328
0.100607 0.802100
0.100707 0.801415
0.100806 0.800274
0.100906 0.800046
0.101005 0.799817
0.101105 0.798904
0.101204 0.798904
0.101304 0.798220
0.101403 0.798220
0.101503 0.797991
0.101602 0.797535
0.101702 0.796394
0.101801 0.795937
0.101901 0.795937
0.102000 0.795480
0.102100 0.795480
0.102199 0.795252
0.102299 0.795024
0.102398 0.794796
0.102498 0.794796
0.102597 0.794339
0.102697 0.794339
0.102796 0.793883
0.102896 0.793654
0.102995 0.793654
0.103095 0.793198
0.103194 0.792970
0.103294 0.792970
0.103393 0.792513
0.103493 0.792513
0.103592 0.792285
0.103692 0.792285
0.103791 0.792285
0.103891 0.792285
0.103990 0.791828
0.104090 0.791828
0.104189 0.791600
0.104289 0.791600
0.104388 0.790915
0.104488 0.790459
0.104587 0.790231
0.104687 0.790231
0.104787 0.790231
0.104886 0.789774
0.104986 0.789774
0.105085 0.789774
0.105185 0.789546
0.105284 0.789318
0.105384 0.788861
0.105483 0.788404
0.105583 0.788404
0.105682 0.788404
0.105782 0.788176
0.105881 0.787948
0.105981 0.787720
0.106080 0.787035
0.106180 0.786578
0.106279 0.786350
0.106379 0.786122
0.106478 0.786122
0.106578 0.785665
0.106677 0.785437
0.106777 0.785209
0.106876 0.785209
0.106976 0.784981
0.107075 0.784524
0.107175 0.784068
0.107274 0.783839
0.107374 0.783611
0.107473 0.783383
0.107573 0.782698
0.107672 0.782470
0.107772 0.782241
0.107871 0.782013
0.107971 0.781785
0.108070 0.781328
0.108170 0.781100
0.108269 0.781100
0.108369 0.781100
0.108468 0.780872
0.108568 0.780415
0.108667 0.780187
0.108767 0.779274
0.108866 0.779046
0.108966 0.778818
0.109065 0.778818
0.109165 0.777905
0.109264 0.777676
0.109364 0.777448
0.109463 0.777448
0.109563 0.777220
0.109662 0.776992
0.109762 0.776307
0.109861 0.775850
0.109961 0.775622
0.110060 0.775165
0.110160 0.774937
0.110259 0.774481
0.110359 0.774024
0.110458 0.774024
0.110558 0.773796
0.110657 0.773568
0.110757 0.773111
0.110856 0.772883
0.110956 0.772655
0.111055 0.771970
0.111155 0.771513
0.111254 0.771513
0.111354 0.771513
0.111453 0.771285
0.111553 0.771057
0.111652 0.771057
0.111752 0.769916
0.111851 0.769916
0.111951 0.769459
0.112050 0.769459
0.112150 0.768774
0.112249 0.768546
0.112349 0.768546
0.112448 0.768318
0.112548 0.768318
0.112647 0.767861
0.112747 0.767861
0.112846 0.767861
0.112946 0.767633
0.113045 0.767405
0.113145 0.766492
0.113244 0.766263
0.113344 0.765807
0.113443 0.765350
0.113543 0.765122
0.113642 0.764437
0.113742 0.764209
0.113841 0.764209
0.113941 0.763753
0.114040 0.762840
0.114140 0.762611
0.114239 0.762383
0.114339 0.762155
0.114438 0.761927
0.114538 0.761470
0.114637 0.761470
0.114737 0.761013
0.114836 0.760329
0.114936 0.760100
0.115035 0.759416
0.115135 0.759416
0.115234 0.759416
0.115334 0.758959
0.115433 0.758731
0.115533 0.758731
0.115632 0.758731
0.115732 0.758503
0.115831 0.758046
0.115931 0.757818
0.116030 0.757590
0.116130 0.757361
0.116229 0.757133
0.116329 0.757133
0.116428 0.756905
0.116528 0.756677
0.116628 0.756220
0.116727 0.755992
0.116827 0.755764
0.116926 0.755535
0.117026 0.755535
0.117125 0.755079
0.117225 0.754394
0.117324 0.753937
0.117424 0.753481
0.117523 0.752796
0.117623 0.752568
0.117722 0.752568
0.117822 0.752340
0.117921 0.751883
0.118021 0.751883
0.118120 0.751655
0.118220 0.751655
0.118319 0.751427
0.118419 0.750742
0.118518 0.750057
0.118618 0.749601
0.118717 0.749601
0.118817 0.749372
0.118916 0.749372
0.119016 0.749144
0.119115 0.748916
0.119215 0.748688
0.119314 0.748459
0.119414 0.748003
0.119513 0.748003
0.119613 0.747774
0.119712 0.747318
0.119812 0.746861
0.119911 0.746633
0.120011 0.746177
0.120110 0.745720
0.120210 0.745720
0.120309 0.745264
0.120409 0.744807
0.120508 0.744579
0.120608 0.744579
0.120707 0.744351
0.120807 0.744122
0.120906 0.743666
0.121006 0.743666
0.121105 0.743438
0.121205 0.743209
0.121304 0.743209
0.121404 0.742981
0.121503 0.742525
0.121603 0.742525
0.121702 0.741840
0.121802 0.741840
0.121901 0.741840
0.122001 0.741612
0.122100 0.741383
0.122200 0.740927
0.122299 0.740242
0.122399 0.740014
0.122498 0.739785
0.122598 0.739557
0.122697 0.739329
0.122797 0.738416
0.122896 0.737731
0.122996 0.737503
0.123095 0.737275
0.123195 0.737275
0.123294 0.736818
0.123394 0.736818
0.123493 0.736590
0.123593 0.736590
0.123692 0.736133
0.123792 0.735905
0.123891 0.735905
0.123991 0.735449
0.124090 0.735220
0.124190 0.735220
0.124289 0.734764
0.124389 0.734535
0.124488 0.734535
0.124588 0.734535
0.124687 0.734079
0.124787 0.734079
0.124886 0.734079
0.124986 0.733622
0.125085 0.733622
0.125185 0.732938
0.125284 0.732938
0.125384 0.732709
0.125483 0.732709
0.125583 0.732481
0.125682 0.732253
0.125782 0.731796
0.125881 0.731340
0.125981 0.730883
0.126080 0.730883
0.126180 0.730883
0.126279 0.730883
0.126379 0.730883
0.126478 0.729970
0.126578 0.729514
0.126677 0.729286
0.126777 0.729057
0.126876 0.728373
0.126976 0.728373
0.127075 0.728373
0.127175 0.728144
0.127274 0.728144
0.127374 0.728144
0.127473 0.727688
0.127573 0.727459
0.127672 0.727459
0.127772 0.726546
0.127871 0.726546
0.127971 0.726318
0.128070 0.725633
0.128170 0.725177
0.128270 0.724949
0.128369 0.724492
0.128469 0.724264
0.128568 0.723807
0.128668 0.723351
0.128767 0.723123
0.128867 0.723123
0.128966 0.723123
0.129066 0.722666
0.129165 0.722666
0.129265 0.721981
0.129364 0.721525
0.129464 0.721525
0.129563 0.720612
0.129663 0.719927
0.129762 0.719699
0.129862 0.719470
0.129961 0.719014
0.130061 0.719014
0.130160 0.718786
0.130260 0.718557
0.130359 0.718329
0.130459 0.717873
0.130558 0.717873
0.130658 0.717873
0.130757 0.717416
0.130857 0.716960
0.130956 0.716731
0.131056 0.716275
0.131155 0.715818
0.131255 0.715818
0.131354 0.715590
0.131454 0.714905
0.131553 0.713764
0.131653 0.713307
0.131752 0.713079
0.131852 0.713079
0.131951 0.712851
0.132051 0.712851
0.132150 0.712851
0.132250 0.712851
0.132349 0.712623
0.132449 0.712394
0.132548 0.712394
0.132648 0.712166
0.132747 0.711938
0.132847 0.711481
0.132946 0.711253
0.133046 0.711253
0.133145 0.711025
0.133245 0.711025
0.133344 0.710340
0.133444 0.710112
0.133543 0.710112
0.133643 0.709655
0.133742 0.709199
0.133842 0.708971
0.133941 0.708742
0.134041 0.708742
0.134140 0.708742
0.134240 0.708742
0.134339 0.708514
0.134439 0.708514
0.134538 0.708286
0.134638 0.708286
0.134737 0.707373
0.134837 0.707373
0.134936 0.706916
0.135036 0.706688
0.135135 0.706460
0.135235 0.706460
0.135334 0.706231
0.135434 0.706003
0.135533 0.705547
0.135633 0.705547
0.135732 0.705318
0.135832 0.705318
0.135931 0.705090
0.136031 0.705090
0.136130 0.705090
0.136230 0.704862
0.136329 0.704862
0.136429 0.704634
0.136528 0.704634
0.136628 0.704405
0.136727 0.704177
0.136827 0.703949
0.136926 0.703492
0.137026 0.703036
0.137125 0.702808
0.137225 0.702808
0.137324 0.702579
0.137424 0.702123
0.137523 0.701666
0.137623 0.701438
0.137722 0.701210
0.137822 0.700753
0.137921 0.700297
0.138021 0.700068
0.138120 0.699612
0.138220 0.699612
0.138319 0.699384
0.138419 0.698699
0.138518 0.698471
0.138618 0.698471
0.138717 0.698471
0.138817 0.698471
0.138916 0.698242
0.139016 0.698014
0.139115 0.698014
0.139215 0.697786
0.139314 0.697786
0.139414 0.697329
0.139513 0.697101
0.139613 0.696873
0.139712 0.696416
0.139812 0.695960
0.139911 0.695503
0.140011 0.695503
0.140111 0.695503
0.140210 0.695275
0.140310 0.694819
0.140409 0.694590
0.140509 0.694362
0.140608 0.694362
0.140708 0.694134
0.140807 0.693906
0.140907 0.693677
0.141006 0.693449
0.141106 0.692992
0.141205 0.692992
0.141305 0.692764
0.141404 0.692764
0.141504 0.692536
0.141603 0.692536
0.141703 0.692308
0.141802 0.692308
0.141902 0.691623
0.142001 0.691623
0.142101 0.691395
0.142200 0.690938
0.142300 0.690710
0.142399 0.690710
0.142499 0.690710
0.142598 0.690710
0.142698 0.690253
0.142797 0.690253
0.142897 0.689569
0.142996 0.689340
0.143096 0.689112
0.143195 0.689112
0.143295 0.688884
0.143394 0.688884
0.143494 0.688656
0.143593 0.688427
0.143693 0.687971
0.143792 0.687743
0.143892 0.687743
0.143991 0.687514
0.144091 0.687286
0.144190 0.687286
0.144290 0.687058
0.144389 0.687058
0.144489 0.687058
0.144588 0.687058
0.144688 0.686145
0.144787 0.686145
0.144887 0.686145
0.144986 0.685916
0.145086 0.685460
0.145185 0.685460
0.145285 0.685232
0.145384 0.685003
0.145484 0.684775
0.145583 0.684547
0.145683 0.684547
0.145782 0.684319
0.145882 0.683862
0.145981 0.683634
0.146081 0.683406
0.146180 0.683406
0.146280 0.682949
0.146379 0.682493
0.146479 0.682264
0.146578 0.682264
0.146678 0.681808
0.146777 0.681351
0.146877 0.680667
0.146976 0.680667
0.147076 0.680667
0.147175 0.680667
0.147275 0.680667
0.147374 0.680210
0.147474 0.679753
0.147573 0.679525
0.147673 0.679525
0.147772 0.679525
0.147872 0.679297
0.147971 0.679069
0.148071 0.679069
0.148170 0.678840
0.148270 0.678612
0.148369 0.678384
0.148469 0.678384
0.148568 0.677927
0.148668 0.677471
0.148767 0.677471
0.148867 0.677471
0.148966 0.677243
0.149066 0.676786
0.149165 0.676330
0.149265 0.676330
0.149364 0.676330
0.149464 0.675645
0.149563 0.675188
0.149663 0.675188
0.149762 0.675188
0.149862 0.674732
0.149961 0.674504
0.150061 0.674504
0.150160 0.674504
0.150260 0.674047
0.150359 0.674047
0.150459 0.673591
0.150558 0.673362
0.150658 0.672906
0.150757 0.672906
0.150857 0.672677
0.150956 0.672677
0.151056 0.672221
0.151155 0.671536
0.151255 0.671536
0.151354 0.671308
0.151454 0.671080
0.151553 0.671080
0.151653 0.670623
0.151752 0.670623
0.151852 0.670395
0.151952 0.670395
0.152051 0.670167
0.152151 0.669938
0.152250 0.669710
0.152350 0.669482
0.152449 0.669254
0.152549 0.669025
0.152648 0.669025
0.152748 0.669025
0.152847 0.668112
0.152947 0.667884
0.153046 0.667428
0.153146 0.667199
0.153245 0.667199
0.153345 0.667199
0.153444 0.666971
0.153544 0.666971
0.153643 0.666971
0.153743 0.666743
0.153842 0.666514
0.153942 0.666286
0.154041 0.665830
0.154141 0.665601
0.154240 0.665145
0.154340 0.665145
0.154439 0.664688
0.154539 0.664460
0.154638 0.664460
0.154738 0.664460
0.154837 0.664232
0.154937 0.664004
0.155036 0.664004
0.155136 0.663775
0.155235 0.663319
0.155335 0.663319
0.155434 0.663091
0.155534 0.662634
0.155633 0.662634
0.155733 0.662406
0.155832 0.662406
0.155932 0.662406
0.156031 0.662178
0.156131 0.662178
0.156230 0.661949
0.156330 0.661036
0.156429 0.660580
0.156529 0.660123
0.156628 0.659438
0.156728 0.659210
0.156827 0.658982
0.156927 0.658525
0.157026 0.658525
0.157126 0.658297
0.157225 0.658297
0.157325 0.657384
0.157424 0.656471
0.157524 0.656471
0.157623 0.656471
0.157723 0.656471
0.157822 0.656471
0.157922 0.656471
0.158021 0.656243
0.158121 0.655786
0.158220 0.655786
0.158320 0.655330
0.158419 0.655102
0.158519 0.655102
0.158618 0.655102
0.158718 0.655102
0.158817 0.655102
0.158917 0.654645
0.159016 0.654417
0.159116 0.654417
0.159215 0.654417
0.159315 0.654189
0.159414 0.654189
0.159514 0.654189
0.159613 0.653732
0.159713 0.653732
0.159812 0.653504
0.159912 0.653276
0.160011 0.653047
0.160111 0.653047
0.160210 0.652819
0.160310 0.652819
0.160409 0.652819
0.160509 0.652362
0.160608 0.652362
0.160708 0.652134
0.160807 0.651906
0.160907 0.651906
0.161006 0.651906
0.161106 0.651449
0.161205 0.651449
0.161305 0.650993
0.161404 0.650536
0.161504 0.650308
0.161603 0.650080
0.161703 0.649623
0.161802 0.649395
0.161902 0.649167
0.162001 0.648710
0.162101 0.648710
0.162200 0.648482
0.162300 0.648482
0.162399 0.648254
0.162499 0.648026
0.162598 0.648026
0.162698 0.648026
0.162797 0.647569
0.162897 0.647341
0.162996 0.647113
0.163096 0.646656
0.163195 0.646428
0.163295 0.645971
0.163394 0.645971
0.163494 0.645743
0.163594 0.645743
0.163693 0.645743
0.163793 0.645515
0.163892 0.644830
0.163992 0.644373
0.164091 0.644373
0.164191 0.643917
0.164290 0.643917
0.164390 0.643689
0.164489 0.643689
0.164589 0.643689
0.164688 0.643460
0.164788 0.643460
0.164887 0.643460
0.164987 0.643460
0.165086 0.643460
0.165186 0.643004
0.165285 0.643004
0.165385 0.642776
0.165484 0.642776
0.165584 0.642547
0.165683 0.642319
0.165783 0.642319
0.165882 0.642319
0.165982 0.641863
0.166081 0.641406
0.166181 0.641406
0.166280 0.641406
0.166380 0.640950
0.166479 0.640950
0.166579 0.640721
0.166678 0.640721
0.166778 0.640493
0.166877 0.640493
0.166977 0.640493
0.167076 0.640493
0.167176 0.640265
0.167275 0.640265
0.167375 0.639808
0.167474 0.639808
0.167574 0.639352
0.167673 0.638895
0.167773 0.638895
0.167872 0.638667
0.167972 0.638439
0.168071 0.638210
0.168171 0.637982
0.168270 0.637754
0.168370 0.637526
0.168469 0.636613
0.168569 0.636613
0.168668 0.636384
0.168768 0.636156
0.168867 0.635928
0.168967 0.635928
0.169066 0.635928
0.169166 0.635928
0.169265 0.635700
0.169365 0.635471
0.169464 0.635471
0.169564 0.635015
0.169663 0.635015
0.169763 0.634787
0.169862 0.634787
0.169962 0.634787
0.170061 0.634558
0.170161 0.634330
0.170260 0.633645
0.170360 0.633417
0.170459 0.633189
0.170559 0.633189
0.170658 0.632961
0.170758 0.632732
0.170857 0.632276
0.170957 0.631819
0.171056 0.631819
0.171156 0.631591
0.171255 0.630906
0.171355 0.630906
0.171454 0.630221
0.171554 0.630221
0.171653 0.630221
0.171753 0.630221
0.171852 0.630221
0.171952 0.630221
0.172051 0.630221
0.172151 0.629993
0.172250 0.629993
0.172350 0.629765
0.172449 0.629765
0.172549 0.629308
0.172648 0.628395
0.172748 0.627939
0.172847 0.627939
0.172947 0.627711
0.173046 0.626798
0.173146 0.626798
0.173245 0.625885
0.173345 0.625656
0.173444 0.625200
0.173544 0.625200
0.173643 0.624515
0.173743 0.624287
0.173842 0.623830
0.173942 0.622917
0.174041 0.622689
0.174141 0.622232
0.174240 0.622004
0.174340 0.621776
0.174439 0.621319
0.174539 0.621091
0.174638 0.620863
0.174738 0.620406
0.174837 0.619950
0.174937 0.619722
0.175036 0.619722
0.175136 0.619722
0.175235 0.619722
0.175335 0.619265
0.175435 0.619265
0.175534 0.619265
0.175634 0.619037
0.175733 0.618580
0.175833 0.618124
0.175932 0.617895
0.176032 0.617895
0.176131 0.617895
0.176231 0.617895
0.176330 0.617667
0.176430 0.617439
0.176529 0.617211
0.176629 0.617211
0.176728 0.616754
0.176828 0.616526
0.176927 0.616526
0.177027 0.616069
0.177126 0.615385
0.177226 0.614928
0.177325 0.614700
0.177425 0.614700
0.177524 0.614472
0.177624 0.614015
0.177723 0.613787
0.177823 0.613559
0.177922 0.613102
0.178022 0.613102
0.178121 0.613102
0.178221 0.612874
0.178320 0.612646
0.178420 0.612417
0.178519 0.612417
0.178619 0.612189
0.178718 0.612189
0.178818 0.611961
0.178917 0.611732
0.179017 0.611504
0.179116 0.611276
0.179216 0.611048
0.179315 0.610819
0.179415 0.610819
0.179514 0.610591
0.179614 0.610363
0.179713 0.609450
0.179813 0.609222
0.179912 0.608765
0.180012 0.608080
0.180111 0.607396
0.180211 0.607167
0.180310 0.607167
0.180410 0.606939
0.180509 0.606711
0.180609 0.606711
0.180708 0.606711
0.180808 0.606711
0.180907 0.606711
0.181007 0.606483
0.181106 0.606483
0.181206 0.606483
0.181305 0.606483
0.181405 0.606254
0.181504 0.606254
0.181604 0.606026
0.181703 0.605113
0.181803 0.605113
0.181902 0.604656
0.182002 0.604656
0.182101 0.604428
0.182201 0.603287
0.182300 0.603287
0.182400 0.602602
0.182499 0.602602
0.182599 0.602602
0.182698 0.602146
0.182798 0.601689
0.182897 0.601689
0.182997 0.601461
0.183096 0.601461
0.183196 0.601461
0.183295 0.601461
0.183395 0.601004
0.183494 0.601004
0.183594 0.601004
0.183693 0.600091
0.183793 0.599635
0.183892 0.599178
0.183992 0.598493
0.184091 0.598037
0.184191 0.597809
0.184290 0.597809
0.184390 0.597352
0.184489 0.597352
0.184589 0.597352
0.184688 0.597352
0.184788 0.597352
0.184887 0.596896
0.184987 0.596896
0.185086 0.596439
0.185186 0.596439
0.185285 0.596211
0.185385 0.595983
0.185484 0.595983
0.185584 0.595754
0.185683 0.595298
0.185783 0.595298
0.185882 0.595298
0.185982 0.595298
0.186081 0.595298
0.186181 0.594841
0.186280 0.594613
0.186380 0.594613
0.186479 0.594385
0.186579 0.594385
0.186678 0.594385
0.186778 0.594385
0.186877 0.594157
0.186977 0.593928
0.187076 0.593928
0.187176 0.593472
0.187276 0.593244
0.187375 0.593015
0.187475 0.592787
0.187574 0.592787
0.187674 0.592787
0.187773 0.592787
0.187873 0.592787
0.187972 0.591874
0.188072 0.591874
0.188171 0.591646
0.188271 0.591417
0.188370 0.590961
0.188470 0.590733
0.188569 0.590733
0.188669 0.590733
0.188768 0.590733
0.188868 0.590733
0.188967 0.590733
0.189067 0.590504
0.189166 0.590276
0.189266 0.589820
0.189365 0.589820
0.189465 0.589820
0.189564 0.589591
0.189664 0.588907
0.189763 0.588907
0.189863 0.588907
0.189962 0.588678
0.190062 0.588450
0.190161 0.588222
0.190261 0.587994
0.190360 0.587765
0.190460 0.587537
0.190559 0.587537
0.190659 0.587537
0.190758 0.587537
0.190858 0.587309
0.190957 0.587081
0.191057 0.586852
0.191156 0.586624
0.191256 0.586396
0.191355 0.586168
0.191455 0.586168
0.191554 0.585711
0.191654 0.585711
0.191753 0.585255
0.191853 0.585026
0.191952 0.584798
0.192052 0.584798
0.192151 0.584341
0.192251 0.584341
0.192350 0.583657
0.192450 0.583657
0.192549 0.583657
0.192649 0.583200
0.192748 0.582972
0.192848 0.582972
0.192947 0.582744
0.193047 0.582515
0.193146 0.582287
0.193246 0.582287
0.193345 0.582287
0.193445 0.582287
0.193544 0.581831
0.193644 0.581602
0.193743 0.581374
0.193843 0.581374
0.193942 0.581374
0.194042 0.580918
0.194141 0.580689
0.194241 0.579776
0.194340 0.579320
0.194440 0.579320
0.194539 0.579320
0.194639 0.579092
0.194738 0.579092
0.194838 0.579092
0.194937 0.578635
0.195037 0.578407
0.195136 0.578178
0.195236 0.578178
0.195335 0.577950
0.195435 0.577265
0.195534 0.577265
0.195634 0.576809
0.195733 0.576581
0.195833 0.576124
0.195932 0.576124
0.196032 0.576124
0.196131 0.576124
0.196231 0.575896
0.196330 0.575668
0.196430 0.575668
0.196529 0.575439
0.196629 0.575211
0.196728 0.575211
0.196828 0.575211
0.196927 0.574983
0.197027 0.574526
0.197126 0.574526
0.197226 0.574070
0.197325 0.573842
0.197425 0.573613
0.197524 0.573157
0.197624 0.572472
0.197723 0.572244
0.197823 0.572016
0.197922 0.571787
0.198022 0.571559
0.198121 0.571331
0.198221 0.570646
0.198320 0.570418
0.198420 0.570418
0.198519 0.569961
0.198619 0.569733
0.198718 0.569276
0.198818 0.569276
0.198918 0.569048
0.199017 0.569048
0.199117 0.568592
0.199216 0.568592
0.199316 0.568135
0.199415 0.568135
0.199515 0.567679
0.199614 0.567450
0.199714 0.567450
0.199813 0.567450
0.199913 0.567222
0.200012 0.567222
0.200112 0.566994
0.200211 0.566537
0.200311 0.566309
0.200410 0.565853
0.200510 0.565624
0.200609 0.565396
0.200709 0.565396
0.200808 0.565396
0.200908 0.565396
0.201007 0.565168
0.201107 0.565168
0.201206 0.565168
0.201306 0.565168
0.201405 0.564940
0.201505 0.564711
0.201604 0.564711
0.201704 0.564483
0.201803 0.564483
0.201903 0.564483
0.202002 0.564255
0.202102 0.564255
0.202201 0.564255
0.202301 0.564255
0.202400 0.564255
0.202500 0.564255
0.202599 0.564026
0.202699 0.564026
0.202798 0.564026
0.202898 0.563798
0.202997 0.563798
0.203097 0.563798
0.203196 0.563570
0.203296 0.563113
0.203395 0.563113
0.203495 0.562885
0.203594 0.562657
0.203694 0.562657
0.203793 0.562429
0.203893 0.561972
0.203992 0.561744
0.204092 0.561287
0.204191 0.560603
0.204291 0.560603
0.204390 0.560374
0.204490 0.560374
0.204589 0.560146
0.204689 0.559918
0.204788 0.559918
0.204888 0.559918
0.204987 0.559918
0.205087 0.559918
0.205186 0.559918
0.205286 0.559918
0.205385 0.559918
0.205485 0.559690
0.205584 0.559690
0.205684 0.559461
0.205783 0.559005
0.205883 0.559005
0.205982 0.559005
0.206082 0.558777
0.206181 0.558320
0.206281 0.558320
0.206380 0.558320
0.206480 0.558092
0.206579 0.557635
0.206679 0.557407
0.206778 0.557407
0.206878 0.557407
0.206977 0.557407
0.207077 0.557407
0.207176 0.556950
0.207276 0.556950
0.207375 0.556950
0.207475 0.556722
0.207574 0.556494
0.207674 0.556494
0.207773 0.556494
0.207873 0.556494
0.207972 0.556266
0.208072 0.555809
0.208171 0.555353
0.208271 0.554896
0.208370 0.554896
0.208470 0.554896
0.208569 0.554896
0.208669 0.554896
0.208768 0.554440
0.208868 0.554440
0.208967 0.554211
0.209067 0.553070
0.209166 0.553070
0.209266 0.552385
0.209365 0.551929
0.209465 0.551929
0.209564 0.551929
0.209664 0.551472
0.209763 0.551472
0.209863 0.551016
0.209962 0.550787
0.210062 0.550559
0.210161 0.550559
0.210261 0.550559
0.210360 0.550103
0.210460 0.550103
0.210559 0.549418
0.210659 0.549418
0.210759 0.549418
0.210858 0.549190
0.210958 0.548961
0.211057 0.548733
0.211157 0.548733
0.211256 0.548277
0.211356 0.548048
0.211455 0.548048
0.211555 0.547820
0.211654 0.547820
0.211754 0.547820
0.211853 0.547592
0.211953 0.547135
0.212052 0.547135
0.212152 0.547135
0.212251 0.546907
0.212351 0.546679
0.212450 0.546451
0.212550 0.546451
0.212649 0.546451
0.212749 0.546451
0.212848 0.545994
0.212948 0.545994
0.213047 0.545766
0.213147 0.545538
0.213246 0.545309
0.213346 0.545081
0.213445 0.545081
0.213545 0.545081
0.213644 0.545081
0.213744 0.544853
0.213843 0.544853
0.213943 0.544625
0.214042 0.544396
0.214142 0.544396
0.214241 0.544168
0.214341 0.543940
0.214440 0.543483
0.214540 0.543255
0.214639 0.543027
0.214739 0.542570
0.214838 0.542570
0.214938 0.541885
0.215037 0.541885
0.215137 0.541885
0.215236 0.541657
0.215336 0.541429
0.215435 0.541201
0.215535 0.540972
0.215634 0.540744
0.215734 0.540744
0.215833 0.540744
0.215933 0.540288
0.216032 0.539831
0.216132 0.539831
0.216231 0.539603
0.216331 0.539146
0.216430 0.538918
0.216530 0.538918
0.216629 0.538918
0.216729 0.538918
0.216828 0.538918
0.216928 0.538690
0.217027 0.538690
0.217127 0.538690
0.217226 0.538690
0.217326 0.538690
0.217425 0.538462
0.217525 0.538462
0.217624 0.538462
0.217724 0.538462
0.217823 0.537549
0.217923 0.537549
0.218022 0.537549
0.218122 0.537092
0.218221 0.537092
0.218321 0.536635
0.218420 0.536635
0.218520 0.536635
0.218619 0.536635
0.218719 0.536635
0.218818 0.536635
0.218918 0.536635
0.219017 0.536179
0.219117 0.535951
0.219216 0.535951
0.219316 0.535951
0.219415 0.535951
0.219515 0.535722
0.219614 0.535722
0.219714 0.535722
0.219813 0.535722
0.219913 0.535494
0.220012 0.535266
0.220112 0.535266
0.220211 0.535266
0.220311 0.535266
0.220410 0.535038
0.220510 0.535038
0.220609 0.535038
0.220709 0.534809
0.220808 0.534581
0.220908 0.534581
0.221007 0.534125
0.221107 0.533668
0.221206 0.533212
0.221306 0.533212
0.221405 0.532983
0.221505 0.532983
0.221604 0.532755
0.221704 0.532755
0.221803 0.532755
0.221903 0.532755
0.222002 0.532755
0.222102 0.532755
0.222201 0.532299
0.222301 0.531614
0.222400 0.531386
0.222500 0.531386
0.222600 0.531157
0.222699 0.530929
0.222799 0.530929
0.222898 0.530701
0.222998 0.530701
0.223097 0.530701
0.223197 0.530472
0.223296 0.530472
0.223396 0.530472
0.223495 0.530244
0.223595 0.530244
0.223694 0.529788
0.223794 0.529788
0.223893 0.529559
0.223993 0.529331
0.224092 0.528875
0.224192 0.528646
0.224291 0.528418
0.224391 0.528190
0.224490 0.528190
0.224590 0.528190
0.224689 0.527962
0.224789 0.527962
0.224888 0.527962
0.224988 0.527962
0.225087 0.527962
0.225187 0.527962
0.225286 0.527962
0.225386 0.527962
0.225485 0.527962
0.225585 0.527505
0.225684 0.527277
0.225784 0.527277
0.225883 0.527049
0.225983 0.526592
0.226082 0.526592
0.226182 0.526592
0.226281 0.526592
0.226381 0.526592
0.226480 0.526592
0.226580 0.526364
0.226679 0.526136
0.226779 0.525679
0.226878 0.525679
0.226978 0.525451
0.227077 0.525223
0.227177 0.524766
0.227276 0.524538
0.227376 0.524538
0.227475 0.524538
0.227575 0.524538
0.227674 0.524310
0.227774 0.524081
0.227873 0.523853
0.227973 0.523625
0.228072 0.523625
0.228172 0.523625
0.228271 0.523625
0.228371 0.523396
0.228470 0.522712
0.228570 0.522712
0.228669 0.522712
0.228769 0.522483
0.228868 0.522483
0.228968 0.522255
0.229067 0.521799
0.229167 0.521570
0.229266 0.521570
0.229366 0.521342
0.229465 0.521114
0.229565 0.520657
0.229664 0.520429
0.229764 0.520429
0.229863 0.520201
0.229963 0.519744
0.230062 0.519744
0.230162 0.519516
0.230261 0.519288
0.230361 0.519288
0.230460 0.519060
0.230560 0.518831
0.230659 0.518831
0.230759 0.518375
0.230858 0.518375
0.230958 0.518375
0.231057 0.518147
0.231157 0.517918
0.231256 0.517690
0.231356 0.517462
0.231455 0.517234
0.231555 0.517005
0.231654 0.517005
0.231754 0.516549
0.231853 0.516320
0.231953 0.516320
0.232052 0.516092
0.232152 0.515864
0.232251 0.515864
0.232351 0.515864
0.232450 0.515864
0.232550 0.515407
0.232649 0.515407
0.232749 0.515179
0.232848 0.514266
0.232948 0.514266
0.233047 0.514266
0.233147 0.514266
0.233246 0.514266
0.233346 0.514038
0.233445 0.514038
0.233545 0.513810
0.233644 0.513353
0.233744 0.513353
0.233843 0.513125
0.233943 0.512668
0.234042 0.512668
0.234142 0.512440
0.234242 0.512212
0.234341 0.512212
0.234441 0.512212
0.234540 0.511755
0.234640 0.511527
0.234739 0.511527
0.234839 0.511299
0.234938 0.511299
0.235038 0.511299
0.235137 0.511071
0.235237 0.510614
0.235336 0.510614
0.235436 0.510614
0.235535 0.510157
0.235635 0.510157
0.235734 0.510157
0.235834 0.510157
0.235933 0.509929
0.236033 0.509929
0.236132 0.509244
0.236232 0.508560
0.236331 0.508560
0.236431 0.508560
0.236530 0.508560
0.236630 0.508560
0.236729 0.508560
0.236829 0.508331
0.236928 0.508103
0.237028 0.508103
0.237127 0.508103
0.237227 0.507875
0.237326 0.507647
0.237426 0.507418
0.237525 0.507418
0.237625 0.507418
0.237724 0.507190
0.237824 0.506962
0.237923 0.506962
0.238023 0.506734
0.238122 0.506505
0.238222 0.506505
0.238321 0.506049
0.238421 0.505821
0.238520 0.505821
0.238620 0.505592
0.238719 0.505592
0.238819 0.505592
0.238918 0.504679
0.239018 0.504451
0.239117 0.504223
0.239217 0.504223
0.239316 0.503766
0.239416 0.503766
0.239515 0.503766
0.239615 0.503766
0.239714 0.503081
0.239814 0.502853
0.239913 0.502853
0.240013 0.502853
0.240112 0.502625
0.240212 0.502397
0.240311 0.502168
0.240411 0.502168
0.240510 0.501712
0.240610 0.501255
0.240709 0.501255
0.240809 0.501255
0.240908 0.501255
0.241008 0.501255
0.241107 0.501027
0.241207 0.500799
0.241306 0.500799
0.241406 0.500799
0.241505 0.500799
0.241605 0.500799
0.241704 0.500799
0.241804 0.500799
0.241903 0.500342
0.242003 0.500114
0.242102 0.499658
0.242202 0.499658
0.242301 0.499658
0.242401 0.499429
0.242500 0.499429
0.242600 0.499429
0.242699 0.499429
0.242799 0.499429
0.242898 0.498973
0.242998 0.498973
0.243097 0.498973
0.243197 0.498516
0.243296 0.498060
0.243396 0.497832
0.243495 0.497832
0.243595 0.497832
0.243694 0.497603
0.243794 0.497603
0.243893 0.497603
0.243993 0.497603
0.244092 0.497603
0.244192 0.497375
0.244291 0.497147
0.244391 0.496690
0.244490 0.496690
0.244590 0.496690
0.244689 0.496690
0.244789 0.496690
0.244888 0.496462
0.244988 0.496005
0.245087 0.496005
0.245187 0.495549
0.245286 0.495092
0.245386 0.495092
0.245485 0.495092
0.245585 0.495092
0.245684 0.495092
0.245784 0.495092
0.245883 0.494636
0.245983 0.494636
0.246083 0.494636
0.246182 0.494179
0.246282 0.494179
0.246381 0.493723
0.246481 0.493495
0.246580 0.493266
0.246680 0.493266
0.246779 0.493266
0.246879 0.493266
0.246978 0.493266
0.247078 0.493038
0.247177 0.493038
0.247277 0.493038
0.247376 0.492810
0.247476 0.492810
0.247575 0.492582
0.247675 0.492353
0.247774 0.492353
0.247874 0.492353
0.247973 0.492125
0.248073 0.491212
0.248172 0.491212
0.248272 0.491212
0.248371 0.491212
0.248471 0.491212
0.248570 0.491212
0.248670 0.491212
0.248769 0.490756
0.248869 0.490071
0.248968 0.489614
0.249068 0.489386
0.249167 0.489386
0.249267 0.489158
0.249366 0.489158
0.249466 0.489158
0.249565 0.489158
0.249665 0.488929
0.249764 0.488701
0.249864 0.488473
0.249963 0.488245
0.250063 0.488016
0.250162 0.488016
0.250262 0.487560
0.250361 0.487560
0.250461 0.487332
0.250560 0.487332
0.250660 0.487332
0.250759 0.487103
0.250859 0.486647
0.250958 0.486419
0.251058 0.486419
0.251157 0.486190
0.251257 0.485962
0.251356 0.485962
0.251456 0.485734
0.251555 0.485506
0.251655 0.485277
0.251754 0.485277
0.251854 0.485049
0.251953 0.485049
0.252053 0.485049
0.252152 0.484821
0.252252 0.484821
0.252351 0.484593
0.252451 0.484593
0.252550 0.484593
0.252650 0.484593
0.252749 0.484593
0.252849 0.484593
0.252948 0.484364
0.253048 0.484364
0.253147 0.484136
0.253247 0.483908
0.253346 0.483908
0.253446 0.483680
0.253545 0.483451
0.253645 0.482995
0.253744 0.482995
0.253844 0.482766
0.253943 0.482538
0.254043 0.482538
0.254142 0.482538
0.254242 0.482538
0.254341 0.482082
0.254441 0.481625
0.254540 0.481625
0.254640 0.481625
0.254739 0.481625
0.254839 0.481625
0.254938 0.481625
0.255038 0.480940
0.255137 0.480712
0.255237 0.480712
0.255336 0.480712
0.255436 0.480256
0.255535 0.480256
0.255635 0.480256
0.255734 0.480256
0.255834 0.480027
0.255933 0.479571
0.256033 0.479571
0.256132 0.479571
0.256232 0.479343
0.256331 0.478658
0.256431 0.478658
0.256530 0.478658
0.256630 0.478201
0.256729 0.477973
0.256829 0.477973
0.256928 0.477517
0.257028 0.477517
0.257127 0.477060
0.257227 0.477060
0.257326 0.477060
0.257426 0.476832
0.257525 0.476832
0.257625 0.476832
0.257724 0.476832
0.257824 0.476832
0.257924 0.476832
0.258023 0.476832
0.258123 0.476604
0.258222 0.476375
0.258322 0.476147
0.258421 0.475690
0.258521 0.475690
0.258620 0.475462
0.258720 0.475462
0.258819 0.475462
0.258919 0.475234
0.259018 0.475234
0.259118 0.475234
0.259217 0.475234
0.259317 0.475234
0.259416 0.475006
0.259516 0.475006
0.259615 0.475006
0.259715 0.475006
0.259814 0.475006
0.259914 0.475006
0.260013 0.475006
0.260113 0.474777
0.260212 0.474777
0.260312 0.474777
0.260411 0.474777
0.260511 0.474777
0.260610 0.474777
0.260710 0.474777
0.260809 0.474777
0.260909 0.474549
0.261008 0.474549
0.261108 0.474321
0.261207 0.474321
0.261307 0.474321
0.261406 0.474321
0.261506 0.474321
0.261605 0.473864
0.261705 0.473636
0.261804 0.472951
0.261904 0.472723
0.262003 0.472723
0.262103 0.472495
0.262202 0.472495
0.262302 0.472267
0.262401 0.472267
0.262501 0.471810
0.262600 0.471582
0.262700 0.471354
0.262799 0.471354
0.262899 0.471354
0.262998 0.471354
0.263098 0.471354
0.263197 0.471125
0.263297 0.470669
0.263396 0.470669
0.263496 0.470669
0.263595 0.470441
0.263695 0.470441
0.263794 0.470441
0.263894 0.470212
0.263993 0.469984
0.264093 0.469756
0.264192 0.469756
0.264292 0.469528
0.264391 0.469299
0.264491 0.469071
0.264590 0.468614
0.264690 0.468614
0.264789 0.468158
0.264889 0.468158
0.264988 0.467930
0.265088 0.467701
0.265187 0.467701
0.265287 0.467473
0.265386 0.467473
0.265486 0.467473
0.265585 0.467245
0.265685 0.467017
0.265784 0.467017
0.265884 0.466788
0.265983 0.466788
0.266083 0.466332
0.266182 0.465875
0.266282 0.465875
0.266381 0.465647
0.266481 0.465647
0.266580 0.465647
0.266680 0.465419
0.266779 0.465419
0.266879 0.465419
0.266978 0.465419
0.267078 0.465191
0.267177 0.464962
0.267277 0.464734
0.267376 0.464734
0.267476 0.464734
0.267575 0.464506
0.267675 0.464506
0.267774 0.464506
0.267874 0.464506
0.267973 0.464506
0.268073 0.464506
0.268172 0.464278
0.268272 0.464049
0.268371 0.463821
0.268471 0.463821
0.268570 0.463821
0.268670 0.463821
0.268769 0.463821
0.268869 0.463593
0.268968 0.463593
0.269068 0.463365
0.269167 0.463365
0.269267 0.463136
0.269366 0.462680
0.269466 0.462451
0.269566 0.462451
0.269665 0.462223
0.269765 0.461995
0.269864 0.461538
0.269964 0.461538
0.270063 0.461310
0.270163 0.461082
0.270262 0.460854
0.270362 0.460854
0.270461 0.460854
0.270561 0.460854
0.270660 0.460625
0.270760 0.460397
0.270859 0.460397
0.270959 0.460169
0.271058 0.460169
0.271158 0.459941
0.271257 0.459941
0.271357 0.459941
0.271456 0.459941
0.271556 0.459712
0.271655 0.459484
0.271755 0.459484
0.271854 0.459484
0.271954 0.459484
0.272053 0.459484
0.272153 0.459484
0.272252 0.459256
0.272352 0.459028
0.272451 0.459028
0.272551 0.458799
0.272650 0.458799
0.272750 0.458799
0.272849 0.458571
0.272949 0.458343
0.273048 0.457886
0.273148 0.457658
0.273247 0.457658
0.273347 0.457658
0.273446 0.457430
0.273546 0.457430
0.273645 0.457430
0.273745 0.457430
0.273844 0.457430
0.273944 0.457430
0.274043 0.457202
0.274143 0.457202
0.274242 0.457202
0.274342 0.456973
0.274441 0.456973
0.274541 0.456973
0.274640 0.456973
0.274740 0.456745
0.274839 0.456745
0.274939 0.456517
0.275038 0.456289
0.275138 0.456289
0.275237 0.456060
0.275337 0.456060
0.275436 0.455832
0.275536 0.455604
0.275635 0.455604
0.275735 0.455604
0.275834 0.455375
0.275934 0.455375
0.276033 0.455147
0.276133 0.454691
0.276232 0.454462
0.276332 0.454234
0.276431 0.454234
0.276531 0.454234
0.276630 0.454234
0.276730 0.454234
0.276829 0.454234
0.276929 0.454006
0.277028 0.453778
0.277128 0.453321
0.277227 0.453321
0.277327 0.452865
0.277426 0.452636
0.277526 0.452636
0.277625 0.452636
0.277725 0.452636
0.277824 0.452636
0.277924 0.452408
0.278023 0.452408
0.278123 0.451952
0.278222 0.451495
0.278322 0.451495
0.278421 0.451495
0.278521 0.451495
0.278620 0.451267
0.278720 0.450582
0.278819 0.450354
0.278919 0.450126
0.279018 0.449897
0.279118 0.449669
0.279217 0.449669
0.279317 0.449669
0.279416 0.449669
0.279516 0.449669
0.279615 0.449441
0.279715 0.449441
0.279814 0.449441
0.279914 0.449213
0.280013 0.449213
0.280113 0.449213
0.280212 0.449213
0.280312 0.449213
0.280411 0.449213
0.280511 0.448984
0.280610 0.448756
0.280710 0.448756
0.280809 0.448299
0.280909 0.448299
0.281008 0.448299
0.281108 0.448071
0.281207 0.448071
0.281307 0.448071
0.281407 0.447843
0.281506 0.447843
0.281606 0.447615
0.281705 0.447615
0.281805 0.447615
0.281904 0.447386
0.282004 0.447386
0.282103 0.447386
0.282203 0.447158
0.282302 0.446930
0.282402 0.446702
0.282501 0.446702
0.282601 0.446473
0.282700 0.446473
0.282800 0.446245
0.282899 0.446245
0.282999 0.446245
0.283098 0.446245
0.283198 0.446245
0.283297 0.445332
0.283397 0.445104
0.283496 0.445104
0.283596 0.444647
0.283695 0.444647
0.283795 0.444191
0.283894 0.444191
0.283994 0.444191
0.284093 0.443963
0.284193 0.443734
0.284292 0.443734
0.284392 0.443734
0.284491 0.443278
0.284591 0.443278
0.284690 0.442821
0.284790 0.442593
0.284889 0.442593
0.284989 0.442593
0.285088 0.442593
0.285188 0.442593
0.285287 0.442593
0.285387 0.442593
0.285486 0.442365
0.285586 0.442365
0.285685 0.442365
0.285785 0.442136
0.285884 0.442136
0.285984 0.441908
0.286083 0.441908
0.286183 0.441680
0.286282 0.441452
0.286382 0.441452
0.286481 0.441452
0.286581 0.441452
0.286680 0.441452
0.286780 0.441452
0.286879 0.441223
0.286979 0.441223
0.287078 0.441223
0.287178 0.441223
0.287277 0.441223
0.287377 0.440995
0.287476 0.440995
0.287576 0.440767
0.287675 0.440539
0.287775 0.440310
0.287874 0.440082
0.287974 0.440082
0.288073 0.439854
0.288173 0.439854
0.288272 0.439854
0.288372 0.439626
0.288471 0.439397
0.288571 0.439169
0.288670 0.438941
0.288770 0.438713
0.288869 0.438484
0.288969 0.438484
0.289068 0.438484
0.289168 0.438028
0.289267 0.438028
0.289367 0.438028
0.289466 0.438028
0.289566 0.437800
0.289665 0.437800
0.289765 0.437800
0.289864 0.437800
0.289964 0.437571
0.290063 0.437571
0.290163 0.437571
0.290262 0.437115
0.290362 0.437115
0.290461 0.436887
0.290561 0.436658
0.290660 0.436658
0.290760 0.436430
0.290859 0.436202
0.290959 0.436202
0.291058 0.436202
0.291158 0.436202
0.291257 0.435745
0.291357 0.435745
0.291456 0.435517
0.291556 0.435289
0.291655 0.434832
0.291755 0.434832
0.291854 0.434604
0.291954 0.434604
0.292053 0.434376
0.292153 0.434376
0.292252 0.433919
0.292352 0.433919
0.292451 0.433919
0.292551 0.433691
0.292650 0.433691
0.292750 0.433463
0.292849 0.433234
0.292949 0.432778
0.293048 0.432321
0.293148 0.432093
0.293248 0.431865
0.293347 0.431637
0.293447 0.431637
0.293546 0.431180
0.293646 0.431180
0.293745 0.431180
0.293845 0.431180
0.293944 0.430952
0.294044 0.430724
0.294143 0.430724
0.294243 0.430724
0.294342 0.430495
0.294442 0.430495
0.294541 0.430495
0.294641 0.430267
0.294740 0.430267
0.294840 0.430039
0.294939 0.430039
0.295039 0.430039
0.295138 0.430039
0.295238 0.430039
0.295337 0.430039
0.295437 0.429811
0.295536 0.429811
0.295636 0.429582
0.295735 0.429582
0.295835 0.429582
0.295934 0.429126
0.296034 0.428898
0.296133 0.428441
0.296233 0.427756
0.296332 0.427756
0.296432 0.427756
0.296531 0.427756
0.296631 0.427300
0.296730 0.427071
0.296830 0.426843
0.296929 0.426615
0.297029 0.426387
0.297128 0.426158
0.297228 0.425702
0.297327 0.425017
0.297427 0.424789
0.297526 0.424789
0.297626 0.424789
0.297725 0.424561
0.297825 0.424104
0.297924 0.423191
0.298024 0.423191
0.298123 0.423191
0.298223 0.423191
0.298322 0.422963
0.298422 0.422963
0.298521 0.422963
0.298621 0.422735
0.298720 0.422506
0.298820 0.422506
0.298919 0.422506
0.299019 0.422506
0.299118 0.422506
0.299218 0.422278
0.299317 0.422278
0.299417 0.422050
0.299516 0.422050
0.299616 0.421593
0.299715 0.421593
0.299815 0.421365
0.299914 0.421365
0.300014 0.421365
0.300113 0.420908
0.300213 0.420908
0.300312 0.420680
0.300412 0.420680
0.300511 0.420680
0.300611 0.420680
0.300710 0.420452
0.300810 0.419995
0.300909 0.419995
0.301009 0.419995
0.301108 0.419995
0.301208 0.419539
0.301307 0.419539
0.301407 0.419539
0.301506 0.419539
0.301606 0.419311
0.301705 0.419311
0.301805 0.419311
0.301904 0.419311
0.302004 0.419311
0.302103 0.419082
0.302203 0.419082
0.302302 0.419082
0.302402 0.418854
0.302501 0.418854
0.302601 0.418626
0.302700 0.418626
0.302800 0.418626
0.302899 0.418626
0.302999 0.418626
0.303098 0.418626
0.303198 0.418626
0.303297 0.418398
0.303397 0.418398
0.303496 0.418169
0.303596 0.418169
0.303695 0.418169
0.303795 0.418169
0.303894 0.418169
0.303994 0.418169
0.304093 0.417941
0.304193 0.417941
0.304292 0.417941
0.304392 0.417941
0.304491 0.417713
0.304591 0.417485
0.304690 0.417485
0.304790 0.417256
0.304890 0.417256
0.304989 0.417256
0.305089 0.416800
0.305188 0.416572
0.305288 0.416343
0.305387 0.416343
0.305487 0.416343
0.305586 0.416343
0.305686 0.416343
0.305785 0.416343
0.305885 0.416115
0.305984 0.416115
0.306084 0.415887
0.306183 0.415887
0.306283 0.415430
0.306382 0.415202
0.306482 0.414974
0.306581 0.414974
0.306681 0.414974
0.306780 0.414974
0.306880 0.414745
0.306979 0.414745
0.307079 0.414517
0.307178 0.414289
0.307278 0.414061
0.307377 0.413832
0.307477 0.413832
0.307576 0.413832
0.307676 0.413832
0.307775 0.413604
0.307875 0.413604
0.307974 0.413376
0.308074 0.413148
0.308173 0.413148
0.308273 0.413148
0.308372 0.413148
0.308472 0.412919
0.308571 0.412691
0.308671 0.412691
0.308770 0.412691
0.308870 0.412691
0.308969 0.412691
0.309069 0.412691
0.309168 0.412463
0.309268 0.412463
0.309367 0.412463
0.309467 0.412235
0.309566 0.412235
0.309666 0.412235
0.309765 0.412235
0.309865 0.412235
0.309964 0.412235
0.310064 0.412006
0.310163 0.411778
0.310263 0.411778
0.310362 0.411778
0.310462 0.411550
0.310561 0.411322
0.310661 0.411093
0.310760 0.411093
0.310860 0.410865
0.310959 0.410865
0.311059 0.410865
0.311158 0.410637
0.311258 0.410637
0.311357 0.410180
0.311457 0.410180
0.311556 0.410180
0.311656 0.410180
0.311755 0.409952
0.311855 0.409952
0.311954 0.409952
0.312054 0.409952
0.312153 0.409952
0.312253 0.409952
0.312352 0.409952
0.312452 0.409952
0.312551 0.409952
0.312651 0.409952
0.312750 0.409952
0.312850 0.409724
0.312949 0.409724
0.313049 0.409724
0.313148 0.409724
0.313248 0.409496
0.313347 0.409267
0.313447 0.409039
0.313546 0.409039
0.313646 0.409039
0.313745 0.408811
0.313845 0.408583
0.313944 0.408354
0.314044 0.408354
0.314143 0.407898
0.314243 0.407898
0.314342 0.407898
0.314442 0.407441
0.314541 0.407213
0.314641 0.407213
0.314740 0.406985
0.314840 0.406756
0.314939 0.406756
0.315039 0.406756
0.315138 0.406756
0.315238 0.406756
0.315337 0.406756
0.315437 0.406300
0.315536 0.406300
0.315636 0.406300
0.315735 0.406300
0.315835 0.406072
0.315934 0.405843
0.316034 0.405615
0.316133 0.405387
0.316233 0.405387
0.316332 0.405387
0.316432 0.405159
0.316531 0.405159
0.316631 0.405159
0.316731 0.404930
0.316830 0.404246
0.316930 0.404017
0.317029 0.404017
0.317129 0.404017
0.317228 0.404017
0.317328 0.404017
0.317427 0.404017
0.317527 0.403789
0.317626 0.403561
0.317726 0.403333
0.317825 0.403333
0.317925 0.403104
0.318024 0.402876
0.318124 0.402876
0.318223 0.402876
0.318323 0.402876
0.318422 0.402648
0.318522 0.402648
0.318621 0.402648
0.318721 0.402420
0.318820 0.402420
0.318920 0.402420
0.319019 0.402420
0.319119 0.401963
0.319218 0.401963
0.319318 0.401735
0.319417 0.401278
0.319517 0.401278
0.319616 0.401278
0.319716 0.401050
0.319815 0.401050
0.319915 0.401050
0.320014 0.401050
0.320114 0.400593
0.320213 0.400365
0.320313 0.400365
0.320412 0.400365
0.320512 0.400365
0.320611 0.400365
0.320711 0.400137
0.320810 0.399909
0.320910 0.399909
0.321009 0.399909
0.321109 0.399909
0.321208 0.399452
0.321308 0.399452
0.321407 0.399452
0.321507 0.399224
0.321606 0.398996
0.321706 0.398996
0.321805 0.398767
0.321905 0.398767
0.322004 0.398767
0.322104 0.398539
0.322203 0.398539
0.322303 0.398539
0.322402 0.398539
0.322502 0.398539
0.322601 0.398311
0.322701 0.398311
0.322800 0.397854
0.322900 0.397854
0.322999 0.397170
0.323099 0.397170
0.323198 0.397170
0.323298 0.397170
0.323397 0.396941
0.323497 0.396713
0.323596 0.396713
0.323696 0.396713
0.323795 0.396485
0.323895 0.396485
0.323994 0.396485
0.324094 0.396485
0.324193 0.396485
0.324293 0.396028
0.324392 0.395800
0.324492 0.395800
0.324591 0.395800
0.324691 0.395800
0.324790 0.395572
0.324890 0.395344
0.324989 0.395344
0.325089 0.395115
0.325188 0.394887
0.325288 0.394430
0.325387 0.394430
0.325487 0.394202
0.325586 0.393974
0.325686 0.393974
0.325785 0.393746
0.325885 0.393746
0.325984 0.393517
0.326084 0.393517
0.326183 0.393517
0.326283 0.393517
0.326382 0.393517
0.326482 0.393517
0.326581 0.393289
0.326681 0.393289
0.326780 0.393289
0.326880 0.393061
0.326979 0.393061
0.327079 0.393061
0.327178 0.393061
0.327278 0.393061
0.327377 0.393061
0.327477 0.392833
0.327576 0.392604
0.327676 0.392148
0.327775 0.391920
0.327875 0.391691
0.327974 0.391691
0.328074 0.391235
0.328173 0.391235
0.328273 0.391235
0.328372 0.391007
0.328472 0.391007
0.328572 0.391007
0.328671 0.391007
0.328771 0.390550
0.328870 0.390550
0.328970 0.390550
0.329069 0.390550
0.329169 0.390550
0.329268 0.390550
0.329368 0.390322
0.329467 0.390322
0.329567 0.390322
0.329666 0.390322
0.329766 0.390322
0.329865 0.390322
0.329965 0.390322
0.330064 0.390322
0.330164 0.390322
0.330263 0.390322
0.330363 0.390322
0.330462 0.390322
0.330562 0.390094
0.330661 0.390094
0.330761 0.390094
0.330860 0.390094
0.330960 0.390094
0.331059 0.390094
0.331159 0.389865
0.331258 0.389637
0.331358 0.389637
0.331457 0.389637
0.331557 0.389637
0.331656 0.389409
0.331756 0.389409
0.331855 0.389409
0.331955 0.389409
0.332054 0.388952
0.332154 0.388952
0.332253 0.388952
0.332353 0.388724
0.332452 0.388724
0.332552 0.388496
0.332651 0.388268
0.332751 0.388039
0.332850 0.387811
0.332950 0.387811
0.333049 0.387583
0.333149 0.387354
0.333248 0.387126
0.333348 0.387126
0.333447 0.386441
0.333547 0.386441
0.333646 0.385985
0.333746 0.385757
0.333845 0.385300
0.333945 0.385300
0.334044 0.385300
0.334144 0.385072
0.334243 0.385072
0.334343 0.384844
0.334442 0.384844
0.334542 0.384844
0.334641 0.384844
0.334741 0.384844
0.334840 0.384844
0.334940 0.384844
0.335039 0.384615
0.335139 0.384387
0.335238 0.384387
0.335338 0.384387
0.335437 0.384387
0.335537 0.384159
0.335636 0.384159
0.335736 0.384159
0.335835 0.384159
0.335935 0.384159
0.336034 0.383931
0.336134 0.383931
0.336233 0.383931
0.336333 0.383702
0.336432 0.383702
0.336532 0.383702
0.336631 0.383474
0.336731 0.383474
0.336830 0.383246
0.336930 0.383246
0.337029 0.383018
0.337129 0.382333
0.337228 0.382333
0.337328 0.382105
0.337427 0.381876
0.337527 0.381876
0.337626 0.381876
0.337726 0.381876
0.337825 0.381876
0.337925 0.381876
0.338024 0.381648
0.338124 0.381420
0.338223 0.381420
0.338323 0.380963
0.338422 0.380963
0.338522 0.380735
0.338621 0.380735
0.338721 0.380735
0.338820 0.380735
0.338920 0.380507
0.339019 0.380278
0.339119 0.380050
0.339218 0.380050
0.339318 0.379822
0.339417 0.379822
0.339517 0.379594
0.339616 0.379594
0.339716 0.379137
0.339815 0.379137
0.339915 0.379137
0.340014 0.379137
0.340114 0.378909
0.340214 0.378909
0.340313 0.378452
0.340413 0.378452
0.340512 0.378452
0.340612 0.378224
0.340711 0.377996
0.340811 0.377996
0.340910 0.377768
0.341010 0.377311
0.341109 0.377311
0.341209 0.377083
0.341308 0.377083
0.341408 0.377083
0.341507 0.376855
0.341607 0.376855
0.341706 0.376855
0.341806 0.376626
0.341905 0.376398
0.342005 0.375942
0.342104 0.375713
0.342204 0.375713
0.342303 0.375485
0.342403 0.375257
0.342502 0.375257
0.342602 0.375257
0.342701 0.374800
0.342801 0.374572
0.342900 0.374572
0.343000 0.374572
0.343099 0.374344
0.343199 0.374344
0.343298 0.374344
0.343398 0.374115
0.343497 0.374115
0.343597 0.373887
0.343696 0.372974
0.343796 0.372974
0.343895 0.372746
0.343995 0.372746
0.344094 0.372746
0.344194 0.372746
0.344293 0.372746
0.344393 0.372518
0.344492 0.372518
0.344592 0.372518
0.344691 0.372061
0.344791 0.372061
0.344890 0.371833
0.344990 0.371833
0.345089 0.371376
0.345189 0.371376
0.345288 0.371376
0.345388 0.371376
0.345487 0.371376
0.345587 0.370920
0.345686 0.370692
0.345786 0.370692
0.345885 0.370235
0.345985 0.370007
0.346084 0.369779
0.346184 0.369779
0.346283 0.369779
0.346383 0.369550
0.346482 0.369550
0.346582 0.369550
0.346681 0.369550
0.346781 0.369322
0.346880 0.369322
0.346980 0.369322
0.347079 0.368866
0.347179 0.368866
0.347278 0.368866
0.347378 0.368866
0.347477 0.368637
0.347577 0.368409
0.347676 0.368409
0.347776 0.368409
0.347875 0.368409
0.347975 0.368181
0.348074 0.368181
0.348174 0.368181
0.348273 0.367953
0.348373 0.367953
0.348472 0.367953
0.348572 0.367496
0.348671 0.367268
0.348771 0.367268
0.348870 0.367268
0.348970 0.367268
0.349069 0.367268
0.349169 0.367039
0.349268 0.366811
0.349368 0.366811
0.349467 0.366811
0.349567 0.366583
0.349666 0.366583
0.349766 0.366355
0.349865 0.366126
0.349965 0.365898
0.350064 0.365670
0.350164 0.365442
0.350263 0.365442
0.350363 0.365213
0.350462 0.365213
0.350562 0.364985
0.350661 0.364985
0.350761 0.364985
0.350860 0.364985
0.350960 0.364757
0.351059 0.364757
0.351159 0.364757
0.351258 0.364529
0.351358 0.364529
0.351457 0.364300
0.351557 0.364300
0.351656 0.364300
0.351756 0.364072
0.351855 0.364072
0.351955 0.364072
0.352055 0.363844
0.352154 0.363844
0.352254 0.363159
0.352353 0.363159
0.352453 0.363159
0.352552 0.362931
0.352652 0.362931
0.352751 0.362246
0.352851 0.362018
0.352950 0.362018
0.353050 0.362018
0.353149 0.362018
0.353249 0.362018
0.353348 0.361790
0.353448 0.361790
0.353547 0.361790
0.353647 0.361790
0.353746 0.361561
0.353846 0.361333
0.353945 0.361333
0.354045 0.361333
0.354144 0.361105
0.354244 0.360877
0.354343 0.360877
0.354443 0.360420
0.354542 0.360420
0.354642 0.360192
0.354741 0.360192
0.354841 0.360192
0.354940 0.359963
0.355040 0.359963
0.355139 0.359963
0.355239 0.359963
0.355338 0.359735
0.355438 0.359735
0.355537 0.359735
0.355637 0.359279
0.355736 0.359050
0.355836 0.359050
0.355935 0.358822
0.356035 0.358822
0.356134 0.358366
0.356234 0.358366
0.356333 0.358366
0.356433 0.358137
0.356532 0.358137
0.356632 0.358137
0.356731 0.358137
0.356831 0.358137
0.356930 0.358137
0.357030 0.358137
0.357129 0.358137
0.357229 0.358137
0.357328 0.357681
0.357428 0.357681
0.357527 0.357453
0.357627 0.356768
0.357726 0.356540
0.357826 0.356540
0.357925 0.356540
0.358025 0.356540
0.358124 0.356540
0.358224 0.356540
0.358323 0.356311
0.358423 0.356311
0.358522 0.356311
0.358622 0.356311
0.358721 0.356083
0.358821 0.356083
0.358920 0.356083
0.359020 0.356083
0.359119 0.356083
0.359219 0.356083
0.359318 0.355855
0.359418 0.355855
0.359517 0.355855
0.359617 0.355855
0.359716 0.355627
0.359816 0.355627
0.359915 0.355170
0.360015 0.355170
0.360114 0.354485
0.360214 0.354485
0.360313 0.354257
0.360413 0.354257
0.360512 0.354029
0.360612 0.353801
0.360711 0.353801
0.360811 0.353572
0.360910 0.353572
0.361010 0.353344
0.361109 0.353344
0.361209 0.353344
0.361308 0.353344
0.361408 0.353344
0.361507 0.353344
0.361607 0.353344
0.361706 0.353116
0.361806 0.352887
0.361905 0.352887
0.362005 0.352887
0.362104 0.352887
0.362204 0.352659
0.362303 0.352203
0.362403 0.352203
0.362502 0.352203
0.362602 0.351974
0.362701 0.351746
0.362801 0.351746
0.362900 0.351290
0.363000 0.351061
0.363099 0.351061
0.363199 0.351061
0.363298 0.350605
0.363398 0.350605
0.363497 0.350377
0.363597 0.350148
0.363696 0.350148
0.363796 0.350148
0.363896 0.350148
0.363995 0.350148
0.364095 0.350148
0.364194 0.350148
0.364294 0.350148
0.364393 0.349920
0.364493 0.349920
0.364592 0.349692
0.364692 0.349692
0.364791 0.349692
0.364891 0.349692
0.364990 0.349692
0.365090 0.349464
0.365189 0.349464
0.365289 0.349464
0.365388 0.349464
0.365488 0.349464
0.365587 0.349464
0.365687 0.349464
0.365786 0.349235
0.365886 0.349235
0.365985 0.349235
0.366085 0.349235
0.366184 0.349235
0.366284 0.348551
0.366383 0.348322
0.366483 0.348322
0.366582 0.348322
0.366682 0.348322
0.366781 0.348094
0.366881 0.347866
0.366980 0.347638
0.367080 0.347638
0.367179 0.347638
0.367279 0.347638
0.367378 0.347638
0.367478 0.347409
0.367577 0.347409
0.367677 0.347181
0.367776 0.347181
0.367876 0.346953
0.367975 0.346953
0.368075 0.346953
0.368174 0.346724
0.368274 0.346724
0.368373 0.346724
0.368473 0.346496
0.368572 0.346496
0.368672 0.346496
0.368771 0.346268
0.368871 0.346268
0.368970 0.346040
0.369070 0.346040
0.369169 0.346040
0.369269 0.346040
0.369368 0.346040
0.369468 0.345811
0.369567 0.345583
0.369667 0.345583
0.369766 0.345583
0.369866 0.345355
0.369965 0.345355
0.370065 0.345355
0.370164 0.345127
0.370264 0.345127
0.370363 0.344670
0.370463 0.344670
0.370562 0.344670
0.370662 0.344670
0.370761 0.344670
0.370861 0.344442
0.370960 0.344442
0.371060 0.344442
0.371159 0.344214
0.371259 0.343757
0.371358 0.343757
0.371458 0.343757
0.371557 0.343529
0.371657 0.343529
0.371756 0.343072
0.371856 0.342844
0.371955 0.342844
0.372055 0.342844
0.372154 0.342844
0.372254 0.342616
0.372353 0.342388
0.372453 0.342159
0.372552 0.342159
0.372652 0.342159
0.372751 0.341931
0.372851 0.341931
0.372950 0.341931
0.373050 0.341703
0.373149 0.341703
0.373249 0.341475
0.373348 0.341246
0.373448 0.341246
0.373547 0.341018
0.373647 0.340790
0.373746 0.340562
0.373846 0.340562
0.373945 0.340562
0.374045 0.340333
0.374144 0.340333
0.374244 0.339877
0.374343 0.339877
0.374443 0.339648
0.374542 0.339648
0.374642 0.339648
0.374741 0.339420
0.374841 0.339420
0.374940 0.339192
0.375040 0.338964
0.375139 0.338964
0.375239 0.338507
0.375338 0.338507
0.375438 0.338279
0.375538 0.338279
0.375637 0.338051
0.375737 0.337822
0.375836 0.337366
0.375936 0.337366
0.376035 0.337366
0.376135 0.336909
0.376234 0.336909
0.376334 0.336909
0.376433 0.336909
0.376533 0.336681
0.376632 0.336681
0.376732 0.336681
0.376831 0.336225
0.376931 0.336225
0.377030 0.336225
0.377130 0.336225
0.377229 0.335996
0.377329 0.335540
0.377428 0.335540
0.377528 0.335540
0.377627 0.335540
0.377727 0.335540
0.377826 0.335540
0.377926 0.335540
0.378025 0.335540
0.378125 0.335540
0.378224 0.335312
0.378324 0.335312
0.378423 0.334855
0.378523 0.334399
0.378622 0.334170
0.378722 0.334170
0.378821 0.333714
0.378921 0.333486
0.379020 0.333257
0.379120 0.333029
0.379219 0.333029
0.379319 0.333029
0.379418 0.333029
0.379518 0.332801
0.379617 0.332801
0.379717 0.332572
0.379816 0.332344
0.379916 0.332116
0.380015 0.331888
0.380115 0.331659
0.380214 0.331659
0.380314 0.331431
0.380413 0.331431
0.380513 0.331431
0.380612 0.331431
0.380712 0.331203
0.380811 0.331203
0.380911 0.331203
0.381010 0.330746
0.381110 0.330518
0.381209 0.330290
0.381309 0.330290
0.381408 0.330290
0.381508 0.330290
0.381607 0.330290
0.381707 0.330062
0.381806 0.330062
0.381906 0.329833
0.382005 0.329833
0.382105 0.329833
0.382204 0.329833
0.382304 0.329605
0.382403 0.329605
0.382503 0.329377
0.382602 0.329149
0.382702 0.329149
0.382801 0.329149
0.382901 0.328920
0.383000 0.328920
0.383100 0.328692
0.383199 0.328692
0.383299 0.328692
0.383398 0.328692
0.383498 0.328464
0.383597 0.328464
0.383697 0.328464
0.383796 0.328464
0.383896 0.328007
0.383995 0.328007
0.384095 0.328007
0.384194 0.327323
0.384294 0.327323
0.384393 0.326866
0.384493 0.326638
0.384592 0.326409
0.384692 0.325953
0.384791 0.325953
0.384891 0.325953
0.384990 0.325953
0.385090 0.325953
0.385189 0.325725
0.385289 0.325725
0.385388 0.325725
0.385488 0.325725
0.385587 0.325268
0.385687 0.325268
0.385786 0.325268
0.385886 0.325268
0.385985 0.325040
0.386085 0.325040
0.386184 0.324812
0.386284 0.324812
0.386383 0.324583
0.386483 0.324583
0.386582 0.324583
0.386682 0.324583
0.386781 0.324583
0.386881 0.324583
0.386980 0.324583
0.387080 0.324583
0.387179 0.324583
0.387279 0.324583
0.387379 0.324583
0.387478 0.324583
0.387578 0.324355
0.387677 0.323899
0.387777 0.323442
0.387876 0.323442
0.387976 0.323214
0.388075 0.322986
0.388175 0.322986
0.388274 0.322757
0.388374 0.322529
0.388473 0.322301
0.388573 0.322301
0.388672 0.322301
0.388772 0.322301
0.388871 0.322301
0.388971 0.322301
0.389070 0.322301
0.389170 0.322073
0.389269 0.322073
0.389369 0.322073
0.389468 0.322073
0.389568 0.321616
0.389667 0.321616
0.389767 0.321616
0.389866 0.321160
0.389966 0.321160
0.390065 0.320703
0.390165 0.320703
0.390264 0.320247
0.390364 0.320247
0.390463 0.320247
0.390563 0.320018
0.390662 0.320018
0.390762 0.320018
0.390861 0.319562
0.390961 0.319562
0.391060 0.319562
0.391160 0.319562
0.391259 0.319562
0.391359 0.319562
0.391458 0.319562
0.391558 0.319562
0.391657 0.319333
0.391757 0.319333
0.391856 0.319333
0.391956 0.319105
0.392055 0.319105
0.392155 0.318877
0.392254 0.318877
0.392354 0.318877
0.392453 0.318877
0.392553 0.318649
0.392652 0.318649
0.392752 0.318192
0.392851 0.318192
0.392951 0.318192
0.393050 0.317964
0.393150 0.317507
0.393249 0.317507
0.393349 0.317279
0.393448 0.317279
0.393548 0.317279
0.393647 0.317279
0.393747 0.317279
0.393846 0.316823
0.393946 0.316823
0.394045 0.316594
0.394145 0.316594
0.394244 0.316594
0.394344 0.316594
0.394443 0.316594
0.394543 0.316594
0.394642 0.316594
0.394742 0.316594
0.394841 0.316366
0.394941 0.316366
0.395040 0.316366
0.395140 0.316366
0.395239 0.315681
0.395339 0.315681
0.395438 0.315453
0.395538 0.315453
0.395637 0.315225
0.395737 0.315225
0.395836 0.315225
0.395936 0.315225
0.396035 0.314997
0.396135 0.314997
0.396234 0.314997
0.396334 0.314997
0.396433 0.314768
0.396533 0.314540
0.396632 0.314312
0.396732 0.313855
0.396831 0.313627
0.396931 0.313627
0.397030 0.313627
0.397130 0.313627
0.397229 0.313627
0.397329 0.313627
0.397428 0.313627
0.397528 0.313171
0.397627 0.312714
0.397727 0.312714
0.397826 0.312714
0.397926 0.312257
0.398025 0.312257
0.398125 0.312257
0.398224 0.312257
0.398324 0.312257
0.398423 0.312257
0.398523 0.312029
0.398622 0.312029
0.398722 0.312029
0.398821 0.312029
0.398921 0.311801
0.399020 0.311801
0.399120 0.311573
0.399220 0.311573
0.399319 0.311344
0.399419 0.311116
0.399518 0.311116
0.399618 0.311116
0.399717 0.310888
0.399817 0.310888
0.399916 0.310888
0.400016 0.310888
0.400115 0.310203
0.400215 0.310203
0.400314 0.310203
0.400414 0.309975
0.400513 0.309290
0.400613 0.309290
0.400712 0.309290
0.400812 0.308834
0.400911 0.308834
0.401011 0.308834
0.401110 0.308834
0.401210 0.308377
0.401309 0.308377
0.401409 0.308377
0.401508 0.308377
0.401608 0.308377
0.401707 0.308149
0.401807 0.308149
0.401906 0.307921
0.402006 0.307921
0.402105 0.307921
0.402205 0.307921
0.402304 0.307692
0.402404 0.307236
0.402503 0.307008
0.402603 0.307008
0.402702 0.307008
0.402802 0.306551
0.402901 0.306551
0.403001 0.306323
0.403100 0.306094
0.403200 0.305866
0.403299 0.305866
0.403399 0.305866
0.403498 0.305866
0.403598 0.305866
0.403697 0.305866
0.403797 0.305638
0.403896 0.305181
0.403996 0.305181
0.404095 0.304953
0.404195 0.304953
0.404294 0.304725
0.404394 0.304725
0.404493 0.304497
0.404593 0.304268
0.404692 0.304268
0.404792 0.304268
0.404891 0.304040
0.404991 0.304040
0.405090 0.304040
0.405190 0.304040
0.405289 0.303812
0.405389 0.303812
0.405488 0.303812
0.405588 0.303812
0.405687 0.303812
0.405787 0.303584
0.405886 0.303584
0.405986 0.303584
0.406085 0.303584
0.406185 0.303584
0.406284 0.303584
0.406384 0.303355
0.406483 0.303355
0.406583 0.303127
0.406682 0.303127
0.406782 0.303127
0.406881 0.302899
0.406981 0.302442
0.407080 0.302442
0.407180 0.302214
0.407279 0.302214
0.407379 0.302214
0.407478 0.301529
0.407578 0.301529
0.407677 0.301529
0.407777 0.301073
0.407876 0.301073
0.407976 0.300616
0.408075 0.300616
0.408175 0.300616
0.408274 0.300160
0.408374 0.300160
0.408473 0.300160
0.408573 0.299932
0.408672 0.299703
0.408772 0.299475
0.408871 0.299475
0.408971 0.299018
0.409070 0.299018
0.409170 0.299018
0.409269 0.298790
0.409369 0.298790
0.409468 0.298562
0.409568 0.298562
0.409667 0.298562
0.409767 0.298334
0.409866 0.298105
0.409966 0.298105
0.410065 0.298105
0.410165 0.298105
0.410264 0.297877
0.410364 0.297877
0.410463 0.297649
0.410563 0.296964
0.410662 0.296964
0.410762 0.296964
0.410862 0.296964
0.410961 0.296964
0.411061 0.296964
0.411160 0.296964
0.411260 0.296736
0.411359 0.296736
0.411459 0.296736
0.411558 0.296508
0.411658 0.296508
0.411757 0.296508
0.411857 0.296279
0.411956 0.296279
0.412056 0.296051
0.412155 0.295823
0.412255 0.295823
0.412354 0.295595
0.412454 0.295366
0.412553 0.295366
0.412653 0.295366
0.412752 0.295366
0.412852 0.295138
0.412951 0.295138
0.413051 0.295138
0.413150 0.295138
0.413250 0.295138
0.413349 0.294910
0.413449 0.294682
0.413548 0.294682
0.413648 0.294453
0.413747 0.294453
0.413847 0.294453
0.413946 0.294453
0.414046 0.294453
0.414145 0.294453
0.414245 0.294453
0.414344 0.294453
0.414444 0.294453
0.414543 0.294453
0.414643 0.294453
0.414742 0.294225
0.414842 0.293997
0.414941 0.293769
0.415041 0.293769
0.415140 0.293769
0.415240 0.293769
0.415339 0.293769
0.415439 0.293540
0.415538 0.293540
0.415638 0.293540
0.415737 0.293540
0.415837 0.293540
0.415936 0.293540
0.416036 0.293084
0.416135 0.293084
0.416235 0.293084
0.416334 0.292627
0.416434 0.292399
0.416533 0.292399
0.416633 0.292399
0.416732 0.292399
0.416832 0.292171
0.416931 0.291942
0.417031 0.291714
0.417130 0.291714
0.417230 0.291258
0.417329 0.291258
0.417429 0.291258
0.417528 0.291258
0.417628 0.291029
0.417727 0.291029
0.417827 0.291029
0.417926 0.290573
0.418026 0.290573
0.418125 0.290345
0.418225 0.290345
0.418324 0.290116
0.418424 0.290116
0.418523 0.290116
0.418623 0.289888
0.418722 0.289888
0.418822 0.289660
0.418921 0.289660
0.419021 0.289660
0.419120 0.289660
0.419220 0.289432
0.419319 0.289203
0.419419 0.289203
0.419518 0.289203
0.419618 0.288975
0.419717 0.288747
0.419817 0.288747
0.419916 0.288747
0.420016 0.288519
0.420115 0.288519
0.420215 0.288290
0.420314 0.288062
0.420414 0.288062
0.420513 0.287834
0.420613 0.287834
0.420712 0.287834
0.420812 0.287834
0.420911 0.287834
0.421011 0.287606
0.421110 0.287606
0.421210 0.287606
0.421309 0.287377
0.421409 0.287377
0.421508 0.287377
0.421608 0.287377
0.421707 0.286921
0.421807 0.286921
0.421906 0.286921
0.422006 0.286921
0.422105 0.286236
0.422205 0.286236
0.422304 0.286236
0.422404 0.286236
0.422503 0.286236
0.422603 0.286008
0.422703 0.286008
0.422802 0.286008
0.422902 0.285780
0.423001 0.285780
0.423101 0.285551
0.423200 0.285323
0.423300 0.285323
0.423399 0.285323
0.423499 0.285095
0.423598 0.284866
0.423698 0.284866
0.423797 0.284866
0.423897 0.284866
0.423996 0.284866
0.424096 0.284866
0.424195 0.284866
0.424295 0.284866
0.424394 0.284638
0.424494 0.284638
0.424593 0.284410
0.424693 0.284182
0.424792 0.284182
0.424892 0.284182
0.424991 0.283953
0.425091 0.283953
0.425190 0.283725
0.425290 0.283269
0.425389 0.283040
0.425489 0.282812
0.425588 0.282584
0.425688 0.282584
0.425787 0.282584
0.425887 0.282584
0.425986 0.282584
0.426086 0.282584
0.426185 0.282584
0.426285 0.282356
0.426384 0.282127
0.426484 0.281899
0.426583 0.281671
0.426683 0.281671
0.426782 0.281671
0.426882 0.281671
0.426981 0.281671
0.427081 0.281443
0.427180 0.280758
0.427280 0.280530
0.427379 0.280530
0.427479 0.280530
0.427578 0.280530
0.427678 0.280530
0.427777 0.280530
0.427877 0.280301
0.427976 0.280301
0.428076 0.280073
0.428175 0.280073
0.428275 0.279845
0.428374 0.279845
0.428474 0.279388
0.428573 0.278932
0.428673 0.278932
0.428772 0.278703
0.428872 0.278703
0.428971 0.278475
0.429071 0.278475
0.429170 0.278475
0.429270 0.278247
0.429369 0.278247
0.429469 0.277562
0.429568 0.277562
0.429668 0.277562
0.429767 0.277562
0.429867 0.277562
0.429966 0.277562
0.430066 0.277334
0.430165 0.277106
0.430265 0.276877
0.430364 0.276649
0.430464 0.276649
0.430563 0.276649
0.430663 0.276649
0.430762 0.276649
0.430862 0.276193
0.430961 0.276193
0.431061 0.276193
0.431160 0.276193
0.431260 0.275964
0.431359 0.275964
0.431459 0.275964
0.431558 0.275964
0.431658 0.275964
0.431757 0.275964
0.431857 0.275964
0.431956 0.275964
0.432056 0.275964
0.432155 0.275964
0.432255 0.275964
0.432354 0.275508
0.432454 0.275280
0.432553 0.275051
0.432653 0.275051
0.432752 0.275051
0.432852 0.275051
0.432951 0.274823
0.433051 0.274823
0.433150 0.274823
0.433250 0.274595
0.433349 0.274595
0.433449 0.274595
0.433548 0.274595
0.433648 0.274595
0.433747 0.274367
0.433847 0.274138
0.433946 0.274138
0.434046 0.273910
0.434145 0.273682
0.434245 0.273682
0.434344 0.273682
0.434444 0.273682
0.434544 0.273454
0.434643 0.272997
0.434743 0.272997
0.434842 0.272997
0.434942 0.272997
0.435041 0.272997
0.435141 0.272769
0.435240 0.272769
0.435340 0.272769
0.435439 0.272769
0.435539 0.272541
0.435638 0.272312
0.435738 0.272084
0.435837 0.271399
0.435937 0.271171
0.436036 0.270943
0.436136 0.270943
0.436235 0.270943
0.436335 0.270714
0.436434 0.270714
0.436534 0.270486
0.436633 0.270486
0.436733 0.270258
0.436832 0.270030
0.436932 0.269801
0.437031 0.269573
0.437131 0.269573
0.437230 0.269345
0.437330 0.269345
0.437429 0.269117
0.437529 0.269117
0.437628 0.269117
0.437728 0.269117
0.437827 0.269117
0.437927 0.268888
0.438026 0.268888
0.438126 0.268660
0.438225 0.268432
0.438325 0.268204
0.438424 0.268204
0.438524 0.268204
0.438623 0.268204
0.438723 0.268204
0.438822 0.268204
0.438922 0.268204
0.439021 0.268204
0.439121 0.268204
0.439220 0.267975
0.439320 0.267519
0.439419 0.267519
0.439519 0.267519
0.439618 0.267291
0.439718 0.267291
0.439817 0.267291
0.439917 0.267291
0.440016 0.267291
0.440116 0.267291
0.440215 0.267291
0.440315 0.267291
0.440414 0.267291
0.440514 0.267062
0.440613 0.267062
0.440713 0.267062
0.440812 0.266834
0.440912 0.266834
0.441011 0.266606
0.441111 0.266606
0.441210 0.266149
0.441310 0.266149
0.441409 0.265921
0.441509 0.265693
0.441608 0.265693
0.441708 0.265693
0.441807 0.265236
0.441907 0.265236
0.442006 0.265236
0.442106 0.265236
0.442205 0.265236
0.442305 0.265008
0.442404 0.264780
0.442504 0.264780
0.442603 0.264780
0.442703 0.264780
0.442802 0.264323
0.442902 0.264323
0.443001 0.264323
0.443101 0.264323
0.443200 0.264323
0.443300 0.264095
0.443399 0.264095
0.443499 0.264095
0.443598 0.264095
0.443698 0.264095
0.443797 0.264095
0.443897 0.264095
0.443996 0.264095
0.444096 0.263867
0.444195 0.263867
0.444295 0.263867
0.444394 0.263638
0.444494 0.263410
0.444593 0.263182
0.444693 0.263182
0.444792 0.262954
0.444892 0.262954
0.444991 0.262725
0.445091 0.262725
0.445190 0.262497
0.445290 0.262269
0.445389 0.262041
0.445489 0.262041
0.445588 0.261812
0.445688 0.261812
0.445787 0.261812
0.445887 0.261356
0.445986 0.261356
0.446086 0.261356
0.446186 0.261356
0.446285 0.261356
0.446385 0.261356
0.446484 0.261356
0.446584 0.260899
0.446683 0.260671
0.446783 0.260671
0.446882 0.260671
0.446982 0.260443
0.447081 0.260215
0.447181 0.260215
0.447280 0.260215
0.447380 0.259986
0.447479 0.259986
0.447579 0.259758
0.447678 0.259758
0.447778 0.259758
0.447877 0.259758
0.447977 0.259758
0.448076 0.259758
0.448176 0.259530
0.448275 0.259530
0.448375 0.259530
0.448474 0.259530
0.448574 0.259530
0.448673 0.259302
0.448773 0.259302
0.448872 0.259302
0.448972 0.259302
0.449071 0.259302
0.449171 0.259302
0.449270 0.259302
0.449370 0.259302
0.449469 0.259302
0.449569 0.259073
0.449668 0.259073
0.449768 0.258845
0.449867 0.258845
0.449967 0.258617
0.450066 0.258617
0.450166 0.258617
0.450265 0.258617
0.450365 0.258617
0.450464 0.258617
0.450564 0.257932
0.450663 0.257932
0.450763 0.257932
0.450862 0.257932
0.450962 0.257932
0.451061 0.257932
0.451161 0.257932
0.451260 0.257932
0.451360 0.257932
0.451459 0.257932
0.451559 0.257704
0.451658 0.257704
0.451758 0.257704
0.451857 0.257704
0.451957 0.257704
0.452056 0.257704
0.452156 0.257704
0.452255 0.257704
0.452355 0.257704
0.452454 0.257704
0.452554 0.257704
0.452653 0.257475
0.452753 0.257247
0.452852 0.257247
0.452952 0.257247
0.453051 0.257247
0.453151 0.257247
0.453250 0.257019
0.453350 0.257019
0.453449 0.257019
0.453549 0.257019
0.453648 0.256791
0.453748 0.256562
0.453847 0.256562
0.453947 0.256562
0.454046 0.256562
0.454146 0.256562
0.454245 0.256562
0.454345 0.256334
0.454444 0.256334
0.454544 0.256334
0.454643 0.256334
0.454743 0.256334
0.454842 0.256106
0.454942 0.255878
0.455041 0.255649
0.455141 0.255421
0.455240 0.255421
0.455340 0.255421
0.455439 0.255421
0.455539 0.255421
0.455638 0.255421
0.455738 0.255421
0.455837 0.255421
0.455937 0.255421
0.456036 0.255421
0.456136 0.255193
0.456235 0.255193
0.456335 0.255193
0.456434 0.254965
0.456534 0.254736
0.456633 0.254736
0.456733 0.254508
0.456832 0.254508
0.456932 0.254508
0.457031 0.254052
0.457131 0.253823
0.457230 0.253823
0.457330 0.253595
0.457429 0.253595
0.457529 0.253367
0.457628 0.252910
0.457728 0.252682
0.457827 0.252454
0.457927 0.252454
0.458027 0.252454
0.458126 0.252454
0.458226 0.252454
0.458325 0.252454
0.458425 0.252454
0.458524 0.252454
0.458624 0.252454
0.458723 0.252226
0.458823 0.252226
0.458922 0.251997
0.459022 0.251769
0.459121 0.251541
0.459221 0.251541
0.459320 0.251541
0.459420 0.251312
0.459519 0.251312
0.459619 0.251312
0.459718 0.251312
0.459818 0.251312
0.459917 0.251312
0.460017 0.251084
0.460116 0.251084
0.460216 0.250856
0.460315 0.250856
0.460415 0.250628
0.460514 0.250628
0.460614 0.250399
0.460713 0.250399
0.460813 0.250171
0.460912 0.249943
0.461012 0.249715
0.461111 0.249715
0.461211 0.249715
0.461310 0.249715
0.461410 0.249715
0.461509 0.249715
0.461609 0.249715
0.461708 0.249715
0.461808 0.249486
0.461907 0.249486
0.462007 0.249258
0.462106 0.249258
0.462206 0.249258
0.462305 0.249258
0.462405 0.249258
0.462504 0.249030
0.462604 0.249030
0.462703 0.249030
0.462803 0.249030
0.462902 0.249030
0.463002 0.249030
0.463101 0.249030
0.463201 0.248802
0.463300 0.248802
0.463400 0.248802
0.463499 0.248802
0.463599 0.248802
0.463698 0.248573
0.463798 0.248573
0.463897 0.248573
0.463997 0.248345
0.464096 0.248117
0.464196 0.248117
0.464295 0.248117
0.464395 0.248117
0.464494 0.248117
0.464594 0.248117
0.464693 0.248117
0.464793 0.247889
0.464892 0.247889
0.464992 0.247889
0.465091 0.247660
0.465191 0.247432
0.465290 0.247204
0.465390 0.247204
0.465489 0.247204
0.465589 0.246976
0.465688 0.246976
0.465788 0.246291
0.465887 0.246291
0.465987 0.245834
0.466086 0.245606
0.466186 0.245606
0.466285 0.245606
0.466385 0.245606
0.466484 0.245606
0.466584 0.245378
0.466683 0.245378
0.466783 0.245150
0.466882 0.245150
0.466982 0.245150
0.467081 0.244693
0.467181 0.244693
0.467280 0.244693
0.467380 0.244693
0.467479 0.244693
0.467579 0.244693
0.467678 0.244693
0.467778 0.244236
0.467877 0.244236
0.467977 0.244236
0.468076 0.244236
0.468176 0.244008
0.468275 0.244008
0.468375 0.244008
0.468474 0.244008
0.468574 0.243780
0.468673 0.243780
0.468773 0.243780
0.468872 0.243780
0.468972 0.243780
0.469071 0.243780
0.469171 0.243780
0.469270 0.243323
0.469370 0.243323
0.469469 0.243095
0.469569 0.242867
0.469668 0.242867
0.469768 0.242867
0.469868 0.242867
0.469967 0.242639
0.470067 0.242410
0.470166 0.242410
0.470266 0.241954
0.470365 0.241954
0.470465 0.241954
0.470564 0.241726
0.470664 0.241726
0.470763 0.241726
0.470863 0.241497
0.470962 0.241497
0.471062 0.241497
0.471161 0.241269
0.471261 0.241269
0.471360 0.240813
0.471460 0.240813
0.471559 0.240813
0.471659 0.240356
0.471758 0.239900
0.471858 0.239671
0.471957 0.239671
0.472057 0.239671
0.472156 0.239671
0.472256 0.239671
0.472355 0.239671
0.472455 0.239443
0.472554 0.239443
0.472654 0.239443
0.472753 0.239443
0.472853 0.239443
0.472952 0.239443
0.473052 0.239215
0.473151 0.239215
0.473251 0.238987
0.473350 0.238987
0.473450 0.238987
0.473549 0.238758
0.473649 0.238758
0.473748 0.238758
0.473848 0.238758
0.473947 0.238758
0.474047 0.238758
0.474146 0.238758
0.474246 0.238530
0.474345 0.238530
0.474445 0.238530
0.474544 0.238302
0.474644 0.238073
0.474743 0.238073
0.474843 0.238073
0.474942 0.238073
0.475042 0.237845
0.475141 0.237617
0.475241 0.237617
0.475340 0.237617
0.475440 0.237617
0.475539 0.237389
0.475639 0.237389
0.475738 0.237389
0.475838 0.237389
0.475937 0.237389
0.476037 0.237160
0.476136 0.237160
0.476236 0.236932
0.476335 0.236932
0.476435 0.236932
0.476534 0.236932
0.476634 0.236704
0.476733 0.236476
0.476833 0.236476
0.476932 0.236476
0.477032 0.236476
0.477131 0.236476
0.477231 0.236019
0.477330 0.236019
0.477430 0.235791
0.477529 0.235563
0.477629 0.235334
0.477728 0.235334
0.477828 0.235334
0.477927 0.235106
0.478027 0.235106
0.478126 0.235106
0.478226 0.235106
0.478325 0.234650
0.478425 0.234421
0.478524 0.234421
0.478624 0.234421
0.478723 0.234421
0.478823 0.234421
0.478922 0.234193
0.479022 0.234193
0.479121 0.234193
0.479221 0.234193
0.479320 0.234193
0.479420 0.234193
0.479519 0.234193
0.479619 0.234193
0.479718 0.233965
0.479818 0.233965
0.479917 0.233965
0.480017 0.233737
0.480116 0.233737
0.480216 0.233508
0.480315 0.233052
0.480415 0.232824
0.480514 0.232824
0.480614 0.232824
0.480713 0.232595
0.480813 0.232595
0.480912 0.232367
0.481012 0.232367
0.481111 0.232367
0.481211 0.232367
0.481310 0.232367
0.481410 0.232367
0.481510 0.232367
0.481609 0.232367
0.481709 0.232367
0.481808 0.232367
0.481908 0.232367
0.482007 0.232367
0.482107 0.232367
0.482206 0.232367
0.482306 0.232367
0.482405 0.232139
0.482505 0.232139
0.482604 0.231911
0.482704 0.231911
0.482803 0.231454
0.482903 0.231454
0.483002 0.231454
0.483102 0.231454
0.483201 0.231454
0.483301 0.231226
0.483400 0.231226
0.483500 0.231226
0.483599 0.230997
0.483699 0.230769
0.483798 0.230541
0.483898 0.230541
0.483997 0.230541
0.484097 0.230541
0.484196 0.230313
0.484296 0.230313
0.484395 0.229856
0.484495 0.229856
0.484594 0.229856
0.484694 0.229628
0.484793 0.229628
0.484893 0.229628
0.484992 0.229400
0.485092 0.229400
0.485191 0.229400
0.485291 0.229400
0.485390 0.229171
0.485490 0.229171
0.485589 0.229171
0.485689 0.229171
0.485788 0.228943
0.485888 0.228943
0.485987 0.228715
0.486087 0.228715
0.486186 0.228715
0.486286 0.228258
0.486385 0.228258
0.486485 0.228258
0.486584 0.228030
0.486684 0.227802
0.486783 0.227802
0.486883 0.227802
0.486982 0.227574
0.487082 0.227345
0.487181 0.227345
0.487281 0.227345
0.487380 0.227345
0.487480 0.226889
0.487579 0.226432
0.487679 0.225976
0.487778 0.225519
0.487878 0.225291
0.487977 0.225291
0.488077 0.224835
0.488176 0.224606
0.488276 0.224606
0.488375 0.224606
0.488475 0.224606
0.488574 0.224606
0.488674 0.224606
0.488773 0.224378
0.488873 0.224378
0.488972 0.224378
0.489072 0.224378
0.489171 0.224378
0.489271 0.223921
0.489370 0.223693
0.489470 0.223693
0.489569 0.223465
0.489669 0.223465
0.489768 0.223465
0.489868 0.223465
0.489967 0.223465
0.490067 0.223465
0.490166 0.223465
0.490266 0.223465
0.490365 0.223465
0.490465 0.223237
0.490564 0.223237
0.490664 0.223237
0.490763 0.223008
0.490863 0.223008
0.490962 0.223008
0.491062 0.223008
0.491161 0.222780
0.491261 0.222780
0.491360 0.222324
0.491460 0.222095
0.491559 0.222095
0.491659 0.222095
0.491758 0.222095
0.491858 0.221867
0.491957 0.221867
0.492057 0.221639
0.492156 0.221639
0.492256 0.221639
0.492355 0.221639
0.492455 0.221639
0.492554 0.221639
0.492654 0.221639
0.492753 0.221639
0.492853 0.221639
0.492952 0.221639
0.493052 0.221639
0.493151 0.221411
0.493251 0.221411
0.493351 0.221411
0.493450 0.221182
0.493550 0.221182
0.493649 0.221182
0.493749 0.221182
0.493848 0.221182
0.493948 0.221182
0.494047 0.221182
0.494147 0.221182
0.494246 0.221182
0.494346 0.221182
0.494445 0.220726
0.494545 0.220726
0.494644 0.220726
0.494744 0.220726
0.494843 0.220726
0.494943 0.220726
0.495042 0.220498
0.495142 0.220498
0.495241 0.220498
0.495341 0.220498
0.495440 0.220498
0.495540 0.220498
0.495639 0.220498
0.495739 0.220498
0.495838 0.220498
0.495938 0.219813
0.496037 0.219813
0.496137 0.219813
0.496236 0.219813
0.496336 0.219813
0.496435 0.219813
0.496535 0.219813
0.496634 0.219585
0.496734 0.219585
0.496833 0.218900
0.496933 0.218672
0.497032 0.218443
0.497132 0.218215
0.497231 0.217759
0.497331 0.217759
0.497430 0.217759
0.497530 0.217759
0.497629 0.217530
0.497729 0.217530
0.497828 0.217530
0.497928 0.217530
0.498027 0.217530
0.498127 0.217530
0.498226 0.217530
0.498326 0.217302
0.498425 0.216845
0.498525 0.216617
0.498624 0.216617
0.498724 0.216617
0.498823 0.216617
0.498923 0.216617
0.499022 0.216617
0.499122 0.216617
0.499221 0.216617
0.499321 0.216389
0.499420 0.216161
0.499520 0.216161
0.499619 0.215704
0.499719 0.215248
0.499818 0.215248
0.499918 0.215248
0.500017 0.215248
0.500117 0.215248
0.500216 0.215248
0.500316 0.215019
0.500415 0.215019
0.500515 0.215019
0.500614 0.214791
0.500714 0.214791
0.500813 0.214563
0.500913 0.214335
0.501012 0.214335
0.501112 0.214335
0.501211 0.214335
0.501311 0.213878
0.501410 0.213878
0.501510 0.213878
0.501609 0.213878
0.501709 0.213878
0.501808 0.213878
0.501908 0.213878
0.502007 0.213878
0.502107 0.213650
0.502206 0.213650
0.502306 0.213650
0.502405 0.213650
0.502505 0.213650
0.502604 0.213650
0.502704 0.213422
0.502803 0.213193
0.502903 0.213193
0.503002 0.212965
0.503102 0.212965
0.503201 0.212965
0.503301 0.212965
0.503400 0.212509
0.503500 0.212509
0.503599 0.212052
0.503699 0.211824
0.503798 0.211596
0.503898 0.211596
0.503997 0.211596
0.504097 0.211596
0.504196 0.211596
0.504296 0.211596
0.504395 0.210911
0.504495 0.210682
0.504594 0.210682
0.504694 0.210226
0.504793 0.209998
0.504893 0.209998
0.504992 0.209998
0.505092 0.209998
0.505192 0.209998
0.505291 0.209998
0.505391 0.209998
0.505490 0.209998
0.505590 0.209769
0.505689 0.209769
0.505789 0.209541
0.505888 0.209541
0.505988 0.209541
0.506087 0.209085
0.506187 0.209085
0.506286 0.209085
0.506386 0.209085
0.506485 0.209085
0.506585 0.209085
0.506684 0.208628
0.506784 0.208628
0.506883 0.208400
0.506983 0.208172
0.507082 0.208172
0.507182 0.207943
0.507281 0.207487
0.507381 0.207487
0.507480 0.207259
0.507580 0.207259
0.507679 0.207259
0.507779 0.207259
0.507878 0.207259
0.507978 0.207259
0.508077 0.207030
0.508177 0.207030
0.508276 0.207030
0.508376 0.206802
0.508475 0.206802
0.508575 0.206802
0.508674 0.206802
0.508774 0.206802
0.508873 0.206802
0.508973 0.206574
0.509072 0.206574
0.509172 0.206574
0.509271 0.206574
0.509371 0.206346
0.509470 0.206346
0.509570 0.206346
0.509669 0.206117
0.509769 0.205661
0.509868 0.205661
0.509968 0.205433
0.510067 0.205204
0.510167 0.204748
0.510266 0.204748
0.510366 0.204748
0.510465 0.204748
0.510565 0.204748
0.510664 0.204748
0.510764 0.204748
0.510863 0.204748
0.510963 0.204748
0.511062 0.204748
0.511162 0.204748
0.511261 0.204520
0.511361 0.204291
0.511460 0.204291
0.511560 0.204291
0.511659 0.204291
0.511759 0.204291
0.511858 0.204291
0.511958 0.204063
0.512057 0.204063
0.512157 0.204063
0.512256 0.203835
0.512356 0.203606
0.512455 0.203378
0.512555 0.203378
0.512654 0.203378
0.512754 0.203378
0.512853 0.203378
0.512953 0.203150
0.513052 0.203150
0.513152 0.203150
0.513251 0.203150
0.513351 0.203150
0.513450 0.203150
0.513550 0.202922
0.513649 0.202922
0.513749 0.202693
0.513848 0.202693
0.513948 0.202009
0.514047 0.202009
0.514147 0.202009
0.514246 0.202009
0.514346 0.201780
0.514445 0.201552
0.514545 0.201324
0.514644 0.201324
0.514744 0.201324
0.514843 0.201096
0.514943 0.201096
0.515042 0.201096
0.515142 0.200867
0.515241 0.200867
0.515341 0.200867
0.515440 0.200867
0.515540 0.200867
0.515639 0.200867
0.515739 0.200867
0.515838 0.200867
0.515938 0.200639
0.516037 0.200639
0.516137 0.200183
0.516236 0.199954
0.516336 0.199954
0.516435 0.199726
0.516535 0.199726
0.516634 0.199726
0.516734 0.199498
0.516834 0.199270
0.516933 0.199270
0.517033 0.199270
0.517132 0.199041
0.517232 0.199041
0.517331 0.199041
0.517431 0.199041
0.517530 0.199041
0.517630 0.199041
0.517729 0.199041
0.517829 0.199041
0.517928 0.199041
0.518028 0.198813
0.518127 0.198813
0.518227 0.198813
0.518326 0.198813
0.518426 0.198813
0.518525 0.198813
0.518625 0.198813
0.518724 0.198813
0.518824 0.198813
0.518923 0.198357
0.519023 0.198128
0.519122 0.198128
0.519222 0.197900
0.519321 0.197900
0.519421 0.197900
0.519520 0.197900
0.519620 0.197672
0.519719 0.197672
0.519819 0.197672
0.519918 0.197444
0.520018 0.197444
0.520117 0.197215
0.520217 0.197215
0.520316 0.196987
0.520416 0.196987
0.520515 0.196987
0.520615 0.196759
0.520714 0.196759
0.520814 0.196530
0.520913 0.196302
0.521013 0.196302
0.521112 0.196074
0.521212 0.196074
0.521311 0.195846
0.521411 0.195617
0.521510 0.195617
0.521610 0.195389
0.521709 0.195389
0.521809 0.195389
0.521908 0.195389
0.522008 0.195389
0.522107 0.195389
0.522207 0.195389
0.522306 0.195389
0.522406 0.195389
0.522505 0.195389
0.522605 0.195389
0.522704 0.195161
0.522804 0.195161
0.522903 0.195161
0.523003 0.194933
0.523102 0.194933
0.523202 0.194704
0.523301 0.194704
0.523401 0.194704
0.523500 0.194704
0.523600 0.194704
0.523699 0.194704
0.523799 0.194704
0.523898 0.194704
0.523998 0.194704
0.524097 0.194704
0.524197 0.194704
0.524296 0.194704
0.524396 0.194476
0.524495 0.194476
0.524595 0.194248
0.524694 0.194248
0.524794 0.194248
0.524893 0.194248
0.524993 0.194248
0.525092 0.194248
0.525192 0.194248
0.525291 0.194020
0.525391 0.194020
0.525490 0.194020
0.525590 0.194020
0.525689 0.193791
0.525789 0.193563
0.525888 0.193563
0.525988 0.193563
0.526087 0.193563
0.526187 0.193563
0.526286 0.193563
0.526386 0.193563
0.526485 0.193563
0.526585 0.193563
0.526684 0.193563
0.526784 0.193563
0.526883 0.193563
0.526983 0.193335
0.527082 0.193335
0.527182 0.193335
0.527281 0.193335
0.527381 0.193335
0.527480 0.193335
0.527580 0.193335
0.527679 0.193335
0.527779 0.193335
0.527878 0.193335
0.527978 0.193107
0.528077 0.192878
0.528177 0.192878
0.528276 0.192878
0.528376 0.192878
0.528475 0.192650
0.528575 0.192650
0.528675 0.192650
0.528774 0.192422
0.528874 0.192194
0.528973 0.191737
0.529073 0.191737
0.529172 0.191737
0.529272 0.191737
0.529371 0.191737
0.529471 0.191737
0.529570 0.191509
0.529670 0.191509
0.529769 0.191509
0.529869 0.191509
0.529968 0.191509
0.530068 0.191509
0.530167 0.191509
0.530267 0.191509
0.530366 0.191509
0.530466 0.191281
0.530565 0.191281
0.530665 0.191281
0.530764 0.191281
0.530864 0.191281
0.530963 0.191281
0.531063 0.191281
0.531162 0.191281
0.531262 0.191281
0.531361 0.191281
0.531461 0.191281
0.531560 0.191281
0.531660 0.191052
0.531759 0.190824
0.531859 0.190824
0.531958 0.190367
0.532058 0.190367
0.532157 0.190367
0.532257 0.190367
0.532356 0.190367
0.532456 0.190367
0.532555 0.190367
0.532655 0.190367
0.532754 0.190367
0.532854 0.190367
0.532953 0.190367
0.533053 0.190139
0.533152 0.190139
0.533252 0.190139
0.533351 0.190139
0.533451 0.190139
0.533550 0.190139
0.533650 0.189911
0.533749 0.189683
0.533849 0.189683
0.533948 0.189454
0.534048 0.189454
0.534147 0.188998
0.534247 0.188998
0.534346 0.188998
0.534446 0.188998
0.534545 0.188998
0.534645 0.188998
0.534744 0.188998
0.534844 0.188998
0.534943 0.188998
0.535043 0.188770
0.535142 0.188770
0.535242 0.188770
0.535341 0.188770
0.535441 0.188313
0.535540 0.188313
0.535640 0.188313
0.535739 0.188313
0.535839 0.188313
0.535938 0.188313
0.536038 0.188313
0.536137 0.188313
0.536237 0.188313
0.536336 0.188313
0.536436 0.188313
0.536535 0.188313
0.536635 0.188313
0.536734 0.188313
0.536834 0.188085
0.536933 0.188085
0.537033 0.187857
0.537132 0.187857
0.537232 0.187400
0.537331 0.187400
0.537431 0.187172
0.537530 0.187172
0.537630 0.187172
0.537729 0.186944
0.537829 0.186944
0.537928 0.186944
0.538028 0.186715
0.538127 0.186715
0.538227 0.186715
0.538326 0.186715
0.538426 0.186715
0.538525 0.186487
0.538625 0.186487
0.538724 0.186487
0.538824 0.186487
0.538923 0.186487
0.539023 0.186259
0.539122 0.186259
0.539222 0.186259
0.539321 0.186259
0.539421 0.186259
0.539520 0.186031
0.539620 0.185802
0.539719 0.185802
0.539819 0.185802
0.539918 0.185802
0.540018 0.185802
0.540117 0.185802
0.540217 0.185802
0.540316 0.185802
0.540416 0.185574
0.540516 0.185574
0.540615 0.185346
0.540715 0.185346
0.540814 0.185118
0.540914 0.185118
0.541013 0.185118
0.541113 0.184889
0.541212 0.184889
0.541312 0.184661
0.541411 0.184661
0.541511 0.184661
0.541610 0.184433
0.541710 0.184433
0.541809 0.184205
0.541909 0.184205
0.542008 0.184205
0.542108 0.183976
0.542207 0.183976
0.542307 0.183748
0.542406 0.183748
0.542506 0.183748
0.542605 0.183520
0.542705 0.183291
0.542804 0.183291
0.542904 0.183291
0.543003 0.183291
0.543103 0.183063
0.543202 0.183063
0.543302 0.183063
0.543401 0.183063
0.543501 0.183063
0.543600 0.183063
0.543700 0.183063
0.543799 0.183063
0.543899 0.182835
0.543998 0.182378
0.544098 0.181922
0.544197 0.181694
0.544297 0.181237
0.544396 0.181237
0.544496 0.181237
0.544595 0.181237
0.544695 0.181009
0.544794 0.181009
0.544894 0.181009
0.544993 0.180781
0.545093 0.180781
0.545192 0.180781
0.545292 0.180781
0.545391 0.180552
0.545491 0.180552
0.545590 0.180324
0.545690 0.180324
0.545789 0.179868
0.545889 0.179868
0.545988 0.179868
0.546088 0.179868
0.546187 0.179868
0.546287 0.179868
0.546386 0.179868
0.546486 0.179868
0.546585 0.179868
0.546685 0.179639
0.546784 0.179411
0.546884 0.179411
0.546983 0.179411
0.547083 0.179411
0.547182 0.179411
0.547282 0.179411
0.547381 0.179411
0.547481 0.179411
0.547580 0.179411
0.547680 0.178955
0.547779 0.178955
0.547879 0.178955
0.547978 0.178498
0.548078 0.178498
0.548177 0.178270
0.548277 0.178270
0.548376 0.178270
0.548476 0.178270
0.548575 0.178270
0.548675 0.178270
0.548774 0.178270
0.548874 0.178042
0.548973 0.178042
0.549073 0.178042
0.549172 0.178042
0.549272 0.178042
0.549371 0.178042
0.549471 0.177813
0.549570 0.177813
0.549670 0.177813
0.549769 0.177813
0.549869 0.177813
0.549968 0.177813
0.550068 0.177813
0.550167 0.177813
0.550267 0.177357
0.550366 0.177357
0.550466 0.177129
0.550565 0.177129
0.550665 0.176900
0.550764 0.176444
0.550864 0.176444
0.550963 0.176444
0.551063 0.176215
0.551162 0.175531
0.551262 0.175531
0.551361 0.175074
0.551461 0.175074
0.551560 0.175074
0.551660 0.174846
0.551759 0.174846
0.551859 0.174846
0.551958 0.174846
0.552058 0.174618
0.552158 0.174618
0.552257 0.174618
0.552357 0.174618
0.552456 0.174618
0.552556 0.174389
0.552655 0.174389
0.552755 0.174389
0.552854 0.174389
0.552954 0.174389
0.553053 0.174389
0.553153 0.174389
0.553252 0.174389
0.553352 0.174161
0.553451 0.173933
0.553551 0.173705
0.553650 0.173705
0.553750 0.173705
0.553849 0.173705
0.553949 0.173705
0.554048 0.173705
0.554148 0.173705
0.554247 0.173705
0.554347 0.173476
0.554446 0.173476
0.554546 0.173020
0.554645 0.173020
0.554745 0.172792
0.554844 0.172792
0.554944 0.172563
0.555043 0.172563
0.555143 0.172563
0.555242 0.172563
0.555342 0.172563
0.555441 0.172563
0.555541 0.172335
0.555640 0.172335
0.555740 0.172335
0.555839 0.172107
0.555939 0.172107
0.556038 0.172107
0.556138 0.172107
0.556237 0.171650
0.556337 0.171422
0.556436 0.171194
0.556536 0.171194
0.556635 0.171194
0.556735 0.170737
0.556834 0.170737
0.556934 0.170737
0.557033 0.170737
0.557133 0.170737
0.557232 0.170509
0.557332 0.170509
0.557431 0.170509
0.557531 0.170281
0.557630 0.170052
0.557730 0.169824
0.557829 0.169824
0.557929 0.169596
0.558028 0.169596
0.558128 0.169596
0.558227 0.169596
0.558327 0.169596
0.558426 0.169596
0.558526 0.169596
0.558625 0.169596
0.558725 0.169368
0.558824 0.169368
0.558924 0.169368
0.559023 0.169139
0.559123 0.169139
0.559222 0.169139
0.559322 0.169139
0.559421 0.169139
0.559521 0.168683
0.559620 0.168683
0.559720 0.168226
0.559819 0.168226
0.559919 0.168226
0.560018 0.168226
0.560118 0.168226
0.560217 0.168226
0.560317 0.168226
0.560416 0.168226
0.560516 0.167998
0.560615 0.167998
0.560715 0.167998
0.560814 0.167998
0.560914 0.167998
0.561013 0.167998
0.561113 0.167998
0.561212 0.167770
0.561312 0.167770
0.561411 0.167770
0.561511 0.167770
0.561610 0.167770
0.561710 0.167542
0.561809 0.167542
0.561909 0.167085
0.562008 0.166857
0.562108 0.166857
0.562207 0.166857
0.562307 0.166857
0.562406 0.166629
0.562506 0.166629
0.562605 0.166629
0.562705 0.166400
0.562804 0.166400
0.562904 0.166400
0.563003 0.166400
0.563103 0.166400
0.563202 0.166400
0.563302 0.166172
0.563401 0.166172
0.563501 0.166172
0.563600 0.166172
0.563700 0.165716
0.563799 0.165487
0.563899 0.165487
0.563999 0.165487
0.564098 0.165487
0.564198 0.165487
0.564297 0.165487
0.564397 0.165487
0.564496 0.165259
0.564596 0.164803
0.564695 0.164346
0.564795 0.164346
0.564894 0.164346
0.564994 0.164346
0.565093 0.164346
0.565193 0.164346
0.565292 0.164118
0.565392 0.164118
0.565491 0.164118
0.565591 0.164118
0.565690 0.164118
0.565790 0.164118
0.565889 0.163890
0.565989 0.163890
0.566088 0.163661
0.566188 0.163433
0.566287 0.163205
0.566387 0.163205
0.566486 0.162976
0.566586 0.162748
0.566685 0.162520
0.566785 0.162292
0.566884 0.162063
0.566984 0.162063
0.567083 0.161835
0.567183 0.161835
0.567282 0.161835
0.567382 0.161835
0.567481 0.161835
0.567581 0.161835
0.567680 0.161607
0.567780 0.161379
0.567879 0.161379
0.567979 0.160922
0.568078 0.160922
0.568178 0.160922
0.568277 0.160694
0.568377 0.160694
0.568476 0.160466
0.568576 0.160466
0.568675 0.160466
0.568775 0.160466
0.568874 0.160466
0.568974 0.160237
0.569073 0.160237
0.569173 0.160237
0.569272 0.160237
0.569372 0.160009
0.569471 0.159781
0.569571 0.159553
0.569670 0.159553
0.569770 0.158868
0.569869 0.158640
0.569969 0.158411
0.570068 0.158411
0.570168 0.158411
0.570267 0.158183
0.570367 0.158183
0.570466 0.158183
0.570566 0.158183
0.570665 0.157727
0.570765 0.157727
0.570864 0.157727
0.570964 0.157727
0.571063 0.157727
0.571163 0.157727
0.571262 0.157498
0.571362 0.157498
0.571461 0.157498
0.571561 0.157498
0.571660 0.157270
0.571760 0.157042
0.571859 0.157042
0.571959 0.157042
0.572058 0.156585
0.572158 0.156357
0.572257 0.156357
0.572357 0.156357
0.572456 0.156357
0.572556 0.156357
0.572655 0.155900
0.572755 0.155900
0.572854 0.155900
0.572954 0.155900
0.573053 0.155900
0.573153 0.155900
0.573252 0.155900
0.573352 0.155900
0.573451 0.155444
0.573551 0.155216
0.573650 0.155216
0.573750 0.155216
0.573849 0.154987
0.573949 0.154987
0.574048 0.154987
0.574148 0.154987
0.574247 0.154987
0.574347 0.154987
0.574446 0.154759
0.574546 0.154303
0.574645 0.154303
0.574745 0.154303
0.574844 0.154303
0.574944 0.154074
0.575043 0.153846
0.575143 0.153846
0.575242 0.153618
0.575342 0.153390
0.575441 0.153390
0.575541 0.153390
0.575640 0.153161
0.575740 0.153161
0.575840 0.153161
0.575939 0.152933
0.576039 0.152477
0.576138 0.152477
0.576238 0.152248
0.576337 0.152248
0.576437 0.152020
0.576536 0.152020
0.576636 0.151564
0.576735 0.151564
0.576835 0.151564
0.576934 0.151564
0.577034 0.151107
0.577133 0.150879
0.577233 0.150879
0.577332 0.150651
0.577432 0.150651
0.577531 0.150651
0.577631 0.150422
0.577730 0.150194
0.577830 0.150194
0.577929 0.150194
0.578029 0.150194
0.578128 0.149966
0.578228 0.149738
0.578327 0.149738
0.578427 0.149738
0.578526 0.149738
0.578626 0.149738
0.578725 0.149738
0.578825 0.149738
0.578924 0.149738
0.579024 0.149738
0.579123 0.149738
0.579223 0.149509
0.579322 0.149509
0.579422 0.149509
0.579521 0.149509
0.579621 0.149509
0.579720 0.149509
0.579820 0.149053
0.579919 0.148824
0.580019 0.148824
0.580118 0.148824
0.580218 0.148824
0.580317 0.148596
0.580417 0.148596
0.580516 0.148596
0.580616 0.148596
0.580715 0.148368
0.580815 0.148368
0.580914 0.148368
0.581014 0.148368
0.581113 0.148368
0.581213 0.148368
0.581312 0.147911
0.581412 0.147683
0.581511 0.147683
0.581611 0.147455
0.581710 0.147455
0.581810 0.147227
0.581909 0.146998
0.582009 0.146998
0.582108 0.146998
0.582208 0.146998
0.582307 0.146998
0.582407 0.146998
0.582506 0.146998
0.582606 0.146770
0.582705 0.146770
0.582805 0.146770
0.582904 0.146542
0.583004 0.146542
0.583103 0.146542
0.583203 0.146314
0.583302 0.146314
0.583402 0.146314
0.583501 0.145629
0.583601 0.145629
0.583700 0.145629
0.583800 0.145629
0.583899 0.145629
0.583999 0.145629
0.584098 0.145629
0.584198 0.145629
0.584297 0.145629
0.584397 0.145401
0.584496 0.145401
0.584596 0.145172
0.584695 0.144944
0.584795 0.144944
0.584894 0.144716
0.584994 0.144716
0.585093 0.143803
0.585193 0.143575
0.585292 0.143346
0.585392 0.143346
0.585491 0.143118
0.585591 0.143118
0.585690 0.143118
0.585790 0.143118
0.585889 0.143118
0.585989 0.143118
0.586088 0.143118
0.586188 0.143118
0.586287 0.143118
0.586387 0.142890
0.586486 0.142890
0.586586 0.142890
0.586685 0.142890
0.586785 0.142433
0.586884 0.142433
0.586984 0.142205
0.587083 0.142205
0.587183 0.142205
0.587282 0.142205
0.587382 0.142205
0.587482 0.142205
0.587581 0.142205
0.587681 0.142205
0.587780 0.142205
0.587880 0.141748
0.587979 0.141748
0.588079 0.141748
0.588178 0.141748
0.588278 0.141748
0.588377 0.141748
0.588477 0.141748
0.588576 0.141748
0.588676 0.141748
0.588775 0.141748
0.588875 0.141748
0.588974 0.141748
0.589074 0.141748
0.589173 0.141748
0.589273 0.141748
0.589372 0.141520
0.589472 0.141292
0.589571 0.141292
0.589671 0.141064
0.589770 0.141064
0.589870 0.141064
0.589969 0.141064
0.590069 0.141064
0.590168 0.141064
0.590268 0.141064
0.590367 0.141064
0.590467 0.140835
0.590566 0.140835
0.590666 0.140607
0.590765 0.140379
0.590865 0.140379
0.590964 0.140379
0.591064 0.140379
0.591163 0.140379
0.591263 0.140151
0.591362 0.140151
0.591462 0.140151
0.591561 0.139922
0.591661 0.139922
0.591760 0.139922
0.591860 0.139466
0.591959 0.139466
0.592059 0.139466
0.592158 0.139466
0.592258 0.139466
0.592357 0.139238
0.592457 0.139009
0.592556 0.139009
0.592656 0.139009
0.592755 0.139009
0.592855 0.139009
0.592954 0.138781
0.593054 0.138553
0.593153 0.138553
0.593253 0.138553
0.593352 0.138325
0.593452 0.138325
0.593551 0.138325
0.593651 0.138325
0.593750 0.138325
0.593850 0.138325
0.593949 0.137868
0.594049 0.137868
0.594148 0.137640
0.594248 0.137412
0.594347 0.137412
0.594447 0.137412
0.594546 0.137183
0.594646 0.137183
0.594745 0.137183
0.594845 0.137183
0.594944 0.137183
0.595044 0.137183
0.595143 0.136955
0.595243 0.136955
0.595342 0.136955
0.595442 0.136955
0.595541 0.136955
0.595641 0.136955
0.595740 0.136955
0.595840 0.136955
0.595939 0.136955
0.596039 0.136955
0.596138 0.136955
0.596238 0.136727
0.596337 0.136499
0.596437 0.136042
0.596536 0.136042
0.596636 0.136042
0.596735 0.136042
0.596835 0.136042
0.596934 0.135814
0.597034 0.135814
0.597133 0.135585
0.597233 0.135585
0.597332 0.135585
0.597432 0.135585
0.597531 0.135585
0.597631 0.135585
0.597730 0.135585
0.597830 0.135585
0.597929 0.135585
0.598029 0.135585
0.598128 0.135585
0.598228 0.135585
0.598327 0.135585
0.598427 0.135585
0.598526 0.135129
0.598626 0.135129
0.598725 0.135129
0.598825 0.135129
0.598924 0.135129
0.599024 0.135129
0.599123 0.134901
0.599223 0.134901
0.599323 0.134901
0.599422 0.134444
0.599522 0.134216
0.599621 0.134216
0.599721 0.133759
0.599820 0.133531
0.599920 0.133531
0.600019 0.133531
0.600119 0.133531
0.600218 0.133531
0.600318 0.133303
0.600417 0.133075
0.600517 0.133075
0.600616 0.133075
0.600716 0.133075
0.600815 0.132846
0.600915 0.132846
0.601014 0.132846
0.601114 0.132618
0.601213 0.132618
0.601313 0.132390
0.601412 0.132390
0.601512 0.132390
0.601611 0.132390
0.601711 0.132390
0.601810 0.132390
0.601910 0.132390
0.602009 0.132390
0.602109 0.131933
0.602208 0.131933
0.602308 0.131933
0.602407 0.131705
0.602507 0.131705
0.602606 0.131249
0.602706 0.131020
0.602805 0.131020
0.602905 0.130792
0.603004 0.130792
0.603104 0.130792
0.603203 0.130564
0.603303 0.130564
0.603402 0.130564
0.603502 0.130564
0.603601 0.130336
0.603701 0.130336
0.603800 0.130107
0.603900 0.129879
0.603999 0.129879
0.604099 0.129879
0.604198 0.129879
0.604298 0.129651
0.604397 0.129651
0.604497 0.129651
0.604596 0.129651
0.604696 0.129651
0.604795 0.129423
0.604895 0.129423
0.604994 0.129423
0.605094 0.129423
0.605193 0.129423
0.605293 0.129423
0.605392 0.129194
0.605492 0.129194
0.605591 0.129194
0.605691 0.129194
0.605790 0.129194
0.605890 0.128966
0.605989 0.128966
0.606089 0.128966
0.606188 0.128966
0.606288 0.128966
0.606387 0.128966
0.606487 0.128966
0.606586 0.128966
0.606686 0.128966
0.606785 0.128966
0.606885 0.128966
0.606984 0.128738
0.607084 0.128738
0.607183 0.128738
0.607283 0.128738
0.607382 0.128738
0.607482 0.128738
0.607581 0.128738
0.607681 0.128738
0.607780 0.128738
0.607880 0.128738
0.607979 0.128509
0.608079 0.128509
0.608178 0.128509
0.608278 0.128509
0.608377 0.128509
0.608477 0.128509
0.608576 0.128509
0.608676 0.128509
0.608775 0.128281
0.608875 0.128053
0.608974 0.128053
0.609074 0.127825
0.609173 0.127825
0.609273 0.127825
0.609372 0.127825
0.609472 0.127596
0.609571 0.127368
0.609671 0.127368
0.609770 0.127368
0.609870 0.127368
0.609969 0.127140
0.610069 0.127140
0.610168 0.126912
0.610268 0.126912
0.610367 0.126912
0.610467 0.126912
0.610566 0.126912
0.610666 0.126912
0.610765 0.126912
0.610865 0.126912
0.610964 0.126912
0.611064 0.126912
0.611164 0.126912
0.611263 0.126912
0.611363 0.126912
0.611462 0.126912
0.611562 0.126683
0.611661 0.126683
0.611761 0.126683
0.611860 0.126683
0.611960 0.126455
0.612059 0.126455
0.612159 0.126455
0.612258 0.126455
0.612358 0.126455
0.612457 0.126455
0.612557 0.126455
0.612656 0.126455
0.612756 0.126227
0.612855 0.125999
0.612955 0.125999
0.613054 0.125770
0.613154 0.125770
0.613253 0.125770
0.613353 0.125770
0.613452 0.125770
0.613552 0.125770
0.613651 0.125770
0.613751 0.125770
0.613850 0.125770
0.613950 0.125770
0.614049 0.125542
0.614149 0.125542
0.614248 0.125314
0.614348 0.125314
0.614447 0.125314
0.614547 0.124857
0.614646 0.124857
0.614746 0.124857
0.614845 0.124857
0.614945 0.124857
0.615044 0.124857
0.615144 0.124857
0.615243 0.124857
0.615343 0.124629
0.615442 0.124629
0.615542 0.124401
0.615641 0.124401
0.615741 0.124401
0.615840 0.124401
0.615940 0.124401
0.616039 0.124401
0.616139 0.124401
0.616238 0.124401
0.616338 0.124401
0.616437 0.124401
0.616537 0.124401
0.616636 0.124401
0.616736 0.124173
0.616835 0.124173
0.616935 0.123944
0.617034 0.123944
0.617134 0.123944
0.617233 0.123944
0.617333 0.123944
0.617432 0.123944
0.617532 0.123944
0.617631 0.123716
0.617731 0.123716
0.617830 0.123716
0.617930 0.123716
0.618029 0.123716
0.618129 0.123716
0.618228 0.123716
0.618328 0.123716
0.618427 0.123488
0.618527 0.123260
0.618626 0.123031
0.618726 0.123031
0.618825 0.123031
0.618925 0.123031
0.619024 0.123031
0.619124 0.123031
0.619223 0.123031
0.619323 0.123031
0.619422 0.123031
0.619522 0.123031
0.619621 0.123031
0.619721 0.123031
0.619820 0.122803
0.619920 0.122803
0.620019 0.122803
0.620119 0.122803
0.620218 0.122575
0.620318 0.122575
0.620417 0.122575
0.620517 0.122575
0.620616 0.122575
0.620716 0.122118
0.620815 0.121890
0.620915 0.121890
0.621014 0.121890
0.621114 0.121890
0.621213 0.121890
0.621313 0.121890
0.621412 0.121890
0.621512 0.121890
0.621611 0.121890
0.621711 0.121890
0.621810 0.121890
0.621910 0.121662
0.622009 0.121662
0.622109 0.121662
0.622208 0.121662
0.622308 0.121662
0.622407 0.121662
0.622507 0.121662
0.622606 0.121662
0.622706 0.121662
0.622806 0.121433
0.622905 0.120977
0.623005 0.120749
0.623104 0.120749
0.623204 0.120520
0.623303 0.120292
0.623403 0.120292
0.623502 0.120292
0.623602 0.120292
0.623701 0.120064
0.623801 0.120064
0.623900 0.120064
0.624000 0.120064
0.624099 0.119836
0.624199 0.119836
0.624298 0.119836
0.624398 0.119836
0.624497 0.119836
0.624597 0.119836
0.624696 0.119836
0.624796 0.119836
0.624895 0.119836
0.624995 0.119836
0.625094 0.119836
0.625194 0.119836
0.625293 0.119607
0.625393 0.119151
0.625492 0.119151
0.625592 0.119151
0.625691 0.119151
0.625791 0.119151
0.625890 0.119151
0.625990 0.119151
0.626089 0.119151
0.626189 0.119151
0.626288 0.119151
0.626388 0.119151
0.626487 0.119151
0.626587 0.119151
0.626686 0.119151
0.626786 0.119151
0.626885 0.119151
0.626985 0.119151
0.627084 0.119151
0.627184 0.119151
0.627283 0.119151
0.627383 0.119151
0.627482 0.119151
0.627582 0.119151
0.627681 0.119151
0.627781 0.118923
0.627880 0.118694
0.627980 0.118694
0.628079 0.118694
0.628179 0.118694
0.628278 0.118694
0.628378 0.118694
0.628477 0.118694
0.628577 0.118694
0.628676 0.118466
0.628776 0.118466
0.628875 0.118466
0.628975 0.118466
0.629074 0.118238
0.629174 0.118238
0.629273 0.118010
0.629373 0.117781
0.629472 0.117781
0.629572 0.117325
0.629671 0.117325
0.629771 0.117097
0.629870 0.117097
0.629970 0.117097
0.630069 0.117097
0.630169 0.116640
0.630268 0.116184
0.630368 0.116184
0.630467 0.115955
0.630567 0.115727
0.630666 0.115727
0.630766 0.115270
0.630865 0.115270
0.630965 0.115270
0.631064 0.115270
0.631164 0.115270
0.631263 0.115270
0.631363 0.115270
0.631462 0.115042
0.631562 0.114814
0.631661 0.114814
0.631761 0.114586
0.631860 0.114586
0.631960 0.114586
0.632059 0.114586
0.632159 0.114357
0.632258 0.113901
0.632358 0.113673
0.632457 0.113673
0.632557 0.113673
0.632656 0.113673
0.632756 0.113673
0.632855 0.113673
0.632955 0.113673
0.633054 0.113216
0.633154 0.112760
0.633253 0.112760
0.633353 0.112531
0.633452 0.112531
0.633552 0.112531
0.633651 0.112303
0.633751 0.112303
0.633850 0.112303
0.633950 0.112303
0.634049 0.112303
0.634149 0.112303
0.634248 0.112303
0.634348 0.112303
0.634447 0.112303
0.634547 0.112303
0.634647 0.112303
0.634746 0.112303
0.634846 0.112303
0.634945 0.112075
0.635045 0.112075
0.635144 0.112075
0.635244 0.111847
0.635343 0.111847
0.635443 0.111847
0.635542 0.111847
0.635642 0.111847
0.635741 0.111847
0.635841 0.111847
0.635940 0.111847
0.636040 0.111618
0.636139 0.111618
0.636239 0.111390
0.636338 0.111390
0.636438 0.111390
0.636537 0.111390
0.636637 0.111390
0.636736 0.111390
0.636836 0.111162
0.636935 0.111162
0.637035 0.111162
0.637134 0.111162
0.637234 0.110934
0.637333 0.110705
0.637433 0.110477
0.637532 0.110477
0.637632 0.110477
0.637731 0.110477
0.637831 0.110477
0.637930 0.110477
0.638030 0.110249
0.638129 0.110249
0.638229 0.110249
0.638328 0.110249
0.638428 0.110249
0.638527 0.110249
0.638627 0.110021
0.638726 0.110021
0.638826 0.110021
0.638925 0.109792
0.639025 0.109564
0.639124 0.109336
0.639224 0.109336
0.639323 0.108879
0.639423 0.108879
0.639522 0.108651
0.639622 0.108651
0.639721 0.108651
0.639821 0.108651
0.639920 0.108651
0.640020 0.108423
0.640119 0.108423
0.640219 0.108423
0.640318 0.107966
0.640418 0.107966
0.640517 0.107966
0.640617 0.107966
0.640716 0.107966
0.640816 0.107738
0.640915 0.107738
0.641015 0.107738
0.641114 0.107281
0.641214 0.107281
0.641313 0.107281
0.641413 0.107053
0.641512 0.106825
0.641612 0.106825
0.641711 0.106825
0.641811 0.106825
0.641910 0.106597
0.642010 0.106597
0.642109 0.106597
0.642209 0.106597
0.642308 0.106597
0.642408 0.106368
0.642507 0.106368
0.642607 0.106368
0.642706 0.106140
0.642806 0.106140
0.642905 0.106140
0.643005 0.106140
0.643104 0.106140
0.643204 0.106140
0.643303 0.106140
0.643403 0.106140
0.643502 0.106140
0.643602 0.106140
0.643701 0.106140
0.643801 0.105912
0.643900 0.105684
0.644000 0.105684
0.644099 0.105684
0.644199 0.105684
0.644298 0.105455
0.644398 0.105455
0.644497 0.105455
0.644597 0.105455
0.644696 0.105227
0.644796 0.105227
0.644895 0.105227
0.644995 0.104999
0.645094 0.104999
0.645194 0.104999
0.645293 0.104771
0.645393 0.104771
0.645492 0.104771
0.645592 0.104771
0.645691 0.104771
0.645791 0.104542
0.645890 0.104542
0.645990 0.104542
0.646089 0.104314
0.646189 0.104314
0.646288 0.104314
0.646388 0.104086
0.646488 0.104086
0.646587 0.104086
0.646687 0.104086
0.646786 0.103858
0.646886 0.103858
0.646985 0.103629
0.647085 0.103401
0.647184 0.103401
0.647284 0.103173
0.647383 0.102945
0.647483 0.102945
0.647582 0.102945
0.647682 0.102945
0.647781 0.102945
0.647881 0.102716
0.647980 0.102716
0.648080 0.102716
0.648179 0.102716
0.648279 0.102488
0.648378 0.102488
0.648478 0.102488
0.648577 0.102488
0.648677 0.102260
0.648776 0.102260
0.648876 0.102260
0.648975 0.102260
0.649075 0.102260
0.649174 0.102260
0.649274 0.102260
0.649373 0.102260
0.649473 0.102260
0.649572 0.102260
0.649672 0.102260
0.649771 0.102260
0.649871 0.102031
0.649970 0.102031
0.650070 0.102031
0.650169 0.102031
0.650269 0.102031
0.650368 0.102031
0.650468 0.101803
0.650567 0.101803
0.650667 0.101803
0.650766 0.101575
0.650866 0.101575
0.650965 0.101347
0.651065 0.101347
0.651164 0.101347
0.651264 0.101347
0.651363 0.101347
0.651463 0.101347
0.651562 0.101347
0.651662 0.101347
0.651761 0.101347
0.651861 0.101347
0.651960 0.101118
0.652060 0.101118
0.652159 0.101118
0.652259 0.100890
0.652358 0.100890
0.652458 0.100662
0.652557 0.100434
0.652657 0.100434
0.652756 0.100434
0.652856 0.100434
0.652955 0.100434
0.653055 0.100434
0.653154 0.100434
0.653254 0.100434
0.653353 0.100434
0.653453 0.100205
0.653552 0.100205
0.653652 0.100205
0.653751 0.100205
0.653851 0.099977
0.653950 0.099977
0.654050 0.099977
0.654149 0.099977
0.654249 0.099977
0.654348 0.099977
0.654448 0.099977
0.654547 0.099977
0.654647 0.099977
0.654746 0.099977
0.654846 0.099977
0.654945 0.099977
0.655045 0.099749
0.655144 0.099749
0.655244 0.099749
0.655343 0.099749
0.655443 0.099749
0.655542 0.099749
0.655642 0.099521
0.655741 0.099521
0.655841 0.099292
0.655940 0.099292
0.656040 0.099292
0.656139 0.099064
0.656239 0.098836
0.656338 0.098836
0.656438 0.098836
0.656537 0.098836
0.656637 0.098379
0.656736 0.098379
0.656836 0.098151
0.656935 0.097923
0.657035 0.097923
0.657134 0.097695
0.657234 0.097695
0.657333 0.097695
0.657433 0.097466
0.657532 0.097238
0.657632 0.096782
0.657731 0.096782
0.657831 0.096782
0.657930 0.096553
0.658030 0.096553
0.658130 0.096553
0.658229 0.096553
0.658329 0.096553
0.658428 0.096553
0.658528 0.096553
0.658627 0.096553
0.658727 0.096553
0.658826 0.096553
0.658926 0.096553
0.659025 0.096553
0.659125 0.096553
0.659224 0.096553
0.659324 0.096553
0.659423 0.096553
0.659523 0.096553
0.659622 0.096553
0.659722 0.096553
0.659821 0.096325
0.659921 0.096325
0.660020 0.096325
0.660120 0.096325
0.660219 0.096325
0.660319 0.096325
0.660418 0.096325
0.660518 0.096097
0.660617 0.096097
0.660717 0.096097
0.660816 0.096097
0.660916 0.096097
0.661015 0.095869
0.661115 0.095869
0.661214 0.095640
0.661314 0.095640
0.661413 0.095412
0.661513 0.095412
0.661612 0.095412
0.661712 0.095184
0.661811 0.095184
0.661911 0.094955
0.662010 0.094499
0.662110 0.094499
0.662209 0.094499
0.662309 0.094499
0.662408 0.094499
0.662508 0.094499
0.662607 0.094499
0.662707 0.094499
0.662806 0.094499
0.662906 0.094271
0.663005 0.094271
0.663105 0.094271
0.663204 0.094271
0.663304 0.094271
0.663403 0.094042
0.663503 0.094042
0.663602 0.094042
0.663702 0.094042
0.663801 0.094042
0.663901 0.094042
0.664000 0.093586
0.664100 0.093129
0.664199 0.092901
0.664299 0.092901
0.664398 0.092901
0.664498 0.092901
0.664597 0.092901
0.664697 0.092673
0.664796 0.092673
0.664896 0.092673
0.664995 0.092445
0.665095 0.092216
0.665194 0.092216
0.665294 0.092216
0.665393 0.092216
0.665493 0.092216
0.665592 0.092216
0.665692 0.092216
0.665791 0.092216
0.665891 0.092216
0.665990 0.092216
0.666090 0.091988
0.666189 0.091988
0.666289 0.091988
0.666388 0.091988
0.666488 0.091988
0.666587 0.091988
0.666687 0.091988
0.666786 0.091988
0.666886 0.091988
0.666985 0.091988
0.667085 0.091760
0.667184 0.091303
0.667284 0.091303
0.667383 0.091303
0.667483 0.091075
0.667582 0.091075
0.667682 0.091075
0.667781 0.090847
0.667881 0.090847
0.667980 0.090847
0.668080 0.090847
0.668179 0.090847
0.668279 0.090619
0.668378 0.090619
0.668478 0.090619
0.668577 0.090619
0.668677 0.090619
0.668776 0.090619
0.668876 0.090619
0.668975 0.090619
0.669075 0.090619
0.669174 0.090619
0.669274 0.090619
0.669373 0.090390
0.669473 0.090390
0.669572 0.090162
0.669672 0.089934
0.669771 0.089934
0.669871 0.089706
0.669971 0.089706
0.670070 0.089706
0.670170 0.089706
0.670269 0.089706
0.670369 0.089706
0.670468 0.089477
0.670568 0.089477
0.670667 0.089477
0.670767 0.089477
0.670866 0.089477
0.670966 0.089477
0.671065 0.089477
0.671165 0.089477
0.671264 0.089477
0.671364 0.089477
0.671463 0.089249
0.671563 0.089249
0.671662 0.089249
0.671762 0.089021
0.671861 0.089021
0.671961 0.088564
0.672060 0.088564
0.672160 0.088564
0.672259 0.088564
0.672359 0.088564
0.672458 0.088564
0.672558 0.088564
0.672657 0.088564
0.672757 0.088564
0.672856 0.088564
0.672956 0.088564
0.673055 0.088336
0.673155 0.088336
0.673254 0.088336
0.673354 0.088336
0.673453 0.088108
0.673553 0.088108
0.673652 0.088108
0.673752 0.088108
0.673851 0.087879
0.673951 0.087651
0.674050 0.087651
0.674150 0.087651
0.674249 0.087651
0.674349 0.087423
0.674448 0.087423
0.674548 0.087423
0.674647 0.087195
0.674747 0.086966
0.674846 0.086966
0.674946 0.086966
0.675045 0.086966
0.675145 0.086966
0.675244 0.086966
0.675344 0.086966
0.675443 0.086966
0.675543 0.086966
0.675642 0.086966
0.675742 0.086966
0.675841 0.086966
0.675941 0.086966
0.676040 0.086966
0.676140 0.086738
0.676239 0.086738
0.676339 0.086738
0.676438 0.086738
0.676538 0.086738
0.676637 0.086510
0.676737 0.086510
0.676836 0.086510
0.676936 0.086510
0.677035 0.086282
0.677135 0.086282
0.677234 0.086282
0.677334 0.086282
0.677433 0.086053
0.677533 0.086053
0.677632 0.086053
0.677732 0.086053
0.677831 0.086053
0.677931 0.086053
0.678030 0.085825
0.678130 0.085825
0.678229 0.085825
0.678329 0.085825
0.678428 0.085825
0.678528 0.085825
0.678627 0.085825
0.678727 0.085597
0.678826 0.085597
0.678926 0.085597
0.679025 0.085597
0.679125 0.085597
0.679224 0.085597
0.679324 0.085597
0.679423 0.085597
0.679523 0.085369
0.679622 0.085369
0.679722 0.085140
0.679821 0.085140
0.679921 0.085140
0.680020 0.084912
0.680120 0.084912
0.680219 0.084912
0.680319 0.084912
0.680418 0.084912
0.680518 0.084912
0.680617 0.084912
0.680717 0.084912
0.680816 0.084912
0.680916 0.084912
0.681015 0.084912
0.681115 0.084912
0.681214 0.084912
0.681314 0.084912
0.681413 0.084912
0.681513 0.084912
0.681612 0.084684
0.681712 0.084456
0.681812 0.084227
0.681911 0.084227
0.682011 0.084227
0.682110 0.083999
0.682210 0.083543
0.682309 0.083543
0.682409 0.083543
0.682508 0.083543
0.682608 0.083543
0.682707 0.083543
0.682807 0.083543
0.682906 0.083543
0.683006 0.083543
0.683105 0.083086
0.683205 0.083086
0.683304 0.083086
0.683404 0.083086
0.683503 0.083086
0.683603 0.083086
0.683702 0.083086
0.683802 0.083086
0.683901 0.083086
0.684001 0.083086
0.684100 0.083086
0.684200 0.083086
0.684299 0.083086
0.684399 0.083086
0.684498 0.083086
0.684598 0.083086
0.684697 0.083086
0.684797 0.083086
0.684896 0.082858
0.684996 0.082858
0.685095 0.082858
0.685195 0.082858
0.685294 0.082858
0.685394 0.082858
0.685493 0.082858
0.685593 0.082858
0.685692 0.082630
0.685792 0.082630
0.685891 0.082173
0.685991 0.082173
0.686090 0.082173
0.686190 0.082173
0.686289 0.082173
0.686389 0.082173
0.686488 0.082173
0.686588 0.082173
0.686687 0.081945
0.686787 0.081945
0.686886 0.081945
0.686986 0.081945
0.687085 0.081945
0.687185 0.081488
0.687284 0.081488
0.687384 0.081488
0.687483 0.081488
0.687583 0.081488
0.687682 0.081488
0.687782 0.081488
0.687881 0.081488
0.687981 0.081488
0.688080 0.081488
0.688180 0.081488
0.688279 0.081488
0.688379 0.081488
0.688478 0.081260
0.688578 0.081260
0.688677 0.081260
0.688777 0.081260
0.688876 0.081260
0.688976 0.081260
0.689075 0.081032
0.689175 0.080803
0.689274 0.080803
0.689374 0.080803
0.689473 0.080803
0.689573 0.080575
0.689672 0.080575
0.689772 0.080575
0.689871 0.080575
0.689971 0.080575
0.690070 0.080575
0.690170 0.080575
0.690269 0.080575
0.690369 0.080575
0.690468 0.080575
0.690568 0.080347
0.690667 0.080119
0.690767 0.080119
0.690866 0.080119
0.690966 0.080119
0.691065 0.080119
0.691165 0.080119
0.691264 0.080119
0.691364 0.080119
0.691463 0.079890
0.691563 0.079662
0.691662 0.079662
0.691762 0.079662
0.691861 0.079434
0.691961 0.079434
0.692060 0.079434
0.692160 0.079206
0.692259 0.079206
0.692359 0.078977
0.692458 0.078977
0.692558 0.078977
0.692657 0.078977
0.692757 0.078749
0.692856 0.078749
0.692956 0.078749
0.693055 0.078293
0.693155 0.078293
0.693254 0.078064
0.693354 0.077836
0.693454 0.077836
0.693553 0.077836
0.693653 0.077836
0.693752 0.077836
0.693852 0.077836
0.693951 0.077608
0.694051 0.077608
0.694150 0.077608
0.694250 0.077380
0.694349 0.077380
0.694449 0.077380
0.694548 0.077380
0.694648 0.077380
0.694747 0.077151
0.694847 0.077151
0.694946 0.076923
0.695046 0.076923
0.695145 0.076695
0.695245 0.076467
0.695344 0.076467
0.695444 0.076467
0.695543 0.076238
0.695643 0.076238
0.695742 0.075782
0.695842 0.075782
0.695941 0.075782
0.696041 0.075782
0.696140 0.075782
0.696240 0.075554
0.696339 0.075554
0.696439 0.075325
0.696538 0.075325
0.696638 0.075325
0.696737 0.075325
0.696837 0.075325
0.696936 0.075325
0.697036 0.075325
0.697135 0.075325
0.697235 0.075325
0.697334 0.075325
0.697434 0.075097
0.697533 0.075097
0.697633 0.075097
0.697732 0.075097
0.697832 0.075097
0.697931 0.075097
0.698031 0.075097
0.698130 0.075097
0.698230 0.074640
0.698329 0.074412
0.698429 0.074412
0.698528 0.074412
0.698628 0.074412
0.698727 0.074412
0.698827 0.074412
0.698926 0.074412
0.699026 0.074412
0.699125 0.074412
0.699225 0.074412
0.699324 0.074412
0.699424 0.074412
0.699523 0.074412
0.699623 0.074184
0.699722 0.074184
0.699822 0.074184
0.699921 0.074184
0.700021 0.074184
0.700120 0.074184
0.700220 0.074184
0.700319 0.073956
0.700419 0.073956
0.700518 0.073727
0.700618 0.073727
0.700717 0.073727
0.700817 0.073727
0.700916 0.073499
0.701016 0.073499
0.701115 0.073499
0.701215 0.073499
0.701314 0.073499
0.701414 0.073499
0.701513 0.073271
0.701613 0.073271
0.701712 0.073271
0.701812 0.073271
0.701911 0.073271
0.702011 0.073043
0.702110 0.073043
0.702210 0.073043
0.702309 0.073043
0.702409 0.073043
0.702508 0.073043
0.702608 0.073043
0.702707 0.073043
0.702807 0.073043
0.702906 0.073043
0.703006 0.073043
0.703105 0.073043
0.703205 0.073043
0.703304 0.073043
0.703404 0.072814
0.703503 0.072814
0.703603 0.072814
0.703702 0.072814
0.703802 0.072814
0.703901 0.072586
0.704001 0.072586
0.704100 0.072586
0.704200 0.072586
0.704299 0.072586
0.704399 0.072586
0.704498 0.072586
0.704598 0.072586
0.704697 0.072586
0.704797 0.072358
0.704896 0.072358
0.704996 0.072358
0.705095 0.072358
0.705195 0.072358
0.705295 0.072358
0.705394 0.072358
0.705494 0.072358
0.705593 0.072130
0.705693 0.072130
0.705792 0.072130
0.705892 0.072130
0.705991 0.072130
0.706091 0.072130
0.706190 0.071901
0.706290 0.071901
0.706389 0.071901
0.706489 0.071901
0.706588 0.071673
0.706688 0.071445
0.706787 0.071445
0.706887 0.071445
0.706986 0.071445
0.707086 0.071217
0.707185 0.071217
0.707285 0.071217
0.707384 0.071217
0.707484 0.071217
0.707583 0.071217
0.707683 0.071217
0.707782 0.071217
0.707882 0.070988
0.707981 0.070988
0.708081 0.070988
0.708180 0.070988
0.708280 0.070988
0.708379 0.070988
0.708479 0.070988
0.708578 0.070988
0.708678 0.070988
0.708777 0.070988
0.708877 0.070988
0.708976 0.070988
0.709076 0.070988
0.709175 0.070988
0.709275 0.070760
0.709374 0.070532
0.709474 0.070532
0.709573 0.070532
0.709673 0.070532
0.709772 0.070532
0.709872 0.070532
0.709971 0.070532
0.710071 0.070532
0.710170 0.070532
0.710270 0.070532
0.710369 0.070532
0.710469 0.070532
0.710568 0.070532
0.710668 0.070532
0.710767 0.070304
0.710867 0.070304
0.710966 0.070075
0.711066 0.069619
0.711165 0.069619
0.711265 0.069162
0.711364 0.069162
0.711464 0.069162
0.711563 0.069162
0.711663 0.069162
0.711762 0.069162
0.711862 0.069162
0.711961 0.069162
0.712061 0.069162
0.712160 0.068934
0.712260 0.068934
0.712359 0.068934
0.712459 0.068706
0.712558 0.068706
0.712658 0.068706
0.712757 0.068706
0.712857 0.068706
0.712956 0.068706
0.713056 0.068478
0.713155 0.068478
0.713255 0.068478
0.713354 0.068478
0.713454 0.068478
0.713553 0.068478
0.713653 0.068478
0.713752 0.068478
0.713852 0.068478
0.713951 0.068478
0.714051 0.068478
0.714150 0.068478
0.714250 0.068478
0.714349 0.068478
0.714449 0.068478
0.714548 0.068478
0.714648 0.068249
0.714747 0.068249
0.714847 0.068249
0.714946 0.068249
0.715046 0.068249
0.715145 0.068249
0.715245 0.068249
0.715344 0.068249
0.715444 0.068021
0.715543 0.067793
0.715643 0.067564
0.715742 0.067564
0.715842 0.067564
0.715941 0.067564
0.716041 0.067564
0.716140 0.067564
0.716240 0.067336
0.716339 0.067336
0.716439 0.067108
0.716538 0.067108
0.716638 0.067108
0.716737 0.067108
0.716837 0.066880
0.716936 0.066651
0.717036 0.066651
0.717136 0.066423
0.717235 0.066195
0.717335 0.066195
0.717434 0.066195
0.717534 0.065967
0.717633 0.065967
0.717733 0.065967
0.717832 0.065967
0.717932 0.065967
0.718031 0.065967
0.718131 0.065967
0.718230 0.065967
0.718330 0.065967
0.718429 0.065738
0.718529 0.065738
0.718628 0.065738
0.718728 0.065738
0.718827 0.065738
0.718927 0.065738
0.719026 0.065738
0.719126 0.065510
0.719225 0.065510
0.719325 0.065510
0.719424 0.065510
0.719524 0.065510
0.719623 0.065510
0.719723 0.065510
0.719822 0.065510
0.719922 0.065510
0.720021 0.065510
0.720121 0.065510
0.720220 0.065282
0.720320 0.065282
0.720419 0.065282
0.720519 0.065282
0.720618 0.065282
0.720718 0.065282
0.720817 0.065282
0.720917 0.065282
0.721016 0.064825
0.721116 0.064597
0.721215 0.064597
0.721315 0.064597
0.721414 0.064597
0.721514 0.064369
0.721613 0.064141
0.721713 0.063912
0.721812 0.063912
0.721912 0.063912
0.722011 0.063912
0.722111 0.063912
0.722210 0.063684
0.722310 0.063684
0.722409 0.063228
0.722509 0.063228
0.722608 0.063228
0.722708 0.063228
0.722807 0.063228
0.722907 0.063228
0.723006 0.063228
0.723106 0.063228
0.723205 0.063228
0.723305 0.063228
0.723404 0.062999
0.723504 0.062999
0.723603 0.062543
0.723703 0.062543
0.723802 0.062543
0.723902 0.062543
0.724001 0.062543
0.724101 0.062543
0.724200 0.062315
0.724300 0.062086
0.724399 0.062086
0.724499 0.062086
0.724598 0.062086
0.724698 0.062086
0.724797 0.061858
0.724897 0.061858
0.724996 0.061858
0.725096 0.061858
0.725195 0.061858
0.725295 0.061858
0.725394 0.061630
0.725494 0.061402
0.725593 0.061402
0.725693 0.061402
0.725792 0.061402
0.725892 0.061173
0.725991 0.061173
0.726091 0.060945
0.726190 0.060945
0.726290 0.060945
0.726389 0.060945
0.726489 0.060945
0.726588 0.060945
0.726688 0.060945
0.726787 0.060945
0.726887 0.060945
0.726986 0.060717
0.727086 0.060717
0.727185 0.060717
0.727285 0.060488
0.727384 0.060260
0.727484 0.060260
0.727583 0.060032
0.727683 0.060032
0.727782 0.059804
0.727882 0.059575
0.727981 0.059347
0.728081 0.059347
0.728180 0.059347
0.728280 0.059347
0.728379 0.059347
0.728479 0.059347
0.728578 0.059347
0.728678 0.059347
0.728778 0.059347
0.728877 0.059347
0.728977 0.059347
0.729076 0.059347
0.729176 0.059347
0.729275 0.059119
0.729375 0.059119
0.729474 0.059119
0.729574 0.058891
0.729673 0.058662
0.729773 0.058662
0.729872 0.058662
0.729972 0.058662
0.730071 0.058662
0.730171 0.058662
0.730270 0.058662
0.730370 0.058662
0.730469 0.058662
0.730569 0.058662
0.730668 0.058434
0.730768 0.058434
0.730867 0.058434
0.730967 0.058434
0.731066 0.058434
0.731166 0.058434
0.731265 0.058434
0.731365 0.058434
0.731464 0.058434
0.731564 0.058434
0.731663 0.058434
0.731763 0.058434
0.731862 0.058434
0.731962 0.058434
0.732061 0.058434
0.732161 0.058434
0.732260 0.058434
0.732360 0.058434
0.732459 0.058434
0.732559 0.058434
0.732658 0.058206
0.732758 0.058206
0.732857 0.058206
0.732957 0.058206
0.733056 0.058206
0.733156 0.058206
0.733255 0.057978
0.733355 0.057978
0.733454 0.057978
0.733554 0.057978
0.733653 0.057978
0.733753 0.057978
0.733852 0.057749
0.733952 0.057749
0.734051 0.057293
0.734151 0.057293
0.734250 0.057293
0.734350 0.057293
0.734449 0.057293
0.734549 0.057293
0.734648 0.057293
0.734748 0.057293
0.734847 0.057293
0.734947 0.057065
0.735046 0.057065
0.735146 0.057065
0.735245 0.057065
0.735345 0.057065
0.735444 0.057065
0.735544 0.057065
0.735643 0.057065
0.735743 0.057065
0.735842 0.056836
0.735942 0.056836
0.736041 0.056836
0.736141 0.056836
0.736240 0.056836
0.736340 0.056836
0.736439 0.056836
0.736539 0.056836
0.736638 0.056836
0.736738 0.056836
0.736837 0.056836
0.736937 0.056608
0.737036 0.056608
0.737136 0.056608
0.737235 0.056608
0.737335 0.056608
0.737434 0.056608
0.737534 0.056608
0.737633 0.056608
0.737733 0.056608
0.737832 0.056608
0.737932 0.056608
0.738031 0.056608
0.738131 0.056608
0.738230 0.056380
0.738330 0.056380
0.738429 0.056380
0.738529 0.056380
0.738628 0.056380
0.738728 0.056152
0.738827 0.056152
0.738927 0.056152
0.739026 0.056152
0.739126 0.056152
0.739225 0.056152
0.739325 0.055695
0.739424 0.055695
0.739524 0.055695
0.739623 0.055695
0.739723 0.055695
0.739822 0.055467
0.739922 0.055467
0.740021 0.055239
0.740121 0.055010
0.740220 0.055010
0.740320 0.055010
0.740419 0.055010
0.740519 0.055010
0.740619 0.055010
0.740718 0.055010
0.740818 0.055010
0.740917 0.055010
0.741017 0.055010
0.741116 0.055010
0.741216 0.055010
0.741315 0.055010
0.741415 0.055010
0.741514 0.055010
0.741614 0.055010
0.741713 0.055010
0.741813 0.055010
0.741912 0.055010
0.742012 0.055010
0.742111 0.055010
0.742211 0.055010
0.742310 0.055010
0.742410 0.054554
0.742509 0.054325
0.742609 0.054325
0.742708 0.054325
0.742808 0.054325
0.742907 0.054325
0.743007 0.054325
0.743106 0.054325
0.743206 0.054325
0.743305 0.054325
0.743405 0.054325
0.743504 0.054325
0.743604 0.054097
0.743703 0.054097
0.743803 0.054097
0.743902 0.054097
0.744002 0.054097
0.744101 0.054097
0.744201 0.054097
0.744300 0.053869
0.744400 0.053869
0.744499 0.053869
0.744599 0.053869
0.744698 0.053869
0.744798 0.053869
0.744897 0.053869
0.744997 0.053641
0.745096 0.053641
0.745196 0.053641
0.745295 0.053641
0.745395 0.053641
0.745494 0.053641
0.745594 0.053641
0.745693 0.053641
0.745793 0.053641
0.745892 0.053641
0.745992 0.053641
0.746091 0.053412
0.746191 0.053412
0.746290 0.053412
0.746390 0.053412
0.746489 0.053412
0.746589 0.053412
0.746688 0.053412
0.746788 0.053412
0.746887 0.053412
0.746987 0.053184
0.747086 0.053184
0.747186 0.053184
0.747285 0.053184
0.747385 0.053184
0.747484 0.053184
0.747584 0.052956
0.747683 0.052956
0.747783 0.052956
0.747882 0.052956
0.747982 0.052956
0.748081 0.052956
0.748181 0.052956
0.748280 0.052728
0.748380 0.052728
0.748479 0.052728
0.748579 0.052728
0.748678 0.052499
0.748778 0.052499
0.748877 0.052499
0.748977 0.052499
0.749076 0.052271
0.749176 0.052271
0.749275 0.052043
0.749375 0.052043
0.749474 0.052043
0.749574 0.052043
0.749673 0.051815
0.749773 0.051358
0.749872 0.051358
0.749972 0.051358
0.750071 0.051130
0.750171 0.051130
0.750270 0.051130
0.750370 0.050902
0.750469 0.050673
0.750569 0.050445
0.750668 0.050445
0.750768 0.050217
0.750867 0.050217
0.750967 0.050217
0.751066 0.050217
0.751166 0.050217
0.751265 0.050217
0.751365 0.049989
0.751464 0.049989
0.751564 0.049760
0.751663 0.049760
0.751763 0.049532
0.751862 0.049532
0.751962 0.049532
0.752061 0.049532
0.752161 0.049532
0.752260 0.049532
0.752360 0.049532
0.752460 0.049532
0.752559 0.049532
0.752659 0.049532
0.752758 0.049532
0.752858 0.049532
0.752957 0.049532
0.753057 0.049532
0.753156 0.049532
0.753256 0.049532
0.753355 0.049304
0.753455 0.049304
0.753554 0.049304
0.753654 0.049304
0.753753 0.049304
0.753853 0.049304
0.753952 0.049304
0.754052 0.049304
0.754151 0.049304
0.754251 0.049304
0.754350 0.049304
0.754450 0.049304
0.754549 0.049304
0.754649 0.049304
0.754748 0.049304
0.754848 0.049304
0.754947 0.049304
0.755047 0.049304
0.755146 0.049304
0.755246 0.049304
0.755345 0.048847
0.755445 0.048847
0.755544 0.048847
0.755644 0.048847
0.755743 0.048847
0.755843 0.048847
0.755942 0.048847
0.756042 0.048847
0.756141 0.048847
0.756241 0.048847
0.756340 0.048847
0.756440 0.048619
0.756539 0.048391
0.756639 0.048391
0.756738 0.048391
0.756838 0.048391
0.756937 0.048391
0.757037 0.048391
0.757136 0.048391
0.757236 0.048391
0.757335 0.048391
0.757435 0.048391
0.757534 0.048391
0.757634 0.048163
0.757733 0.048163
0.757833 0.048163
0.757932 0.048163
0.758032 0.048163
0.758131 0.048163
0.758231 0.048163
0.758330 0.048163
0.758430 0.048163
0.758529 0.047934
0.758629 0.047934
0.758728 0.047706
0.758828 0.047706
0.758927 0.047706
0.759027 0.047706
0.759126 0.047706
0.759226 0.047706
0.759325 0.047706
0.759425 0.047706
0.759524 0.047706
0.759624 0.047706
0.759723 0.047706
0.759823 0.047706
0.759922 0.047706
0.760022 0.047478
0.760121 0.047478
0.760221 0.047478
0.760320 0.047478
0.760420 0.047478
0.760519 0.047478
0.760619 0.047249
0.760718 0.047249
0.760818 0.047021
0.760917 0.047021
0.761017 0.047021
0.761116 0.047021
0.761216 0.047021
0.761315 0.047021
0.761415 0.047021
0.761514 0.047021
0.761614 0.047021
0.761713 0.047021
0.761813 0.047021
0.761912 0.047021
0.762012 0.047021
0.762111 0.046793
0.762211 0.046793
0.762310 0.046793
0.762410 0.046793
0.762509 0.046793
0.762609 0.046793
0.762708 0.046793
0.762808 0.046565
0.762907 0.046565
0.763007 0.046565
0.763106 0.046565
0.763206 0.046565
0.763305 0.046336
0.763405 0.046336
0.763504 0.046336
0.763604 0.046336
0.763703 0.046336
0.763803 0.046336
0.763902 0.046336
0.764002 0.046336
0.764102 0.046336
0.764201 0.046336
0.764301 0.046108
0.764400 0.046108
0.764500 0.046108
0.764599 0.046108
0.764699 0.046108
0.764798 0.046108
0.764898 0.045880
0.764997 0.045652
0.765097 0.045652
0.765196 0.045652
0.765296 0.045652
0.765395 0.045652
0.765495 0.045423
0.765594 0.045423
0.765694 0.045195
0.765793 0.045195
0.765893 0.045195
0.765992 0.045195
0.766092 0.044967
0.766191 0.044967
0.766291 0.044967
0.766390 0.044967
0.766490 0.044967
0.766589 0.044739
0.766689 0.044739
0.766788 0.044739
0.766888 0.044739
0.766987 0.044739
0.767087 0.044739
0.767186 0.044739
0.767286 0.044510
0.767385 0.044510
0.767485 0.044282
0.767584 0.044282
0.767684 0.044282
0.767783 0.044282
0.767883 0.044282
0.767982 0.044282
0.768082 0.044282
0.768181 0.044282
0.768281 0.044282
0.768380 0.044282
0.768480 0.044282
0.768579 0.044282
0.768679 0.044282
0.768778 0.044054
0.768878 0.044054
0.768977 0.044054
0.769077 0.043597
0.769176 0.043597
0.769276 0.043141
0.769375 0.043141
0.769475 0.043141
0.769574 0.043141
0.769674 0.042913
0.769773 0.042913
0.769873 0.042913
0.769972 0.042913
0.770072 0.042913
0.770171 0.042913
0.770271 0.042913
0.770370 0.042913
0.770470 0.042913
0.770569 0.042913
0.770669 0.042913
0.770768 0.042913
0.770868 0.042913
0.770967 0.042913
0.771067 0.042913
0.771166 0.042913
0.771266 0.042913
0.771365 0.042913
0.771465 0.042913
0.771564 0.042913
0.771664 0.042913
0.771763 0.042913
0.771863 0.042913
0.771962 0.042684
0.772062 0.042684
0.772161 0.042456
0.772261 0.042456
0.772360 0.042456
0.772460 0.042228
0.772559 0.042000
0.772659 0.042000
0.772758 0.042000
0.772858 0.042000
0.772957 0.042000
0.773057 0.042000
0.773156 0.042000
0.773256 0.042000
0.773355 0.042000
0.773455 0.042000
0.773554 0.042000
0.773654 0.042000
0.773753 0.042000
0.773853 0.042000
0.773952 0.042000
0.774052 0.042000
0.774151 0.042000
0.774251 0.042000
0.774350 0.042000
0.774450 0.041771
0.774549 0.041543
0.774649 0.041543
0.774748 0.041543
0.774848 0.041543
0.774947 0.041543
0.775047 0.041087
0.775146 0.041087
0.775246 0.041087
0.775345 0.041087
0.775445 0.041087
0.775544 0.041087
0.775644 0.041087
0.775743 0.041087
0.775843 0.041087
0.775943 0.041087
0.776042 0.041087
0.776142 0.041087
0.776241 0.041087
0.776341 0.041087
0.776440 0.041087
0.776540 0.041087
0.776639 0.041087
0.776739 0.040858
0.776838 0.040858
0.776938 0.040858
0.777037 0.040858
0.777137 0.040630
0.777236 0.040630
0.777336 0.040630
0.777435 0.040630
0.777535 0.040630
0.777634 0.040630
0.777734 0.040402
0.777833 0.040402
0.777933 0.040402
0.778032 0.040402
0.778132 0.040402
0.778231 0.040402
0.778331 0.040173
0.778430 0.040173
0.778530 0.040173
0.778629 0.040173
0.778729 0.039945
0.778828 0.039945
0.778928 0.039945
0.779027 0.039945
0.779127 0.039945
0.779226 0.039945
0.779326 0.039945
0.779425 0.039945
0.779525 0.039945
0.779624 0.039945
0.779724 0.039945
0.779823 0.039945
0.779923 0.039945
0.780022 0.039945
0.780122 0.039945
0.780221 0.039945
0.780321 0.039945
0.780420 0.039717
0.780520 0.039717
0.780619 0.039489
0.780719 0.039489
0.780818 0.039489
0.780918 0.039489
0.781017 0.039260
0.781117 0.039032
0.781216 0.039032
0.781316 0.039032
0.781415 0.039032
0.781515 0.039032
0.781614 0.039032
0.781714 0.038804
0.781813 0.038804
0.781913 0.038804
0.782012 0.038804
0.782112 0.038804
0.782211 0.038576
0.782311 0.038576
0.782410 0.038576
0.782510 0.038576
0.782609 0.038576
0.782709 0.038576
0.782808 0.038576
0.782908 0.038576
0.783007 0.038576
0.783107 0.038576
0.783206 0.038576
0.783306 0.038576
0.783405 0.038576
0.783505 0.038576
0.783604 0.038576
0.783704 0.038576
0.783803 0.038576
0.783903 0.038576
0.784002 0.038576
0.784102 0.038576
0.784201 0.038576
0.784301 0.038576
0.784400 0.038576
0.784500 0.038576
0.784599 0.038576
0.784699 0.038576
0.784798 0.038576
0.784898 0.038576
0.784997 0.038576
0.785097 0.038576
0.785196 0.038576
0.785296 0.038576
0.785395 0.038576
0.785495 0.038576
0.785594 0.038119
0.785694 0.038119
0.785793 0.038119
0.785893 0.038119
0.785992 0.038119
0.786092 0.038119
0.786191 0.038119
0.786291 0.038119
0.786390 0.038119
0.786490 0.038119
0.786589 0.038119
0.786689 0.038119
0.786788 0.038119
0.786888 0.038119
0.786987 0.038119
0.787087 0.038119
0.787186 0.037891
0.787286 0.037663
0.787385 0.037663
0.787485 0.037663
0.787584 0.037663
0.787684 0.037663
0.787784 0.037663
0.787883 0.037663
0.787983 0.037663
0.788082 0.037663
0.788182 0.037663
0.788281 0.037434
0.788381 0.037434
0.788480 0.037434
0.788580 0.037434
0.788679 0.037434
0.788779 0.037206
0.788878 0.037206
0.788978 0.037206
0.789077 0.037206
0.789177 0.037206
0.789276 0.036978
0.789376 0.036750
0.789475 0.036750
0.789575 0.036750
0.789674 0.036750
0.789774 0.036750
0.789873 0.036750
0.789973 0.036750
0.790072 0.036293
0.790172 0.036293
0.790271 0.036293
0.790371 0.036293
0.790470 0.036293
0.790570 0.036293
0.790669 0.036293
0.790769 0.036293
0.790868 0.036293
0.790968 0.036065
0.791067 0.036065
0.791167 0.035837
0.791266 0.035837
0.791366 0.035837
0.791465 0.035837
0.791565 0.035608
0.791664 0.035380
0.791764 0.035380
0.791863 0.035380
0.791963 0.035380
0.792062 0.035380
0.792162 0.035380
0.792261 0.035380
0.792361 0.035380
0.792460 0.035380
0.792560 0.035380
0.792659 0.035380
0.792759 0.035380
0.792858 0.035380
0.792958 0.035152
0.793057 0.035152
0.793157 0.035152
0.793256 0.035152
0.793356 0.035152
0.793455 0.034924
0.793555 0.034695
0.793654 0.034695
0.793754 0.034695
0.793853 0.034695
0.793953 0.034695
0.794052 0.034695
0.794152 0.034467
0.794251 0.034467
0.794351 0.034467
0.794450 0.034467
0.794550 0.034467
0.794649 0.034239
0.794749 0.034239
0.794848 0.034239
0.794948 0.034239
0.795047 0.034010
0.795147 0.034010
0.795246 0.033782
0.795346 0.033782
0.795445 0.033782
0.795545 0.033782
0.795644 0.033782
0.795744 0.033782
0.795843 0.033782
0.795943 0.033782
0.796042 0.033782
0.796142 0.033554
0.796241 0.033326
0.796341 0.033326
0.796440 0.033097
0.796540 0.033097
0.796639 0.032869
0.796739 0.032869
0.796838 0.032869
0.796938 0.032869
0.797037 0.032869
0.797137 0.032869
0.797236 0.032869
0.797336 0.032869
0.797435 0.032869
0.797535 0.032869
0.797634 0.032869
0.797734 0.032641
0.797833 0.032641
0.797933 0.032641
0.798032 0.032641
0.798132 0.032641
0.798231 0.032641
0.798331 0.032413
0.798430 0.032184
0.798530 0.032184
0.798629 0.032184
0.798729 0.032184
0.798828 0.031956
0.798928 0.031956
0.799027 0.031956
0.799127 0.031956
0.799226 0.031956
0.799326 0.031956
0.799426 0.031956
0.799525 0.031956
0.799625 0.031956
0.799724 0.031728
0.799824 0.031728
0.799923 0.031728
0.800023 0.031728
0.800122 0.031728
0.800222 0.031728
0.800321 0.031728
0.800421 0.031728
0.800520 0.031728
0.800620 0.031500
0.800719 0.031500
0.800819 0.031500
0.800918 0.031500
0.801018 0.031500
0.801117 0.031500
0.801217 0.031500
0.801316 0.031500
0.801416 0.031500
0.801515 0.031500
0.801615 0.031500
0.801714 0.031500
0.801814 0.031271
0.801913 0.031271
0.802013 0.031271
0.802112 0.031271
0.802212 0.031271
0.802311 0.031271
0.802411 0.031271
0.802510 0.031271
0.802610 0.031271
0.802709 0.031271
0.802809 0.031271
0.802908 0.031043
0.803008 0.031043
0.803107 0.031043
0.803207 0.031043
0.803306 0.031043
0.803406 0.031043
0.803505 0.031043
0.803605 0.031043
0.803704 0.031043
0.803804 0.031043
0.803903 0.031043
0.804003 0.031043
0.804102 0.031043
0.804202 0.031043
0.804301 0.031043
0.804401 0.031043
0.804500 0.031043
0.804600 0.031043
0.804699 0.031043
0.804799 0.031043
0.804898 0.031043
0.804998 0.031043
0.805097 0.031043
0.805197 0.030815
0.805296 0.030815
0.805396 0.030815
0.805495 0.030815
0.805595 0.030815
0.805694 0.030815
0.805794 0.030587
0.805893 0.030587
0.805993 0.030587
0.806092 0.030587
0.806192 0.030587
0.806291 0.030587
0.806391 0.030587
0.806490 0.030587
0.806590 0.030358
0.806689 0.030358
0.806789 0.030358
0.806888 0.030358
0.806988 0.030130
0.807087 0.030130
0.807187 0.030130
0.807286 0.030130
0.807386 0.030130
0.807485 0.030130
0.807585 0.030130
0.807684 0.029902
0.807784 0.029902
0.807883 0.029674
0.807983 0.029674
0.808082 0.029674
0.808182 0.029674
0.808281 0.029674
0.808381 0.029674
0.808480 0.029674
0.808580 0.029674
0.808679 0.029674
0.808779 0.029674
0.808878 0.029674
0.808978 0.029674
0.809077 0.029674
0.809177 0.029674
0.809276 0.029674
0.809376 0.029674
0.809475 0.029674
0.809575 0.029674
0.809674 0.029674
0.809774 0.029674
0.809873 0.029674
0.809973 0.029674
0.810072 0.029674
0.810172 0.029674
0.810271 0.029674
0.810371 0.029674
0.810470 0.029674
0.810570 0.029674
0.810669 0.029674
0.810769 0.029674
0.810868 0.029674
0.810968 0.029445
0.811067 0.029445
0.811167 0.029445
0.811267 0.029445
0.811366 0.029445
0.811466 0.029445
0.811565 0.029445
0.811665 0.029445
0.811764 0.029445
0.811864 0.029445
0.811963 0.029445
0.812063 0.029445
0.812162 0.029217
0.812262 0.029217
0.812361 0.028989
0.812461 0.028989
0.812560 0.028989
0.812660 0.028989
0.812759 0.028989
0.812859 0.028761
0.812958 0.028761
0.813058 0.028761
0.813157 0.028761
0.813257 0.028761
0.813356 0.028761
0.813456 0.028532
0.813555 0.028532
0.813655 0.028532
0.813754 0.028532
0.813854 0.028532
0.813953 0.028532
0.814053 0.028532
0.814152 0.028532
0.814252 0.028532
0.814351 0.028532
0.814451 0.028532
0.814550 0.028532
0.814650 0.028532
0.814749 0.028532
0.814849 0.028532
0.814948 0.028532
0.815048 0.028532
0.815147 0.028532
0.815247 0.028304
0.815346 0.028304
0.815446 0.028304
0.815545 0.028304
0.815645 0.028304
0.815744 0.028076
0.815844 0.027848
0.815943 0.027848
0.816043 0.027848
0.816142 0.027619
0.816242 0.027619
0.816341 0.027619
0.816441 0.027619
0.816540 0.027619
0.816640 0.027619
0.816739 0.027619
0.816839 0.027619
0.816938 0.027619
0.817038 0.027619
0.817137 0.027619
0.817237 0.027391
0.817336 0.027391
0.817436 0.027391
0.817535 0.027391
0.817635 0.027391
0.817734 0.027391
0.817834 0.027391
0.817933 0.027391
0.818033 0.027391
0.818132 0.027391
0.818232 0.027391
0.818331 0.027391
0.818431 0.027391
0.818530 0.027163
0.818630 0.027163
0.818729 0.027163
0.818829 0.026934
0.818928 0.026934
0.819028 0.026934
0.819127 0.026934
0.819227 0.026934
0.819326 0.026934
0.819426 0.026934
0.819525 0.026934
0.819625 0.026934
0.819724 0.026934
0.819824 0.026934
0.819923 0.026934
0.820023 0.026934
0.820122 0.026934
0.820222 0.026934
0.820321 0.026706
0.820421 0.026706
0.820520 0.026706
0.820620 0.026706
0.820719 0.026706
0.820819 0.026706
0.820918 0.026706
0.821018 0.026706
0.821117 0.026706
0.821217 0.026706
0.821316 0.026706
0.821416 0.026706
0.821515 0.026706
0.821615 0.026706
0.821714 0.026706
0.821814 0.026706
0.821913 0.026706
0.822013 0.026706
0.822112 0.026706
0.822212 0.026706
0.822311 0.026706
0.822411 0.026706
0.822510 0.026706
0.822610 0.026706
0.822709 0.026706
0.822809 0.026706
0.822908 0.026706
0.823008 0.026706
0.823108 0.026706
0.823207 0.026706
0.823307 0.026478
0.823406 0.026250
0.823506 0.026250
0.823605 0.026250
0.823705 0.026250
0.823804 0.026250
0.823904 0.026250
0.824003 0.026250
0.824103 0.026250
0.824202 0.026250
0.824302 0.026250
0.824401 0.026250
0.824501 0.026250
0.824600 0.026250
0.824700 0.026021
0.824799 0.026021
0.824899 0.026021
0.824998 0.026021
0.825098 0.026021
0.825197 0.026021
0.825297 0.025793
0.825396 0.025793
0.825496 0.025793
0.825595 0.025793
0.825695 0.025793
0.825794 0.025565
0.825894 0.025565
0.825993 0.025565
0.826093 0.025337
0.826192 0.025337
0.826292 0.025337
0.826391 0.025337
0.826491 0.025337
0.826590 0.025337
0.826690 0.025337
0.826789 0.025337
0.826889 0.025337
0.826988 0.025337
0.827088 0.025337
0.827187 0.025337
0.827287 0.025337
0.827386 0.025337
0.827486 0.025108
0.827585 0.025108
0.827685 0.025108
0.827784 0.025108
0.827884 0.025108
0.827983 0.024880
0.828083 0.024880
0.828182 0.024880
0.828282 0.024880
0.828381 0.024880
0.828481 0.024880
0.828580 0.024880
0.828680 0.024880
0.828779 0.024880
0.828879 0.024880
0.828978 0.024880
0.829078 0.024880
0.829177 0.024880
0.829277 0.024880
0.829376 0.024880
0.829476 0.024880
0.829575 0.024652
0.829675 0.024652
0.829774 0.024652
0.829874 0.024652
0.829973 0.024652
0.830073 0.024652
0.830172 0.024652
0.830272 0.024652
0.830371 0.024652
0.830471 0.024652
0.830570 0.024652
0.830670 0.024652
0.830769 0.024424
0.830869 0.024424
0.830968 0.024195
0.831068 0.024195
0.831167 0.024195
0.831267 0.024195
0.831366 0.023967
0.831466 0.023967
0.831565 0.023967
0.831665 0.023739
0.831764 0.023739
0.831864 0.023739
0.831963 0.023282
0.832063 0.023282
0.832162 0.023282
0.832262 0.023282
0.832361 0.023282
0.832461 0.023282
0.832560 0.023282
0.832660 0.023282
0.832759 0.023054
0.832859 0.023054
0.832958 0.023054
0.833058 0.023054
0.833157 0.023054
0.833257 0.023054
0.833356 0.023054
0.833456 0.023054
0.833555 0.023054
0.833655 0.022826
0.833754 0.022598
0.833854 0.022369
0.833953 0.022369
0.834053 0.022369
0.834152 0.022369
0.834252 0.022369
0.834351 0.022369
0.834451 0.022369
0.834550 0.022369
0.834650 0.022369
0.834750 0.022369
0.834849 0.022369
0.834949 0.022369
0.835048 0.022369
0.835148 0.022141
0.835247 0.022141
0.835347 0.021913
0.835446 0.021913
0.835546 0.021913
0.835645 0.021913
0.835745 0.021913
0.835844 0.021913
0.835944 0.021913
0.836043 0.021913
0.836143 0.021913
0.836242 0.021913
0.836342 0.021913
0.836441 0.021913
0.836541 0.021913
0.836640 0.021913
0.836740 0.021913
0.836839 0.021913
0.836939 0.021913
0.837038 0.021913
0.837138 0.021913
0.837237 0.021913
0.837337 0.021913
0.837436 0.021913
0.837536 0.021913
0.837635 0.021913
0.837735 0.021913
0.837834 0.021913
0.837934 0.021685
0.838033 0.021685
0.838133 0.021685
0.838232 0.021685
0.838332 0.021685
0.838431 0.021685
0.838531 0.021685
0.838630 0.021685
0.838730 0.021685
0.838829 0.021685
0.838929 0.021685
0.839028 0.021685
0.839128 0.021685
0.839227 0.021456
0.839327 0.021456
0.839426 0.021456
0.839526 0.021456
0.839625 0.021456
0.839725 0.021456
0.839824 0.021456
0.839924 0.021456
0.840023 0.021456
0.840123 0.021228
0.840222 0.021228
0.840322 0.021228
0.840421 0.021228
0.840521 0.021228
0.840620 0.021228
0.840720 0.021228
0.840819 0.021228
0.840919 0.021228
0.841018 0.021228
0.841118 0.021228
0.841217 0.021228
0.841317 0.021228
0.841416 0.021228
0.841516 0.021000
0.841615 0.021000
0.841715 0.021000
0.841814 0.021000
0.841914 0.020772
0.842013 0.020772
0.842113 0.020772
0.842212 0.020772
0.842312 0.020772
0.842411 0.020772
0.842511 0.020772
0.842610 0.020772
0.842710 0.020772
0.842809 0.020772
0.842909 0.020772
0.843008 0.020772
0.843108 0.020772
0.843207 0.020772
0.843307 0.020772
0.843406 0.020772
0.843506 0.020772
0.843605 0.020772
0.843705 0.020772
0.843804 0.020772
0.843904 0.020772
0.844003 0.020772
0.844103 0.020772
0.844202 0.020772
0.844302 0.020772
0.844401 0.020772
0.844501 0.020543
0.844600 0.020543
0.844700 0.020543
0.844799 0.020543
0.844899 0.020543
0.844998 0.020543
0.845098 0.020543
0.845197 0.020543
0.845297 0.020315
0.845396 0.020315
0.845496 0.020315
0.845595 0.020315
0.845695 0.020315
0.845794 0.020315
0.845894 0.020315
0.845993 0.020087
0.846093 0.019858
0.846192 0.019858
0.846292 0.019858
0.846391 0.019630
0.846491 0.019402
0.846591 0.019402
0.846690 0.019402
0.846790 0.019402
0.846889 0.019402
0.846989 0.019402
0.847088 0.019402
0.847188 0.019402
0.847287 0.019402
0.847387 0.019402
0.847486 0.019402
0.847586 0.019402
0.847685 0.019402
0.847785 0.019174
0.847884 0.019174
0.847984 0.019174
0.848083 0.019174
0.848183 0.019174
0.848282 0.019174
0.848382 0.019174
0.848481 0.019174
0.848581 0.019174
0.848680 0.019174
0.848780 0.018945
0.848879 0.018945
0.848979 0.018945
0.849078 0.018945
0.849178 0.018945
0.849277 0.018945
0.849377 0.018945
0.849476 0.018945
0.849576 0.018945
0.849675 0.018945
0.849775 0.018945
0.849874 0.018717
0.849974 0.018489
0.850073 0.018489
0.850173 0.018489
0.850272 0.018489
0.850372 0.018489
0.850471 0.018489
0.850571 0.018489
0.850670 0.018489
0.850770 0.018489
0.850869 0.018489
0.850969 0.018489
0.851068 0.018489
0.851168 0.018489
0.851267 0.018489
0.851367 0.018489
0.851466 0.018489
0.851566 0.018489
0.851665 0.018489
0.851765 0.018489
0.851864 0.018489
0.851964 0.018489
0.852063 0.018489
0.852163 0.018489
0.852262 0.018489
0.852362 0.018489
0.852461 0.018489
0.852561 0.018489
0.852660 0.018489
0.852760 0.018489
0.852859 0.018489
0.852959 0.018489
0.853058 0.018489
0.853158 0.018489
0.853257 0.018489
0.853357 0.018489
0.853456 0.018489
0.853556 0.018489
0.853655 0.018489
0.853755 0.018489
0.853854 0.018489
0.853954 0.018489
0.854053 0.018261
0.854153 0.018261
0.854252 0.018261
0.854352 0.018261
0.854451 0.018261
0.854551 0.018261
0.854650 0.018261
0.854750 0.018261
0.854849 0.018032
0.854949 0.018032
0.855048 0.018032
0.855148 0.018032
0.855247 0.017804
0.855347 0.017804
0.855446 0.017804
0.855546 0.017804
0.855645 0.017804
0.855745 0.017804
0.855844 0.017804
0.855944 0.017804
0.856043 0.017804
0.856143 0.017804
0.856242 0.017804
0.856342 0.017804
0.856441 0.017804
0.856541 0.017804
0.856640 0.017804
0.856740 0.017804
0.856839 0.017804
0.856939 0.017804
0.857038 0.017804
0.857138 0.017804
0.857237 0.017804
0.857337 0.017804
0.857436 0.017804
0.857536 0.017804
0.857635 0.017804
0.857735 0.017804
0.857834 0.017804
0.857934 0.017804
0.858033 0.017804
0.858133 0.017804
0.858232 0.017804
0.858332 0.017804
0.858432 0.017804
0.858531 0.017804
0.858631 0.017804
0.858730 0.017804
0.858830 0.017804
0.858929 0.017804
0.859029 0.017804
0.859128 0.017804
0.859228 0.017804
0.859327 0.017576
0.859427 0.017576
0.859526 0.017576
0.859626 0.017576
0.859725 0.017348
0.859825 0.017348
0.859924 0.017348
0.860024 0.017348
0.860123 0.017348
0.860223 0.017348
0.860322 0.017119
0.860422 0.017119
0.860521 0.017119
0.860621 0.017119
0.860720 0.017119
0.860820 0.017119
0.860919 0.017119
0.861019 0.017119
0.861118 0.016891
0.861218 0.016891
0.861317 0.016891
0.861417 0.016891
0.861516 0.016891
0.861616 0.016891
0.861715 0.016891
0.861815 0.016891
0.861914 0.016891
0.862014 0.016891
0.862113 0.016891
0.862213 0.016891
0.862312 0.016891
0.862412 0.016891
0.862511 0.016891
0.862611 0.016663
0.862710 0.016663
0.862810 0.016663
0.862909 0.016663
0.863009 0.016663
0.863108 0.016663
0.863208 0.016663
0.863307 0.016663
0.863407 0.016663
0.863506 0.016435
0.863606 0.016435
0.863705 0.016435
0.863805 0.016435
0.863904 0.016435
0.864004 0.016435
0.864103 0.016206
0.864203 0.016206
0.864302 0.016206
0.864402 0.016206
0.864501 0.016206
0.864601 0.016206
0.864700 0.016206
0.864800 0.016206
0.864899 0.016206
0.864999 0.016206
0.865098 0.016206
0.865198 0.016206
0.865297 0.016206
0.865397 0.016206
0.865496 0.016206
0.865596 0.016206
0.865695 0.016206
0.865795 0.016206
0.865894 0.016206
0.865994 0.016206
0.866093 0.016206
0.866193 0.015978
0.866292 0.015750
0.866392 0.015750
0.866491 0.015750
0.866591 0.015750
0.866690 0.015750
0.866790 0.015750
0.866889 0.015522
0.866989 0.015522
0.867088 0.015522
0.867188 0.015522
0.867287 0.015522
0.867387 0.015293
0.867486 0.015293
0.867586 0.015293
0.867685 0.015293
0.867785 0.015293
0.867884 0.015065
0.867984 0.015065
0.868083 0.014837
0.868183 0.014837
0.868282 0.014837
0.868382 0.014837
0.868481 0.014837
0.868581 0.014837
0.868680 0.014609
0.868780 0.014609
0.868879 0.014609
0.868979 0.014609
0.869078 0.014609
0.869178 0.014609
0.869277 0.014609
0.869377 0.014609
0.869476 0.014609
0.869576 0.014609
0.869675 0.014609
0.869775 0.014609
0.869874 0.014609
0.869974 0.014609
0.870074 0.014609
0.870173 0.014380
0.870273 0.014380
0.870372 0.014380
0.870472 0.014152
0.870571 0.014152
0.870671 0.014152
0.870770 0.013924
0.870870 0.013924
0.870969 0.013924
0.871069 0.013924
0.871168 0.013924
0.871268 0.013924
0.871367 0.013924
0.871467 0.013924
0.871566 0.013924
0.871666 0.013924
0.871765 0.013924
0.871865 0.013924
0.871964 0.013924
0.872064 0.013924
0.872163 0.013924
0.872263 0.013924
0.872362 0.013924
0.872462 0.013924
0.872561 0.013924
0.872661 0.013924
0.872760 0.013924
0.872860 0.013924
0.872959 0.013924
0.873059 0.013924
0.873158 0.013924
0.873258 0.013924
0.873357 0.013924
0.873457 0.013924
0.873556 0.013924
0.873656 0.013924
0.873755 0.013924
0.873855 0.013924
0.873954 0.013924
0.874054 0.013924
0.874153 0.013924
0.874253 0.013924
0.874352 0.013924
0.874452 0.013924
0.874551 0.013696
0.874651 0.013696
0.874750 0.013696
0.874850 0.013696
0.874949 0.013696
0.875049 0.013696
0.875148 0.013696
0.875248 0.013696
0.875347 0.013696
0.875447 0.013696
0.875546 0.013696
0.875646 0.013696
0.875745 0.013696
0.875845 0.013696
0.875944 0.013696
0.876044 0.013696
0.876143 0.013696
0.876243 0.013696
0.876342 0.013696
0.876442 0.013467
0.876541 0.013467
0.876641 0.013467
0.876740 0.013467
0.876840 0.013467
0.876939 0.013467
0.877039 0.013467
0.877138 0.013467
0.877238 0.013467
0.877337 0.013467
0.877437 0.013467
0.877536 0.013467
0.877636 0.013467
0.877735 0.013467
0.877835 0.013467
0.877934 0.013467
0.878034 0.013467
0.878133 0.013467
0.878233 0.013467
0.878332 0.013467
0.878432 0.013467
0.878531 0.013467
0.878631 0.013467
0.878730 0.013467
0.878830 0.013467
0.878929 0.013467
0.879029 0.013467
0.879128 0.013467
0.879228 0.013467
0.879327 0.013467
0.879427 0.013467
0.879526 0.013467
0.879626 0.013239
0.879725 0.013011
0.879825 0.012554
0.879924 0.012554
0.880024 0.012554
0.880123 0.012554
0.880223 0.012554
0.880322 0.012554
0.880422 0.012554
0.880521 0.012554
0.880621 0.012554
0.880720 0.012554
0.880820 0.012554
0.880919 0.012554
0.881019 0.012326
0.881118 0.012326
0.881218 0.012326
0.881317 0.012326
0.881417 0.012326
0.881516 0.012326
0.881616 0.012098
0.881715 0.012098
0.881815 0.012098
0.881915 0.012098
0.882014 0.012098
0.882114 0.012098
0.882213 0.012098
0.882313 0.012098
0.882412 0.012098
0.882512 0.012098
0.882611 0.012098
0.882711 0.012098
0.882810 0.012098
0.882910 0.012098
0.883009 0.012098
0.883109 0.012098
0.883208 0.012098
0.883308 0.012098
0.883407 0.012098
0.883507 0.012098
0.883606 0.011869
0.883706 0.011869
0.883805 0.011869
0.883905 0.011641
0.884004 0.011641
0.884104 0.011641
0.884203 0.011641
0.884303 0.011641
0.884402 0.011641
0.884502 0.011641
0.884601 0.011641
0.884701 0.011641
0.884800 0.011641
0.884900 0.011641
0.884999 0.011413
0.885099 0.011413
0.885198 0.011413
0.885298 0.011413
0.885397 0.011413
0.885497 0.011413
0.885596 0.011413
0.885696 0.011413
0.885795 0.011413
0.885895 0.011413
0.885994 0.011413
0.886094 0.011413
0.886193 0.011413
0.886293 0.011413
0.886392 0.011413
0.886492 0.011413
0.886591 0.011413
0.886691 0.011413
0.886790 0.011413
0.886890 0.011413
0.886989 0.011413
0.887089 0.011413
0.887188 0.011413
0.887288 0.011413
0.887387 0.011413
0.887487 0.011413
0.887586 0.011413
0.887686 0.011413
0.887785 0.011413
0.887885 0.011413
0.887984 0.011413
0.888084 0.011413
0.888183 0.011413
0.888283 0.011413
0.888382 0.011413
0.888482 0.011413
0.888581 0.011413
0.888681 0.011413
0.888780 0.011413
0.888880 0.011413
0.888979 0.011413
0.889079 0.011413
0.889178 0.011413
0.889278 0.011413
0.889377 0.011413
0.889477 0.011413
0.889576 0.011413
0.889676 0.011413
0.889775 0.011413
0.889875 0.011413
0.889974 0.011413
0.890074 0.011413
0.890173 0.011413
0.890273 0.011413
0.890372 0.011413
0.890472 0.011413
0.890571 0.011413
0.890671 0.011185
0.890770 0.011185
0.890870 0.011185
0.890969 0.011185
0.891069 0.011185
0.891168 0.011185
0.891268 0.011185
0.891367 0.011185
0.891467 0.011185
0.891566 0.011185
0.891666 0.011185
0.891765 0.011185
0.891865 0.011185
0.891964 0.011185
0.892064 0.011185
0.892163 0.011185
0.892263 0.011185
0.892362 0.011185
0.892462 0.011185
0.892561 0.011185
0.892661 0.010956
0.892760 0.010956
0.892860 0.010956
0.892959 0.010956
0.893059 0.010956
0.893158 0.010956
0.893258 0.010728
0.893357 0.010728
0.893457 0.010728
0.893556 0.010500
0.893656 0.010500
0.893756 0.010500
0.893855 0.010500
0.893955 0.010500
0.894054 0.010500
0.894154 0.010500
0.894253 0.010500
0.894353 0.010500
0.894452 0.010500
0.894552 0.010500
0.894651 0.010500
0.894751 0.010500
0.894850 0.010500
0.894950 0.010500
0.895049 0.010500
0.895149 0.010500
0.895248 0.010500
0.895348 0.010500
0.895447 0.010500
0.895547 0.010500
0.895646 0.010500
0.895746 0.010500
0.895845 0.010500
0.895945 0.010500
0.896044 0.010500
0.896144 0.010500
0.896243 0.010500
0.896343 0.010500
0.896442 0.010500
0.896542 0.010500
0.896641 0.010500
0.896741 0.010500
0.896840 0.010500
0.896940 0.010500
0.897039 0.010500
0.897139 0.010500
0.897238 0.010500
0.897338 0.010500
0.897437 0.010500
0.897537 0.010500
0.897636 0.010500
0.897736 0.010500
0.897835 0.010500
0.897935 0.010500
0.898034 0.010500
0.898134 0.010500
0.898233 0.010272
0.898333 0.010272
0.898432 0.010272
0.898532 0.010272
0.898631 0.010272
0.898731 0.010272
0.898830 0.010272
0.898930 0.010272
0.899029 0.010272
0.899129 0.010272
0.899228 0.010272
0.899328 0.010272
0.899427 0.010272
0.899527 0.010272
0.899626 0.010272
0.899726 0.010272
0.899825 0.010272
0.899925 0.010272
0.900024 0.010272
0.900124 0.010272
0.900223 0.010272
0.900323 0.010272
0.900422 0.010272
0.900522 0.010272
0.900621 0.010043
0.900721 0.010043
0.900820 0.010043
0.900920 0.010043
0.901019 0.010043
0.901119 0.009815
0.901218 0.009815
0.901318 0.009815
0.901417 0.009815
0.901517 0.009587
0.901616 0.009587
0.901716 0.009587
0.901815 0.009587
0.901915 0.009587
0.902014 0.009587
0.902114 0.009587
0.902213 0.009587
0.902313 0.009587
0.902412 0.009587
0.902512 0.009587
0.902611 0.009359
0.902711 0.009359
0.902810 0.009359
0.902910 0.009130
0.903009 0.009130
0.903109 0.009130
0.903208 0.009130
0.903308 0.009130
0.903407 0.009130
0.903507 0.009130
0.903606 0.009130
0.903706 0.009130
0.903805 0.009130
0.903905 0.009130
0.904004 0.009130
0.904104 0.009130
0.904203 0.009130
0.904303 0.008902
0.904402 0.008902
0.904502 0.008902
0.904601 0.008902
0.904701 0.008902
0.904800 0.008902
0.904900 0.008902
0.904999 0.008902
0.905099 0.008902
0.905198 0.008674
0.905298 0.008674
0.905398 0.008674
0.905497 0.008674
0.905597 0.008674
0.905696 0.008674
0.905796 0.008674
0.905895 0.008217
0.905995 0.008217
0.906094 0.008217
0.906194 0.008217
0.906293 0.008217
0.906393 0.008217
0.906492 0.008217
0.906592 0.008217
0.906691 0.008217
0.906791 0.008217
0.906890 0.008217
0.906990 0.008217
0.907089 0.008217
0.907189 0.008217
0.907288 0.008217
0.907388 0.008217
0.907487 0.008217
0.907587 0.008217
0.907686 0.008217
0.907786 0.007989
0.907885 0.007989
0.907985 0.007989
0.908084 0.007989
0.908184 0.007989
0.908283 0.007989
0.908383 0.007989
0.908482 0.007989
0.908582 0.007989
0.908681 0.007989
0.908781 0.007989
0.908880 0.007989
0.908980 0.007989
0.909079 0.007989
0.909179 0.007989
0.909278 0.007989
0.909378 0.007989
0.909477 0.007989
0.909577 0.007989
0.909676 0.007989
0.909776 0.007989
0.909875 0.007761
0.909975 0.007761
0.910074 0.007761
0.910174 0.007761
0.910273 0.007761
0.910373 0.007761
0.910472 0.007761
0.910572 0.007761
0.910671 0.007761
0.910771 0.007533
0.910870 0.007533
0.910970 0.007533
0.911069 0.007533
0.911169 0.007533
0.911268 0.007533
0.911368 0.007533
0.911467 0.007533
0.911567 0.007533
0.911666 0.007533
0.911766 0.007533
0.911865 0.007533
0.911965 0.007533
0.912064 0.007533
0.912164 0.007533
0.912263 0.007533
0.912363 0.007533
0.912462 0.007533
0.912562 0.007533
0.912661 0.007533
0.912761 0.007533
0.912860 0.007533
0.912960 0.007533
0.913059 0.007304
0.913159 0.007304
0.913258 0.007304
0.913358 0.007304
0.913457 0.007304
0.913557 0.007304
0.913656 0.007304
0.913756 0.007304
0.913855 0.007304
0.913955 0.007304
0.914054 0.007304
0.914154 0.007304
0.914253 0.007304
0.914353 0.007304
0.914452 0.007304
0.914552 0.007304
0.914651 0.007304
0.914751 0.007304
0.914850 0.007304
0.914950 0.007304
0.915049 0.007304
0.915149 0.007304
0.915248 0.007304
0.915348 0.007304
0.915447 0.007304
0.915547 0.007304
0.915646 0.007304
0.915746 0.007304
0.915845 0.007304
0.915945 0.007304
0.916044 0.007304
0.916144 0.007304
0.916243 0.007304
0.916343 0.007304
0.916442 0.007304
0.916542 0.007304
0.916641 0.007076
0.916741 0.007076
0.916840 0.007076
0.916940 0.007076
0.917039 0.007076
0.917139 0.007076
0.917239 0.007076
0.917338 0.007076
0.917438 0.007076
0.917537 0.006848
0.917637 0.006848
0.917736 0.006848
0.917836 0.006848
0.917935 0.006848
0.918035 0.006848
0.918134 0.006848
0.918234 0.006848
0.918333 0.006848
0.918433 0.006848
0.918532 0.006848
0.918632 0.006848
0.918731 0.006848
0.918831 0.006848
0.918930 0.006848
0.919030 0.006848
0.919129 0.006848
0.919229 0.006848
0.919328 0.006848
0.919428 0.006848
0.919527 0.006848
0.919627 0.006848
0.919726 0.006848
0.919826 0.006848
0.919925 0.006848
0.920025 0.006848
0.920124 0.006848
0.920224 0.006848
0.920323 0.006848
0.920423 0.006848
0.920522 0.006848
0.920622 0.006848
0.920721 0.006848
0.920821 0.006848
0.920920 0.006848
0.921020 0.006848
0.921119 0.006848
0.921219 0.006848
0.921318 0.006848
0.921418 0.006848
0.921517 0.006848
0.921617 0.006848
0.921716 0.006848
0.921816 0.006848
0.921915 0.006848
0.922015 0.006848
0.922114 0.006848
0.922214 0.006848
0.922313 0.006848
0.922413 0.006848
0.922512 0.006848
0.922612 0.006848
0.922711 0.006848
0.922811 0.006848
0.922910 0.006848
0.923010 0.006848
0.923109 0.006848
0.923209 0.006848
0.923308 0.006848
0.923408 0.006848
0.923507 0.006848
0.923607 0.006848
0.923706 0.006848
0.923806 0.006848
0.923905 0.006848
0.924005 0.006848
0.924104 0.006848
0.924204 0.006848
0.924303 0.006848
0.924403 0.006848
0.924502 0.006848
0.924602 0.006848
0.924701 0.006848
0.924801 0.006619
0.924900 0.006619
0.925000 0.006619
0.925099 0.006619
0.925199 0.006619
0.925298 0.006619
0.925398 0.006619
0.925497 0.006619
0.925597 0.006619
0.925696 0.006619
0.925796 0.006619
0.925895 0.006619
0.925995 0.006619
0.926094 0.006619
0.926194 0.006619
0.926293 0.006619
0.926393 0.006619
0.926492 0.006619
0.926592 0.006619
0.926691 0.006619
0.926791 0.006619
0.926890 0.006619
0.926990 0.006619
0.927089 0.006619
0.927189 0.006619
0.927288 0.006619
0.927388 0.006619
0.927487 0.006619
0.927587 0.006619
0.927686 0.006619
0.927786 0.006619
0.927885 0.006619
0.927985 0.006619
0.928084 0.006619
0.928184 0.006619
0.928283 0.006619
0.928383 0.006619
0.928482 0.006619
0.928582 0.006391
0.928681 0.006391
0.928781 0.006391
0.928880 0.006391
0.928980 0.006391
0.929080 0.006391
0.929179 0.006391
0.929279 0.006391
0.929378 0.006391
0.929478 0.006391
0.929577 0.006391
0.929677 0.006391
0.929776 0.006391
0.929876 0.006391
0.929975 0.006391
0.930075 0.006391
0.930174 0.006391
0.930274 0.006391
0.930373 0.006391
0.930473 0.006391
0.930572 0.006391
0.930672 0.006391
0.930771 0.006391
0.930871 0.006391
0.930970 0.006391
0.931070 0.006391
0.931169 0.006391
0.931269 0.006391
0.931368 0.006391
0.931468 0.006391
0.931567 0.006391
0.931667 0.006391
0.931766 0.006391
0.931866 0.006391
0.931965 0.006391
0.932065 0.006391
0.932164 0.006391
0.932264 0.006391
0.932363 0.006391
0.932463 0.006391
0.932562 0.006391
0.932662 0.006391
0.932761 0.006391
0.932861 0.006391
0.932960 0.006391
0.933060 0.006391
0.933159 0.006391
0.933259 0.006391
0.933358 0.006391
0.933458 0.006391
0.933557 0.006391
0.933657 0.006391
0.933756 0.006391
0.933856 0.006163
0.933955 0.006163
0.934055 0.006163
0.934154 0.006163
0.934254 0.006163
0.934353 0.006163
0.934453 0.006163
0.934552 0.006163
0.934652 0.006163
0.934751 0.006163
0.934851 0.006163
0.934950 0.006163
0.935050 0.006163
0.935149 0.006163
0.935249 0.006163
0.935348 0.006163
0.935448 0.006163
0.935547 0.006163
0.935647 0.006163
0.935746 0.006163
0.935846 0.006163
0.935945 0.006163
0.936045 0.006163
0.936144 0.006163
0.936244 0.006163
0.936343 0.006163
0.936443 0.006163
0.936542 0.006163
0.936642 0.006163
0.936741 0.006163
0.936841 0.006163
0.936940 0.006163
0.937040 0.006163
0.937139 0.006163
0.937239 0.006163
0.937338 0.006163
0.937438 0.006163
0.937537 0.006163
0.937637 0.006163
0.937736 0.006163
0.937836 0.006163
0.937935 0.006163
0.938035 0.006163
0.938134 0.006163
0.938234 0.005935
0.938333 0.005935
0.938433 0.005935
0.938532 0.005935
0.938632 0.005935
0.938731 0.005935
0.938831 0.005935
0.938930 0.005935
0.939030 0.005935
0.939129 0.005706
0.939229 0.005706
0.939328 0.005706
0.939428 0.005706
0.939527 0.005706
0.939627 0.005706
0.939726 0.005706
0.939826 0.005706
0.939925 0.005706
0.940025 0.005706
0.940124 0.005706
0.940224 0.005706
0.940323 0.005706
0.940423 0.005706
0.940522 0.005706
0.940622 0.005706
0.940722 0.005706
0.940821 0.005706
0.940921 0.005706
0.941020 0.005706
0.941120 0.005706
0.941219 0.005706
0.941319 0.005706
0.941418 0.005706
0.941518 0.005706
0.941617 0.005706
0.941717 0.005706
0.941816 0.005706
0.941916 0.005706
0.942015 0.005706
0.942115 0.005706
0.942214 0.005706
0.942314 0.005706
0.942413 0.005706
0.942513 0.005706
0.942612 0.005706
0.942712 0.005706
0.942811 0.005706
0.942911 0.005706
0.943010 0.005706
0.943110 0.005706
0.943209 0.005706
0.943309 0.005706
0.943408 0.005706
0.943508 0.005706
0.943607 0.005706
0.943707 0.005706
0.943806 0.005706
0.943906 0.005706
0.944005 0.005706
0.944105 0.005706
0.944204 0.005706
0.944304 0.005706
0.944403 0.005706
0.944503 0.005706
0.944602 0.005478
0.944702 0.005478
0.944801 0.005478
0.944901 0.005478
0.945000 0.005478
0.945100 0.005478
0.945199 0.005478
0.945299 0.005478
0.945398 0.005478
0.945498 0.005478
0.945597 0.005478
0.945697 0.005478
0.945796 0.005478
0.945896 0.005250
0.945995 0.005250
0.946095 0.005250
0.946194 0.005250
0.946294 0.005250
0.946393 0.005250
0.946493 0.005250
0.946592 0.005250
0.946692 0.005250
0.946791 0.005250
0.946891 0.005250
0.946990 0.005250
0.947090 0.005250
0.947189 0.005250
0.947289 0.005250
0.947388 0.005250
0.947488 0.005250
0.947587 0.005250
0.947687 0.005250
0.947786 0.005250
0.947886 0.005250
0.947985 0.005250
0.948085 0.005250
0.948184 0.005250
0.948284 0.005250
0.948383 0.005250
0.948483 0.005250
0.948582 0.005250
0.948682 0.005250
0.948781 0.005250
0.948881 0.005250
0.948980 0.005250
0.949080 0.005250
0.949179 0.005250
0.949279 0.005250
0.949378 0.005250
0.949478 0.005250
0.949577 0.005250
0.949677 0.005250
0.949776 0.005250
0.949876 0.005250
0.949975 0.005250
0.950075 0.005250
0.950174 0.005250
0.950274 0.005250
0.950373 0.005022
0.950473 0.005022
0.950572 0.005022
0.950672 0.005022
0.950771 0.005022
0.950871 0.004793
0.950970 0.004565
0.951070 0.004565
0.951169 0.004565
0.951269 0.004565
0.951368 0.004565
0.951468 0.004565
0.951567 0.004565
0.951667 0.004565
0.951766 0.004565
0.951866 0.004565
0.951965 0.004565
0.952065 0.004565
0.952164 0.004565
0.952264 0.004565
0.952363 0.004565
0.952463 0.004565
0.952563 0.004565
0.952662 0.004565
0.952762 0.004565
0.952861 0.004565
0.952961 0.004565
0.953060 0.004565
0.953160 0.004565
0.953259 0.004565
0.953359 0.004565
0.953458 0.004565
0.953558 0.004565
0.953657 0.004565
0.953757 0.004565
0.953856 0.004565
0.953956 0.004565
0.954055 0.004565
0.954155 0.004565
0.954254 0.004565
0.954354 0.004565
0.954453 0.004565
0.954553 0.004565
0.954652 0.004565
0.954752 0.004565
0.954851 0.004565
0.954951 0.004565
0.955050 0.004565
0.955150 0.004565
0.955249 0.004565
0.955349 0.004565
0.955448 0.004565
0.955548 0.004565
0.955647 0.004565
0.955747 0.004565
0.955846 0.004565
0.955946 0.004565
0.956045 0.004565
0.956145 0.004565
0.956244 0.004565
0.956344 0.004565
0.956443 0.004565
0.956543 0.004565
0.956642 0.004565
0.956742 0.004565
0.956841 0.004565
0.956941 0.004565
0.957040 0.004565
0.957140 0.004565
0.957239 0.004565
0.957339 0.004565
0.957438 0.004565
0.957538 0.004565
0.957637 0.004565
0.957737 0.004565
0.957836 0.004565
0.957936 0.004565
0.958035 0.004565
0.958135 0.004565
0.958234 0.004565
0.958334 0.004565
0.958433 0.004565
0.958533 0.004565
0.958632 0.004565
0.958732 0.004565
0.958831 0.004565
0.958931 0.004565
0.959030 0.004565
0.959130 0.004565
0.959229 0.004565
0.959329 0.004565
0.959428 0.004565
0.959528 0.004565
0.959627 0.004565
0.959727 0.004565
0.959826 0.004565
0.959926 0.004565
0.960025 0.004565
0.960125 0.004565
0.960224 0.004565
0.960324 0.004565
0.960423 0.004565
0.960523 0.004565
0.960622 0.004565
0.960722 0.004565
0.960821 0.004565
0.960921 0.004565
0.961020 0.004565
0.961120 0.004565
0.961219 0.004565
0.961319 0.004565
0.961418 0.004565
0.961518 0.004565
0.961617 0.004565
0.961717 0.004565
0.961816 0.004337
0.961916 0.004337
0.962015 0.004337
0.962115 0.004337
0.962214 0.004337
0.962314 0.004337
0.962413 0.004337
0.962513 0.004337
0.962612 0.004337
0.962712 0.004337
0.962811 0.004337
0.962911 0.004337
0.963010 0.004109
0.963110 0.004109
0.963209 0.003880
0.963309 0.003880
0.963408 0.003880
0.963508 0.003880
0.963607 0.003880
0.963707 0.003880
0.963806 0.003880
0.963906 0.003880
0.964005 0.003880
0.964105 0.003880
0.964204 0.003880
0.964304 0.003880
0.964404 0.003880
0.964503 0.003880
0.964603 0.003880
0.964702 0.003880
0.964802 0.003880
0.964901 0.003880
0.965001 0.003880
0.965100 0.003880
0.965200 0.003880
0.965299 0.003880
0.965399 0.003880
0.965498 0.003880
0.965598 0.003880
0.965697 0.003652
0.965797 0.003652
0.965896 0.003652
0.965996 0.003652
0.966095 0.003652
0.966195 0.003424
0.966294 0.003424
0.966394 0.003424
0.966493 0.003424
0.966593 0.003424
0.966692 0.003424
0.966792 0.003424
0.966891 0.003424
0.966991 0.003424
0.967090 0.003424
0.967190 0.003424
0.967289 0.003424
0.967389 0.003424
0.967488 0.003424
0.967588 0.003424
0.967687 0.003424
0.967787 0.003424
0.967886 0.003424
0.967986 0.003424
0.968085 0.003424
0.968185 0.003424
0.968284 0.003424
0.968384 0.003424
0.968483 0.003424
0.968583 0.003424
0.968682 0.003424
0.968782 0.003424
0.968881 0.003424
0.968981 0.003424
0.969080 0.003424
0.969180 0.003424
0.969279 0.003424
0.969379 0.003424
0.969478 0.003424
0.969578 0.003424
0.969677 0.003424
0.969777 0.003424
0.969876 0.003424
0.969976 0.003424
0.970075 0.003424
0.970175 0.003424
0.970274 0.003424
0.970374 0.003424
0.970473 0.003424
0.970573 0.003424
0.970672 0.003424
0.970772 0.003424
0.970871 0.003424
0.970971 0.003196
0.971070 0.003196
0.971170 0.003196
0.971269 0.003196
0.971369 0.003196
0.971468 0.003196
0.971568 0.002967
0.971667 0.002967
0.971767 0.002967
0.971866 0.002967
0.971966 0.002967
0.972065 0.002967
0.972165 0.002967
0.972264 0.002739
0.972364 0.002739
0.972463 0.002739
0.972563 0.002739
0.972662 0.002739
0.972762 0.002739
0.972861 0.002511
0.972961 0.002511
0.973060 0.002511
0.973160 0.002511
0.973259 0.002511
0.973359 0.002511
0.973458 0.002511
0.973558 0.002511
0.973657 0.002511
0.973757 0.002511
0.973856 0.002511
0.973956 0.002511
0.974055 0.002511
0.974155 0.002511
0.974254 0.002511
0.974354 0.002511
0.974453 0.002283
0.974553 0.002283
0.974652 0.002283
0.974752 0.002283
0.974851 0.002283
0.974951 0.002283
0.975050 0.002283
0.975150 0.002283
0.975249 0.002283
0.975349 0.002283
0.975448 0.002283
0.975548 0.002283
0.975647 0.002283
0.975747 0.002283
0.975846 0.002283
0.975946 0.001826
0.976046 0.001826
0.976145 0.001826
0.976245 0.001826
0.976344 0.001826
0.976444 0.001826
0.976543 0.001826
0.976643 0.001826
0.976742 0.001826
0.976842 0.001826
0.976941 0.001826
0.977041 0.001826
0.977140 0.001826
0.977240 0.001826
0.977339 0.001826
0.977439 0.001826
0.977538 0.001826
0.977638 0.001826
0.977737 0.001826
0.977837 0.001826
0.977936 0.001826
0.978036 0.001826
0.978135 0.001826
0.978235 0.001826
0.978334 0.001826
0.978434 0.001826
0.978533 0.001826
0.978633 0.001826
0.978732 0.001826
0.978832 0.001826
0.978931 0.001826
0.979031 0.001826
0.979130 0.001826
0.979230 0.001826
0.979329 0.001598
0.979429 0.001598
0.979528 0.001598
0.979628 0.001598
0.979727 0.001598
0.979827 0.001598
0.979926 0.001598
0.980026 0.001370
0.980125 0.001370
0.980225 0.001370
0.980324 0.001370
0.980424 0.001370
0.980523 0.001370
0.980623 0.001370
0.980722 0.001370
0.980822 0.001370
0.980921 0.001370
0.981021 0.001370
0.981120 0.001370
0.981220 0.001370
0.981319 0.001370
0.981419 0.001370
0.981518 0.001370
0.981618 0.001370
0.981717 0.001370
0.981817 0.001370
0.981916 0.001370
0.982016 0.001370
0.982115 0.001370
0.982215 0.001370
0.982314 0.001370
0.982414 0.001370
0.982513 0.001370
0.982613 0.001370
0.982712 0.001370
0.982812 0.001370
0.982911 0.001370
0.983011 0.001370
0.983110 0.001370
0.983210 0.001370
0.983309 0.001141
0.983409 0.001141
0.983508 0.001141
0.983608 0.001141
0.983707 0.001141
0.983807 0.001141
0.983906 0.001141
0.984006 0.001141
0.984105 0.001141
0.984205 0.001141
0.984304 0.001141
0.984404 0.001141
0.984503 0.001141
0.984603 0.001141
0.984702 0.001141
0.984802 0.001141
0.984901 0.001141
0.985001 0.000913
0.985100 0.000913
0.985200 0.000913
0.985299 0.000913
0.985399 0.000913
0.985498 0.000913
0.985598 0.000913
0.985697 0.000913
0.985797 0.000913
0.985896 0.000913
0.985996 0.000913
0.986095 0.000913
0.986195 0.000913
0.986294 0.000913
0.986394 0.000913
0.986493 0.000913
0.986593 0.000913
0.986692 0.000913
0.986792 0.000913
0.986891 0.000913
0.986991 0.000913
0.987090 0.000913
0.987190 0.000913
0.987289 0.000913
0.987389 0.000913
0.987488 0.000913
0.987588 0.000913
0.987687 0.000913
0.987787 0.000913
0.987887 0.000913
0.987986 0.000913
0.988086 0.000913
0.988185 0.000913
0.988285 0.000913
0.988384 0.000913
0.988484 0.000913
0.988583 0.000913
0.988683 0.000913
0.988782 0.000913
0.988882 0.000913
0.988981 0.000685
0.989081 0.000685
0.989180 0.000685
0.989280 0.000685
0.989379 0.000457
0.989479 0.000457
0.989578 0.000457
0.989678 0.000457
0.989777 0.000457
0.989877 0.000457
0.989976 0.000457
0.990076 0.000457
0.990175 0.000457
0.990275 0.000457
0.990374 0.000457
0.990474 0.000457
0.990573 0.000457
0.990673 0.000228
0.990772 0.000228
0.990872 0.000228
0.990971 0.000228
0.991071 0.000228
0.991170 0.000228
0.991270 0.000228
0.991369 0.000228
0.991469 0.000228
0.991568 0.000228
0.991668 0.000228
0.991767 0.000228
0.991867 0.000228
0.991966 0.000228
0.992066 0.000228
0.992165 0.000228
0.992265 0.000228
0.992364 0.000228
0.992464 0.000228
0.992563 0.000228
0.992663 0.000228
0.992762 0.000228
0.992862 0.000228
0.992961 0.000228
0.993061 0.000228
0.993160 0.000228
0.993260 0.000000
0.993359 0.000000
0.993459 0.000000
0.993558 0.000000
0.993658 0.000000
0.993757 0.000000
0.993857 0.000000
0.993956 0.000000
0.994056 0.000000
0.994155 0.000000
0.994255 0.000000
0.994354 0.000000
0.994454 0.000000
0.994553 0.000000
0.994653 0.000000
0.994752 0.000000
0.994852 0.000000
0.994951 0.000000
0.995051 0.000000
0.995150 0.000000
0.995250 0.000000
0.995349 0.000000
0.995449 0.000000
0.995548 0.000000
0.995648 0.000000
0.995747 0.000000
0.995847 0.000000
0.995946 0.000000
