# Threshold Efficiency
0.001004 1.000000
0.001103 1.000000
0.001203 1.000000
0.001302 1.000000
0.001402 1.000000
0.001501 1.000000
0.001601 1.000000
0.001700 1.000000
0.001800 1.000000
0.001899 1.000000
0.001999 1.000000
0.002098 1.000000
0.002198 1.000000
0.002297 1.000000
0.002397 1.000000
0.002496 1.000000
0.002596 1.000000
0.002695 1.000000
0.002795 1.000000
0.002894 1.000000
0.002994 1.000000
0.003093 1.000000
0.003193 1.000000
0.003292 1.000000
0.003392 1.000000
0.003491 1.000000
0.003591 1.000000
0.003690 1.000000
0.003790 1.000000
0.003889 1.000000
0.003989 1.000000
0.004088 1.000000
0.004188 1.000000
0.004287 1.000000
0.004387 1.000000
0.004486 1.000000
0.004586 1.000000
0.004685 1.000000
0.004785 1.000000
0.004884 1.000000
0.004984 1.000000
0.005083 1.000000
0.005183 1.000000
0.005282 1.000000
0.005382 1.000000
0.005481 1.000000
0.005581 1.000000
0.005680 1.000000
0.005780 1.000000
0.005879 1.000000
0.005979 1.000000
0.006078 1.000000
0.006178 1.000000
0.006277 1.000000
0.006377 1.000000
0.006476 1.000000
0.006576 1.000000
0.006675 1.000000
0.006775 1.000000
0.006874 1.000000
0.006974 1.000000
0.007073 1.000000
0.007173 1.000000
0.007272 1.000000
0.007372 1.000000
0.007471 0.999775
0.007571 0.999775
0.007670 0.999775
0.007770 0.999775
0.007869 0.999549
0.007969 0.999549
0.008068 0.999549
0.008168 0.999549
0.008267 0.999549
0.008367 0.999549
0.008466 0.999549
0.008566 0.999549
0.008665 0.999549
0.008765 0.999549
0.008864 0.999549
0.008964 0.999549
0.009063 0.999549
0.009163 0.999549
0.009262 0.999549
0.009362 0.999549
0.009461 0.999549
0.009561 0.999549
0.009660 0.999549
0.009760 0.999549
0.009859 0.999549
0.009959 0.999549
0.010058 0.999549
0.010158 0.999549
0.010257 0.999549
0.010357 0.999549
0.010456 0.999549
0.010556 0.999549
0.010656 0.999549
0.010755 0.999549
0.010855 0.999549
0.010954 0.999549
0.011054 0.999549
0.011153 0.999549
0.011253 0.999549
0.011352 0.999549
0.011452 0.999549
0.011551 0.999549
0.011651 0.999549
0.011750 0.999549
0.011850 0.999549
0.011949 0.999549
0.012049 0.999549
0.012148 0.999549
0.012248 0.999549
0.012347 0.999549
0.012447 0.999549
0.012546 0.999549
0.012646 0.999549
0.012745 0.999549
0.012845 0.999549
0.012944 0.999549
0.013044 0.999549
0.013143 0.999549
0.013243 0.999549
0.013342 0.999549
0.013442 0.999549
0.013541 0.999549
0.013641 0.999549
0.013740 0.999549
0.013840 0.999549
0.013939 0.999549
0.014039 0.999549
0.014138 0.999549
0.014238 0.999549
0.014337 0.999324
0.014437 0.999324
0.014536 0.999324
0.014636 0.999324
0.014735 0.999324
0.014835 0.999324
0.014934 0.999324
0.015034 0.999324
0.015133 0.999324
0.015233 0.999324
0.015332 0.999324
0.015432 0.999324
0.015531 0.999324
0.015631 0.999324
0.015730 0.999324
0.015830 0.999324
0.015929 0.999324
0.016029 0.999324
0.016128 0.999324
0.016228 0.999324
0.016327 0.999324
0.016427 0.999324
0.016526 0.999324
0.016626 0.999324
0.016725 0.999324
0.016825 0.999324
0.016924 0.999324
0.017024 0.999324
0.017123 0.999324
0.017223 0.999324
0.017322 0.999324
0.017422 0.999324
0.017521 0.999324
0.017621 0.999324
0.017720 0.999324
0.017820 0.999324
0.017919 0.999324
0.018019 0.999324
0.018118 0.999324
0.018218 0.999324
0.018317 0.999324
0.018417 0.999324
0.018516 0.999324
0.018616 0.999324
0.018715 0.999324
0.018815 0.999324
0.018914 0.999324
0.019014 0.999324
0.019113 0.999324
0.019213 0.999324
0.019312 0.999324
0.019412 0.999324
0.019511 0.999324
0.019611 0.999324
0.019710 0.999324
0.019810 0.999324
0.019909 0.999324
0.020009 0.999324
0.020108 0.999324
0.020208 0.999324
0.020307 0.999324
0.020407 0.999324
0.020506 0.999324
0.020606 0.999324
0.020705 0.999324
0.020805 0.999324
0.020904 0.999324
0.021004 0.999324
0.021103 0.999324
0.021203 0.999324
0.021302 0.999324
0.021402 0.999324
0.021501 0.999324
0.021601 0.999324
0.021700 0.999324
0.021800 0.999324
0.021899 0.999324
0.021999 0.999324
0.022098 0.999324
0.022198 0.999324
0.022298 0.999324
0.022397 0.999324
0.022497 0.999324
0.022596 0.999324
0.022696 0.999324
0.022795 0.999324
0.022895 0.999324
0.022994 0.999324
0.023094 0.999324
0.023193 0.999324
0.023293 0.999324
0.023392 0.999324
0.023492 0.999324
0.023591 0.999324
0.023691 0.999324
0.023790 0.999324
0.023890 0.999324
0.023989 0.999324
0.024089 0.999324
0.024188 0.999324
0.024288 0.999324
0.024387 0.999324
0.024487 0.999324
0.024586 0.999324
0.024686 0.999324
0.024785 0.999324
0.024885 0.999324
0.024984 0.999324
0.025084 0.999324
0.025183 0.999324
0.025283 0.999324
0.025382 0.999324
0.025482 0.999324
0.025581 0.999324
0.025681 0.999324
0.025780 0.999324
0.025880 0.999324
0.025979 0.999324
0.026079 0.999324
0.026178 0.999324
0.026278 0.999098
0.026377 0.999098
0.026477 0.999098
0.026576 0.999098
0.026676 0.999098
0.026775 0.999098
0.026875 0.999098
0.026974 0.999098
0.027074 0.999098
0.027173 0.999098
0.027273 0.999098
0.027372 0.999098
0.027472 0.999098
0.027571 0.999098
0.027671 0.999098
0.027770 0.999098
0.027870 0.999098
0.027969 0.999098
0.028069 0.999098
0.028168 0.999098
0.028268 0.999098
0.028367 0.999098
0.028467 0.999098
0.028566 0.999098
0.028666 0.999098
0.028765 0.999098
0.028865 0.999098
0.028964 0.999098
0.029064 0.999098
0.029163 0.999098
0.029263 0.999098
0.029362 0.999098
0.029462 0.999098
0.029561 0.999098
0.029661 0.999098
0.029760 0.999098
0.029860 0.999098
0.029959 0.999098
0.030059 0.999098
0.030158 0.999098
0.030258 0.999098
0.030357 0.999098
0.030457 0.999098
0.030556 0.999098
0.030656 0.999098
0.030755 0.999098
0.030855 0.999098
0.030954 0.999098
0.031054 0.999098
0.031153 0.999098
0.031253 0.999098
0.031352 0.999098
0.031452 0.999098
0.031551 0.999098
0.031651 0.999098
0.031750 0.999098
0.031850 0.999098
0.031949 0.999098
0.032049 0.999098
0.032148 0.999098
0.032248 0.999098
0.032347 0.999098
0.032447 0.999098
0.032546 0.999098
0.032646 0.999098
0.032745 0.999098
0.032845 0.999098
0.032944 0.999098
0.033044 0.999098
0.033143 0.998873
0.033243 0.998873
0.033342 0.998873
0.033442 0.998873
0.033541 0.998873
0.033641 0.998873
0.033740 0.998873
0.033840 0.998873
0.033939 0.998873
0.034039 0.998873
0.034139 0.998873
0.034238 0.998873
0.034338 0.998873
0.034437 0.998873
0.034537 0.998873
0.034636 0.998873
0.034736 0.998873
0.034835 0.998873
0.034935 0.998873
0.035034 0.998873
0.035134 0.998873
0.035233 0.998873
0.035333 0.998873
0.035432 0.998873
0.035532 0.998873
0.035631 0.998873
0.035731 0.998873
0.035830 0.998873
0.035930 0.998873
0.036029 0.998873
0.036129 0.998873
0.036228 0.998873
0.036328 0.998873
0.036427 0.998873
0.036527 0.998873
0.036626 0.998873
0.036726 0.998647
0.036825 0.998647
0.036925 0.998647
0.037024 0.998422
0.037124 0.998422
0.037223 0.998422
0.037323 0.998422
0.037422 0.998422
0.037522 0.998422
0.037621 0.998422
0.037721 0.998422
0.037820 0.998422
0.037920 0.998422
0.038019 0.998422
0.038119 0.998422
0.038218 0.998422
0.038318 0.998422
0.038417 0.998196
0.038517 0.998196
0.038616 0.998196
0.038716 0.998196
0.038815 0.998196
0.038915 0.998196
0.039014 0.998196
0.039114 0.998196
0.039213 0.998196
0.039313 0.998196
0.039412 0.998196
0.039512 0.998196
0.039611 0.998196
0.039711 0.998196
0.039810 0.998196
0.039910 0.998196
0.040009 0.998196
0.040109 0.998196
0.040208 0.998196
0.040308 0.998196
0.040407 0.998196
0.040507 0.998196
0.040606 0.998196
0.040706 0.998196
0.040805 0.998196
0.040905 0.998196
0.041004 0.998196
0.041104 0.998196
0.041203 0.998196
0.041303 0.998196
0.041402 0.998196
0.041502 0.998196
0.041601 0.998196
0.041701 0.998196
0.041800 0.998196
0.041900 0.998196
0.041999 0.998196
0.042099 0.998196
0.042198 0.998196
0.042298 0.998196
0.042397 0.998196
0.042497 0.998196
0.042596 0.998196
0.042696 0.998196
0.042795 0.998196
0.042895 0.998196
0.042994 0.998196
0.043094 0.998196
0.043193 0.998196
0.043293 0.998196
0.043392 0.998196
0.043492 0.998196
0.043591 0.998196
0.043691 0.998196
0.043790 0.998196
0.043890 0.998196
0.043989 0.998196
0.044089 0.998196
0.044188 0.998196
0.044288 0.997971
0.044387 0.997971
0.044487 0.997971
0.044586 0.997971
0.044686 0.997971
0.044785 0.997971
0.044885 0.997971
0.044984 0.997971
0.045084 0.997971
0.045183 0.997971
0.045283 0.997971
0.045382 0.997971
0.045482 0.997971
0.045581 0.997971
0.045681 0.997971
0.045780 0.997971
0.045880 0.997971
0.045980 0.997971
0.046079 0.997971
0.046179 0.997971
0.046278 0.997971
0.046378 0.997971
0.046477 0.997971
0.046577 0.997971
0.046676 0.997971
0.046776 0.997971
0.046875 0.997971
0.046975 0.997971
0.047074 0.997971
0.047174 0.997971
0.047273 0.997971
0.047373 0.997971
0.047472 0.997745
0.047572 0.997520
0.047671 0.997520
0.047771 0.997520
0.047870 0.997520
0.047970 0.997520
0.048069 0.997520
0.048169 0.997520
0.048268 0.997520
0.048368 0.997520
0.048467 0.997520
0.048567 0.997520
0.048666 0.997520
0.048766 0.997520
0.048865 0.997520
0.048965 0.997520
0.049064 0.997520
0.049164 0.997520
0.049263 0.997520
0.049363 0.997520
0.049462 0.997520
0.049562 0.997520
0.049661 0.997520
0.049761 0.997294
0.049860 0.997069
0.049960 0.997069
0.050059 0.997069
0.050159 0.997069
0.050258 0.997069
0.050358 0.996843
0.050457 0.996843
0.050557 0.996843
0.050656 0.996843
0.050756 0.996843
0.050855 0.996843
0.050955 0.996843
0.051054 0.996843
0.051154 0.996843
0.051253 0.996843
0.051353 0.996843
0.051452 0.996843
0.051552 0.996843
0.051651 0.996843
0.051751 0.996843
0.051850 0.996843
0.051950 0.996843
0.052049 0.996843
0.052149 0.996843
0.052248 0.996843
0.052348 0.996843
0.052447 0.996843
0.052547 0.996843
0.052646 0.996843
0.052746 0.996843
0.052845 0.996843
0.052945 0.996843
0.053044 0.996843
0.053144 0.996843
0.053243 0.996843
0.053343 0.996843
0.053442 0.996843
0.053542 0.996843
0.053641 0.996843
0.053741 0.996843
0.053840 0.996843
0.053940 0.996843
0.054039 0.996843
0.054139 0.996843
0.054238 0.996843
0.054338 0.996843
0.054437 0.996843
0.054537 0.996843
0.054636 0.996843
0.054736 0.996843
0.054835 0.996843
0.054935 0.996618
0.055034 0.996392
0.055134 0.996392
0.055233 0.996392
0.055333 0.996392
0.055432 0.996392
0.055532 0.996392
0.055631 0.996392
0.055731 0.996392
0.055830 0.996392
0.055930 0.996392
0.056029 0.996392
0.056129 0.996392
0.056228 0.996392
0.056328 0.996392
0.056427 0.996167
0.056527 0.996167
0.056626 0.996167
0.056726 0.996167
0.056825 0.996167
0.056925 0.996167
0.057024 0.996167
0.057124 0.996167
0.057223 0.996167
0.057323 0.996167
0.057422 0.996167
0.057522 0.996167
0.057622 0.995941
0.057721 0.995941
0.057821 0.995941
0.057920 0.995941
0.058020 0.995941
0.058119 0.995941
0.058219 0.995716
0.058318 0.995716
0.058418 0.995716
0.058517 0.995716
0.058617 0.995716
0.058716 0.995716
0.058816 0.995716
0.058915 0.995716
0.059015 0.995716
0.059114 0.995716
0.059214 0.995716
0.059313 0.995716
0.059413 0.995490
0.059512 0.995490
0.059612 0.995490
0.059711 0.995490
0.059811 0.995490
0.059910 0.995490
0.060010 0.995490
0.060109 0.995490
0.060209 0.995490
0.060308 0.995490
0.060408 0.995490
0.060507 0.995490
0.060607 0.995490
0.060706 0.995490
0.060806 0.995490
0.060905 0.995490
0.061005 0.995490
0.061104 0.995490
0.061204 0.995490
0.061303 0.995490
0.061403 0.995490
0.061502 0.995490
0.061602 0.995490
0.061701 0.995490
0.061801 0.995490
0.061900 0.995490
0.062000 0.995490
0.062099 0.995490
0.062199 0.995490
0.062298 0.995490
0.062398 0.995490
0.062497 0.995490
0.062597 0.995490
0.062696 0.995490
0.062796 0.995490
0.062895 0.995490
0.062995 0.995490
0.063094 0.995490
0.063194 0.995490
0.063293 0.995490
0.063393 0.995490
0.063492 0.995490
0.063592 0.995490
0.063691 0.995490
0.063791 0.995490
0.063890 0.995039
0.063990 0.995039
0.064089 0.995039
0.064189 0.995039
0.064288 0.995039
0.064388 0.995039
0.064487 0.995039
0.064587 0.995039
0.064686 0.995039
0.064786 0.995039
0.064885 0.995039
0.064985 0.995039
0.065084 0.995039
0.065184 0.995039
0.065283 0.995039
0.065383 0.994814
0.065482 0.994814
0.065582 0.994814
0.065681 0.994814
0.065781 0.994814
0.065880 0.994589
0.065980 0.994589
0.066079 0.994138
0.066179 0.994138
0.066278 0.994138
0.066378 0.994138
0.066477 0.994138
0.066577 0.994138
0.066676 0.994138
0.066776 0.994138
0.066875 0.994138
0.066975 0.994138
0.067074 0.994138
0.067174 0.994138
0.067273 0.994138
0.067373 0.994138
0.067472 0.994138
0.067572 0.994138
0.067671 0.994138
0.067771 0.994138
0.067870 0.994138
0.067970 0.994138
0.068069 0.994138
0.068169 0.994138
0.068268 0.994138
0.068368 0.994138
0.068467 0.994138
0.068567 0.994138
0.068666 0.994138
0.068766 0.994138
0.068865 0.994138
0.068965 0.994138
0.069064 0.994138
0.069164 0.993687
0.069263 0.993687
0.069363 0.993687
0.069463 0.993687
0.069562 0.993687
0.069662 0.993687
0.069761 0.993687
0.069861 0.993687
0.069960 0.993687
0.070060 0.993687
0.070159 0.993687
0.070259 0.993687
0.070358 0.993687
0.070458 0.993687
0.070557 0.993687
0.070657 0.993687
0.070756 0.993687
0.070856 0.993687
0.070955 0.993687
0.071055 0.993687
0.071154 0.993687
0.071254 0.993687
0.071353 0.993687
0.071453 0.993687
0.071552 0.993687
0.071652 0.993687
0.071751 0.993461
0.071851 0.993461
0.071950 0.993461
0.072050 0.993461
0.072149 0.993461
0.072249 0.993461
0.072348 0.993461
0.072448 0.993461
0.072547 0.993461
0.072647 0.993461
0.072746 0.993236
0.072846 0.993236
0.072945 0.993236
0.073045 0.993236
0.073144 0.993236
0.073244 0.993236
0.073343 0.993236
0.073443 0.993010
0.073542 0.993010
0.073642 0.993010
0.073741 0.993010
0.073841 0.993010
0.073940 0.993010
0.074040 0.993010
0.074139 0.993010
0.074239 0.993010
0.074338 0.993010
0.074438 0.993010
0.074537 0.993010
0.074637 0.993010
0.074736 0.993010
0.074836 0.993010
0.074935 0.993010
0.075035 0.993010
0.075134 0.993010
0.075234 0.993010
0.075333 0.993010
0.075433 0.993010
0.075532 0.993010
0.075632 0.992785
0.075731 0.992559
0.075831 0.992559
0.075930 0.992559
0.076030 0.992559
0.076129 0.992559
0.076229 0.992559
0.076328 0.992559
0.076428 0.992559
0.076527 0.992559
0.076627 0.992559
0.076726 0.992559
0.076826 0.992559
0.076925 0.992334
0.077025 0.992334
0.077124 0.992334
0.077224 0.992108
0.077323 0.991883
0.077423 0.991883
0.077522 0.991883
0.077622 0.991657
0.077721 0.991657
0.077821 0.991432
0.077920 0.991432
0.078020 0.991432
0.078119 0.991432
0.078219 0.991432
0.078318 0.991432
0.078418 0.991432
0.078517 0.991206
0.078617 0.991206
0.078716 0.991206
0.078816 0.991206
0.078915 0.991206
0.079015 0.991206
0.079114 0.991206
0.079214 0.991206
0.079313 0.990981
0.079413 0.990981
0.079512 0.990981
0.079612 0.990981
0.079711 0.990981
0.079811 0.990981
0.079910 0.990981
0.080010 0.990981
0.080109 0.990981
0.080209 0.990981
0.080308 0.990981
0.080408 0.990981
0.080507 0.990981
0.080607 0.990981
0.080706 0.990981
0.080806 0.990981
0.080905 0.990981
0.081005 0.990981
0.081104 0.990981
0.081204 0.990981
0.081304 0.990981
0.081403 0.990981
0.081503 0.990755
0.081602 0.990755
0.081702 0.990755
0.081801 0.990755
0.081901 0.990530
0.082000 0.990530
0.082100 0.990530
0.082199 0.990530
0.082299 0.990530
0.082398 0.990530
0.082498 0.990530
0.082597 0.990530
0.082697 0.990530
0.082796 0.990304
0.082896 0.990304
0.082995 0.990304
0.083095 0.990304
0.083194 0.990304
0.083294 0.990304
0.083393 0.990304
0.083493 0.990304
0.083592 0.990304
0.083692 0.990304
0.083791 0.990304
0.083891 0.990304
0.083990 0.990079
0.084090 0.990079
0.084189 0.990079
0.084289 0.990079
0.084388 0.990079
0.084488 0.989853
0.084587 0.989853
0.084687 0.989628
0.084786 0.989628
0.084886 0.989628
0.084985 0.989628
0.085085 0.989628
0.085184 0.989628
0.085284 0.989628
0.085383 0.989628
0.085483 0.989402
0.085582 0.989402
0.085682 0.989402
0.085781 0.989402
0.085881 0.989402
0.085980 0.989402
0.086080 0.989402
0.086179 0.989402
0.086279 0.989402
0.086378 0.989402
0.086478 0.989402
0.086577 0.989402
0.086677 0.989402
0.086776 0.989402
0.086876 0.989402
0.086975 0.989402
0.087075 0.989402
0.087174 0.989402
0.087274 0.989177
0.087373 0.989177
0.087473 0.989177
0.087572 0.989177
0.087672 0.988952
0.087771 0.988726
0.087871 0.988726
0.087970 0.988726
0.088070 0.988501
0.088169 0.988501
0.088269 0.988501
0.088368 0.988501
0.088468 0.988501
0.088567 0.988501
0.088667 0.988275
0.088766 0.988275
0.088866 0.988275
0.088965 0.988275
0.089065 0.988275
0.089164 0.988275
0.089264 0.988275
0.089363 0.988275
0.089463 0.988275
0.089562 0.988275
0.089662 0.988050
0.089761 0.988050
0.089861 0.988050
0.089960 0.988050
0.090060 0.988050
0.090159 0.988050
0.090259 0.988050
0.090358 0.988050
0.090458 0.988050
0.090557 0.988050
0.090657 0.988050
0.090756 0.988050
0.090856 0.988050
0.090955 0.988050
0.091055 0.988050
0.091154 0.988050
0.091254 0.988050
0.091353 0.988050
0.091453 0.988050
0.091552 0.988050
0.091652 0.988050
0.091751 0.988050
0.091851 0.988050
0.091950 0.988050
0.092050 0.988050
0.092149 0.988050
0.092249 0.987824
0.092348 0.987373
0.092448 0.987373
0.092547 0.987373
0.092647 0.987373
0.092746 0.987373
0.092846 0.987373
0.092946 0.987373
0.093045 0.987148
0.093145 0.987148
0.093244 0.987148
0.093344 0.987148
0.093443 0.987148
0.093543 0.986922
0.093642 0.986922
0.093742 0.986922
0.093841 0.986922
0.093941 0.986922
0.094040 0.986922
0.094140 0.986922
0.094239 0.986922
0.094339 0.986922
0.094438 0.986697
0.094538 0.986697
0.094637 0.986697
0.094737 0.986697
0.094836 0.986697
0.094936 0.986697
0.095035 0.986697
0.095135 0.986471
0.095234 0.986471
0.095334 0.986471
0.095433 0.986471
0.095533 0.986471
0.095632 0.986471
0.095732 0.986471
0.095831 0.986246
0.095931 0.986246
0.096030 0.986246
0.096130 0.986246
0.096229 0.986246
0.096329 0.986020
0.096428 0.985795
0.096528 0.985795
0.096627 0.985795
0.096727 0.985344
0.096826 0.985344
0.096926 0.985344
0.097025 0.985344
0.097125 0.985344
0.097224 0.985344
0.097324 0.985344
0.097423 0.985344
0.097523 0.985344
0.097622 0.985118
0.097722 0.985118
0.097821 0.985118
0.097921 0.985118
0.098020 0.985118
0.098120 0.985118
0.098219 0.985118
0.098319 0.985118
0.098418 0.985118
0.098518 0.985118
0.098617 0.985118
0.098717 0.984893
0.098816 0.984893
0.098916 0.984893
0.099015 0.984893
0.099115 0.984893
0.099214 0.984893
0.099314 0.984893
0.099413 0.984893
0.099513 0.984893
0.099612 0.984893
0.099712 0.984893
0.099811 0.984893
0.099911 0.984893
0.100010 0.984893
0.100110 0.984893
0.100209 0.984893
0.100309 0.984893
0.100408 0.984893
0.100508 0.984893
0.100607 0.984893
0.100707 0.984893
0.100806 0.984893
0.100906 0.984893
0.101005 0.984667
0.101105 0.984667
0.101204 0.984667
0.101304 0.984667
0.101403 0.984442
0.101503 0.984442
0.101602 0.984442
0.101702 0.984442
0.101801 0.983991
0.101901 0.983991
0.102000 0.983991
0.102100 0.983991
0.102199 0.983991
0.102299 0.983766
0.102398 0.983766
0.102498 0.983540
0.102597 0.983315
0.102697 0.983315
0.102796 0.983315
0.102896 0.983089
0.102995 0.983089
0.103095 0.982864
0.103194 0.982864
0.103294 0.982864
0.103393 0.982864
0.103493 0.982864
0.103592 0.982864
0.103692 0.982864
0.103791 0.982864
0.103891 0.982864
0.103990 0.982864
0.104090 0.982864
0.104189 0.982864
0.104289 0.982864
0.104388 0.982864
0.104488 0.982864
0.104587 0.982864
0.104687 0.982864
0.104787 0.982864
0.104886 0.982638
0.104986 0.982413
0.105085 0.982413
0.105185 0.982413
0.105284 0.982413
0.105384 0.982413
0.105483 0.982413
0.105583 0.982413
0.105682 0.982413
0.105782 0.982413
0.105881 0.982413
0.105981 0.982413
0.106080 0.982413
0.106180 0.982413
0.106279 0.982413
0.106379 0.982187
0.106478 0.982187
0.106578 0.982187
0.106677 0.981962
0.106777 0.981962
0.106876 0.981962
0.106976 0.981962
0.107075 0.981962
0.107175 0.981962
0.107274 0.981962
0.107374 0.981962
0.107473 0.981962
0.107573 0.981962
0.107672 0.981736
0.107772 0.981736
0.107871 0.981736
0.107971 0.981736
0.108070 0.981736
0.108170 0.981736
0.108269 0.981736
0.108369 0.981511
0.108468 0.981511
0.108568 0.981511
0.108667 0.981511
0.108767 0.981511
0.108866 0.981285
0.108966 0.981285
0.109065 0.981285
0.109165 0.981285
0.109264 0.981285
0.109364 0.981285
0.109463 0.981060
0.109563 0.981060
0.109662 0.981060
0.109762 0.980834
0.109861 0.980834
0.109961 0.980834
0.110060 0.980834
0.110160 0.980834
0.110259 0.980834
0.110359 0.980834
0.110458 0.980834
0.110558 0.980834
0.110657 0.980834
0.110757 0.980834
0.110856 0.980834
0.110956 0.980609
0.111055 0.980609
0.111155 0.980609
0.111254 0.980609
0.111354 0.980609
0.111453 0.980609
0.111553 0.980609
0.111652 0.980609
0.111752 0.980609
0.111851 0.980609
0.111951 0.980609
0.112050 0.980609
0.112150 0.980383
0.112249 0.980383
0.112349 0.980383
0.112448 0.980383
0.112548 0.980383
0.112647 0.980383
0.112747 0.980383
0.112846 0.980383
0.112946 0.980383
0.113045 0.980383
0.113145 0.980383
0.113244 0.980383
0.113344 0.980158
0.113443 0.980158
0.113543 0.980158
0.113642 0.980158
0.113742 0.980158
0.113841 0.979707
0.113941 0.979707
0.114040 0.979481
0.114140 0.979481
0.114239 0.979481
0.114339 0.979481
0.114438 0.979481
0.114538 0.979481
0.114637 0.979481
0.114737 0.979481
0.114836 0.979481
0.114936 0.979481
0.115035 0.979481
0.115135 0.979481
0.115234 0.979481
0.115334 0.979481
0.115433 0.979481
0.115533 0.979481
0.115632 0.979481
0.115732 0.979481
0.115831 0.979481
0.115931 0.979481
0.116030 0.979481
0.116130 0.979481
0.116229 0.979481
0.116329 0.979481
0.116428 0.979481
0.116528 0.979256
0.116628 0.979256
0.116727 0.979256
0.116827 0.979256
0.116926 0.979256
0.117026 0.979256
0.117125 0.979256
0.117225 0.979256
0.117324 0.979256
0.117424 0.979256
0.117523 0.979256
0.117623 0.979256
0.117722 0.979256
0.117822 0.979030
0.117921 0.979030
0.118021 0.979030
0.118120 0.979030
0.118220 0.979030
0.118319 0.979030
0.118419 0.978579
0.118518 0.978579
0.118618 0.978579
0.118717 0.978579
0.118817 0.978579
0.118916 0.978579
0.119016 0.978579
0.119115 0.978579
0.119215 0.978354
0.119314 0.978354
0.119414 0.978354
0.119513 0.978354
0.119613 0.978354
0.119712 0.978354
0.119812 0.978354
0.119911 0.978129
0.120011 0.978129
0.120110 0.977903
0.120210 0.977903
0.120309 0.977903
0.120409 0.977903
0.120508 0.977903
0.120608 0.977903
0.120707 0.977903
0.120807 0.977903
0.120906 0.977903
0.121006 0.977903
0.121105 0.977903
0.121205 0.977903
0.121304 0.977903
0.121404 0.977903
0.121503 0.977903
0.121603 0.977903
0.121702 0.977452
0.121802 0.977452
0.121901 0.977452
0.122001 0.977452
0.122100 0.977227
0.122200 0.977001
0.122299 0.977001
0.122399 0.977001
0.122498 0.977001
0.122598 0.977001
0.122697 0.977001
0.122797 0.977001
0.122896 0.977001
0.122996 0.977001
0.123095 0.976776
0.123195 0.976776
0.123294 0.976776
0.123394 0.976550
0.123493 0.976550
0.123593 0.976550
0.123692 0.976325
0.123792 0.976325
0.123891 0.976325
0.123991 0.976325
0.124090 0.976325
0.124190 0.976325
0.124289 0.976325
0.124389 0.976325
0.124488 0.976325
0.124588 0.976325
0.124687 0.976325
0.124787 0.976325
0.124886 0.976099
0.124986 0.976099
0.125085 0.976099
0.125185 0.975874
0.125284 0.975874
0.125384 0.975874
0.125483 0.975874
0.125583 0.975874
0.125682 0.975874
0.125782 0.975874
0.125881 0.975874
0.125981 0.975874
0.126080 0.975874
0.126180 0.975874
0.126279 0.975648
0.126379 0.975648
0.126478 0.975648
0.126578 0.975648
0.126677 0.975423
0.126777 0.975423
0.126876 0.975423
0.126976 0.975197
0.127075 0.975197
0.127175 0.975197
0.127274 0.975197
0.127374 0.974972
0.127473 0.974972
0.127573 0.974972
0.127672 0.974972
0.127772 0.974972
0.127871 0.974972
0.127971 0.974972
0.128070 0.974972
0.128170 0.974972
0.128270 0.974972
0.128369 0.974746
0.128469 0.974746
0.128568 0.974746
0.128668 0.974746
0.128767 0.974746
0.128867 0.974521
0.128966 0.974521
0.129066 0.974521
0.129165 0.974521
0.129265 0.974521
0.129364 0.974521
0.129464 0.974295
0.129563 0.974295
0.129663 0.974295
0.129762 0.974295
0.129862 0.974295
0.129961 0.974295
0.130061 0.974070
0.130160 0.974070
0.130260 0.974070
0.130359 0.973844
0.130459 0.973844
0.130558 0.973844
0.130658 0.973844
0.130757 0.973844
0.130857 0.973844
0.130956 0.973393
0.131056 0.973393
0.131155 0.973168
0.131255 0.973168
0.131354 0.973168
0.131454 0.973168
0.131553 0.973168
0.131653 0.973168
0.131752 0.973168
0.131852 0.973168
0.131951 0.973168
0.132051 0.973168
0.132150 0.973168
0.132250 0.973168
0.132349 0.973168
0.132449 0.973168
0.132548 0.973168
0.132648 0.973168
0.132747 0.973168
0.132847 0.973168
0.132946 0.973168
0.133046 0.973168
0.133145 0.973168
0.133245 0.973168
0.133344 0.973168
0.133444 0.973168
0.133543 0.973168
0.133643 0.973168
0.133742 0.973168
0.133842 0.973168
0.133941 0.973168
0.134041 0.973168
0.134140 0.973168
0.134240 0.972943
0.134339 0.972943
0.134439 0.972943
0.134538 0.972943
0.134638 0.972943
0.134737 0.972943
0.134837 0.972943
0.134936 0.972943
0.135036 0.972943
0.135135 0.972943
0.135235 0.972943
0.135334 0.972717
0.135434 0.972492
0.135533 0.972492
0.135633 0.972492
0.135732 0.972492
0.135832 0.972492
0.135931 0.972266
0.136031 0.972266
0.136130 0.972266
0.136230 0.972266
0.136329 0.972266
0.136429 0.972266
0.136528 0.972041
0.136628 0.972041
0.136727 0.971815
0.136827 0.971815
0.136926 0.971815
0.137026 0.971590
0.137125 0.971364
0.137225 0.971139
0.137324 0.971139
0.137424 0.970688
0.137523 0.970688
0.137623 0.970688
0.137722 0.970688
0.137822 0.970688
0.137921 0.970688
0.138021 0.970462
0.138120 0.970462
0.138220 0.970462
0.138319 0.970462
0.138419 0.970462
0.138518 0.970462
0.138618 0.970462
0.138717 0.970462
0.138817 0.970237
0.138916 0.970237
0.139016 0.970237
0.139115 0.970011
0.139215 0.970011
0.139314 0.970011
0.139414 0.970011
0.139513 0.970011
0.139613 0.970011
0.139712 0.970011
0.139812 0.970011
0.139911 0.969786
0.140011 0.969786
0.140111 0.969786
0.140210 0.969786
0.140310 0.969786
0.140409 0.969786
0.140509 0.969786
0.140608 0.969786
0.140708 0.969560
0.140807 0.969560
0.140907 0.969560
0.141006 0.969560
0.141106 0.969560
0.141205 0.969560
0.141305 0.969335
0.141404 0.969335
0.141504 0.969335
0.141603 0.969335
0.141703 0.969109
0.141802 0.969109
0.141902 0.969109
0.142001 0.969109
0.142101 0.969109
0.142200 0.969109
0.142300 0.969109
0.142399 0.969109
0.142499 0.968658
0.142598 0.968658
0.142698 0.968658
0.142797 0.968658
0.142897 0.968658
0.142996 0.968658
0.143096 0.968658
0.143195 0.968658
0.143295 0.968658
0.143394 0.968658
0.143494 0.968658
0.143593 0.968658
0.143693 0.968658
0.143792 0.968658
0.143892 0.968658
0.143991 0.968658
0.144091 0.968658
0.144190 0.968658
0.144290 0.968658
0.144389 0.968658
0.144489 0.968658
0.144588 0.968658
0.144688 0.968658
0.144787 0.968658
0.144887 0.968658
0.144986 0.968658
0.145086 0.968658
0.145185 0.968658
0.145285 0.968658
0.145384 0.968433
0.145484 0.968433
0.145583 0.968433
0.145683 0.968433
0.145782 0.968433
0.145882 0.968433
0.145981 0.968433
0.146081 0.968433
0.146180 0.968433
0.146280 0.968433
0.146379 0.968433
0.146479 0.968433
0.146578 0.968433
0.146678 0.968433
0.146777 0.968433
0.146877 0.968207
0.146976 0.967982
0.147076 0.967756
0.147175 0.967756
0.147275 0.967756
0.147374 0.967756
0.147474 0.967756
0.147573 0.967756
0.147673 0.967756
0.147772 0.967756
0.147872 0.967756
0.147971 0.967756
0.148071 0.967756
0.148170 0.967756
0.148270 0.967756
0.148369 0.967756
0.148469 0.967756
0.148568 0.967756
0.148668 0.967756
0.148767 0.967756
0.148867 0.967756
0.148966 0.967756
0.149066 0.967756
0.149165 0.967531
0.149265 0.967531
0.149364 0.967531
0.149464 0.967531
0.149563 0.967531
0.149663 0.967531
0.149762 0.967531
0.149862 0.967531
0.149961 0.967531
0.150061 0.967531
0.150160 0.967306
0.150260 0.967306
0.150359 0.967080
0.150459 0.967080
0.150558 0.967080
0.150658 0.967080
0.150757 0.966629
0.150857 0.966629
0.150956 0.966629
0.151056 0.966629
0.151155 0.966629
0.151255 0.966629
0.151354 0.966404
0.151454 0.966178
0.151553 0.966178
0.151653 0.966178
0.151752 0.966178
0.151852 0.965953
0.151952 0.965953
0.152051 0.965953
0.152151 0.965953
0.152250 0.965953
0.152350 0.965953
0.152449 0.965727
0.152549 0.965727
0.152648 0.965727
0.152748 0.965727
0.152847 0.965502
0.152947 0.965502
0.153046 0.965502
0.153146 0.965502
0.153245 0.965502
0.153345 0.965502
0.153444 0.965502
0.153544 0.965502
0.153643 0.965502
0.153743 0.965502
0.153842 0.965276
0.153942 0.965276
0.154041 0.965051
0.154141 0.965051
0.154240 0.965051
0.154340 0.965051
0.154439 0.965051
0.154539 0.965051
0.154638 0.965051
0.154738 0.965051
0.154837 0.965051
0.154937 0.965051
0.155036 0.965051
0.155136 0.965051
0.155235 0.965051
0.155335 0.965051
0.155434 0.965051
0.155534 0.965051
0.155633 0.965051
0.155733 0.965051
0.155832 0.965051
0.155932 0.965051
0.156031 0.965051
0.156131 0.965051
0.156230 0.965051
0.156330 0.965051
0.156429 0.965051
0.156529 0.964825
0.156628 0.964825
0.156728 0.964825
0.156827 0.964825
0.156927 0.964825
0.157026 0.964825
0.157126 0.964825
0.157225 0.964825
0.157325 0.964825
0.157424 0.964825
0.157524 0.964825
0.157623 0.964825
0.157723 0.964825
0.157822 0.964600
0.157922 0.964600
0.158021 0.964600
0.158121 0.964600
0.158220 0.964600
0.158320 0.964600
0.158419 0.964600
0.158519 0.964600
0.158618 0.964600
0.158718 0.964600
0.158817 0.964374
0.158917 0.964374
0.159016 0.964374
0.159116 0.964374
0.159215 0.964149
0.159315 0.964149
0.159414 0.963923
0.159514 0.963923
0.159613 0.963472
0.159713 0.963472
0.159812 0.963472
0.159912 0.963472
0.160011 0.963472
0.160111 0.963472
0.160210 0.963247
0.160310 0.963247
0.160409 0.963247
0.160509 0.963247
0.160608 0.963247
0.160708 0.963247
0.160807 0.963247
0.160907 0.963247
0.161006 0.963247
0.161106 0.963247
0.161205 0.963247
0.161305 0.963247
0.161404 0.963247
0.161504 0.963247
0.161603 0.963247
0.161703 0.963247
0.161802 0.963247
0.161902 0.963247
0.162001 0.963247
0.162101 0.963247
0.162200 0.963247
0.162300 0.963247
0.162399 0.963021
0.162499 0.963021
0.162598 0.963021
0.162698 0.963021
0.162797 0.963021
0.162897 0.963021
0.162996 0.963021
0.163096 0.963021
0.163195 0.963021
0.163295 0.963021
0.163394 0.963021
0.163494 0.962570
0.163594 0.962345
0.163693 0.962345
0.163793 0.962345
0.163892 0.962345
0.163992 0.962345
0.164091 0.962345
0.164191 0.962345
0.164290 0.962345
0.164390 0.962345
0.164489 0.962345
0.164589 0.962345
0.164688 0.962345
0.164788 0.962345
0.164887 0.962120
0.164987 0.962120
0.165086 0.962120
0.165186 0.961894
0.165285 0.961894
0.165385 0.961894
0.165484 0.961894
0.165584 0.961894
0.165683 0.961894
0.165783 0.961669
0.165882 0.961443
0.165982 0.961443
0.166081 0.961443
0.166181 0.961443
0.166280 0.961443
0.166380 0.961218
0.166479 0.961218
0.166579 0.961218
0.166678 0.961218
0.166778 0.961218
0.166877 0.960992
0.166977 0.960992
0.167076 0.960992
0.167176 0.960992
0.167275 0.960992
0.167375 0.960992
0.167474 0.960992
0.167574 0.960992
0.167673 0.960992
0.167773 0.960992
0.167872 0.960992
0.167972 0.960992
0.168071 0.960992
0.168171 0.960992
0.168270 0.960992
0.168370 0.960992
0.168469 0.960992
0.168569 0.960767
0.168668 0.960767
0.168768 0.960541
0.168867 0.960541
0.168967 0.960541
0.169066 0.960541
0.169166 0.960541
0.169265 0.960541
0.169365 0.960541
0.169464 0.960541
0.169564 0.960541
0.169663 0.960541
0.169763 0.960541
0.169862 0.960541
0.169962 0.960541
0.170061 0.960316
0.170161 0.960316
0.170260 0.960316
0.170360 0.960316
0.170459 0.960090
0.170559 0.960090
0.170658 0.959865
0.170758 0.959865
0.170857 0.959414
0.170957 0.959414
0.171056 0.959414
0.171156 0.959414
0.171255 0.959414
0.171355 0.959414
0.171454 0.959188
0.171554 0.959188
0.171653 0.959188
0.171753 0.959188
0.171852 0.959188
0.171952 0.959188
0.172051 0.959188
0.172151 0.959188
0.172250 0.959188
0.172350 0.959188
0.172449 0.959188
0.172549 0.959188
0.172648 0.958963
0.172748 0.958963
0.172847 0.958963
0.172947 0.958963
0.173046 0.958963
0.173146 0.958963
0.173245 0.958963
0.173345 0.958963
0.173444 0.958963
0.173544 0.958512
0.173643 0.958512
0.173743 0.958286
0.173842 0.958286
0.173942 0.958286
0.174041 0.958286
0.174141 0.958286
0.174240 0.958286
0.174340 0.958286
0.174439 0.958061
0.174539 0.958061
0.174638 0.958061
0.174738 0.958061
0.174837 0.958061
0.174937 0.958061
0.175036 0.958061
0.175136 0.958061
0.175235 0.958061
0.175335 0.958061
0.175435 0.958061
0.175534 0.958061
0.175634 0.958061
0.175733 0.957835
0.175833 0.957835
0.175932 0.957835
0.176032 0.957835
0.176131 0.957835
0.176231 0.957835
0.176330 0.957835
0.176430 0.957610
0.176529 0.957610
0.176629 0.957610
0.176728 0.957610
0.176828 0.957159
0.176927 0.957159
0.177027 0.957159
0.177126 0.957159
0.177226 0.957159
0.177325 0.956933
0.177425 0.956933
0.177524 0.956933
0.177624 0.956708
0.177723 0.956708
0.177823 0.956708
0.177922 0.956708
0.178022 0.956708
0.178121 0.956708
0.178221 0.956708
0.178320 0.956708
0.178420 0.956483
0.178519 0.956483
0.178619 0.956483
0.178718 0.956483
0.178818 0.956483
0.178917 0.956483
0.179017 0.956483
0.179116 0.956483
0.179216 0.956483
0.179315 0.956483
0.179415 0.956257
0.179514 0.956257
0.179614 0.956257
0.179713 0.956257
0.179813 0.956257
0.179912 0.956257
0.180012 0.956032
0.180111 0.956032
0.180211 0.955806
0.180310 0.955806
0.180410 0.955806
0.180509 0.955806
0.180609 0.955806
0.180708 0.955806
0.180808 0.955806
0.180907 0.955581
0.181007 0.955581
0.181106 0.955581
0.181206 0.955581
0.181305 0.955581
0.181405 0.955581
0.181504 0.955355
0.181604 0.955355
0.181703 0.955355
0.181803 0.955355
0.181902 0.955355
0.182002 0.955355
0.182101 0.955355
0.182201 0.955355
0.182300 0.955355
0.182400 0.955355
0.182499 0.955355
0.182599 0.955355
0.182698 0.955355
0.182798 0.955130
0.182897 0.955130
0.182997 0.955130
0.183096 0.955130
0.183196 0.955130
0.183295 0.954904
0.183395 0.954904
0.183494 0.954904
0.183594 0.954679
0.183693 0.954679
0.183793 0.954453
0.183892 0.954453
0.183992 0.954453
0.184091 0.954453
0.184191 0.954228
0.184290 0.954228
0.184390 0.954228
0.184489 0.954002
0.184589 0.954002
0.184688 0.953777
0.184788 0.953551
0.184887 0.953551
0.184987 0.953551
0.185086 0.953326
0.185186 0.953326
0.185285 0.953326
0.185385 0.953326
0.185484 0.953100
0.185584 0.952875
0.185683 0.952875
0.185783 0.952875
0.185882 0.952875
0.185982 0.952875
0.186081 0.952875
0.186181 0.952875
0.186280 0.952875
0.186380 0.952875
0.186479 0.952875
0.186579 0.952649
0.186678 0.952649
0.186778 0.952424
0.186877 0.952424
0.186977 0.952424
0.187076 0.952424
0.187176 0.952424
0.187276 0.952424
0.187375 0.952424
0.187475 0.952424
0.187574 0.952424
0.187674 0.952424
0.187773 0.952198
0.187873 0.952198
0.187972 0.952198
0.188072 0.952198
0.188171 0.952198
0.188271 0.952198
0.188370 0.952198
0.188470 0.952198
0.188569 0.952198
0.188669 0.952198
0.188768 0.952198
0.188868 0.952198
0.188967 0.952198
0.189067 0.951973
0.189166 0.951747
0.189266 0.951747
0.189365 0.951747
0.189465 0.951747
0.189564 0.951747
0.189664 0.951747
0.189763 0.951747
0.189863 0.951747
0.189962 0.951747
0.190062 0.951747
0.190161 0.951522
0.190261 0.951522
0.190360 0.951522
0.190460 0.951297
0.190559 0.951071
0.190659 0.951071
0.190758 0.951071
0.190858 0.951071
0.190957 0.950846
0.191057 0.950846
0.191156 0.950846
0.191256 0.950846
0.191355 0.950846
0.191455 0.950846
0.191554 0.950846
0.191654 0.950846
0.191753 0.950846
0.191853 0.950846
0.191952 0.950846
0.192052 0.950846
0.192151 0.950846
0.192251 0.950846
0.192350 0.950846
0.192450 0.950846
0.192549 0.950846
0.192649 0.950620
0.192748 0.950620
0.192848 0.950620
0.192947 0.950395
0.193047 0.950395
0.193146 0.950395
0.193246 0.950169
0.193345 0.950169
0.193445 0.950169
0.193544 0.950169
0.193644 0.950169
0.193743 0.950169
0.193843 0.950169
0.193942 0.950169
0.194042 0.950169
0.194141 0.950169
0.194241 0.950169
0.194340 0.950169
0.194440 0.950169
0.194539 0.949718
0.194639 0.949718
0.194738 0.949718
0.194838 0.949718
0.194937 0.949718
0.195037 0.949493
0.195136 0.949493
0.195236 0.949493
0.195335 0.949267
0.195435 0.949267
0.195534 0.949267
0.195634 0.949042
0.195733 0.949042
0.195833 0.948816
0.195932 0.948816
0.196032 0.948816
0.196131 0.948816
0.196231 0.948816
0.196330 0.948816
0.196430 0.948816
0.196529 0.948816
0.196629 0.948816
0.196728 0.948816
0.196828 0.948816
0.196927 0.948816
0.197027 0.948816
0.197126 0.948816
0.197226 0.948591
0.197325 0.948365
0.197425 0.948140
0.197524 0.948140
0.197624 0.948140
0.197723 0.948140
0.197823 0.948140
0.197922 0.948140
0.198022 0.948140
0.198121 0.947914
0.198221 0.947914
0.198320 0.947914
0.198420 0.947689
0.198519 0.947689
0.198619 0.947463
0.198718 0.947463
0.198818 0.947463
0.198918 0.947238
0.199017 0.947012
0.199117 0.947012
0.199216 0.947012
0.199316 0.947012
0.199415 0.947012
0.199515 0.947012
0.199614 0.947012
0.199714 0.946787
0.199813 0.946787
0.199913 0.946787
0.200012 0.946561
0.200112 0.946561
0.200211 0.946336
0.200311 0.946336
0.200410 0.946336
0.200510 0.946336
0.200609 0.946110
0.200709 0.946110
0.200808 0.946110
0.200908 0.946110
0.201007 0.946110
0.201107 0.945660
0.201206 0.945660
0.201306 0.945660
0.201405 0.945660
0.201505 0.945660
0.201604 0.945660
0.201704 0.945660
0.201803 0.945660
0.201903 0.945209
0.202002 0.945209
0.202102 0.945209
0.202201 0.945209
0.202301 0.945209
0.202400 0.945209
0.202500 0.945209
0.202599 0.945209
0.202699 0.945209
0.202798 0.944983
0.202898 0.944983
0.202997 0.944983
0.203097 0.944983
0.203196 0.944983
0.203296 0.944983
0.203395 0.944983
0.203495 0.944983
0.203594 0.944983
0.203694 0.944983
0.203793 0.944983
0.203893 0.944983
0.203992 0.944983
0.204092 0.944983
0.204191 0.944983
0.204291 0.944983
0.204390 0.944983
0.204490 0.944983
0.204589 0.944983
0.204689 0.944983
0.204788 0.944983
0.204888 0.944983
0.204987 0.944983
0.205087 0.944983
0.205186 0.944983
0.205286 0.944983
0.205385 0.944983
0.205485 0.944983
0.205584 0.944758
0.205684 0.944758
0.205783 0.944758
0.205883 0.944758
0.205982 0.944758
0.206082 0.944758
0.206181 0.944532
0.206281 0.944307
0.206380 0.944307
0.206480 0.944307
0.206579 0.944307
0.206679 0.944307
0.206778 0.944081
0.206878 0.944081
0.206977 0.944081
0.207077 0.944081
0.207176 0.943856
0.207276 0.943856
0.207375 0.943856
0.207475 0.943856
0.207574 0.943856
0.207674 0.943856
0.207773 0.943856
0.207873 0.943856
0.207972 0.943856
0.208072 0.943856
0.208171 0.943630
0.208271 0.943630
0.208370 0.943630
0.208470 0.943630
0.208569 0.943630
0.208669 0.943630
0.208768 0.943405
0.208868 0.943405
0.208967 0.943179
0.209067 0.943179
0.209166 0.943179
0.209266 0.942954
0.209365 0.942954
0.209465 0.942954
0.209564 0.942954
0.209664 0.942954
0.209763 0.942954
0.209863 0.942954
0.209962 0.942954
0.210062 0.942954
0.210161 0.942954
0.210261 0.942954
0.210360 0.942954
0.210460 0.942954
0.210559 0.942728
0.210659 0.942728
0.210759 0.942503
0.210858 0.942503
0.210958 0.942503
0.211057 0.942503
0.211157 0.942503
0.211256 0.942503
0.211356 0.942503
0.211455 0.942503
0.211555 0.942503
0.211654 0.942503
0.211754 0.942503
0.211853 0.942503
0.211953 0.942503
0.212052 0.942503
0.212152 0.942503
0.212251 0.942503
0.212351 0.942503
0.212450 0.942503
0.212550 0.942503
0.212649 0.942277
0.212749 0.942277
0.212848 0.942052
0.212948 0.942052
0.213047 0.942052
0.213147 0.942052
0.213246 0.942052
0.213346 0.942052
0.213445 0.942052
0.213545 0.942052
0.213644 0.941826
0.213744 0.941826
0.213843 0.941826
0.213943 0.941826
0.214042 0.941826
0.214142 0.941826
0.214241 0.941826
0.214341 0.941601
0.214440 0.941601
0.214540 0.941601
0.214639 0.941601
0.214739 0.941601
0.214838 0.941601
0.214938 0.941375
0.215037 0.941150
0.215137 0.941150
0.215236 0.941150
0.215336 0.940924
0.215435 0.940924
0.215535 0.940924
0.215634 0.940924
0.215734 0.940924
0.215833 0.940699
0.215933 0.940699
0.216032 0.940699
0.216132 0.940699
0.216231 0.940699
0.216331 0.940699
0.216430 0.940699
0.216530 0.940699
0.216629 0.940699
0.216729 0.940699
0.216828 0.940699
0.216928 0.940699
0.217027 0.940699
0.217127 0.940699
0.217226 0.940699
0.217326 0.940699
0.217425 0.940474
0.217525 0.940474
0.217624 0.940474
0.217724 0.940474
0.217823 0.940474
0.217923 0.940474
0.218022 0.940474
0.218122 0.940474
0.218221 0.940474
0.218321 0.940474
0.218420 0.940474
0.218520 0.940248
0.218619 0.940023
0.218719 0.940023
0.218818 0.939797
0.218918 0.939797
0.219017 0.939797
0.219117 0.939797
0.219216 0.939797
0.219316 0.939797
0.219415 0.939797
0.219515 0.939797
0.219614 0.939797
0.219714 0.939797
0.219813 0.939572
0.219913 0.939346
0.220012 0.939121
0.220112 0.939121
0.220211 0.939121
0.220311 0.939121
0.220410 0.938895
0.220510 0.938895
0.220609 0.938670
0.220709 0.938670
0.220808 0.938670
0.220908 0.938670
0.221007 0.938670
0.221107 0.938670
0.221206 0.938670
0.221306 0.938670
0.221405 0.938444
0.221505 0.938219
0.221604 0.937993
0.221704 0.937993
0.221803 0.937993
0.221903 0.937993
0.222002 0.937993
0.222102 0.937993
0.222201 0.937993
0.222301 0.937993
0.222400 0.937768
0.222500 0.937768
0.222600 0.937768
0.222699 0.937768
0.222799 0.937768
0.222898 0.937768
0.222998 0.937768
0.223097 0.937768
0.223197 0.937768
0.223296 0.937768
0.223396 0.937768
0.223495 0.937768
0.223595 0.937768
0.223694 0.937768
0.223794 0.937768
0.223893 0.937542
0.223993 0.937542
0.224092 0.937542
0.224192 0.937542
0.224291 0.937542
0.224391 0.937542
0.224490 0.937542
0.224590 0.937542
0.224689 0.937542
0.224789 0.937317
0.224888 0.937091
0.224988 0.936866
0.225087 0.936866
0.225187 0.936866
0.225286 0.936866
0.225386 0.936866
0.225485 0.936866
0.225585 0.936640
0.225684 0.936640
0.225784 0.936415
0.225883 0.936189
0.225983 0.936189
0.226082 0.936189
0.226182 0.936189
0.226281 0.936189
0.226381 0.936189
0.226480 0.936189
0.226580 0.936189
0.226679 0.936189
0.226779 0.935964
0.226878 0.935964
0.226978 0.935964
0.227077 0.935964
0.227177 0.935964
0.227276 0.935964
0.227376 0.935964
0.227475 0.935964
0.227575 0.935964
0.227674 0.935738
0.227774 0.935738
0.227873 0.935738
0.227973 0.935738
0.228072 0.935738
0.228172 0.935738
0.228271 0.935738
0.228371 0.935738
0.228470 0.935513
0.228570 0.935513
0.228669 0.935513
0.228769 0.935287
0.228868 0.935287
0.228968 0.935287
0.229067 0.935287
0.229167 0.935062
0.229266 0.935062
0.229366 0.934837
0.229465 0.934837
0.229565 0.934837
0.229664 0.934837
0.229764 0.934837
0.229863 0.934837
0.229963 0.934837
0.230062 0.934837
0.230162 0.934837
0.230261 0.934837
0.230361 0.934837
0.230460 0.934837
0.230560 0.934837
0.230659 0.934611
0.230759 0.934611
0.230858 0.934386
0.230958 0.934386
0.231057 0.934386
0.231157 0.934160
0.231256 0.933935
0.231356 0.933935
0.231455 0.933935
0.231555 0.933935
0.231654 0.933935
0.231754 0.933935
0.231853 0.933935
0.231953 0.933935
0.232052 0.933935
0.232152 0.933935
0.232251 0.933935
0.232351 0.933935
0.232450 0.933935
0.232550 0.933935
0.232649 0.933935
0.232749 0.933935
0.232848 0.933935
0.232948 0.933935
0.233047 0.933709
0.233147 0.933709
0.233246 0.933709
0.233346 0.933709
0.233445 0.933709
0.233545 0.933709
0.233644 0.933484
0.233744 0.933484
0.233843 0.933258
0.233943 0.933258
0.234042 0.933258
0.234142 0.933258
0.234242 0.933258
0.234341 0.933033
0.234441 0.933033
0.234540 0.932807
0.234640 0.932807
0.234739 0.932807
0.234839 0.932807
0.234938 0.932807
0.235038 0.932807
0.235137 0.932807
0.235237 0.932807
0.235336 0.932807
0.235436 0.932807
0.235535 0.932807
0.235635 0.932582
0.235734 0.932582
0.235834 0.932582
0.235933 0.932582
0.236033 0.932582
0.236132 0.932582
0.236232 0.932582
0.236331 0.932582
0.236431 0.932356
0.236530 0.932356
0.236630 0.932356
0.236729 0.932356
0.236829 0.932356
0.236928 0.932356
0.237028 0.932356
0.237127 0.932356
0.237227 0.932356
0.237326 0.932356
0.237426 0.932356
0.237525 0.932356
0.237625 0.932356
0.237724 0.932356
0.237824 0.932356
0.237923 0.932356
0.238023 0.932356
0.238122 0.932356
0.238222 0.932356
0.238321 0.932356
0.238421 0.932131
0.238520 0.932131
0.238620 0.932131
0.238719 0.932131
0.238819 0.932131
0.238918 0.932131
0.239018 0.932131
0.239117 0.932131
0.239217 0.932131
0.239316 0.932131
0.239416 0.931905
0.239515 0.931905
0.239615 0.931680
0.239714 0.931680
0.239814 0.931680
0.239913 0.931680
0.240013 0.931680
0.240112 0.931454
0.240212 0.931229
0.240311 0.931229
0.240411 0.931229
0.240510 0.931229
0.240610 0.931229
0.240709 0.931229
0.240809 0.931229
0.240908 0.931003
0.241008 0.931003
0.241107 0.931003
0.241207 0.931003
0.241306 0.931003
0.241406 0.931003
0.241505 0.931003
0.241605 0.931003
0.241704 0.931003
0.241804 0.931003
0.241903 0.931003
0.242003 0.930778
0.242102 0.930778
0.242202 0.930327
0.242301 0.930327
0.242401 0.929876
0.242500 0.929876
0.242600 0.929876
0.242699 0.929876
0.242799 0.929876
0.242898 0.929876
0.242998 0.929876
0.243097 0.929651
0.243197 0.929425
0.243296 0.929200
0.243396 0.928974
0.243495 0.928974
0.243595 0.928974
0.243694 0.928749
0.243794 0.928749
0.243893 0.928749
0.243993 0.928749
0.244092 0.928523
0.244192 0.928523
0.244291 0.928523
0.244391 0.928523
0.244490 0.928523
0.244590 0.928523
0.244689 0.928298
0.244789 0.928298
0.244888 0.928298
0.244988 0.928298
0.245087 0.928298
0.245187 0.928298
0.245286 0.928072
0.245386 0.928072
0.245485 0.928072
0.245585 0.928072
0.245684 0.928072
0.245784 0.928072
0.245883 0.928072
0.245983 0.928072
0.246083 0.928072
0.246182 0.928072
0.246282 0.927847
0.246381 0.927847
0.246481 0.927621
0.246580 0.927396
0.246680 0.927396
0.246779 0.927396
0.246879 0.927396
0.246978 0.927396
0.247078 0.927396
0.247177 0.927170
0.247277 0.926945
0.247376 0.926719
0.247476 0.926494
0.247575 0.926494
0.247675 0.926494
0.247774 0.926268
0.247874 0.926043
0.247973 0.926043
0.248073 0.926043
0.248172 0.925817
0.248272 0.925817
0.248371 0.925592
0.248471 0.925366
0.248570 0.925366
0.248670 0.925141
0.248769 0.924915
0.248869 0.924915
0.248968 0.924690
0.249068 0.924690
0.249167 0.924690
0.249267 0.924690
0.249366 0.924690
0.249466 0.924690
0.249565 0.924464
0.249665 0.924239
0.249764 0.924239
0.249864 0.924239
0.249963 0.924239
0.250063 0.924239
0.250162 0.924239
0.250262 0.924239
0.250361 0.924239
0.250461 0.924239
0.250560 0.924239
0.250660 0.924239
0.250759 0.924014
0.250859 0.924014
0.250958 0.923788
0.251058 0.923788
0.251157 0.923788
0.251257 0.923788
0.251356 0.923788
0.251456 0.923563
0.251555 0.923563
0.251655 0.923563
0.251754 0.923563
0.251854 0.923337
0.251953 0.923337
0.252053 0.923337
0.252152 0.923337
0.252252 0.923337
0.252351 0.923337
0.252451 0.922886
0.252550 0.922886
0.252650 0.922886
0.252749 0.922886
0.252849 0.922886
0.252948 0.922886
0.253048 0.922886
0.253147 0.922661
0.253247 0.922661
0.253346 0.922661
0.253446 0.922661
0.253545 0.922661
0.253645 0.922661
0.253744 0.922661
0.253844 0.922661
0.253943 0.922661
0.254043 0.922661
0.254142 0.922435
0.254242 0.922210
0.254341 0.922210
0.254441 0.922210
0.254540 0.921984
0.254640 0.921984
0.254739 0.921984
0.254839 0.921984
0.254938 0.921984
0.255038 0.921984
0.255137 0.921984
0.255237 0.921984
0.255336 0.921533
0.255436 0.921533
0.255535 0.921533
0.255635 0.921308
0.255734 0.921082
0.255834 0.921082
0.255933 0.920857
0.256033 0.920857
0.256132 0.920631
0.256232 0.920631
0.256331 0.920631
0.256431 0.920406
0.256530 0.920180
0.256630 0.920180
0.256729 0.920180
0.256829 0.919955
0.256928 0.919955
0.257028 0.919729
0.257127 0.919729
0.257227 0.919729
0.257326 0.919504
0.257426 0.919504
0.257525 0.919504
0.257625 0.919278
0.257724 0.919278
0.257824 0.919278
0.257924 0.918828
0.258023 0.918828
0.258123 0.918828
0.258222 0.918602
0.258322 0.918602
0.258421 0.918377
0.258521 0.918377
0.258620 0.918377
0.258720 0.918377
0.258819 0.918377
0.258919 0.918377
0.259018 0.918377
0.259118 0.918151
0.259217 0.918151
0.259317 0.918151
0.259416 0.918151
0.259516 0.918151
0.259615 0.918151
0.259715 0.918151
0.259814 0.918151
0.259914 0.917926
0.260013 0.917926
0.260113 0.917700
0.260212 0.917700
0.260312 0.917700
0.260411 0.917700
0.260511 0.917700
0.260610 0.917700
0.260710 0.917700
0.260809 0.917700
0.260909 0.917700
0.261008 0.917700
0.261108 0.917700
0.261207 0.917700
0.261307 0.917700
0.261406 0.917700
0.261506 0.917700
0.261605 0.917700
0.261705 0.917249
0.261804 0.917249
0.261904 0.917249
0.262003 0.917249
0.262103 0.917249
0.262202 0.917024
0.262302 0.917024
0.262401 0.917024
0.262501 0.917024
0.262600 0.917024
0.262700 0.917024
0.262799 0.917024
0.262899 0.916798
0.262998 0.916798
0.263098 0.916573
0.263197 0.916573
0.263297 0.916573
0.263396 0.916573
0.263496 0.916573
0.263595 0.916573
0.263695 0.916573
0.263794 0.916573
0.263894 0.916573
0.263993 0.916573
0.264093 0.916347
0.264192 0.916122
0.264292 0.916122
0.264391 0.916122
0.264491 0.915896
0.264590 0.915896
0.264690 0.915671
0.264789 0.915671
0.264889 0.915671
0.264988 0.915671
0.265088 0.915671
0.265187 0.915671
0.265287 0.915671
0.265386 0.915671
0.265486 0.915671
0.265585 0.915445
0.265685 0.915445
0.265784 0.915445
0.265884 0.915445
0.265983 0.915220
0.266083 0.915220
0.266182 0.915220
0.266282 0.914994
0.266381 0.914994
0.266481 0.914994
0.266580 0.914994
0.266680 0.914994
0.266779 0.914994
0.266879 0.914994
0.266978 0.914994
0.267078 0.914994
0.267177 0.914994
0.267277 0.914994
0.267376 0.914994
0.267476 0.914994
0.267575 0.914994
0.267675 0.914994
0.267774 0.914994
0.267874 0.914994
0.267973 0.914994
0.268073 0.914994
0.268172 0.914769
0.268272 0.914769
0.268371 0.914769
0.268471 0.914769
0.268570 0.914769
0.268670 0.914769
0.268769 0.914543
0.268869 0.914543
0.268968 0.914543
0.269068 0.914318
0.269167 0.914092
0.269267 0.914092
0.269366 0.914092
0.269466 0.914092
0.269566 0.913867
0.269665 0.913867
0.269765 0.913867
0.269864 0.913867
0.269964 0.913867
0.270063 0.913641
0.270163 0.913641
0.270262 0.913641
0.270362 0.913641
0.270461 0.913641
0.270561 0.913641
0.270660 0.913641
0.270760 0.913641
0.270859 0.913641
0.270959 0.913641
0.271058 0.913641
0.271158 0.913641
0.271257 0.913641
0.271357 0.913641
0.271456 0.913416
0.271556 0.913416
0.271655 0.913416
0.271755 0.913416
0.271854 0.913416
0.271954 0.913416
0.272053 0.913191
0.272153 0.913191
0.272252 0.913191
0.272352 0.913191
0.272451 0.912965
0.272551 0.912965
0.272650 0.912965
0.272750 0.912965
0.272849 0.912965
0.272949 0.912965
0.273048 0.912965
0.273148 0.912965
0.273247 0.912514
0.273347 0.912514
0.273446 0.912514
0.273546 0.912514
0.273645 0.912289
0.273745 0.912289
0.273844 0.912289
0.273944 0.912289
0.274043 0.912289
0.274143 0.912289
0.274242 0.912063
0.274342 0.912063
0.274441 0.912063
0.274541 0.912063
0.274640 0.912063
0.274740 0.912063
0.274839 0.912063
0.274939 0.912063
0.275038 0.912063
0.275138 0.912063
0.275237 0.912063
0.275337 0.912063
0.275436 0.911838
0.275536 0.911838
0.275635 0.911838
0.275735 0.911838
0.275834 0.911838
0.275934 0.911838
0.276033 0.911838
0.276133 0.911838
0.276232 0.911838
0.276332 0.911838
0.276431 0.911612
0.276531 0.911612
0.276630 0.911387
0.276730 0.911387
0.276829 0.911387
0.276929 0.911387
0.277028 0.911387
0.277128 0.911387
0.277227 0.911387
0.277327 0.911387
0.277426 0.910936
0.277526 0.910936
0.277625 0.910936
0.277725 0.910936
0.277824 0.910936
0.277924 0.910936
0.278023 0.910710
0.278123 0.910485
0.278222 0.910485
0.278322 0.910259
0.278421 0.910259
0.278521 0.910259
0.278620 0.910259
0.278720 0.910034
0.278819 0.910034
0.278919 0.910034
0.279018 0.910034
0.279118 0.910034
0.279217 0.910034
0.279317 0.909808
0.279416 0.909808
0.279516 0.909583
0.279615 0.909583
0.279715 0.909583
0.279814 0.909583
0.279914 0.909583
0.280013 0.909357
0.280113 0.909357
0.280212 0.909132
0.280312 0.909132
0.280411 0.909132
0.280511 0.909132
0.280610 0.909132
0.280710 0.909132
0.280809 0.909132
0.280909 0.909132
0.281008 0.908681
0.281108 0.908455
0.281207 0.908455
0.281307 0.908455
0.281407 0.908230
0.281506 0.908230
0.281606 0.908230
0.281705 0.908230
0.281805 0.908230
0.281904 0.908005
0.282004 0.908005
0.282103 0.908005
0.282203 0.907779
0.282302 0.907779
0.282402 0.907779
0.282501 0.907779
0.282601 0.907779
0.282700 0.907779
0.282800 0.907779
0.282899 0.907779
0.282999 0.907779
0.283098 0.907779
0.283198 0.907554
0.283297 0.907328
0.283397 0.907103
0.283496 0.907103
0.283596 0.906877
0.283695 0.906877
0.283795 0.906877
0.283894 0.906877
0.283994 0.906652
0.284093 0.906652
0.284193 0.906426
0.284292 0.906201
0.284392 0.905975
0.284491 0.905975
0.284591 0.905975
0.284690 0.905975
0.284790 0.905750
0.284889 0.905750
0.284989 0.905524
0.285088 0.905524
0.285188 0.905524
0.285287 0.905524
0.285387 0.905524
0.285486 0.905524
0.285586 0.905299
0.285685 0.905299
0.285785 0.905299
0.285884 0.905299
0.285984 0.905299
0.286083 0.905299
0.286183 0.905299
0.286282 0.905073
0.286382 0.905073
0.286481 0.905073
0.286581 0.905073
0.286680 0.904848
0.286780 0.904622
0.286879 0.904622
0.286979 0.904622
0.287078 0.904397
0.287178 0.904397
0.287277 0.904171
0.287377 0.904171
0.287476 0.904171
0.287576 0.904171
0.287675 0.904171
0.287775 0.904171
0.287874 0.904171
0.287974 0.904171
0.288073 0.904171
0.288173 0.904171
0.288272 0.903946
0.288372 0.903946
0.288471 0.903946
0.288571 0.903946
0.288670 0.903946
0.288770 0.903946
0.288869 0.903946
0.288969 0.903946
0.289068 0.903946
0.289168 0.903720
0.289267 0.903720
0.289367 0.903720
0.289466 0.903720
0.289566 0.903495
0.289665 0.903495
0.289765 0.903495
0.289864 0.903495
0.289964 0.903495
0.290063 0.903495
0.290163 0.903495
0.290262 0.903495
0.290362 0.903495
0.290461 0.903269
0.290561 0.903269
0.290660 0.903044
0.290760 0.903044
0.290859 0.903044
0.290959 0.903044
0.291058 0.903044
0.291158 0.903044
0.291257 0.902818
0.291357 0.902818
0.291456 0.902593
0.291556 0.902593
0.291655 0.902593
0.291755 0.902593
0.291854 0.902593
0.291954 0.902593
0.292053 0.902593
0.292153 0.901917
0.292252 0.901917
0.292352 0.901917
0.292451 0.901917
0.292551 0.901917
0.292650 0.901917
0.292750 0.901691
0.292849 0.901691
0.292949 0.901691
0.293048 0.901691
0.293148 0.901466
0.293248 0.901466
0.293347 0.901466
0.293447 0.901466
0.293546 0.901240
0.293646 0.901240
0.293745 0.901240
0.293845 0.901240
0.293944 0.901240
0.294044 0.901240
0.294143 0.901240
0.294243 0.901240
0.294342 0.901240
0.294442 0.901240
0.294541 0.901240
0.294641 0.901015
0.294740 0.901015
0.294840 0.901015
0.294939 0.901015
0.295039 0.901015
0.295138 0.901015
0.295238 0.901015
0.295337 0.901015
0.295437 0.901015
0.295536 0.901015
0.295636 0.901015
0.295735 0.901015
0.295835 0.901015
0.295934 0.901015
0.296034 0.900789
0.296133 0.900564
0.296233 0.900338
0.296332 0.900338
0.296432 0.900338
0.296531 0.900338
0.296631 0.900338
0.296730 0.899887
0.296830 0.899887
0.296929 0.899662
0.297029 0.899436
0.297128 0.899436
0.297228 0.899436
0.297327 0.899436
0.297427 0.899436
0.297526 0.899436
0.297626 0.899436
0.297725 0.899211
0.297825 0.899211
0.297924 0.899211
0.298024 0.899211
0.298123 0.899211
0.298223 0.899211
0.298322 0.899211
0.298422 0.898985
0.298521 0.898985
0.298621 0.898534
0.298720 0.898534
0.298820 0.898534
0.298919 0.898534
0.299019 0.898534
0.299118 0.898534
0.299218 0.898534
0.299317 0.898534
0.299417 0.898534
0.299516 0.898534
0.299616 0.898534
0.299715 0.898534
0.299815 0.898534
0.299914 0.898309
0.300014 0.898309
0.300113 0.898309
0.300213 0.898309
0.300312 0.898309
0.300412 0.898309
0.300511 0.898309
0.300611 0.898083
0.300710 0.898083
0.300810 0.898083
0.300909 0.898083
0.301009 0.898083
0.301108 0.897858
0.301208 0.897858
0.301307 0.897858
0.301407 0.897858
0.301506 0.897858
0.301606 0.897858
0.301705 0.897858
0.301805 0.897858
0.301904 0.897858
0.302004 0.897632
0.302103 0.897632
0.302203 0.897632
0.302302 0.897632
0.302402 0.897632
0.302501 0.897632
0.302601 0.897632
0.302700 0.897632
0.302800 0.897407
0.302899 0.897182
0.302999 0.897182
0.303098 0.897182
0.303198 0.896956
0.303297 0.896956
0.303397 0.896956
0.303496 0.896956
0.303596 0.896956
0.303695 0.896731
0.303795 0.896731
0.303894 0.896731
0.303994 0.896731
0.304093 0.896505
0.304193 0.896505
0.304292 0.896505
0.304392 0.896280
0.304491 0.896280
0.304591 0.896280
0.304690 0.896280
0.304790 0.896280
0.304890 0.896054
0.304989 0.895829
0.305089 0.895829
0.305188 0.895829
0.305288 0.895829
0.305387 0.895603
0.305487 0.895603
0.305586 0.895603
0.305686 0.895603
0.305785 0.895603
0.305885 0.895603
0.305984 0.895603
0.306084 0.895603
0.306183 0.895603
0.306283 0.895152
0.306382 0.895152
0.306482 0.895152
0.306581 0.895152
0.306681 0.895152
0.306780 0.894927
0.306880 0.894927
0.306979 0.894927
0.307079 0.894927
0.307178 0.894927
0.307278 0.894927
0.307377 0.894927
0.307477 0.894927
0.307576 0.894927
0.307676 0.894701
0.307775 0.894701
0.307875 0.894476
0.307974 0.894476
0.308074 0.894476
0.308173 0.894476
0.308273 0.894476
0.308372 0.894476
0.308472 0.894476
0.308571 0.894476
0.308671 0.894250
0.308770 0.894250
0.308870 0.894250
0.308969 0.894250
0.309069 0.894250
0.309168 0.894250
0.309268 0.894250
0.309367 0.894250
0.309467 0.894250
0.309566 0.894250
0.309666 0.894025
0.309765 0.894025
0.309865 0.894025
0.309964 0.894025
0.310064 0.893574
0.310163 0.893574
0.310263 0.893348
0.310362 0.893348
0.310462 0.893123
0.310561 0.893123
0.310661 0.893123
0.310760 0.892672
0.310860 0.892672
0.310959 0.892446
0.311059 0.892446
0.311158 0.892446
0.311258 0.892446
0.311357 0.892446
0.311457 0.892446
0.311556 0.892446
0.311656 0.892446
0.311755 0.892446
0.311855 0.892446
0.311954 0.892446
0.312054 0.892446
0.312153 0.891995
0.312253 0.891770
0.312352 0.891770
0.312452 0.891770
0.312551 0.891545
0.312651 0.891545
0.312750 0.891319
0.312850 0.891094
0.312949 0.891094
0.313049 0.891094
0.313148 0.890868
0.313248 0.890868
0.313347 0.890868
0.313447 0.890643
0.313546 0.890417
0.313646 0.890192
0.313745 0.890192
0.313845 0.890192
0.313944 0.890192
0.314044 0.890192
0.314143 0.890192
0.314243 0.890192
0.314342 0.890192
0.314442 0.890192
0.314541 0.890192
0.314641 0.890192
0.314740 0.890192
0.314840 0.890192
0.314939 0.889966
0.315039 0.889966
0.315138 0.889966
0.315238 0.889741
0.315337 0.889741
0.315437 0.889515
0.315536 0.889515
0.315636 0.889290
0.315735 0.889290
0.315835 0.889290
0.315934 0.889290
0.316034 0.889290
0.316133 0.889290
0.316233 0.889290
0.316332 0.889290
0.316432 0.888839
0.316531 0.888839
0.316631 0.888839
0.316731 0.888613
0.316830 0.888388
0.316930 0.888388
0.317029 0.887937
0.317129 0.887937
0.317228 0.887937
0.317328 0.887937
0.317427 0.887937
0.317527 0.887937
0.317626 0.887937
0.317726 0.887937
0.317825 0.887937
0.317925 0.887937
0.318024 0.887937
0.318124 0.887937
0.318223 0.887711
0.318323 0.887711
0.318422 0.887711
0.318522 0.887711
0.318621 0.887486
0.318721 0.887486
0.318820 0.887486
0.318920 0.887486
0.319019 0.887486
0.319119 0.887486
0.319218 0.887260
0.319318 0.887260
0.319417 0.887260
0.319517 0.887260
0.319616 0.887035
0.319716 0.887035
0.319815 0.887035
0.319915 0.887035
0.320014 0.886809
0.320114 0.886809
0.320213 0.886809
0.320313 0.886809
0.320412 0.886584
0.320512 0.886359
0.320611 0.886359
0.320711 0.886133
0.320810 0.886133
0.320910 0.886133
0.321009 0.885908
0.321109 0.885908
0.321208 0.885908
0.321308 0.885682
0.321407 0.885682
0.321507 0.885682
0.321606 0.885682
0.321706 0.885682
0.321805 0.885682
0.321905 0.885457
0.322004 0.885457
0.322104 0.885231
0.322203 0.885231
0.322303 0.885231
0.322402 0.885006
0.322502 0.884780
0.322601 0.884555
0.322701 0.884329
0.322800 0.884329
0.322900 0.884329
0.322999 0.884329
0.323099 0.884329
0.323198 0.884329
0.323298 0.884329
0.323397 0.884329
0.323497 0.884329
0.323596 0.884329
0.323696 0.884329
0.323795 0.884104
0.323895 0.884104
0.323994 0.884104
0.324094 0.884104
0.324193 0.884104
0.324293 0.884104
0.324392 0.884104
0.324492 0.883878
0.324591 0.883878
0.324691 0.883878
0.324790 0.883878
0.324890 0.883878
0.324989 0.883878
0.325089 0.883878
0.325188 0.883878
0.325288 0.883878
0.325387 0.883878
0.325487 0.883878
0.325586 0.883653
0.325686 0.883427
0.325785 0.883427
0.325885 0.883427
0.325984 0.883202
0.326084 0.883202
0.326183 0.883202
0.326283 0.883202
0.326382 0.883202
0.326482 0.883202
0.326581 0.883202
0.326681 0.883202
0.326780 0.883202
0.326880 0.883202
0.326979 0.883202
0.327079 0.883202
0.327178 0.882976
0.327278 0.882976
0.327377 0.882976
0.327477 0.882751
0.327576 0.882751
0.327676 0.882751
0.327775 0.882751
0.327875 0.882525
0.327974 0.882525
0.328074 0.882525
0.328173 0.882525
0.328273 0.882300
0.328372 0.881849
0.328472 0.881623
0.328572 0.881623
0.328671 0.881398
0.328771 0.881398
0.328870 0.881398
0.328970 0.881398
0.329069 0.881172
0.329169 0.881172
0.329268 0.881172
0.329368 0.881172
0.329467 0.881172
0.329567 0.881172
0.329666 0.880947
0.329766 0.880947
0.329865 0.880947
0.329965 0.880947
0.330064 0.880947
0.330164 0.880947
0.330263 0.880947
0.330363 0.880947
0.330462 0.880947
0.330562 0.880947
0.330661 0.880496
0.330761 0.880271
0.330860 0.880271
0.330960 0.880271
0.331059 0.880271
0.331159 0.880271
0.331258 0.880271
0.331358 0.880271
0.331457 0.880271
0.331557 0.880271
0.331656 0.880271
0.331756 0.880271
0.331855 0.880271
0.331955 0.880271
0.332054 0.880045
0.332154 0.879820
0.332253 0.879594
0.332353 0.879369
0.332452 0.879143
0.332552 0.879143
0.332651 0.879143
0.332751 0.879143
0.332850 0.878918
0.332950 0.878918
0.333049 0.878918
0.333149 0.878692
0.333248 0.878692
0.333348 0.878692
0.333447 0.878692
0.333547 0.878692
0.333646 0.878692
0.333746 0.878692
0.333845 0.878692
0.333945 0.878467
0.334044 0.878241
0.334144 0.878241
0.334243 0.878016
0.334343 0.878016
0.334442 0.878016
0.334542 0.878016
0.334641 0.878016
0.334741 0.878016
0.334840 0.878016
0.334940 0.878016
0.335039 0.878016
0.335139 0.878016
0.335238 0.878016
0.335338 0.877790
0.335437 0.877790
0.335537 0.877790
0.335636 0.877790
0.335736 0.877565
0.335835 0.877565
0.335935 0.877565
0.336034 0.877565
0.336134 0.877565
0.336233 0.877565
0.336333 0.877565
0.336432 0.877565
0.336532 0.877565
0.336631 0.877339
0.336731 0.877339
0.336830 0.877339
0.336930 0.877339
0.337029 0.877339
0.337129 0.877339
0.337228 0.877339
0.337328 0.877339
0.337427 0.877339
0.337527 0.877339
0.337626 0.877339
0.337726 0.877339
0.337825 0.877339
0.337925 0.877114
0.338024 0.877114
0.338124 0.876888
0.338223 0.876888
0.338323 0.876888
0.338422 0.876888
0.338522 0.876888
0.338621 0.876888
0.338721 0.876888
0.338820 0.876888
0.338920 0.876888
0.339019 0.876888
0.339119 0.876888
0.339218 0.876888
0.339318 0.876888
0.339417 0.876888
0.339517 0.876888
0.339616 0.876888
0.339716 0.876888
0.339815 0.876888
0.339915 0.876888
0.340014 0.876888
0.340114 0.876888
0.340214 0.876888
0.340313 0.876663
0.340413 0.876437
0.340512 0.876437
0.340612 0.876437
0.340711 0.876437
0.340811 0.876437
0.340910 0.876437
0.341010 0.876212
0.341109 0.876212
0.341209 0.875986
0.341308 0.875986
0.341408 0.875986
0.341507 0.875986
0.341607 0.875986
0.341706 0.875986
0.341806 0.875986
0.341905 0.875761
0.342005 0.875761
0.342104 0.875761
0.342204 0.875536
0.342303 0.875310
0.342403 0.875310
0.342502 0.875310
0.342602 0.875310
0.342701 0.875310
0.342801 0.875310
0.342900 0.875310
0.343000 0.875310
0.343099 0.875310
0.343199 0.875310
0.343298 0.875085
0.343398 0.875085
0.343497 0.874859
0.343597 0.874634
0.343696 0.874634
0.343796 0.874408
0.343895 0.874408
0.343995 0.874408
0.344094 0.874408
0.344194 0.874408
0.344293 0.874183
0.344393 0.873957
0.344492 0.873957
0.344592 0.873732
0.344691 0.873732
0.344791 0.873506
0.344890 0.873506
0.344990 0.873281
0.345089 0.873281
0.345189 0.873281
0.345288 0.873281
0.345388 0.873281
0.345487 0.873281
0.345587 0.873281
0.345686 0.873281
0.345786 0.873281
0.345885 0.873281
0.345985 0.873281
0.346084 0.873281
0.346184 0.873281
0.346283 0.873055
0.346383 0.872604
0.346482 0.872379
0.346582 0.872379
0.346681 0.872379
0.346781 0.872379
0.346880 0.872379
0.346980 0.872153
0.347079 0.872153
0.347179 0.872153
0.347278 0.872153
0.347378 0.872153
0.347477 0.872153
0.347577 0.871928
0.347676 0.871928
0.347776 0.871702
0.347875 0.871702
0.347975 0.871477
0.348074 0.871251
0.348174 0.871251
0.348273 0.871026
0.348373 0.871026
0.348472 0.871026
0.348572 0.871026
0.348671 0.871026
0.348771 0.871026
0.348870 0.871026
0.348970 0.871026
0.349069 0.871026
0.349169 0.871026
0.349268 0.871026
0.349368 0.871026
0.349467 0.870800
0.349567 0.870800
0.349666 0.870800
0.349766 0.870800
0.349865 0.870800
0.349965 0.870800
0.350064 0.870575
0.350164 0.870575
0.350263 0.870575
0.350363 0.870575
0.350462 0.870349
0.350562 0.870349
0.350661 0.870349
0.350761 0.869899
0.350860 0.869673
0.350960 0.869673
0.351059 0.869673
0.351159 0.869673
0.351258 0.869673
0.351358 0.869673
0.351457 0.869673
0.351557 0.869673
0.351656 0.869448
0.351756 0.869222
0.351855 0.868997
0.351955 0.868997
0.352055 0.868771
0.352154 0.868320
0.352254 0.868320
0.352353 0.868320
0.352453 0.868320
0.352552 0.868320
0.352652 0.867869
0.352751 0.867869
0.352851 0.867869
0.352950 0.867869
0.353050 0.867869
0.353149 0.867869
0.353249 0.867644
0.353348 0.867418
0.353448 0.867418
0.353547 0.867418
0.353647 0.867418
0.353746 0.867418
0.353846 0.867193
0.353945 0.867193
0.354045 0.867193
0.354144 0.867193
0.354244 0.867193
0.354343 0.867193
0.354443 0.867193
0.354542 0.867193
0.354642 0.866967
0.354741 0.866967
0.354841 0.866742
0.354940 0.866742
0.355040 0.866516
0.355139 0.866291
0.355239 0.866291
0.355338 0.866291
0.355438 0.866291
0.355537 0.866291
0.355637 0.866291
0.355736 0.866291
0.355836 0.866291
0.355935 0.866291
0.356035 0.866291
0.356134 0.866291
0.356234 0.866291
0.356333 0.866291
0.356433 0.866065
0.356532 0.866065
0.356632 0.866065
0.356731 0.866065
0.356831 0.866065
0.356930 0.865840
0.357030 0.865840
0.357129 0.865614
0.357229 0.865614
0.357328 0.865614
0.357428 0.865614
0.357527 0.865614
0.357627 0.865614
0.357726 0.865614
0.357826 0.865614
0.357925 0.865614
0.358025 0.865614
0.358124 0.865614
0.358224 0.865614
0.358323 0.865614
0.358423 0.865389
0.358522 0.865163
0.358622 0.865163
0.358721 0.865163
0.358821 0.865163
0.358920 0.865163
0.359020 0.864938
0.359119 0.864938
0.359219 0.864938
0.359318 0.864938
0.359418 0.864713
0.359517 0.864713
0.359617 0.864713
0.359716 0.864713
0.359816 0.864713
0.359915 0.864713
0.360015 0.864713
0.360114 0.864713
0.360214 0.864487
0.360313 0.864487
0.360413 0.864487
0.360512 0.864262
0.360612 0.864262
0.360711 0.864262
0.360811 0.864262
0.360910 0.864262
0.361010 0.864036
0.361109 0.864036
0.361209 0.864036
0.361308 0.864036
0.361408 0.864036
0.361507 0.864036
0.361607 0.864036
0.361706 0.864036
0.361806 0.864036
0.361905 0.864036
0.362005 0.863811
0.362104 0.863811
0.362204 0.863811
0.362303 0.863585
0.362403 0.863585
0.362502 0.863585
0.362602 0.863585
0.362701 0.863585
0.362801 0.863585
0.362900 0.863585
0.363000 0.863585
0.363099 0.863585
0.363199 0.863585
0.363298 0.863585
0.363398 0.863585
0.363497 0.863585
0.363597 0.863585
0.363696 0.863585
0.363796 0.863585
0.363896 0.863585
0.363995 0.863585
0.364095 0.863585
0.364194 0.863585
0.364294 0.863360
0.364393 0.863134
0.364493 0.863134
0.364592 0.863134
0.364692 0.863134
0.364791 0.863134
0.364891 0.863134
0.364990 0.863134
0.365090 0.863134
0.365189 0.863134
0.365289 0.863134
0.365388 0.863134
0.365488 0.862909
0.365587 0.862909
0.365687 0.862909
0.365786 0.862683
0.365886 0.862683
0.365985 0.862683
0.366085 0.862683
0.366184 0.862683
0.366284 0.862683
0.366383 0.862232
0.366483 0.862232
0.366582 0.862232
0.366682 0.862007
0.366781 0.862007
0.366881 0.862007
0.366980 0.861781
0.367080 0.861556
0.367179 0.861556
0.367279 0.861330
0.367378 0.861105
0.367478 0.861105
0.367577 0.861105
0.367677 0.861105
0.367776 0.861105
0.367876 0.861105
0.367975 0.860879
0.368075 0.860654
0.368174 0.860428
0.368274 0.860428
0.368373 0.860428
0.368473 0.860428
0.368572 0.860203
0.368672 0.859977
0.368771 0.859977
0.368871 0.859752
0.368970 0.859526
0.369070 0.859526
0.369169 0.859301
0.369269 0.859301
0.369368 0.859301
0.369468 0.859301
0.369567 0.859076
0.369667 0.859076
0.369766 0.859076
0.369866 0.859076
0.369965 0.859076
0.370065 0.858850
0.370164 0.858850
0.370264 0.858625
0.370363 0.858625
0.370463 0.858625
0.370562 0.858174
0.370662 0.858174
0.370761 0.858174
0.370861 0.858174
0.370960 0.858174
0.371060 0.858174
0.371159 0.857948
0.371259 0.857948
0.371358 0.857948
0.371458 0.857948
0.371557 0.857948
0.371657 0.857948
0.371756 0.857723
0.371856 0.857723
0.371955 0.857497
0.372055 0.857497
0.372154 0.857497
0.372254 0.857497
0.372353 0.857497
0.372453 0.857497
0.372552 0.857497
0.372652 0.857497
0.372751 0.857497
0.372851 0.857497
0.372950 0.857497
0.373050 0.857497
0.373149 0.857272
0.373249 0.857272
0.373348 0.857272
0.373448 0.857272
0.373547 0.857272
0.373647 0.857272
0.373746 0.857272
0.373846 0.857272
0.373945 0.857272
0.374045 0.857272
0.374144 0.857272
0.374244 0.857272
0.374343 0.857272
0.374443 0.857272
0.374542 0.857046
0.374642 0.857046
0.374741 0.857046
0.374841 0.857046
0.374940 0.857046
0.375040 0.857046
0.375139 0.857046
0.375239 0.857046
0.375338 0.856821
0.375438 0.856821
0.375538 0.856821
0.375637 0.856821
0.375737 0.856821
0.375836 0.856821
0.375936 0.856595
0.376035 0.856595
0.376135 0.856595
0.376234 0.856595
0.376334 0.856370
0.376433 0.856370
0.376533 0.856370
0.376632 0.856370
0.376732 0.856370
0.376831 0.856370
0.376931 0.856370
0.377030 0.856144
0.377130 0.855693
0.377229 0.855693
0.377329 0.855693
0.377428 0.855693
0.377528 0.855693
0.377627 0.855693
0.377727 0.855468
0.377826 0.855468
0.377926 0.855242
0.378025 0.855017
0.378125 0.855017
0.378224 0.854791
0.378324 0.854791
0.378423 0.854791
0.378523 0.854791
0.378622 0.854791
0.378722 0.854791
0.378821 0.854791
0.378921 0.854791
0.379020 0.854791
0.379120 0.854791
0.379219 0.854566
0.379319 0.854566
0.379418 0.854566
0.379518 0.854566
0.379617 0.854566
0.379717 0.854566
0.379816 0.854566
0.379916 0.854566
0.380015 0.854566
0.380115 0.854566
0.380214 0.854566
0.380314 0.854566
0.380413 0.854566
0.380513 0.854566
0.380612 0.854340
0.380712 0.854340
0.380811 0.854340
0.380911 0.854340
0.381010 0.854340
0.381110 0.854340
0.381209 0.854340
0.381309 0.854340
0.381408 0.854340
0.381508 0.854340
0.381607 0.854340
0.381707 0.854340
0.381806 0.854340
0.381906 0.854340
0.382005 0.854340
0.382105 0.854115
0.382204 0.853890
0.382304 0.853890
0.382403 0.853890
0.382503 0.853890
0.382602 0.853890
0.382702 0.853890
0.382801 0.853890
0.382901 0.853439
0.383000 0.853439
0.383100 0.853439
0.383199 0.853213
0.383299 0.853213
0.383398 0.853213
0.383498 0.853213
0.383597 0.853213
0.383697 0.853213
0.383796 0.853213
0.383896 0.852988
0.383995 0.852988
0.384095 0.852988
0.384194 0.852762
0.384294 0.852537
0.384393 0.852537
0.384493 0.852537
0.384592 0.852086
0.384692 0.852086
0.384791 0.851860
0.384891 0.851635
0.384990 0.851409
0.385090 0.851409
0.385189 0.851409
0.385289 0.851409
0.385388 0.851184
0.385488 0.851184
0.385587 0.851184
0.385687 0.851184
0.385786 0.851184
0.385886 0.850958
0.385985 0.850958
0.386085 0.850733
0.386184 0.850733
0.386284 0.850733
0.386383 0.850733
0.386483 0.850507
0.386582 0.850507
0.386682 0.850507
0.386781 0.850282
0.386881 0.850056
0.386980 0.850056
0.387080 0.850056
0.387179 0.850056
0.387279 0.849605
0.387379 0.849605
0.387478 0.849380
0.387578 0.849380
0.387677 0.849380
0.387777 0.849154
0.387876 0.849154
0.387976 0.849154
0.388075 0.849154
0.388175 0.848929
0.388274 0.848703
0.388374 0.848703
0.388473 0.848703
0.388573 0.848703
0.388672 0.848703
0.388772 0.848703
0.388871 0.848478
0.388971 0.848478
0.389070 0.848478
0.389170 0.848253
0.389269 0.847802
0.389369 0.847802
0.389468 0.847802
0.389568 0.847802
0.389667 0.847576
0.389767 0.847351
0.389866 0.847125
0.389966 0.847125
0.390065 0.847125
0.390165 0.847125
0.390264 0.846674
0.390364 0.846674
0.390463 0.846674
0.390563 0.846674
0.390662 0.846674
0.390762 0.846674
0.390861 0.846674
0.390961 0.846674
0.391060 0.846674
0.391160 0.846674
0.391259 0.846449
0.391359 0.846449
0.391458 0.846223
0.391558 0.846223
0.391657 0.846223
0.391757 0.846223
0.391856 0.845998
0.391956 0.845998
0.392055 0.845998
0.392155 0.845998
0.392254 0.845772
0.392354 0.845547
0.392453 0.845547
0.392553 0.845547
0.392652 0.845547
0.392752 0.845547
0.392851 0.845547
0.392951 0.845547
0.393050 0.845547
0.393150 0.845547
0.393249 0.845547
0.393349 0.845547
0.393448 0.845096
0.393548 0.845096
0.393647 0.845096
0.393747 0.845096
0.393846 0.845096
0.393946 0.845096
0.394045 0.844870
0.394145 0.844870
0.394244 0.844870
0.394344 0.844645
0.394443 0.844645
0.394543 0.844645
0.394642 0.844419
0.394742 0.844194
0.394841 0.844194
0.394941 0.844194
0.395040 0.844194
0.395140 0.844194
0.395239 0.844194
0.395339 0.844194
0.395438 0.843968
0.395538 0.843968
0.395637 0.843968
0.395737 0.843968
0.395836 0.843968
0.395936 0.843743
0.396035 0.843743
0.396135 0.843743
0.396234 0.843743
0.396334 0.843517
0.396433 0.843067
0.396533 0.842841
0.396632 0.842841
0.396732 0.842841
0.396831 0.842841
0.396931 0.842841
0.397030 0.842841
0.397130 0.842616
0.397229 0.842390
0.397329 0.842390
0.397428 0.842390
0.397528 0.842390
0.397627 0.842390
0.397727 0.841939
0.397826 0.841939
0.397926 0.841488
0.398025 0.841263
0.398125 0.841037
0.398224 0.841037
0.398324 0.840812
0.398423 0.840812
0.398523 0.840812
0.398622 0.840361
0.398722 0.840361
0.398821 0.840361
0.398921 0.840361
0.399020 0.840361
0.399120 0.840361
0.399220 0.840361
0.399319 0.840135
0.399419 0.840135
0.399518 0.839910
0.399618 0.839910
0.399717 0.839910
0.399817 0.839910
0.399916 0.839910
0.400016 0.839910
0.400115 0.839910
0.400215 0.839684
0.400314 0.839684
0.400414 0.839459
0.400513 0.839459
0.400613 0.839459
0.400712 0.839459
0.400812 0.839459
0.400911 0.839233
0.401011 0.839233
0.401110 0.838782
0.401210 0.838782
0.401309 0.838782
0.401409 0.838782
0.401508 0.838782
0.401608 0.838782
0.401707 0.838782
0.401807 0.838782
0.401906 0.838782
0.402006 0.838557
0.402105 0.838331
0.402205 0.838331
0.402304 0.838106
0.402404 0.838106
0.402503 0.838106
0.402603 0.838106
0.402702 0.837880
0.402802 0.837880
0.402901 0.837880
0.403001 0.837880
0.403100 0.837880
0.403200 0.837880
0.403299 0.837655
0.403399 0.837655
0.403498 0.837655
0.403598 0.837655
0.403697 0.837655
0.403797 0.837655
0.403896 0.836979
0.403996 0.836528
0.404095 0.836528
0.404195 0.836302
0.404294 0.836302
0.404394 0.836077
0.404493 0.836077
0.404593 0.835626
0.404692 0.835626
0.404792 0.835626
0.404891 0.835626
0.404991 0.835400
0.405090 0.835400
0.405190 0.835175
0.405289 0.835175
0.405389 0.834949
0.405488 0.834949
0.405588 0.834949
0.405687 0.834724
0.405787 0.834724
0.405886 0.834498
0.405986 0.834047
0.406085 0.834047
0.406185 0.834047
0.406284 0.833822
0.406384 0.833371
0.406483 0.833371
0.406583 0.833371
0.406682 0.833371
0.406782 0.833371
0.406881 0.833371
0.406981 0.833145
0.407080 0.833145
0.407180 0.833145
0.407279 0.833145
0.407379 0.833145
0.407478 0.832920
0.407578 0.832920
0.407677 0.832694
0.407777 0.832694
0.407876 0.832469
0.407976 0.832469
0.408075 0.832469
0.408175 0.832469
0.408274 0.832469
0.408374 0.832469
0.408473 0.832469
0.408573 0.832244
0.408672 0.832018
0.408772 0.832018
0.408871 0.832018
0.408971 0.832018
0.409070 0.832018
0.409170 0.832018
0.409269 0.831567
0.409369 0.831567
0.409468 0.831567
0.409568 0.831567
0.409667 0.831567
0.409767 0.831567
0.409866 0.831342
0.409966 0.831342
0.410065 0.831342
0.410165 0.830891
0.410264 0.830891
0.410364 0.830891
0.410463 0.830440
0.410563 0.830440
0.410662 0.830440
0.410762 0.830440
0.410862 0.829989
0.410961 0.829989
0.411061 0.829989
0.411160 0.829989
0.411260 0.829763
0.411359 0.829763
0.411459 0.829763
0.411558 0.829538
0.411658 0.829312
0.411757 0.829312
0.411857 0.829312
0.411956 0.829312
0.412056 0.829312
0.412155 0.829087
0.412255 0.829087
0.412354 0.829087
0.412454 0.829087
0.412553 0.829087
0.412653 0.829087
0.412752 0.829087
0.412852 0.829087
0.412951 0.829087
0.413051 0.829087
0.413150 0.829087
0.413250 0.828861
0.413349 0.828861
0.413449 0.828861
0.413548 0.828861
0.413648 0.828861
0.413747 0.828636
0.413847 0.828410
0.413946 0.828410
0.414046 0.828410
0.414145 0.828185
0.414245 0.828185
0.414344 0.827959
0.414444 0.827734
0.414543 0.827508
0.414643 0.827508
0.414742 0.827283
0.414842 0.827283
0.414941 0.827057
0.415041 0.826832
0.415140 0.826832
0.415240 0.826832
0.415339 0.826607
0.415439 0.826607
0.415538 0.826607
0.415638 0.826156
0.415737 0.826156
0.415837 0.826156
0.415936 0.825930
0.416036 0.825930
0.416135 0.825930
0.416235 0.825930
0.416334 0.825930
0.416434 0.825705
0.416533 0.825705
0.416633 0.825705
0.416732 0.825705
0.416832 0.825705
0.416931 0.825705
0.417031 0.825479
0.417130 0.825479
0.417230 0.825479
0.417329 0.825479
0.417429 0.825479
0.417528 0.825479
0.417628 0.825479
0.417727 0.825479
0.417827 0.825479
0.417926 0.825479
0.418026 0.825479
0.418125 0.825479
0.418225 0.825028
0.418324 0.825028
0.418424 0.825028
0.418523 0.825028
0.418623 0.825028
0.418722 0.825028
0.418822 0.824577
0.418921 0.824577
0.419021 0.824577
0.419120 0.824577
0.419220 0.824577
0.419319 0.824577
0.419419 0.824577
0.419518 0.824126
0.419618 0.824126
0.419717 0.824126
0.419817 0.824126
0.419916 0.823675
0.420016 0.823675
0.420115 0.823675
0.420215 0.823675
0.420314 0.823450
0.420414 0.823450
0.420513 0.823450
0.420613 0.823450
0.420712 0.823450
0.420812 0.823450
0.420911 0.823224
0.421011 0.823224
0.421110 0.823224
0.421210 0.823224
0.421309 0.823224
0.421409 0.823224
0.421508 0.822999
0.421608 0.822999
0.421707 0.822999
0.421807 0.822773
0.421906 0.822773
0.422006 0.822773
0.422105 0.822322
0.422205 0.822097
0.422304 0.822097
0.422404 0.822097
0.422503 0.822097
0.422603 0.821871
0.422703 0.821871
0.422802 0.821421
0.422902 0.821421
0.423001 0.821421
0.423101 0.821421
0.423200 0.821421
0.423300 0.821421
0.423399 0.820970
0.423499 0.820519
0.423598 0.820293
0.423698 0.820293
0.423797 0.820293
0.423897 0.820293
0.423996 0.820293
0.424096 0.820293
0.424195 0.820293
0.424295 0.820293
0.424394 0.820293
0.424494 0.820293
0.424593 0.820293
0.424693 0.820068
0.424792 0.820068
0.424892 0.820068
0.424991 0.820068
0.425091 0.820068
0.425190 0.820068
0.425290 0.819842
0.425389 0.819842
0.425489 0.819842
0.425588 0.819842
0.425688 0.819391
0.425787 0.819391
0.425887 0.819166
0.425986 0.819166
0.426086 0.819166
0.426185 0.819166
0.426285 0.819166
0.426384 0.819166
0.426484 0.819166
0.426583 0.819166
0.426683 0.819166
0.426782 0.819166
0.426882 0.819166
0.426981 0.819166
0.427081 0.818940
0.427180 0.818940
0.427280 0.818715
0.427379 0.818715
0.427479 0.818489
0.427578 0.818489
0.427678 0.818264
0.427777 0.818264
0.427877 0.818264
0.427976 0.818264
0.428076 0.818264
0.428175 0.818264
0.428275 0.818264
0.428374 0.817813
0.428474 0.817813
0.428573 0.817587
0.428673 0.817587
0.428772 0.817587
0.428872 0.817587
0.428971 0.817587
0.429071 0.817136
0.429170 0.817136
0.429270 0.817136
0.429369 0.817136
0.429469 0.817136
0.429568 0.817136
0.429668 0.817136
0.429767 0.817136
0.429867 0.816911
0.429966 0.816911
0.430066 0.816685
0.430165 0.816460
0.430265 0.816234
0.430364 0.816234
0.430464 0.816234
0.430563 0.816009
0.430663 0.816009
0.430762 0.815784
0.430862 0.815558
0.430961 0.815558
0.431061 0.815558
0.431160 0.814882
0.431260 0.814882
0.431359 0.814882
0.431459 0.814882
0.431558 0.814656
0.431658 0.814656
0.431757 0.814656
0.431857 0.814656
0.431956 0.814656
0.432056 0.814656
0.432155 0.814431
0.432255 0.814431
0.432354 0.814431
0.432454 0.814431
0.432553 0.814431
0.432653 0.814431
0.432752 0.814205
0.432852 0.814205
0.432951 0.814205
0.433051 0.814205
0.433150 0.814205
0.433250 0.814205
0.433349 0.814205
0.433449 0.814205
0.433548 0.814205
0.433648 0.814205
0.433747 0.814205
0.433847 0.813980
0.433946 0.813754
0.434046 0.813529
0.434145 0.813529
0.434245 0.813529
0.434344 0.813529
0.434444 0.813303
0.434544 0.813303
0.434643 0.813303
0.434743 0.813303
0.434842 0.813078
0.434942 0.812852
0.435041 0.812627
0.435141 0.812627
0.435240 0.812401
0.435340 0.812176
0.435439 0.811950
0.435539 0.811950
0.435638 0.811950
0.435738 0.811950
0.435837 0.811950
0.435937 0.811950
0.436036 0.811950
0.436136 0.811950
0.436235 0.811950
0.436335 0.811499
0.436434 0.811274
0.436534 0.811274
0.436633 0.811274
0.436733 0.811274
0.436832 0.811274
0.436932 0.810823
0.437031 0.810598
0.437131 0.810372
0.437230 0.810372
0.437330 0.809921
0.437429 0.809470
0.437529 0.809470
0.437628 0.809470
0.437728 0.809470
0.437827 0.809470
0.437927 0.809470
0.438026 0.809470
0.438126 0.809245
0.438225 0.809019
0.438325 0.809019
0.438424 0.808794
0.438524 0.808568
0.438623 0.808568
0.438723 0.808343
0.438822 0.808343
0.438922 0.808117
0.439021 0.807892
0.439121 0.807892
0.439220 0.807666
0.439320 0.807666
0.439419 0.807666
0.439519 0.807666
0.439618 0.807441
0.439718 0.806990
0.439817 0.806990
0.439917 0.806990
0.440016 0.806990
0.440116 0.806764
0.440215 0.806539
0.440315 0.806539
0.440414 0.806539
0.440514 0.806313
0.440613 0.806313
0.440713 0.806313
0.440812 0.806088
0.440912 0.806088
0.441011 0.806088
0.441111 0.806088
0.441210 0.806088
0.441310 0.806088
0.441409 0.806088
0.441509 0.805862
0.441608 0.805862
0.441708 0.805862
0.441807 0.805862
0.441907 0.805862
0.442006 0.805862
0.442106 0.805637
0.442205 0.805637
0.442305 0.805637
0.442404 0.805637
0.442504 0.805411
0.442603 0.805411
0.442703 0.805411
0.442802 0.805411
0.442902 0.805411
0.443001 0.805411
0.443101 0.805411
0.443200 0.805411
0.443300 0.805186
0.443399 0.804961
0.443499 0.804735
0.443598 0.804735
0.443698 0.804735
0.443797 0.804735
0.443897 0.804735
0.443996 0.804510
0.444096 0.804510
0.444195 0.804510
0.444295 0.804510
0.444394 0.804284
0.444494 0.804284
0.444593 0.804284
0.444693 0.804284
0.444792 0.804284
0.444892 0.804284
0.444991 0.804284
0.445091 0.804284
0.445190 0.804284
0.445290 0.804284
0.445389 0.804284
0.445489 0.803608
0.445588 0.803608
0.445688 0.803382
0.445787 0.803382
0.445887 0.803382
0.445986 0.803382
0.446086 0.803382
0.446186 0.803157
0.446285 0.802931
0.446385 0.802931
0.446484 0.802706
0.446584 0.802706
0.446683 0.802480
0.446783 0.802480
0.446882 0.802480
0.446982 0.802480
0.447081 0.802480
0.447181 0.801804
0.447280 0.801578
0.447380 0.801578
0.447479 0.801578
0.447579 0.801127
0.447678 0.801127
0.447778 0.800902
0.447877 0.800676
0.447977 0.800676
0.448076 0.800676
0.448176 0.800676
0.448275 0.800676
0.448375 0.800676
0.448474 0.800676
0.448574 0.800451
0.448673 0.800225
0.448773 0.800225
0.448872 0.800225
0.448972 0.800225
0.449071 0.800000
0.449171 0.800000
0.449270 0.799775
0.449370 0.799775
0.449469 0.799775
0.449569 0.799549
0.449668 0.799549
0.449768 0.799549
0.449867 0.799549
0.449967 0.799324
0.450066 0.799324
0.450166 0.799324
0.450265 0.799324
0.450365 0.799098
0.450464 0.798873
0.450564 0.798873
0.450663 0.798647
0.450763 0.798647
0.450862 0.798647
0.450962 0.798647
0.451061 0.798647
0.451161 0.798647
0.451260 0.798647
0.451360 0.798647
0.451459 0.798647
0.451559 0.798647
0.451658 0.798647
0.451758 0.798647
0.451857 0.798647
0.451957 0.798647
0.452056 0.798647
0.452156 0.798647
0.452255 0.798647
0.452355 0.798647
0.452454 0.798422
0.452554 0.798196
0.452653 0.798196
0.452753 0.798196
0.452852 0.798196
0.452952 0.798196
0.453051 0.798196
0.453151 0.798196
0.453250 0.797971
0.453350 0.797971
0.453449 0.797971
0.453549 0.797971
0.453648 0.797294
0.453748 0.797294
0.453847 0.797069
0.453947 0.797069
0.454046 0.797069
0.454146 0.797069
0.454245 0.797069
0.454345 0.796843
0.454444 0.796843
0.454544 0.796843
0.454643 0.796843
0.454743 0.796843
0.454842 0.796618
0.454942 0.796618
0.455041 0.796392
0.455141 0.796392
0.455240 0.796392
0.455340 0.796392
0.455439 0.796392
0.455539 0.796392
0.455638 0.796392
0.455738 0.796392
0.455837 0.796167
0.455937 0.796167
0.456036 0.796167
0.456136 0.796167
0.456235 0.796167
0.456335 0.795941
0.456434 0.795941
0.456534 0.795941
0.456633 0.795716
0.456733 0.795490
0.456832 0.795490
0.456932 0.795490
0.457031 0.795490
0.457131 0.795265
0.457230 0.795265
0.457330 0.795039
0.457429 0.795039
0.457529 0.795039
0.457628 0.795039
0.457728 0.795039
0.457827 0.795039
0.457927 0.794814
0.458027 0.794814
0.458126 0.794363
0.458226 0.794138
0.458325 0.794138
0.458425 0.793687
0.458524 0.793687
0.458624 0.793687
0.458723 0.793687
0.458823 0.793687
0.458922 0.793687
0.459022 0.793687
0.459121 0.793461
0.459221 0.793236
0.459320 0.793236
0.459420 0.792785
0.459519 0.792559
0.459619 0.792559
0.459718 0.792334
0.459818 0.792334
0.459917 0.792108
0.460017 0.791883
0.460116 0.791883
0.460216 0.791883
0.460315 0.791883
0.460415 0.791883
0.460514 0.791657
0.460614 0.791657
0.460713 0.791657
0.460813 0.791432
0.460912 0.791432
0.461012 0.791432
0.461111 0.791432
0.461211 0.791432
0.461310 0.791432
0.461410 0.791432
0.461509 0.791432
0.461609 0.790981
0.461708 0.790755
0.461808 0.790304
0.461907 0.790304
0.462007 0.790079
0.462106 0.789853
0.462206 0.789853
0.462305 0.789853
0.462405 0.789853
0.462504 0.789628
0.462604 0.789628
0.462703 0.789402
0.462803 0.789402
0.462902 0.789402
0.463002 0.789402
0.463101 0.789402
0.463201 0.789177
0.463300 0.788952
0.463400 0.788952
0.463499 0.788952
0.463599 0.788952
0.463698 0.788726
0.463798 0.788726
0.463897 0.788726
0.463997 0.788726
0.464096 0.788501
0.464196 0.788275
0.464295 0.788275
0.464395 0.788050
0.464494 0.788050
0.464594 0.788050
0.464693 0.788050
0.464793 0.788050
0.464892 0.788050
0.464992 0.788050
0.465091 0.788050
0.465191 0.787824
0.465290 0.787599
0.465390 0.787599
0.465489 0.787599
0.465589 0.787599
0.465688 0.787599
0.465788 0.787599
0.465887 0.787599
0.465987 0.787599
0.466086 0.787599
0.466186 0.787599
0.466285 0.787599
0.466385 0.787373
0.466484 0.787373
0.466584 0.787373
0.466683 0.787373
0.466783 0.787373
0.466882 0.787373
0.466982 0.787373
0.467081 0.787373
0.467181 0.787373
0.467280 0.787148
0.467380 0.787148
0.467479 0.787148
0.467579 0.787148
0.467678 0.787148
0.467778 0.786922
0.467877 0.786922
0.467977 0.786697
0.468076 0.786697
0.468176 0.786697
0.468275 0.786471
0.468375 0.786246
0.468474 0.786246
0.468574 0.786246
0.468673 0.786246
0.468773 0.786246
0.468872 0.786246
0.468972 0.785795
0.469071 0.785795
0.469171 0.785795
0.469270 0.785795
0.469370 0.785795
0.469469 0.785569
0.469569 0.785569
0.469668 0.785569
0.469768 0.785344
0.469868 0.785118
0.469967 0.785118
0.470067 0.785118
0.470166 0.785118
0.470266 0.784893
0.470365 0.784442
0.470465 0.784442
0.470564 0.784442
0.470664 0.784216
0.470763 0.783991
0.470863 0.783766
0.470962 0.783766
0.471062 0.783315
0.471161 0.783089
0.471261 0.782638
0.471360 0.782638
0.471460 0.782638
0.471559 0.782638
0.471659 0.782638
0.471758 0.782638
0.471858 0.782638
0.471957 0.782638
0.472057 0.782638
0.472156 0.782638
0.472256 0.782413
0.472355 0.782413
0.472455 0.782413
0.472554 0.782413
0.472654 0.782187
0.472753 0.781962
0.472853 0.781962
0.472952 0.781736
0.473052 0.781511
0.473151 0.781511
0.473251 0.781285
0.473350 0.781060
0.473450 0.781060
0.473549 0.781060
0.473649 0.780834
0.473748 0.780834
0.473848 0.780383
0.473947 0.780158
0.474047 0.780158
0.474146 0.779932
0.474246 0.779707
0.474345 0.779481
0.474445 0.779256
0.474544 0.779030
0.474644 0.778805
0.474743 0.778805
0.474843 0.778579
0.474942 0.778579
0.475042 0.778579
0.475141 0.778579
0.475241 0.778579
0.475340 0.778579
0.475440 0.778354
0.475539 0.778354
0.475639 0.778129
0.475738 0.778129
0.475838 0.778129
0.475937 0.778129
0.476037 0.778129
0.476136 0.777903
0.476236 0.777903
0.476335 0.777903
0.476435 0.777903
0.476534 0.777678
0.476634 0.777678
0.476733 0.777678
0.476833 0.777678
0.476932 0.777678
0.477032 0.777452
0.477131 0.777452
0.477231 0.777227
0.477330 0.777001
0.477430 0.777001
0.477529 0.776776
0.477629 0.776550
0.477728 0.776325
0.477828 0.776325
0.477927 0.776325
0.478027 0.776325
0.478126 0.776325
0.478226 0.776099
0.478325 0.776099
0.478425 0.775874
0.478524 0.775648
0.478624 0.775648
0.478723 0.775648
0.478823 0.775648
0.478922 0.775648
0.479022 0.775648
0.479121 0.775648
0.479221 0.775423
0.479320 0.775423
0.479420 0.775423
0.479519 0.775423
0.479619 0.775423
0.479718 0.775197
0.479818 0.775197
0.479917 0.775197
0.480017 0.775197
0.480116 0.774972
0.480216 0.774972
0.480315 0.774746
0.480415 0.774746
0.480514 0.774746
0.480614 0.774746
0.480713 0.774521
0.480813 0.774521
0.480912 0.774295
0.481012 0.774295
0.481111 0.774070
0.481211 0.773619
0.481310 0.773619
0.481410 0.773619
0.481510 0.773619
0.481609 0.773393
0.481709 0.773393
0.481808 0.773393
0.481908 0.773393
0.482007 0.773393
0.482107 0.772943
0.482206 0.772717
0.482306 0.772717
0.482405 0.772717
0.482505 0.772717
0.482604 0.772492
0.482704 0.772492
0.482803 0.772492
0.482903 0.772492
0.483002 0.772492
0.483102 0.772492
0.483201 0.772492
0.483301 0.772266
0.483400 0.772266
0.483500 0.772041
0.483599 0.772041
0.483699 0.771815
0.483798 0.771815
0.483898 0.771815
0.483997 0.771590
0.484097 0.771590
0.484196 0.771590
0.484296 0.770913
0.484395 0.770913
0.484495 0.770688
0.484594 0.770688
0.484694 0.770688
0.484793 0.770462
0.484893 0.770237
0.484992 0.770237
0.485092 0.770237
0.485191 0.770237
0.485291 0.770011
0.485390 0.770011
0.485490 0.770011
0.485589 0.769786
0.485689 0.769560
0.485788 0.769109
0.485888 0.769109
0.485987 0.769109
0.486087 0.769109
0.486186 0.768884
0.486286 0.768884
0.486385 0.768884
0.486485 0.768884
0.486584 0.768884
0.486684 0.768884
0.486783 0.768658
0.486883 0.768207
0.486982 0.768207
0.487082 0.768207
0.487181 0.767982
0.487281 0.767982
0.487380 0.767756
0.487480 0.767756
0.487579 0.767531
0.487679 0.767531
0.487778 0.767531
0.487878 0.767531
0.487977 0.767531
0.488077 0.767531
0.488176 0.767306
0.488276 0.767306
0.488375 0.767306
0.488475 0.767306
0.488574 0.767080
0.488674 0.767080
0.488773 0.767080
0.488873 0.767080
0.488972 0.766855
0.489072 0.766855
0.489171 0.766629
0.489271 0.766629
0.489370 0.766629
0.489470 0.766629
0.489569 0.765953
0.489669 0.765727
0.489768 0.765727
0.489868 0.765727
0.489967 0.765727
0.490067 0.765727
0.490166 0.765727
0.490266 0.765727
0.490365 0.765727
0.490465 0.765727
0.490564 0.765502
0.490664 0.765276
0.490763 0.765276
0.490863 0.765051
0.490962 0.765051
0.491062 0.765051
0.491161 0.765051
0.491261 0.765051
0.491360 0.765051
0.491460 0.765051
0.491559 0.765051
0.491659 0.765051
0.491758 0.765051
0.491858 0.765051
0.491957 0.765051
0.492057 0.765051
0.492156 0.764825
0.492256 0.764374
0.492355 0.763923
0.492455 0.763923
0.492554 0.763698
0.492654 0.763472
0.492753 0.763472
0.492853 0.763472
0.492952 0.763472
0.493052 0.763472
0.493151 0.763472
0.493251 0.763247
0.493351 0.763247
0.493450 0.763021
0.493550 0.763021
0.493649 0.763021
0.493749 0.763021
0.493848 0.763021
0.493948 0.762796
0.494047 0.762796
0.494147 0.762796
0.494246 0.762796
0.494346 0.762796
0.494445 0.762570
0.494545 0.762570
0.494644 0.762345
0.494744 0.762345
0.494843 0.762345
0.494943 0.762345
0.495042 0.762345
0.495142 0.762120
0.495241 0.761669
0.495341 0.761443
0.495440 0.761443
0.495540 0.761218
0.495639 0.761218
0.495739 0.760992
0.495838 0.760992
0.495938 0.760992
0.496037 0.760767
0.496137 0.760767
0.496236 0.760767
0.496336 0.760767
0.496435 0.760767
0.496535 0.760767
0.496634 0.760767
0.496734 0.760767
0.496833 0.760767
0.496933 0.760767
0.497032 0.760767
0.497132 0.760316
0.497231 0.760316
0.497331 0.760316
0.497430 0.760316
0.497530 0.760316
0.497629 0.760090
0.497729 0.759639
0.497828 0.759639
0.497928 0.759414
0.498027 0.759188
0.498127 0.758737
0.498226 0.758737
0.498326 0.758737
0.498425 0.758286
0.498525 0.758061
0.498624 0.757835
0.498724 0.757835
0.498823 0.757835
0.498923 0.757835
0.499022 0.757835
0.499122 0.757610
0.499221 0.757610
0.499321 0.757610
0.499420 0.757610
0.499520 0.757610
0.499619 0.757384
0.499719 0.757384
0.499818 0.757384
0.499918 0.757384
0.500017 0.757384
0.500117 0.757384
0.500216 0.757384
0.500316 0.757384
0.500415 0.757159
0.500515 0.756933
0.500614 0.756483
0.500714 0.756257
0.500813 0.756257
0.500913 0.756257
0.501012 0.756032
0.501112 0.756032
0.501211 0.755806
0.501311 0.755806
0.501410 0.755581
0.501510 0.755355
0.501609 0.755355
0.501709 0.755355
0.501808 0.755355
0.501908 0.755355
0.502007 0.755355
0.502107 0.755130
0.502206 0.754904
0.502306 0.754904
0.502405 0.754904
0.502505 0.754904
0.502604 0.754904
0.502704 0.754453
0.502803 0.754453
0.502903 0.754228
0.503002 0.754228
0.503102 0.754228
0.503201 0.754228
0.503301 0.754228
0.503400 0.754228
0.503500 0.754228
0.503599 0.754002
0.503699 0.754002
0.503798 0.754002
0.503898 0.754002
0.503997 0.754002
0.504097 0.754002
0.504196 0.753777
0.504296 0.753551
0.504395 0.753100
0.504495 0.753100
0.504594 0.753100
0.504694 0.752875
0.504793 0.752649
0.504893 0.752424
0.504992 0.752424
0.505092 0.752424
0.505192 0.751973
0.505291 0.751747
0.505391 0.751747
0.505490 0.751747
0.505590 0.751522
0.505689 0.751522
0.505789 0.751522
0.505888 0.751522
0.505988 0.751297
0.506087 0.751071
0.506187 0.750846
0.506286 0.750846
0.506386 0.750846
0.506485 0.750846
0.506585 0.750846
0.506684 0.750846
0.506784 0.750395
0.506883 0.750395
0.506983 0.750395
0.507082 0.750395
0.507182 0.750395
0.507281 0.750395
0.507381 0.750395
0.507480 0.750395
0.507580 0.750395
0.507679 0.749944
0.507779 0.749944
0.507878 0.749944
0.507978 0.749944
0.508077 0.749944
0.508177 0.749944
0.508276 0.749718
0.508376 0.749493
0.508475 0.749267
0.508575 0.749042
0.508674 0.749042
0.508774 0.749042
0.508873 0.749042
0.508973 0.749042
0.509072 0.748816
0.509172 0.748816
0.509271 0.748816
0.509371 0.748816
0.509470 0.748816
0.509570 0.748365
0.509669 0.748365
0.509769 0.748365
0.509868 0.748140
0.509968 0.747914
0.510067 0.747689
0.510167 0.747689
0.510266 0.747689
0.510366 0.747463
0.510465 0.747238
0.510565 0.747012
0.510664 0.746787
0.510764 0.746787
0.510863 0.746787
0.510963 0.746787
0.511062 0.746787
0.511162 0.746787
0.511261 0.746787
0.511361 0.746787
0.511460 0.746787
0.511560 0.746787
0.511659 0.746787
0.511759 0.746336
0.511858 0.746336
0.511958 0.746336
0.512057 0.746336
0.512157 0.746336
0.512256 0.746110
0.512356 0.745885
0.512455 0.745885
0.512555 0.745885
0.512654 0.745885
0.512754 0.745660
0.512853 0.745434
0.512953 0.745434
0.513052 0.745434
0.513152 0.745434
0.513251 0.745209
0.513351 0.744983
0.513450 0.744983
0.513550 0.744983
0.513649 0.744758
0.513749 0.744758
0.513848 0.744758
0.513948 0.744758
0.514047 0.744758
0.514147 0.744758
0.514246 0.744758
0.514346 0.744758
0.514445 0.744532
0.514545 0.744532
0.514644 0.744307
0.514744 0.744081
0.514843 0.744081
0.514943 0.744081
0.515042 0.743856
0.515142 0.743405
0.515241 0.743405
0.515341 0.743405
0.515440 0.743405
0.515540 0.743405
0.515639 0.743405
0.515739 0.743405
0.515838 0.743405
0.515938 0.743405
0.516037 0.743179
0.516137 0.743179
0.516236 0.742954
0.516336 0.742954
0.516435 0.742954
0.516535 0.742503
0.516634 0.742503
0.516734 0.742503
0.516834 0.742277
0.516933 0.742277
0.517033 0.742277
0.517132 0.742277
0.517232 0.742277
0.517331 0.742052
0.517431 0.742052
0.517530 0.741826
0.517630 0.741826
0.517729 0.741826
0.517829 0.741601
0.517928 0.740924
0.518028 0.740924
0.518127 0.740699
0.518227 0.740699
0.518326 0.740699
0.518426 0.740699
0.518525 0.740699
0.518625 0.740474
0.518724 0.740248
0.518824 0.740248
0.518923 0.740248
0.519023 0.740248
0.519122 0.740023
0.519222 0.739797
0.519321 0.739797
0.519421 0.739797
0.519520 0.739797
0.519620 0.739797
0.519719 0.739797
0.519819 0.739797
0.519918 0.739572
0.520018 0.739572
0.520117 0.739346
0.520217 0.739346
0.520316 0.739346
0.520416 0.739346
0.520515 0.739121
0.520615 0.738895
0.520714 0.738895
0.520814 0.738670
0.520913 0.738670
0.521013 0.738444
0.521112 0.738444
0.521212 0.738444
0.521311 0.738444
0.521411 0.738444
0.521510 0.738444
0.521610 0.738444
0.521709 0.738219
0.521809 0.737993
0.521908 0.737993
0.522008 0.737993
0.522107 0.737993
0.522207 0.737993
0.522306 0.737768
0.522406 0.737768
0.522505 0.737768
0.522605 0.737768
0.522704 0.737768
0.522804 0.737768
0.522903 0.737542
0.523003 0.737542
0.523102 0.737542
0.523202 0.737542
0.523301 0.737317
0.523401 0.737317
0.523500 0.737317
0.523600 0.737317
0.523699 0.737317
0.523799 0.737317
0.523898 0.737317
0.523998 0.737317
0.524097 0.737317
0.524197 0.737317
0.524296 0.737091
0.524396 0.736866
0.524495 0.736866
0.524595 0.736866
0.524694 0.736866
0.524794 0.736640
0.524893 0.736640
0.524993 0.736640
0.525092 0.735964
0.525192 0.735964
0.525291 0.735738
0.525391 0.735738
0.525490 0.735738
0.525590 0.735738
0.525689 0.735738
0.525789 0.735738
0.525888 0.735738
0.525988 0.735738
0.526087 0.735738
0.526187 0.735738
0.526286 0.735738
0.526386 0.735738
0.526485 0.735738
0.526585 0.735738
0.526684 0.735513
0.526784 0.735287
0.526883 0.735287
0.526983 0.735062
0.527082 0.735062
0.527182 0.735062
0.527281 0.734837
0.527381 0.734611
0.527480 0.734611
0.527580 0.734611
0.527679 0.734611
0.527779 0.734386
0.527878 0.734386
0.527978 0.734386
0.528077 0.734160
0.528177 0.734160
0.528276 0.733935
0.528376 0.733935
0.528475 0.733935
0.528575 0.733709
0.528675 0.733484
0.528774 0.733258
0.528874 0.733258
0.528973 0.733033
0.529073 0.733033
0.529172 0.732807
0.529272 0.732807
0.529371 0.732807
0.529471 0.732582
0.529570 0.732356
0.529670 0.732131
0.529769 0.732131
0.529869 0.732131
0.529968 0.732131
0.530068 0.731680
0.530167 0.731454
0.530267 0.731229
0.530366 0.731229
0.530466 0.731003
0.530565 0.731003
0.530665 0.731003
0.530764 0.731003
0.530864 0.731003
0.530963 0.731003
0.531063 0.731003
0.531162 0.731003
0.531262 0.731003
0.531361 0.730778
0.531461 0.730778
0.531560 0.730778
0.531660 0.730552
0.531759 0.730552
0.531859 0.730552
0.531958 0.730327
0.532058 0.730101
0.532157 0.729651
0.532257 0.729425
0.532356 0.729200
0.532456 0.728974
0.532555 0.728974
0.532655 0.728523
0.532754 0.728523
0.532854 0.728298
0.532953 0.728298
0.533053 0.728072
0.533152 0.727847
0.533252 0.727847
0.533351 0.727621
0.533451 0.727621
0.533550 0.727621
0.533650 0.727621
0.533749 0.727621
0.533849 0.727621
0.533948 0.727396
0.534048 0.727170
0.534147 0.727170
0.534247 0.726945
0.534346 0.726945
0.534446 0.726945
0.534545 0.726719
0.534645 0.726494
0.534744 0.726268
0.534844 0.726043
0.534943 0.726043
0.535043 0.725817
0.535142 0.725592
0.535242 0.725592
0.535341 0.725592
0.535441 0.725592
0.535540 0.725592
0.535640 0.725592
0.535739 0.725141
0.535839 0.725141
0.535938 0.725141
0.536038 0.725141
0.536137 0.725141
0.536237 0.724915
0.536336 0.724915
0.536436 0.724915
0.536535 0.724915
0.536635 0.724915
0.536734 0.724915
0.536834 0.724690
0.536933 0.724690
0.537033 0.724690
0.537132 0.724464
0.537232 0.724464
0.537331 0.724464
0.537431 0.724464
0.537530 0.724464
0.537630 0.724014
0.537729 0.724014
0.537829 0.723788
0.537928 0.723788
0.538028 0.723563
0.538127 0.723563
0.538227 0.723337
0.538326 0.723337
0.538426 0.723337
0.538525 0.723112
0.538625 0.722886
0.538724 0.722661
0.538824 0.722661
0.538923 0.722661
0.539023 0.722661
0.539122 0.722435
0.539222 0.722435
0.539321 0.722210
0.539421 0.721533
0.539520 0.721533
0.539620 0.721533
0.539719 0.721533
0.539819 0.721533
0.539918 0.721533
0.540018 0.721308
0.540117 0.721308
0.540217 0.721308
0.540316 0.721308
0.540416 0.721082
0.540516 0.721082
0.540615 0.721082
0.540715 0.720857
0.540814 0.720857
0.540914 0.720857
0.541013 0.720857
0.541113 0.720857
0.541212 0.720631
0.541312 0.720631
0.541411 0.720631
0.541511 0.720406
0.541610 0.720180
0.541710 0.720180
0.541809 0.719955
0.541909 0.719955
0.542008 0.719955
0.542108 0.719955
0.542207 0.719955
0.542307 0.719955
0.542406 0.719955
0.542506 0.719729
0.542605 0.719504
0.542705 0.719504
0.542804 0.719504
0.542904 0.719504
0.543003 0.719504
0.543103 0.719504
0.543202 0.719053
0.543302 0.719053
0.543401 0.719053
0.543501 0.719053
0.543600 0.718602
0.543700 0.718602
0.543799 0.718602
0.543899 0.718377
0.543998 0.718151
0.544098 0.718151
0.544197 0.717926
0.544297 0.717926
0.544396 0.717700
0.544496 0.717475
0.544595 0.717475
0.544695 0.717249
0.544794 0.717249
0.544894 0.717249
0.544993 0.717249
0.545093 0.717024
0.545192 0.717024
0.545292 0.716798
0.545391 0.716798
0.545491 0.716798
0.545590 0.716347
0.545690 0.716122
0.545789 0.715896
0.545889 0.715896
0.545988 0.715671
0.546088 0.715445
0.546187 0.715445
0.546287 0.715445
0.546386 0.715445
0.546486 0.715445
0.546585 0.715445
0.546685 0.715445
0.546784 0.715445
0.546884 0.715445
0.546983 0.715220
0.547083 0.715220
0.547182 0.715220
0.547282 0.715220
0.547381 0.715220
0.547481 0.715220
0.547580 0.714994
0.547680 0.714994
0.547779 0.714543
0.547879 0.714543
0.547978 0.714543
0.548078 0.714543
0.548177 0.714543
0.548277 0.714543
0.548376 0.714318
0.548476 0.714318
0.548575 0.714318
0.548675 0.714318
0.548774 0.714092
0.548874 0.714092
0.548973 0.714092
0.549073 0.714092
0.549172 0.713867
0.549272 0.713867
0.549371 0.713867
0.549471 0.713641
0.549570 0.713641
0.549670 0.713641
0.549769 0.713641
0.549869 0.713641
0.549968 0.713641
0.550068 0.713641
0.550167 0.713641
0.550267 0.713641
0.550366 0.713641
0.550466 0.713641
0.550565 0.713641
0.550665 0.713641
0.550764 0.713191
0.550864 0.713191
0.550963 0.713191
0.551063 0.713191
0.551162 0.713191
0.551262 0.713191
0.551361 0.713191
0.551461 0.713191
0.551560 0.713191
0.551660 0.713191
0.551759 0.712965
0.551859 0.712965
0.551958 0.712740
0.552058 0.712740
0.552158 0.712514
0.552257 0.712063
0.552357 0.711838
0.552456 0.711838
0.552556 0.711838
0.552655 0.711838
0.552755 0.711838
0.552854 0.711612
0.552954 0.711387
0.553053 0.711387
0.553153 0.711387
0.553252 0.711387
0.553352 0.711161
0.553451 0.710936
0.553551 0.710936
0.553650 0.710710
0.553750 0.710710
0.553849 0.710485
0.553949 0.710485
0.554048 0.710485
0.554148 0.710485
0.554247 0.710485
0.554347 0.710485
0.554446 0.710485
0.554546 0.710259
0.554645 0.710259
0.554745 0.709583
0.554844 0.709357
0.554944 0.709132
0.555043 0.708681
0.555143 0.708681
0.555242 0.708230
0.555342 0.708230
0.555441 0.708230
0.555541 0.708230
0.555640 0.708230
0.555740 0.708230
0.555839 0.708005
0.555939 0.708005
0.556038 0.708005
0.556138 0.708005
0.556237 0.708005
0.556337 0.708005
0.556436 0.707779
0.556536 0.707779
0.556635 0.707779
0.556735 0.707554
0.556834 0.707103
0.556934 0.706877
0.557033 0.706877
0.557133 0.706877
0.557232 0.706877
0.557332 0.706877
0.557431 0.706877
0.557531 0.706877
0.557630 0.706877
0.557730 0.706877
0.557829 0.706877
0.557929 0.706426
0.558028 0.706426
0.558128 0.706201
0.558227 0.706201
0.558327 0.705975
0.558426 0.705975
0.558526 0.705750
0.558625 0.705750
0.558725 0.705750
0.558824 0.705750
0.558924 0.705750
0.559023 0.705299
0.559123 0.705299
0.559222 0.705073
0.559322 0.705073
0.559421 0.705073
0.559521 0.704848
0.559620 0.704848
0.559720 0.704622
0.559819 0.704622
0.559919 0.704622
0.560018 0.704622
0.560118 0.704622
0.560217 0.704622
0.560317 0.704622
0.560416 0.704622
0.560516 0.704171
0.560615 0.704171
0.560715 0.704171
0.560814 0.704171
0.560914 0.704171
0.561013 0.704171
0.561113 0.704171
0.561212 0.703946
0.561312 0.703946
0.561411 0.703946
0.561511 0.703946
0.561610 0.703946
0.561710 0.703946
0.561809 0.703946
0.561909 0.703946
0.562008 0.703946
0.562108 0.703946
0.562207 0.703720
0.562307 0.703720
0.562406 0.703720
0.562506 0.703720
0.562605 0.703720
0.562705 0.703720
0.562804 0.703495
0.562904 0.703495
0.563003 0.703495
0.563103 0.703495
0.563202 0.703269
0.563302 0.703269
0.563401 0.703269
0.563501 0.703044
0.563600 0.703044
0.563700 0.702818
0.563799 0.702818
0.563899 0.702818
0.563999 0.702818
0.564098 0.702818
0.564198 0.702593
0.564297 0.702593
0.564397 0.702593
0.564496 0.702593
0.564596 0.702368
0.564695 0.702368
0.564795 0.702368
0.564894 0.701917
0.564994 0.701917
0.565093 0.701917
0.565193 0.701691
0.565292 0.701691
0.565392 0.701691
0.565491 0.701466
0.565591 0.701466
0.565690 0.701466
0.565790 0.701240
0.565889 0.701240
0.565989 0.701015
0.566088 0.701015
0.566188 0.700789
0.566287 0.700789
0.566387 0.700564
0.566486 0.700564
0.566586 0.700564
0.566685 0.700564
0.566785 0.700564
0.566884 0.700564
0.566984 0.700338
0.567083 0.700338
0.567183 0.699887
0.567282 0.699887
0.567382 0.699436
0.567481 0.699211
0.567581 0.699211
0.567680 0.699211
0.567780 0.698985
0.567879 0.698760
0.567979 0.698760
0.568078 0.698760
0.568178 0.698760
0.568277 0.698760
0.568377 0.698534
0.568476 0.698083
0.568576 0.697858
0.568675 0.697858
0.568775 0.697632
0.568874 0.697632
0.568974 0.697632
0.569073 0.697632
0.569173 0.697407
0.569272 0.697407
0.569372 0.697407
0.569471 0.697182
0.569571 0.696956
0.569670 0.696956
0.569770 0.696956
0.569869 0.696956
0.569969 0.696956
0.570068 0.696956
0.570168 0.696731
0.570267 0.696731
0.570367 0.696505
0.570466 0.696505
0.570566 0.696505
0.570665 0.696505
0.570765 0.696280
0.570864 0.696280
0.570964 0.696280
0.571063 0.696280
0.571163 0.696054
0.571262 0.696054
0.571362 0.696054
0.571461 0.696054
0.571561 0.696054
0.571660 0.696054
0.571760 0.695603
0.571859 0.695152
0.571959 0.695152
0.572058 0.695152
0.572158 0.695152
0.572257 0.695152
0.572357 0.695152
0.572456 0.695152
0.572556 0.695152
0.572655 0.695152
0.572755 0.694701
0.572854 0.694701
0.572954 0.694250
0.573053 0.694250
0.573153 0.694250
0.573252 0.694025
0.573352 0.694025
0.573451 0.694025
0.573551 0.694025
0.573650 0.694025
0.573750 0.694025
0.573849 0.694025
0.573949 0.694025
0.574048 0.693799
0.574148 0.693799
0.574247 0.693574
0.574347 0.693348
0.574446 0.693123
0.574546 0.693123
0.574645 0.692897
0.574745 0.692897
0.574844 0.692897
0.574944 0.692897
0.575043 0.692897
0.575143 0.692897
0.575242 0.692897
0.575342 0.692897
0.575441 0.692897
0.575541 0.692897
0.575640 0.692897
0.575740 0.692672
0.575840 0.692672
0.575939 0.692446
0.576039 0.692446
0.576138 0.692446
0.576238 0.692446
0.576337 0.692446
0.576437 0.692446
0.576536 0.692446
0.576636 0.692446
0.576735 0.692446
0.576835 0.692221
0.576934 0.692221
0.577034 0.692221
0.577133 0.692221
0.577233 0.692221
0.577332 0.692221
0.577432 0.691545
0.577531 0.691545
0.577631 0.690868
0.577730 0.690868
0.577830 0.690868
0.577929 0.690643
0.578029 0.690643
0.578128 0.690643
0.578228 0.690417
0.578327 0.690417
0.578427 0.690192
0.578526 0.690192
0.578626 0.690192
0.578725 0.690192
0.578825 0.690192
0.578924 0.690192
0.579024 0.690192
0.579123 0.690192
0.579223 0.690192
0.579322 0.690192
0.579422 0.690192
0.579521 0.689966
0.579621 0.689741
0.579720 0.689741
0.579820 0.689741
0.579919 0.689741
0.580019 0.689741
0.580118 0.689741
0.580218 0.689741
0.580317 0.689741
0.580417 0.689515
0.580516 0.689515
0.580616 0.689515
0.580715 0.689515
0.580815 0.689064
0.580914 0.689064
0.581014 0.689064
0.581113 0.689064
0.581213 0.689064
0.581312 0.689064
0.581412 0.689064
0.581511 0.689064
0.581611 0.689064
0.581710 0.689064
0.581810 0.689064
0.581909 0.689064
0.582009 0.688839
0.582108 0.688613
0.582208 0.688388
0.582307 0.688388
0.582407 0.688388
0.582506 0.687937
0.582606 0.687711
0.582705 0.687711
0.582805 0.687711
0.582904 0.687711
0.583004 0.687711
0.583103 0.687711
0.583203 0.687711
0.583302 0.687711
0.583402 0.687260
0.583501 0.687260
0.583601 0.687260
0.583700 0.687260
0.583800 0.686809
0.583899 0.686809
0.583999 0.686809
0.584098 0.686809
0.584198 0.686809
0.584297 0.686584
0.584397 0.686359
0.584496 0.686133
0.584596 0.686133
0.584695 0.686133
0.584795 0.686133
0.584894 0.686133
0.584994 0.686133
0.585093 0.686133
0.585193 0.685908
0.585292 0.685908
0.585392 0.685908
0.585491 0.685682
0.585591 0.685682
0.585690 0.685457
0.585790 0.685457
0.585889 0.685457
0.585989 0.685457
0.586088 0.685457
0.586188 0.685457
0.586287 0.685231
0.586387 0.685006
0.586486 0.685006
0.586586 0.684780
0.586685 0.684329
0.586785 0.684329
0.586884 0.684329
0.586984 0.684104
0.587083 0.684104
0.587183 0.683878
0.587282 0.683878
0.587382 0.683878
0.587482 0.683653
0.587581 0.683653
0.587681 0.683427
0.587780 0.683427
0.587880 0.683202
0.587979 0.683202
0.588079 0.682976
0.588178 0.682976
0.588278 0.682976
0.588377 0.682751
0.588477 0.682525
0.588576 0.682525
0.588676 0.682300
0.588775 0.682074
0.588875 0.681849
0.588974 0.681623
0.589074 0.681623
0.589173 0.681623
0.589273 0.681398
0.589372 0.681398
0.589472 0.681398
0.589571 0.681172
0.589671 0.680947
0.589770 0.680947
0.589870 0.680947
0.589969 0.680947
0.590069 0.680947
0.590168 0.680947
0.590268 0.680947
0.590367 0.680722
0.590467 0.680722
0.590566 0.680271
0.590666 0.680271
0.590765 0.680271
0.590865 0.680271
0.590964 0.679820
0.591064 0.679820
0.591163 0.679820
0.591263 0.679820
0.591362 0.679820
0.591462 0.679820
0.591561 0.679594
0.591661 0.679594
0.591760 0.679594
0.591860 0.679369
0.591959 0.679369
0.592059 0.679143
0.592158 0.679143
0.592258 0.679143
0.592357 0.679143
0.592457 0.679143
0.592556 0.679143
0.592656 0.679143
0.592755 0.679143
0.592855 0.679143
0.592954 0.679143
0.593054 0.679143
0.593153 0.678918
0.593253 0.678692
0.593352 0.678692
0.593452 0.678692
0.593551 0.678467
0.593651 0.678241
0.593750 0.678241
0.593850 0.677790
0.593949 0.677790
0.594049 0.677790
0.594148 0.677565
0.594248 0.677565
0.594347 0.677339
0.594447 0.677339
0.594546 0.677339
0.594646 0.677339
0.594745 0.677339
0.594845 0.677339
0.594944 0.677339
0.595044 0.677339
0.595143 0.677339
0.595243 0.677339
0.595342 0.677339
0.595442 0.677339
0.595541 0.677339
0.595641 0.677339
0.595740 0.677339
0.595840 0.676888
0.595939 0.676888
0.596039 0.676888
0.596138 0.676888
0.596238 0.676888
0.596337 0.676663
0.596437 0.676212
0.596536 0.675761
0.596636 0.675310
0.596735 0.674859
0.596835 0.674634
0.596934 0.674634
0.597034 0.674634
0.597133 0.674634
0.597233 0.674634
0.597332 0.674634
0.597432 0.674408
0.597531 0.673732
0.597631 0.673281
0.597730 0.673281
0.597830 0.673281
0.597929 0.673055
0.598029 0.673055
0.598128 0.673055
0.598228 0.673055
0.598327 0.673055
0.598427 0.673055
0.598526 0.672830
0.598626 0.672830
0.598725 0.672830
0.598825 0.672604
0.598924 0.672379
0.599024 0.672153
0.599123 0.671928
0.599223 0.671702
0.599323 0.671702
0.599422 0.671702
0.599522 0.671477
0.599621 0.671251
0.599721 0.671251
0.599820 0.670575
0.599920 0.670575
0.600019 0.670349
0.600119 0.670349
0.600218 0.669899
0.600318 0.669448
0.600417 0.669448
0.600517 0.669222
0.600616 0.668997
0.600716 0.668546
0.600815 0.668320
0.600915 0.668320
0.601014 0.668095
0.601114 0.668095
0.601213 0.667869
0.601313 0.667869
0.601412 0.667869
0.601512 0.667644
0.601611 0.667418
0.601711 0.667193
0.601810 0.667193
0.601910 0.666967
0.602009 0.666967
0.602109 0.666967
0.602208 0.666967
0.602308 0.666742
0.602407 0.666516
0.602507 0.666291
0.602606 0.666291
0.602706 0.666291
0.602805 0.666065
0.602905 0.666065
0.603004 0.665840
0.603104 0.665614
0.603203 0.665389
0.603303 0.665163
0.603402 0.665163
0.603502 0.665163
0.603601 0.665163
0.603701 0.664713
0.603800 0.664713
0.603900 0.664713
0.603999 0.664487
0.604099 0.664262
0.604198 0.664036
0.604298 0.664036
0.604397 0.664036
0.604497 0.664036
0.604596 0.663811
0.604696 0.663811
0.604795 0.663585
0.604895 0.663360
0.604994 0.663360
0.605094 0.662909
0.605193 0.662909
0.605293 0.662683
0.605392 0.662683
0.605492 0.662683
0.605591 0.662683
0.605691 0.662683
0.605790 0.662683
0.605890 0.662683
0.605989 0.662683
0.606089 0.662458
0.606188 0.662232
0.606288 0.662232
0.606387 0.662007
0.606487 0.662007
0.606586 0.661781
0.606686 0.661556
0.606785 0.661556
0.606885 0.661556
0.606984 0.661556
0.607084 0.661556
0.607183 0.661330
0.607283 0.661330
0.607382 0.661105
0.607482 0.661105
0.607581 0.660879
0.607681 0.660879
0.607780 0.660879
0.607880 0.660879
0.607979 0.660654
0.608079 0.660428
0.608178 0.660203
0.608278 0.660203
0.608377 0.660203
0.608477 0.659977
0.608576 0.659977
0.608676 0.659752
0.608775 0.659526
0.608875 0.659526
0.608974 0.659076
0.609074 0.658850
0.609173 0.658625
0.609273 0.658625
0.609372 0.658625
0.609472 0.658399
0.609571 0.657948
0.609671 0.657948
0.609770 0.657497
0.609870 0.657497
0.609969 0.657497
0.610069 0.657497
0.610168 0.657497
0.610268 0.657497
0.610367 0.657272
0.610467 0.657272
0.610566 0.657272
0.610666 0.657046
0.610765 0.657046
0.610865 0.657046
0.610964 0.657046
0.611064 0.657046
0.611164 0.657046
0.611263 0.657046
0.611363 0.657046
0.611462 0.656821
0.611562 0.656370
0.611661 0.656370
0.611761 0.656370
0.611860 0.656144
0.611960 0.656144
0.612059 0.655919
0.612159 0.655919
0.612258 0.655693
0.612358 0.655693
0.612457 0.655468
0.612557 0.655242
0.612656 0.655017
0.612756 0.655017
0.612855 0.654566
0.612955 0.654340
0.613054 0.654340
0.613154 0.654115
0.613253 0.654115
0.613353 0.653890
0.613452 0.653890
0.613552 0.653890
0.613651 0.653890
0.613751 0.653890
0.613850 0.653890
0.613950 0.653890
0.614049 0.653890
0.614149 0.653890
0.614248 0.653890
0.614348 0.653664
0.614447 0.653664
0.614547 0.653664
0.614646 0.653439
0.614746 0.653439
0.614845 0.653213
0.614945 0.653213
0.615044 0.653213
0.615144 0.652988
0.615243 0.652988
0.615343 0.652988
0.615442 0.652762
0.615542 0.652762
0.615641 0.652762
0.615741 0.652762
0.615840 0.652762
0.615940 0.652762
0.616039 0.652762
0.616139 0.652762
0.616238 0.652762
0.616338 0.652537
0.616437 0.652537
0.616537 0.652311
0.616636 0.652311
0.616736 0.652311
0.616835 0.652086
0.616935 0.652086
0.617034 0.652086
0.617134 0.651860
0.617233 0.651635
0.617333 0.651184
0.617432 0.651184
0.617532 0.651184
0.617631 0.651184
0.617731 0.651184
0.617830 0.651184
0.617930 0.650958
0.618029 0.650507
0.618129 0.650507
0.618228 0.650507
0.618328 0.650507
0.618427 0.650507
0.618527 0.650507
0.618626 0.650056
0.618726 0.650056
0.618825 0.650056
0.618925 0.650056
0.619024 0.650056
0.619124 0.649831
0.619223 0.649831
0.619323 0.649831
0.619422 0.649605
0.619522 0.649380
0.619621 0.649380
0.619721 0.649154
0.619820 0.649154
0.619920 0.649154
0.620019 0.648703
0.620119 0.648703
0.620218 0.648703
0.620318 0.648703
0.620417 0.648703
0.620517 0.648478
0.620616 0.648478
0.620716 0.648478
0.620815 0.648478
0.620915 0.648253
0.621014 0.648253
0.621114 0.648253
0.621213 0.648253
0.621313 0.648253
0.621412 0.648253
0.621512 0.648253
0.621611 0.648027
0.621711 0.648027
0.621810 0.648027
0.621910 0.647802
0.622009 0.647802
0.622109 0.647576
0.622208 0.647351
0.622308 0.647351
0.622407 0.646674
0.622507 0.646674
0.622606 0.646674
0.622706 0.646674
0.622806 0.646449
0.622905 0.646223
0.623005 0.646223
0.623104 0.646223
0.623204 0.646223
0.623303 0.646223
0.623403 0.645998
0.623502 0.645998
0.623602 0.645998
0.623701 0.645772
0.623801 0.645547
0.623900 0.645547
0.624000 0.644870
0.624099 0.644870
0.624199 0.644645
0.624298 0.644645
0.624398 0.644645
0.624497 0.644645
0.624597 0.644645
0.624696 0.644419
0.624796 0.644194
0.624895 0.644194
0.624995 0.643743
0.625094 0.643743
0.625194 0.643743
0.625293 0.643517
0.625393 0.643517
0.625492 0.643292
0.625592 0.643292
0.625691 0.643067
0.625791 0.642841
0.625890 0.642841
0.625990 0.642841
0.626089 0.642841
0.626189 0.642841
0.626288 0.642616
0.626388 0.642616
0.626487 0.642616
0.626587 0.642616
0.626686 0.642616
0.626786 0.642616
0.626885 0.642390
0.626985 0.642165
0.627084 0.642165
0.627184 0.641939
0.627283 0.641714
0.627383 0.641714
0.627482 0.641714
0.627582 0.641714
0.627681 0.641714
0.627781 0.641714
0.627880 0.641488
0.627980 0.641263
0.628079 0.641037
0.628179 0.641037
0.628278 0.641037
0.628378 0.641037
0.628477 0.641037
0.628577 0.641037
0.628676 0.641037
0.628776 0.640812
0.628875 0.640135
0.628975 0.640135
0.629074 0.640135
0.629174 0.640135
0.629273 0.640135
0.629373 0.640135
0.629472 0.640135
0.629572 0.639910
0.629671 0.639910
0.629771 0.639684
0.629870 0.639684
0.629970 0.639684
0.630069 0.639459
0.630169 0.639233
0.630268 0.639233
0.630368 0.639008
0.630467 0.638782
0.630567 0.638782
0.630666 0.638782
0.630766 0.638782
0.630865 0.638782
0.630965 0.638557
0.631064 0.638557
0.631164 0.638106
0.631263 0.638106
0.631363 0.638106
0.631462 0.637880
0.631562 0.637880
0.631661 0.637880
0.631761 0.637880
0.631860 0.637880
0.631960 0.637655
0.632059 0.637655
0.632159 0.637430
0.632258 0.637430
0.632358 0.637204
0.632457 0.637204
0.632557 0.637204
0.632656 0.637204
0.632756 0.637204
0.632855 0.637204
0.632955 0.637204
0.633054 0.636979
0.633154 0.636979
0.633253 0.636979
0.633353 0.636753
0.633452 0.636528
0.633552 0.636528
0.633651 0.636528
0.633751 0.636528
0.633850 0.636528
0.633950 0.636528
0.634049 0.636528
0.634149 0.636077
0.634248 0.636077
0.634348 0.636077
0.634447 0.636077
0.634547 0.636077
0.634647 0.636077
0.634746 0.636077
0.634846 0.635626
0.634945 0.635626
0.635045 0.635626
0.635144 0.635626
0.635244 0.635400
0.635343 0.635400
0.635443 0.635175
0.635542 0.634949
0.635642 0.634949
0.635741 0.634949
0.635841 0.634724
0.635940 0.634273
0.636040 0.634273
0.636139 0.634273
0.636239 0.634273
0.636338 0.634273
0.636438 0.634047
0.636537 0.634047
0.636637 0.633822
0.636736 0.633822
0.636836 0.633596
0.636935 0.633596
0.637035 0.633596
0.637134 0.633371
0.637234 0.633371
0.637333 0.633371
0.637433 0.633371
0.637532 0.633371
0.637632 0.633145
0.637731 0.633145
0.637831 0.633145
0.637930 0.633145
0.638030 0.632920
0.638129 0.632920
0.638229 0.632920
0.638328 0.632694
0.638428 0.632469
0.638527 0.632244
0.638627 0.632244
0.638726 0.632244
0.638826 0.632244
0.638925 0.632018
0.639025 0.632018
0.639124 0.631567
0.639224 0.631567
0.639323 0.631342
0.639423 0.631116
0.639522 0.631116
0.639622 0.631116
0.639721 0.631116
0.639821 0.631116
0.639920 0.630891
0.640020 0.630891
0.640119 0.630891
0.640219 0.630891
0.640318 0.630440
0.640418 0.630440
0.640517 0.630214
0.640617 0.630214
0.640716 0.629989
0.640816 0.629989
0.640915 0.629989
0.641015 0.629538
0.641114 0.629312
0.641214 0.629087
0.641313 0.629087
0.641413 0.629087
0.641512 0.629087
0.641612 0.629087
0.641711 0.629087
0.641811 0.629087
0.641910 0.628861
0.642010 0.628861
0.642109 0.628410
0.642209 0.628410
0.642308 0.628410
0.642408 0.628410
0.642507 0.628410
0.642607 0.628185
0.642706 0.628185
0.642806 0.627959
0.642905 0.627734
0.643005 0.627734
0.643104 0.627283
0.643204 0.627283
0.643303 0.627283
0.643403 0.627283
0.643502 0.627283
0.643602 0.627283
0.643701 0.627057
0.643801 0.627057
0.643900 0.627057
0.644000 0.627057
0.644099 0.627057
0.644199 0.627057
0.644298 0.627057
0.644398 0.627057
0.644497 0.626832
0.644597 0.626832
0.644696 0.626832
0.644796 0.626832
0.644895 0.626832
0.644995 0.626832
0.645094 0.626832
0.645194 0.626832
0.645293 0.626832
0.645393 0.626607
0.645492 0.626381
0.645592 0.626156
0.645691 0.626156
0.645791 0.626156
0.645890 0.626156
0.645990 0.625930
0.646089 0.625705
0.646189 0.625705
0.646288 0.625705
0.646388 0.625705
0.646488 0.625705
0.646587 0.625705
0.646687 0.625705
0.646786 0.625705
0.646886 0.625705
0.646985 0.625705
0.647085 0.625705
0.647184 0.625479
0.647284 0.624803
0.647383 0.624803
0.647483 0.624803
0.647582 0.624577
0.647682 0.624577
0.647781 0.624577
0.647881 0.624352
0.647980 0.623901
0.648080 0.623901
0.648179 0.623901
0.648279 0.623901
0.648378 0.623675
0.648478 0.623450
0.648577 0.623450
0.648677 0.623450
0.648776 0.623450
0.648876 0.623450
0.648975 0.623450
0.649075 0.623450
0.649174 0.623224
0.649274 0.623224
0.649373 0.623224
0.649473 0.623224
0.649572 0.623224
0.649672 0.622999
0.649771 0.622999
0.649871 0.622999
0.649970 0.622773
0.650070 0.622773
0.650169 0.622548
0.650269 0.622548
0.650368 0.622548
0.650468 0.622322
0.650567 0.622322
0.650667 0.622097
0.650766 0.622097
0.650866 0.622097
0.650965 0.622097
0.651065 0.622097
0.651164 0.622097
0.651264 0.621871
0.651363 0.621871
0.651463 0.621871
0.651562 0.621871
0.651662 0.621871
0.651761 0.621871
0.651861 0.620970
0.651960 0.620970
0.652060 0.620744
0.652159 0.620744
0.652259 0.620519
0.652358 0.620519
0.652458 0.620293
0.652557 0.620293
0.652657 0.620293
0.652756 0.620068
0.652856 0.619842
0.652955 0.619842
0.653055 0.619842
0.653154 0.619842
0.653254 0.619842
0.653353 0.619842
0.653453 0.619842
0.653552 0.619617
0.653652 0.619166
0.653751 0.619166
0.653851 0.618940
0.653950 0.618940
0.654050 0.618715
0.654149 0.618489
0.654249 0.618489
0.654348 0.618264
0.654448 0.618264
0.654547 0.618038
0.654647 0.618038
0.654746 0.618038
0.654846 0.617813
0.654945 0.617813
0.655045 0.617813
0.655144 0.617813
0.655244 0.617813
0.655343 0.617587
0.655443 0.617587
0.655542 0.617587
0.655642 0.617587
0.655741 0.617362
0.655841 0.617362
0.655940 0.616911
0.656040 0.616685
0.656139 0.616685
0.656239 0.616460
0.656338 0.616460
0.656438 0.616460
0.656537 0.616460
0.656637 0.616234
0.656736 0.616234
0.656836 0.615784
0.656935 0.615784
0.657035 0.615558
0.657134 0.615107
0.657234 0.615107
0.657333 0.615107
0.657433 0.614882
0.657532 0.614882
0.657632 0.614882
0.657731 0.614431
0.657831 0.614431
0.657930 0.614431
0.658030 0.614431
0.658130 0.614431
0.658229 0.614205
0.658329 0.614205
0.658428 0.614205
0.658528 0.614205
0.658627 0.613980
0.658727 0.613980
0.658826 0.613980
0.658926 0.613754
0.659025 0.613529
0.659125 0.613529
0.659224 0.613303
0.659324 0.613078
0.659423 0.613078
0.659523 0.612627
0.659622 0.612401
0.659722 0.612401
0.659821 0.612401
0.659921 0.612401
0.660020 0.612401
0.660120 0.612176
0.660219 0.611950
0.660319 0.611950
0.660418 0.611950
0.660518 0.611725
0.660617 0.611499
0.660717 0.611499
0.660816 0.611499
0.660916 0.611274
0.661015 0.611274
0.661115 0.611274
0.661214 0.611048
0.661314 0.610823
0.661413 0.610598
0.661513 0.610598
0.661612 0.610598
0.661712 0.610598
0.661811 0.610598
0.661911 0.610598
0.662010 0.610372
0.662110 0.610372
0.662209 0.610372
0.662309 0.610372
0.662408 0.610372
0.662508 0.609921
0.662607 0.609921
0.662707 0.609921
0.662806 0.609921
0.662906 0.609696
0.663005 0.609470
0.663105 0.609019
0.663204 0.609019
0.663304 0.609019
0.663403 0.608794
0.663503 0.608568
0.663602 0.608568
0.663702 0.608568
0.663801 0.608568
0.663901 0.608343
0.664000 0.608343
0.664100 0.608343
0.664199 0.608343
0.664299 0.608343
0.664398 0.608343
0.664498 0.608343
0.664597 0.608343
0.664697 0.608343
0.664796 0.608117
0.664896 0.607892
0.664995 0.607892
0.665095 0.607892
0.665194 0.607892
0.665294 0.607892
0.665393 0.607892
0.665493 0.607892
0.665592 0.607892
0.665692 0.607892
0.665791 0.607892
0.665891 0.607215
0.665990 0.606764
0.666090 0.606539
0.666189 0.606313
0.666289 0.605862
0.666388 0.605862
0.666488 0.605862
0.666587 0.605637
0.666687 0.605637
0.666786 0.605637
0.666886 0.605186
0.666985 0.605186
0.667085 0.605186
0.667184 0.604961
0.667284 0.604735
0.667383 0.604735
0.667483 0.604735
0.667582 0.604735
0.667682 0.604735
0.667781 0.604735
0.667881 0.604510
0.667980 0.604284
0.668080 0.604284
0.668179 0.603833
0.668279 0.603833
0.668378 0.603608
0.668478 0.603608
0.668577 0.603608
0.668677 0.603608
0.668776 0.603608
0.668876 0.603382
0.668975 0.603382
0.669075 0.603382
0.669174 0.603157
0.669274 0.603157
0.669373 0.603157
0.669473 0.603157
0.669572 0.602931
0.669672 0.602931
0.669771 0.602706
0.669871 0.602706
0.669971 0.602706
0.670070 0.602706
0.670170 0.602480
0.670269 0.602480
0.670369 0.602255
0.670468 0.602029
0.670568 0.601804
0.670667 0.601578
0.670767 0.601578
0.670866 0.601578
0.670966 0.601578
0.671065 0.601578
0.671165 0.601127
0.671264 0.601127
0.671364 0.601127
0.671463 0.601127
0.671563 0.601127
0.671662 0.601127
0.671762 0.601127
0.671861 0.601127
0.671961 0.601127
0.672060 0.601127
0.672160 0.601127
0.672259 0.601127
0.672359 0.600902
0.672458 0.600902
0.672558 0.600676
0.672657 0.600676
0.672757 0.600676
0.672856 0.600451
0.672956 0.600225
0.673055 0.600225
0.673155 0.600225
0.673254 0.600225
0.673354 0.600225
0.673453 0.599775
0.673553 0.599775
0.673652 0.599549
0.673752 0.599549
0.673851 0.599324
0.673951 0.599324
0.674050 0.599098
0.674150 0.599098
0.674249 0.599098
0.674349 0.599098
0.674448 0.599098
0.674548 0.599098
0.674647 0.599098
0.674747 0.599098
0.674846 0.599098
0.674946 0.598873
0.675045 0.598873
0.675145 0.598873
0.675244 0.598873
0.675344 0.598873
0.675443 0.598647
0.675543 0.598422
0.675642 0.598196
0.675742 0.598196
0.675841 0.598196
0.675941 0.598196
0.676040 0.598196
0.676140 0.598196
0.676239 0.598196
0.676339 0.597971
0.676438 0.597971
0.676538 0.597520
0.676637 0.597294
0.676737 0.597069
0.676836 0.597069
0.676936 0.597069
0.677035 0.597069
0.677135 0.597069
0.677234 0.596843
0.677334 0.596843
0.677433 0.596843
0.677533 0.596843
0.677632 0.596843
0.677732 0.596843
0.677831 0.596392
0.677931 0.596392
0.678030 0.596167
0.678130 0.596167
0.678229 0.596167
0.678329 0.595716
0.678428 0.595490
0.678528 0.595490
0.678627 0.595265
0.678727 0.595265
0.678826 0.595265
0.678926 0.595039
0.679025 0.595039
0.679125 0.595039
0.679224 0.595039
0.679324 0.595039
0.679423 0.595039
0.679523 0.595039
0.679622 0.595039
0.679722 0.595039
0.679821 0.594589
0.679921 0.594589
0.680020 0.594589
0.680120 0.594363
0.680219 0.594363
0.680319 0.594363
0.680418 0.594363
0.680518 0.594363
0.680617 0.594363
0.680717 0.594363
0.680816 0.593687
0.680916 0.593461
0.681015 0.593010
0.681115 0.593010
0.681214 0.592785
0.681314 0.592559
0.681413 0.592559
0.681513 0.592559
0.681612 0.592559
0.681712 0.592334
0.681812 0.592334
0.681911 0.592108
0.682011 0.591883
0.682110 0.591883
0.682210 0.591432
0.682309 0.591432
0.682409 0.591206
0.682508 0.591206
0.682608 0.590981
0.682707 0.590981
0.682807 0.590304
0.682906 0.590079
0.683006 0.590079
0.683105 0.589853
0.683205 0.589853
0.683304 0.589853
0.683404 0.589853
0.683503 0.589853
0.683603 0.589628
0.683702 0.589177
0.683802 0.588952
0.683901 0.588726
0.684001 0.588275
0.684100 0.588050
0.684200 0.587824
0.684299 0.587599
0.684399 0.587599
0.684498 0.587373
0.684598 0.587373
0.684697 0.587373
0.684797 0.587148
0.684896 0.587148
0.684996 0.587148
0.685095 0.586922
0.685195 0.586922
0.685294 0.586697
0.685394 0.586697
0.685493 0.586697
0.685593 0.586697
0.685692 0.586697
0.685792 0.586697
0.685891 0.586697
0.685991 0.586697
0.686090 0.586697
0.686190 0.586246
0.686289 0.586246
0.686389 0.586020
0.686488 0.586020
0.686588 0.586020
0.686687 0.586020
0.686787 0.586020
0.686886 0.585795
0.686986 0.585569
0.687085 0.585569
0.687185 0.585569
0.687284 0.585569
0.687384 0.585569
0.687483 0.585118
0.687583 0.584893
0.687682 0.584667
0.687782 0.584667
0.687881 0.584667
0.687981 0.584667
0.688080 0.584667
0.688180 0.584667
0.688279 0.584667
0.688379 0.584442
0.688478 0.584442
0.688578 0.583991
0.688677 0.583991
0.688777 0.583991
0.688876 0.583766
0.688976 0.583540
0.689075 0.583540
0.689175 0.583540
0.689274 0.583540
0.689374 0.583540
0.689473 0.583315
0.689573 0.583315
0.689672 0.583315
0.689772 0.583089
0.689871 0.582864
0.689971 0.582638
0.690070 0.582638
0.690170 0.582638
0.690269 0.582638
0.690369 0.582638
0.690468 0.582413
0.690568 0.582413
0.690667 0.582413
0.690767 0.582413
0.690866 0.582413
0.690966 0.582413
0.691065 0.582187
0.691165 0.582187
0.691264 0.581736
0.691364 0.581511
0.691463 0.581285
0.691563 0.581285
0.691662 0.580609
0.691762 0.580609
0.691861 0.580609
0.691961 0.580609
0.692060 0.580383
0.692160 0.580383
0.692259 0.580158
0.692359 0.579932
0.692458 0.579481
0.692558 0.579481
0.692657 0.579030
0.692757 0.578579
0.692856 0.578579
0.692956 0.578129
0.693055 0.578129
0.693155 0.578129
0.693254 0.577903
0.693354 0.577903
0.693454 0.577903
0.693553 0.577678
0.693653 0.577227
0.693752 0.577227
0.693852 0.577001
0.693951 0.576776
0.694051 0.576776
0.694150 0.576776
0.694250 0.576550
0.694349 0.575874
0.694449 0.575874
0.694548 0.575874
0.694648 0.575423
0.694747 0.575423
0.694847 0.575197
0.694946 0.575197
0.695046 0.574972
0.695145 0.574972
0.695245 0.574972
0.695344 0.574972
0.695444 0.574746
0.695543 0.574746
0.695643 0.574746
0.695742 0.574746
0.695842 0.574295
0.695941 0.574295
0.696041 0.574295
0.696140 0.574295
0.696240 0.574295
0.696339 0.574295
0.696439 0.574295
0.696538 0.574295
0.696638 0.574295
0.696737 0.573844
0.696837 0.573844
0.696936 0.573844
0.697036 0.573619
0.697135 0.573619
0.697235 0.573393
0.697334 0.573393
0.697434 0.573168
0.697533 0.573168
0.697633 0.573168
0.697732 0.572717
0.697832 0.572717
0.697931 0.572717
0.698031 0.572492
0.698130 0.572492
0.698230 0.572266
0.698329 0.572041
0.698429 0.572041
0.698528 0.572041
0.698628 0.571815
0.698727 0.571815
0.698827 0.571590
0.698926 0.571590
0.699026 0.571590
0.699125 0.571590
0.699225 0.571364
0.699324 0.571364
0.699424 0.571364
0.699523 0.571364
0.699623 0.570913
0.699722 0.570688
0.699822 0.570688
0.699921 0.570688
0.700021 0.570688
0.700120 0.570462
0.700220 0.570237
0.700319 0.570237
0.700419 0.570237
0.700518 0.570237
0.700618 0.570011
0.700717 0.569786
0.700817 0.569560
0.700916 0.569560
0.701016 0.569560
0.701115 0.569560
0.701215 0.569560
0.701314 0.569560
0.701414 0.569335
0.701513 0.569335
0.701613 0.569335
0.701712 0.569335
0.701812 0.569335
0.701911 0.569335
0.702011 0.569109
0.702110 0.569109
0.702210 0.568884
0.702309 0.568884
0.702409 0.568884
0.702508 0.568884
0.702608 0.568658
0.702707 0.568433
0.702807 0.568433
0.702906 0.568433
0.703006 0.568207
0.703105 0.568207
0.703205 0.568207
0.703304 0.568207
0.703404 0.568207
0.703503 0.567982
0.703603 0.567982
0.703702 0.567756
0.703802 0.567756
0.703901 0.567306
0.704001 0.566855
0.704100 0.566855
0.704200 0.566404
0.704299 0.566404
0.704399 0.566178
0.704498 0.565953
0.704598 0.565727
0.704697 0.565727
0.704797 0.565727
0.704896 0.565727
0.704996 0.565502
0.705095 0.565502
0.705195 0.565502
0.705295 0.565502
0.705394 0.565051
0.705494 0.565051
0.705593 0.565051
0.705693 0.565051
0.705792 0.565051
0.705892 0.565051
0.705991 0.565051
0.706091 0.564825
0.706190 0.564825
0.706290 0.564149
0.706389 0.564149
0.706489 0.563923
0.706588 0.563698
0.706688 0.563472
0.706787 0.563472
0.706887 0.563472
0.706986 0.563021
0.707086 0.563021
0.707185 0.563021
0.707285 0.562796
0.707384 0.562796
0.707484 0.562796
0.707583 0.562796
0.707683 0.562796
0.707782 0.562796
0.707882 0.562120
0.707981 0.561669
0.708081 0.561443
0.708180 0.561218
0.708280 0.560992
0.708379 0.560767
0.708479 0.560541
0.708578 0.560316
0.708678 0.560090
0.708777 0.559865
0.708877 0.559865
0.708976 0.559639
0.709076 0.559639
0.709175 0.559639
0.709275 0.559639
0.709374 0.559639
0.709474 0.559414
0.709573 0.559188
0.709673 0.558963
0.709772 0.558737
0.709872 0.558737
0.709971 0.558512
0.710071 0.558512
0.710170 0.558286
0.710270 0.558061
0.710369 0.558061
0.710469 0.557835
0.710568 0.557835
0.710668 0.557835
0.710767 0.557610
0.710867 0.557610
0.710966 0.556933
0.711066 0.556933
0.711165 0.556483
0.711265 0.556483
0.711364 0.556257
0.711464 0.556032
0.711563 0.556032
0.711663 0.556032
0.711762 0.556032
0.711862 0.555806
0.711961 0.555806
0.712061 0.555806
0.712160 0.555806
0.712260 0.555806
0.712359 0.555806
0.712459 0.555806
0.712558 0.555806
0.712658 0.555581
0.712757 0.555581
0.712857 0.555581
0.712956 0.555581
0.713056 0.555581
0.713155 0.555581
0.713255 0.555581
0.713354 0.555581
0.713454 0.555581
0.713553 0.555581
0.713653 0.555581
0.713752 0.555581
0.713852 0.555355
0.713951 0.554453
0.714051 0.554228
0.714150 0.554228
0.714250 0.554228
0.714349 0.554002
0.714449 0.553777
0.714548 0.553777
0.714648 0.553777
0.714747 0.553777
0.714847 0.553777
0.714946 0.553777
0.715046 0.553326
0.715145 0.553326
0.715245 0.552875
0.715344 0.552875
0.715444 0.552649
0.715543 0.552649
0.715643 0.552649
0.715742 0.552649
0.715842 0.552649
0.715941 0.552424
0.716041 0.552198
0.716140 0.552198
0.716240 0.552198
0.716339 0.552198
0.716439 0.551973
0.716538 0.551973
0.716638 0.551973
0.716737 0.551747
0.716837 0.551747
0.716936 0.551747
0.717036 0.551747
0.717136 0.551747
0.717235 0.551747
0.717335 0.551297
0.717434 0.551297
0.717534 0.551297
0.717633 0.551297
0.717733 0.551297
0.717832 0.551071
0.717932 0.551071
0.718031 0.550620
0.718131 0.550620
0.718230 0.550395
0.718330 0.550395
0.718429 0.550169
0.718529 0.550169
0.718628 0.550169
0.718728 0.550169
0.718827 0.549944
0.718927 0.549718
0.719026 0.549718
0.719126 0.549493
0.719225 0.549493
0.719325 0.549493
0.719424 0.549493
0.719524 0.549493
0.719623 0.549493
0.719723 0.549493
0.719822 0.549267
0.719922 0.549267
0.720021 0.549042
0.720121 0.548816
0.720220 0.548816
0.720320 0.548591
0.720419 0.548591
0.720519 0.548365
0.720618 0.548365
0.720718 0.548365
0.720817 0.548365
0.720917 0.548365
0.721016 0.548140
0.721116 0.547914
0.721215 0.547914
0.721315 0.547689
0.721414 0.547689
0.721514 0.547689
0.721613 0.547463
0.721713 0.547463
0.721812 0.547463
0.721912 0.547238
0.722011 0.547238
0.722111 0.547012
0.722210 0.547012
0.722310 0.546787
0.722409 0.546787
0.722509 0.546787
0.722608 0.546561
0.722708 0.546336
0.722807 0.546336
0.722907 0.545660
0.723006 0.545660
0.723106 0.545660
0.723205 0.545209
0.723305 0.544983
0.723404 0.544983
0.723504 0.544758
0.723603 0.544758
0.723703 0.544758
0.723802 0.544532
0.723902 0.544307
0.724001 0.543630
0.724101 0.543179
0.724200 0.543179
0.724300 0.543179
0.724399 0.542954
0.724499 0.542954
0.724598 0.542954
0.724698 0.542954
0.724797 0.542728
0.724897 0.542503
0.724996 0.542503
0.725096 0.542052
0.725195 0.542052
0.725295 0.542052
0.725394 0.542052
0.725494 0.542052
0.725593 0.542052
0.725693 0.541826
0.725792 0.541826
0.725892 0.541601
0.725991 0.541601
0.726091 0.541150
0.726190 0.541150
0.726290 0.540924
0.726389 0.540699
0.726489 0.540699
0.726588 0.540699
0.726688 0.540474
0.726787 0.540474
0.726887 0.540474
0.726986 0.540474
0.727086 0.540248
0.727185 0.540248
0.727285 0.540248
0.727384 0.540248
0.727484 0.540248
0.727583 0.540248
0.727683 0.540248
0.727782 0.540248
0.727882 0.540248
0.727981 0.540248
0.728081 0.540248
0.728180 0.540023
0.728280 0.540023
0.728379 0.540023
0.728479 0.539797
0.728578 0.539797
0.728678 0.539572
0.728778 0.539346
0.728877 0.539121
0.728977 0.539121
0.729076 0.539121
0.729176 0.539121
0.729275 0.539121
0.729375 0.538895
0.729474 0.538670
0.729574 0.538670
0.729673 0.538670
0.729773 0.538670
0.729872 0.538670
0.729972 0.538670
0.730071 0.538670
0.730171 0.538444
0.730270 0.538444
0.730370 0.538444
0.730469 0.538444
0.730569 0.538219
0.730668 0.537542
0.730768 0.537542
0.730867 0.537542
0.730967 0.536866
0.731066 0.536866
0.731166 0.536640
0.731265 0.536640
0.731365 0.536415
0.731464 0.536415
0.731564 0.536189
0.731663 0.536189
0.731763 0.536189
0.731862 0.535964
0.731962 0.535513
0.732061 0.535287
0.732161 0.535287
0.732260 0.535062
0.732360 0.535062
0.732459 0.534837
0.732559 0.534386
0.732658 0.534160
0.732758 0.533935
0.732857 0.533935
0.732957 0.533935
0.733056 0.533709
0.733156 0.533258
0.733255 0.533258
0.733355 0.533258
0.733454 0.533258
0.733554 0.533258
0.733653 0.533033
0.733753 0.533033
0.733852 0.533033
0.733952 0.532807
0.734051 0.532807
0.734151 0.532582
0.734250 0.532582
0.734350 0.532582
0.734449 0.532582
0.734549 0.532582
0.734648 0.532131
0.734748 0.531905
0.734847 0.531905
0.734947 0.531905
0.735046 0.531905
0.735146 0.531905
0.735245 0.531680
0.735345 0.531454
0.735444 0.531454
0.735544 0.531454
0.735643 0.531454
0.735743 0.531229
0.735842 0.531003
0.735942 0.530552
0.736041 0.530552
0.736141 0.530327
0.736240 0.530327
0.736340 0.530327
0.736439 0.530101
0.736539 0.530101
0.736638 0.530101
0.736738 0.530101
0.736837 0.529425
0.736937 0.529425
0.737036 0.529425
0.737136 0.529425
0.737235 0.529425
0.737335 0.529425
0.737434 0.529200
0.737534 0.528749
0.737633 0.528523
0.737733 0.528298
0.737832 0.528298
0.737932 0.528298
0.738031 0.528072
0.738131 0.528072
0.738230 0.528072
0.738330 0.528072
0.738429 0.527847
0.738529 0.527396
0.738628 0.526945
0.738728 0.526719
0.738827 0.526719
0.738927 0.526719
0.739026 0.526719
0.739126 0.526268
0.739225 0.526268
0.739325 0.526268
0.739424 0.525817
0.739524 0.525817
0.739623 0.525592
0.739723 0.525592
0.739822 0.525366
0.739922 0.525141
0.740021 0.524915
0.740121 0.524915
0.740220 0.524915
0.740320 0.524915
0.740419 0.524690
0.740519 0.524690
0.740619 0.524690
0.740718 0.524690
0.740818 0.524464
0.740917 0.524464
0.741017 0.524239
0.741116 0.524239
0.741216 0.524014
0.741315 0.524014
0.741415 0.524014
0.741514 0.524014
0.741614 0.524014
0.741713 0.524014
0.741813 0.524014
0.741912 0.524014
0.742012 0.524014
0.742111 0.524014
0.742211 0.524014
0.742310 0.524014
0.742410 0.524014
0.742509 0.523788
0.742609 0.523788
0.742708 0.523788
0.742808 0.523788
0.742907 0.523788
0.743007 0.523788
0.743106 0.523563
0.743206 0.523563
0.743305 0.523112
0.743405 0.523112
0.743504 0.523112
0.743604 0.523112
0.743703 0.523112
0.743803 0.522661
0.743902 0.522435
0.744002 0.522435
0.744101 0.522435
0.744201 0.522435
0.744300 0.522435
0.744400 0.522435
0.744499 0.522435
0.744599 0.522435
0.744698 0.521759
0.744798 0.521759
0.744897 0.521759
0.744997 0.521759
0.745096 0.521533
0.745196 0.521533
0.745295 0.521308
0.745395 0.521082
0.745494 0.520857
0.745594 0.520857
0.745693 0.520857
0.745793 0.520631
0.745892 0.520406
0.745992 0.520406
0.746091 0.520406
0.746191 0.520180
0.746290 0.520180
0.746390 0.520180
0.746489 0.519955
0.746589 0.519955
0.746688 0.519729
0.746788 0.519729
0.746887 0.519729
0.746987 0.519729
0.747086 0.519504
0.747186 0.519504
0.747285 0.519504
0.747385 0.519278
0.747484 0.519278
0.747584 0.518828
0.747683 0.518828
0.747783 0.518828
0.747882 0.518828
0.747982 0.518828
0.748081 0.518828
0.748181 0.518602
0.748280 0.518602
0.748380 0.518602
0.748479 0.518377
0.748579 0.518151
0.748678 0.517926
0.748778 0.517926
0.748877 0.517926
0.748977 0.517475
0.749076 0.517249
0.749176 0.517249
0.749275 0.517024
0.749375 0.517024
0.749474 0.517024
0.749574 0.517024
0.749673 0.517024
0.749773 0.517024
0.749872 0.517024
0.749972 0.516798
0.750071 0.516798
0.750171 0.516573
0.750270 0.516573
0.750370 0.516573
0.750469 0.516347
0.750569 0.516122
0.750668 0.515896
0.750768 0.515896
0.750867 0.515671
0.750967 0.515671
0.751066 0.515445
0.751166 0.515445
0.751265 0.515445
0.751365 0.515445
0.751464 0.515220
0.751564 0.515220
0.751663 0.514994
0.751763 0.514994
0.751862 0.514994
0.751962 0.514994
0.752061 0.514994
0.752161 0.514769
0.752260 0.514769
0.752360 0.514543
0.752460 0.514318
0.752559 0.514092
0.752659 0.513867
0.752758 0.513867
0.752858 0.513867
0.752957 0.513867
0.753057 0.513867
0.753156 0.513641
0.753256 0.513641
0.753355 0.513641
0.753455 0.513641
0.753554 0.513416
0.753654 0.513416
0.753753 0.513191
0.753853 0.513191
0.753952 0.512965
0.754052 0.512514
0.754151 0.512514
0.754251 0.512289
0.754350 0.512063
0.754450 0.512063
0.754549 0.511838
0.754649 0.511838
0.754748 0.511838
0.754848 0.511838
0.754947 0.511612
0.755047 0.511612
0.755146 0.511612
0.755246 0.511387
0.755345 0.511387
0.755445 0.511387
0.755544 0.510936
0.755644 0.510710
0.755743 0.510710
0.755843 0.510485
0.755942 0.510485
0.756042 0.510485
0.756141 0.510485
0.756241 0.510485
0.756340 0.510259
0.756440 0.510259
0.756539 0.510259
0.756639 0.510259
0.756738 0.510259
0.756838 0.510259
0.756937 0.509808
0.757037 0.509583
0.757136 0.509132
0.757236 0.509132
0.757335 0.509132
0.757435 0.509132
0.757534 0.509132
0.757634 0.509132
0.757733 0.509132
0.757833 0.509132
0.757932 0.509132
0.758032 0.509132
0.758131 0.509132
0.758231 0.509132
0.758330 0.508681
0.758430 0.508681
0.758529 0.508681
0.758629 0.508455
0.758728 0.508455
0.758828 0.508230
0.758927 0.508005
0.759027 0.508005
0.759126 0.507779
0.759226 0.507554
0.759325 0.507554
0.759425 0.507554
0.759524 0.507103
0.759624 0.507103
0.759723 0.506877
0.759823 0.506426
0.759922 0.506201
0.760022 0.505750
0.760121 0.505750
0.760221 0.505750
0.760320 0.505524
0.760420 0.505524
0.760519 0.505299
0.760619 0.505299
0.760718 0.505299
0.760818 0.505299
0.760917 0.504848
0.761017 0.504171
0.761116 0.503946
0.761216 0.503946
0.761315 0.503720
0.761415 0.503720
0.761514 0.503720
0.761614 0.503720
0.761713 0.503720
0.761813 0.503720
0.761912 0.503720
0.762012 0.503720
0.762111 0.503495
0.762211 0.503269
0.762310 0.503269
0.762410 0.503269
0.762509 0.503044
0.762609 0.502818
0.762708 0.502818
0.762808 0.502593
0.762907 0.502142
0.763007 0.501917
0.763106 0.501917
0.763206 0.501917
0.763305 0.501466
0.763405 0.501466
0.763504 0.501466
0.763604 0.501240
0.763703 0.501240
0.763803 0.501015
0.763902 0.500789
0.764002 0.500789
0.764102 0.500564
0.764201 0.500338
0.764301 0.500338
0.764400 0.500113
0.764500 0.499887
0.764599 0.499887
0.764699 0.499887
0.764798 0.499662
0.764898 0.499436
0.764997 0.499436
0.765097 0.499211
0.765196 0.499211
0.765296 0.499211
0.765395 0.499211
0.765495 0.499211
0.765594 0.498985
0.765694 0.498760
0.765793 0.498534
0.765893 0.497632
0.765992 0.497632
0.766092 0.497407
0.766191 0.497407
0.766291 0.497182
0.766390 0.497182
0.766490 0.496956
0.766589 0.496505
0.766689 0.496505
0.766788 0.496505
0.766888 0.496505
0.766987 0.496280
0.767087 0.496280
0.767186 0.495829
0.767286 0.495829
0.767385 0.495829
0.767485 0.495829
0.767584 0.495378
0.767684 0.495378
0.767783 0.495378
0.767883 0.495378
0.767982 0.495152
0.768082 0.495152
0.768181 0.495152
0.768281 0.495152
0.768380 0.495152
0.768480 0.495152
0.768579 0.494927
0.768679 0.494927
0.768778 0.494701
0.768878 0.494476
0.768977 0.494025
0.769077 0.493348
0.769176 0.493348
0.769276 0.493348
0.769375 0.493348
0.769475 0.493123
0.769574 0.493123
0.769674 0.493123
0.769773 0.493123
0.769873 0.493123
0.769972 0.493123
0.770072 0.492897
0.770171 0.492897
0.770271 0.492897
0.770370 0.492897
0.770470 0.492897
0.770569 0.492672
0.770669 0.492221
0.770768 0.491995
0.770868 0.491995
0.770967 0.491545
0.771067 0.491545
0.771166 0.491319
0.771266 0.491319
0.771365 0.491319
0.771465 0.491094
0.771564 0.490868
0.771664 0.490868
0.771763 0.490868
0.771863 0.490868
0.771962 0.490868
0.772062 0.490868
0.772161 0.490868
0.772261 0.490868
0.772360 0.490643
0.772460 0.490417
0.772559 0.490417
0.772659 0.490417
0.772758 0.489966
0.772858 0.489966
0.772957 0.489966
0.773057 0.489741
0.773156 0.489741
0.773256 0.489741
0.773355 0.489741
0.773455 0.489741
0.773554 0.489290
0.773654 0.489290
0.773753 0.489290
0.773853 0.489064
0.773952 0.489064
0.774052 0.488388
0.774151 0.487937
0.774251 0.487711
0.774350 0.487486
0.774450 0.487260
0.774549 0.487260
0.774649 0.487260
0.774748 0.487035
0.774848 0.487035
0.774947 0.487035
0.775047 0.486809
0.775146 0.486809
0.775246 0.486809
0.775345 0.486809
0.775445 0.486809
0.775544 0.486809
0.775644 0.486809
0.775743 0.486809
0.775843 0.486809
0.775943 0.486584
0.776042 0.486584
0.776142 0.486584
0.776241 0.486584
0.776341 0.486584
0.776440 0.486133
0.776540 0.486133
0.776639 0.486133
0.776739 0.485908
0.776838 0.485682
0.776938 0.485682
0.777037 0.485457
0.777137 0.485457
0.777236 0.485457
0.777336 0.485006
0.777435 0.485006
0.777535 0.485006
0.777634 0.484780
0.777734 0.484329
0.777833 0.484104
0.777933 0.483878
0.778032 0.483653
0.778132 0.483653
0.778231 0.483653
0.778331 0.483653
0.778430 0.483427
0.778530 0.483427
0.778629 0.483202
0.778729 0.483202
0.778828 0.483202
0.778928 0.483202
0.779027 0.483202
0.779127 0.483202
0.779226 0.482976
0.779326 0.482976
0.779425 0.482976
0.779525 0.482751
0.779624 0.482751
0.779724 0.482300
0.779823 0.482074
0.779923 0.482074
0.780022 0.481623
0.780122 0.481398
0.780221 0.481398
0.780321 0.481398
0.780420 0.481398
0.780520 0.481398
0.780619 0.481172
0.780719 0.480947
0.780818 0.480947
0.780918 0.480947
0.781017 0.480947
0.781117 0.480947
0.781216 0.480722
0.781316 0.480496
0.781415 0.480271
0.781515 0.480271
0.781614 0.480271
0.781714 0.480271
0.781813 0.480045
0.781913 0.480045
0.782012 0.480045
0.782112 0.480045
0.782211 0.479594
0.782311 0.479369
0.782410 0.479369
0.782510 0.479369
0.782609 0.479143
0.782709 0.479143
0.782808 0.479143
0.782908 0.478918
0.783007 0.478918
0.783107 0.478918
0.783206 0.478241
0.783306 0.478241
0.783405 0.478241
0.783505 0.477790
0.783604 0.477790
0.783704 0.477790
0.783803 0.477790
0.783903 0.477790
0.784002 0.477790
0.784102 0.477565
0.784201 0.477565
0.784301 0.477565
0.784400 0.477339
0.784500 0.477339
0.784599 0.477339
0.784699 0.477339
0.784798 0.476888
0.784898 0.476888
0.784997 0.476888
0.785097 0.476888
0.785196 0.476888
0.785296 0.476888
0.785395 0.476437
0.785495 0.476437
0.785594 0.476212
0.785694 0.476212
0.785793 0.476212
0.785893 0.476212
0.785992 0.476212
0.786092 0.476212
0.786191 0.475986
0.786291 0.475761
0.786390 0.475761
0.786490 0.475761
0.786589 0.475536
0.786689 0.475310
0.786788 0.475310
0.786888 0.475310
0.786987 0.475310
0.787087 0.475310
0.787186 0.475085
0.787286 0.475085
0.787385 0.474634
0.787485 0.474408
0.787584 0.474408
0.787684 0.474408
0.787784 0.474183
0.787883 0.473957
0.787983 0.473506
0.788082 0.473506
0.788182 0.473506
0.788281 0.473506
0.788381 0.473506
0.788480 0.473506
0.788580 0.473281
0.788679 0.473281
0.788779 0.472830
0.788878 0.472830
0.788978 0.472830
0.789077 0.472830
0.789177 0.472830
0.789276 0.472830
0.789376 0.472830
0.789475 0.472604
0.789575 0.472379
0.789674 0.472153
0.789774 0.472153
0.789873 0.472153
0.789973 0.471928
0.790072 0.471928
0.790172 0.471928
0.790271 0.471928
0.790371 0.471928
0.790470 0.471928
0.790570 0.471702
0.790669 0.471251
0.790769 0.471251
0.790868 0.471251
0.790968 0.471026
0.791067 0.471026
0.791167 0.471026
0.791266 0.471026
0.791366 0.471026
0.791465 0.470800
0.791565 0.470575
0.791664 0.470575
0.791764 0.470575
0.791863 0.470575
0.791963 0.470349
0.792062 0.470349
0.792162 0.470124
0.792261 0.469899
0.792361 0.469899
0.792460 0.469899
0.792560 0.469899
0.792659 0.469899
0.792759 0.469673
0.792858 0.469448
0.792958 0.469222
0.793057 0.469222
0.793157 0.468771
0.793256 0.468771
0.793356 0.468546
0.793455 0.468546
0.793555 0.468546
0.793654 0.468320
0.793754 0.468320
0.793853 0.467869
0.793953 0.467869
0.794052 0.467869
0.794152 0.467869
0.794251 0.467644
0.794351 0.467644
0.794450 0.467418
0.794550 0.467193
0.794649 0.466742
0.794749 0.466742
0.794848 0.466516
0.794948 0.466516
0.795047 0.466516
0.795147 0.466516
0.795246 0.466516
0.795346 0.466291
0.795445 0.466291
0.795545 0.466065
0.795644 0.466065
0.795744 0.466065
0.795843 0.466065
0.795943 0.465840
0.796042 0.465840
0.796142 0.465389
0.796241 0.465163
0.796341 0.464713
0.796440 0.464487
0.796540 0.464262
0.796639 0.464262
0.796739 0.464262
0.796838 0.463811
0.796938 0.463811
0.797037 0.463811
0.797137 0.463585
0.797236 0.463585
0.797336 0.463360
0.797435 0.463360
0.797535 0.463134
0.797634 0.462909
0.797734 0.462458
0.797833 0.462458
0.797933 0.462458
0.798032 0.462007
0.798132 0.461556
0.798231 0.461556
0.798331 0.461556
0.798430 0.461556
0.798530 0.461105
0.798629 0.460879
0.798729 0.460879
0.798828 0.460654
0.798928 0.460654
0.799027 0.460654
0.799127 0.460654
0.799226 0.460428
0.799326 0.460428
0.799426 0.460203
0.799525 0.460203
0.799625 0.459977
0.799724 0.459977
0.799824 0.459752
0.799923 0.459526
0.800023 0.459526
0.800122 0.459301
0.800222 0.459301
0.800321 0.459301
0.800421 0.459301
0.800520 0.458850
0.800620 0.457948
0.800719 0.457948
0.800819 0.457948
0.800918 0.457948
0.801018 0.457948
0.801117 0.457723
0.801217 0.457723
0.801316 0.457723
0.801416 0.457723
0.801515 0.457046
0.801615 0.456821
0.801714 0.456821
0.801814 0.456821
0.801913 0.456821
0.802013 0.456821
0.802112 0.456821
0.802212 0.456144
0.802311 0.455919
0.802411 0.455693
0.802510 0.455693
0.802610 0.455468
0.802709 0.455017
0.802809 0.455017
0.802908 0.455017
0.803008 0.455017
0.803107 0.455017
0.803207 0.454566
0.803306 0.454340
0.803406 0.454115
0.803505 0.454115
0.803605 0.454115
0.803704 0.454115
0.803804 0.453890
0.803903 0.453664
0.804003 0.453439
0.804102 0.453439
0.804202 0.453213
0.804301 0.452988
0.804401 0.452988
0.804500 0.452988
0.804600 0.452762
0.804699 0.452762
0.804799 0.452537
0.804898 0.452537
0.804998 0.452311
0.805097 0.451860
0.805197 0.451860
0.805296 0.451860
0.805396 0.451635
0.805495 0.451184
0.805595 0.451184
0.805694 0.451184
0.805794 0.451184
0.805893 0.451184
0.805993 0.450958
0.806092 0.450507
0.806192 0.450507
0.806291 0.450282
0.806391 0.450282
0.806490 0.450056
0.806590 0.450056
0.806689 0.449831
0.806789 0.449605
0.806888 0.449154
0.806988 0.449154
0.807087 0.449154
0.807187 0.448929
0.807286 0.448253
0.807386 0.448027
0.807485 0.448027
0.807585 0.447802
0.807684 0.447576
0.807784 0.447576
0.807883 0.447351
0.807983 0.447125
0.808082 0.447125
0.808182 0.447125
0.808281 0.447125
0.808381 0.447125
0.808480 0.446900
0.808580 0.446900
0.808679 0.446900
0.808779 0.446900
0.808878 0.446674
0.808978 0.446674
0.809077 0.446674
0.809177 0.446674
0.809276 0.446449
0.809376 0.446449
0.809475 0.446449
0.809575 0.446223
0.809674 0.446223
0.809774 0.446223
0.809873 0.445998
0.809973 0.445321
0.810072 0.445096
0.810172 0.445096
0.810271 0.445096
0.810371 0.445096
0.810470 0.444870
0.810570 0.444870
0.810669 0.444870
0.810769 0.444645
0.810868 0.444419
0.810968 0.444419
0.811067 0.444419
0.811167 0.444194
0.811267 0.443968
0.811366 0.443517
0.811466 0.443517
0.811565 0.443517
0.811665 0.443292
0.811764 0.443067
0.811864 0.443067
0.811963 0.443067
0.812063 0.443067
0.812162 0.442841
0.812262 0.442616
0.812361 0.442616
0.812461 0.442616
0.812560 0.442616
0.812660 0.441939
0.812759 0.441714
0.812859 0.441714
0.812958 0.441488
0.813058 0.441488
0.813157 0.441488
0.813257 0.441263
0.813356 0.441263
0.813456 0.441037
0.813555 0.441037
0.813655 0.441037
0.813754 0.441037
0.813854 0.440812
0.813953 0.440812
0.814053 0.440812
0.814152 0.440586
0.814252 0.440586
0.814351 0.440361
0.814451 0.440361
0.814550 0.439910
0.814650 0.439684
0.814749 0.439684
0.814849 0.439684
0.814948 0.439684
0.815048 0.439684
0.815147 0.439233
0.815247 0.439233
0.815346 0.439233
0.815446 0.438782
0.815545 0.438782
0.815645 0.438557
0.815744 0.438557
0.815844 0.438557
0.815943 0.438557
0.816043 0.438557
0.816142 0.438106
0.816242 0.437655
0.816341 0.437655
0.816441 0.437430
0.816540 0.437430
0.816640 0.437430
0.816739 0.437204
0.816839 0.437204
0.816938 0.437204
0.817038 0.436979
0.817137 0.436753
0.817237 0.436302
0.817336 0.436302
0.817436 0.436302
0.817535 0.436077
0.817635 0.435851
0.817734 0.435851
0.817834 0.435626
0.817933 0.435175
0.818033 0.434949
0.818132 0.434273
0.818232 0.434273
0.818331 0.434273
0.818431 0.434047
0.818530 0.433596
0.818630 0.433371
0.818729 0.433371
0.818829 0.433145
0.818928 0.433145
0.819028 0.433145
0.819127 0.433145
0.819227 0.433145
0.819326 0.432694
0.819426 0.432694
0.819525 0.432469
0.819625 0.432244
0.819724 0.432244
0.819824 0.432018
0.819923 0.432018
0.820023 0.432018
0.820122 0.432018
0.820222 0.432018
0.820321 0.431793
0.820421 0.431567
0.820520 0.431116
0.820620 0.431116
0.820719 0.431116
0.820819 0.430891
0.820918 0.430665
0.821018 0.430440
0.821117 0.430214
0.821217 0.430214
0.821316 0.429989
0.821416 0.429989
0.821515 0.429989
0.821615 0.429312
0.821714 0.429312
0.821814 0.428861
0.821913 0.428636
0.822013 0.428636
0.822112 0.428636
0.822212 0.428636
0.822311 0.428636
0.822411 0.428636
0.822510 0.428636
0.822610 0.428185
0.822709 0.427734
0.822809 0.427734
0.822908 0.427734
0.823008 0.427057
0.823108 0.427057
0.823207 0.427057
0.823307 0.427057
0.823406 0.426832
0.823506 0.426832
0.823605 0.426381
0.823705 0.426381
0.823804 0.426381
0.823904 0.426156
0.824003 0.426156
0.824103 0.425705
0.824202 0.425479
0.824302 0.425254
0.824401 0.425028
0.824501 0.425028
0.824600 0.424803
0.824700 0.424803
0.824799 0.424803
0.824899 0.424803
0.824998 0.424577
0.825098 0.424352
0.825197 0.424352
0.825297 0.424352
0.825396 0.424352
0.825496 0.424126
0.825595 0.424126
0.825695 0.423901
0.825794 0.423901
0.825894 0.423901
0.825993 0.423901
0.826093 0.423901
0.826192 0.423675
0.826292 0.423675
0.826391 0.423675
0.826491 0.423675
0.826590 0.423675
0.826690 0.423450
0.826789 0.423450
0.826889 0.423224
0.826988 0.422999
0.827088 0.422999
0.827187 0.422999
0.827287 0.422999
0.827386 0.422999
0.827486 0.422773
0.827585 0.422773
0.827685 0.422773
0.827784 0.422548
0.827884 0.422548
0.827983 0.422322
0.828083 0.422322
0.828182 0.422322
0.828282 0.422322
0.828381 0.422322
0.828481 0.422322
0.828580 0.422097
0.828680 0.422097
0.828779 0.421646
0.828879 0.420744
0.828978 0.420519
0.829078 0.420519
0.829177 0.420293
0.829277 0.420293
0.829376 0.420293
0.829476 0.419617
0.829575 0.419617
0.829675 0.419617
0.829774 0.419391
0.829874 0.419166
0.829973 0.419166
0.830073 0.419166
0.830172 0.419166
0.830272 0.418715
0.830371 0.418715
0.830471 0.418715
0.830570 0.418264
0.830670 0.418264
0.830769 0.418038
0.830869 0.418038
0.830968 0.418038
0.831068 0.418038
0.831167 0.417587
0.831267 0.417587
0.831366 0.417587
0.831466 0.417136
0.831565 0.416685
0.831665 0.416685
0.831764 0.416685
0.831864 0.416685
0.831963 0.416685
0.832063 0.416234
0.832162 0.416009
0.832262 0.416009
0.832361 0.415784
0.832461 0.415784
0.832560 0.415558
0.832660 0.415558
0.832759 0.415333
0.832859 0.415333
0.832958 0.414656
0.833058 0.414656
0.833157 0.414656
0.833257 0.414431
0.833356 0.414431
0.833456 0.414431
0.833555 0.414431
0.833655 0.414431
0.833754 0.414205
0.833854 0.414205
0.833953 0.414205
0.834053 0.414205
0.834152 0.414205
0.834252 0.413980
0.834351 0.413754
0.834451 0.413529
0.834550 0.413529
0.834650 0.413529
0.834750 0.413303
0.834849 0.412852
0.834949 0.412852
0.835048 0.412852
0.835148 0.412852
0.835247 0.412627
0.835347 0.412627
0.835446 0.412627
0.835546 0.412401
0.835645 0.412176
0.835745 0.411950
0.835844 0.411950
0.835944 0.411725
0.836043 0.411725
0.836143 0.411499
0.836242 0.411499
0.836342 0.411274
0.836441 0.411048
0.836541 0.410823
0.836640 0.410823
0.836740 0.410823
0.836839 0.410823
0.836939 0.410823
0.837038 0.410598
0.837138 0.410598
0.837237 0.410598
0.837337 0.410372
0.837436 0.410372
0.837536 0.410372
0.837635 0.410372
0.837735 0.409921
0.837834 0.409696
0.837934 0.409470
0.838033 0.409245
0.838133 0.409019
0.838232 0.409019
0.838332 0.409019
0.838431 0.409019
0.838531 0.408794
0.838630 0.408794
0.838730 0.408794
0.838829 0.408794
0.838929 0.408794
0.839028 0.408343
0.839128 0.408343
0.839227 0.408343
0.839327 0.408343
0.839426 0.408343
0.839526 0.408343
0.839625 0.408343
0.839725 0.408117
0.839824 0.407892
0.839924 0.407666
0.840023 0.407666
0.840123 0.407666
0.840222 0.407666
0.840322 0.407666
0.840421 0.407441
0.840521 0.407215
0.840620 0.407215
0.840720 0.407215
0.840819 0.407215
0.840919 0.407215
0.841018 0.406990
0.841118 0.406313
0.841217 0.406088
0.841317 0.406088
0.841416 0.406088
0.841516 0.405862
0.841615 0.405637
0.841715 0.405411
0.841814 0.405186
0.841914 0.405186
0.842013 0.405186
0.842113 0.404735
0.842212 0.404735
0.842312 0.404735
0.842411 0.404510
0.842511 0.404510
0.842610 0.404510
0.842710 0.404284
0.842809 0.404059
0.842909 0.403833
0.843008 0.403608
0.843108 0.403608
0.843207 0.403157
0.843307 0.402931
0.843406 0.402706
0.843506 0.402706
0.843605 0.402480
0.843705 0.402480
0.843804 0.402255
0.843904 0.402255
0.844003 0.402029
0.844103 0.401804
0.844202 0.401804
0.844302 0.401578
0.844401 0.401353
0.844501 0.401353
0.844600 0.401127
0.844700 0.401127
0.844799 0.401127
0.844899 0.401127
0.844998 0.400902
0.845098 0.400902
0.845197 0.400676
0.845297 0.400676
0.845396 0.400451
0.845496 0.400225
0.845595 0.400000
0.845695 0.400000
0.845794 0.399775
0.845894 0.399549
0.845993 0.398873
0.846093 0.398647
0.846192 0.398647
0.846292 0.398647
0.846391 0.398422
0.846491 0.398196
0.846591 0.397745
0.846690 0.397520
0.846790 0.397294
0.846889 0.397069
0.846989 0.396843
0.847088 0.396843
0.847188 0.396843
0.847287 0.396843
0.847387 0.396618
0.847486 0.396618
0.847586 0.396392
0.847685 0.395941
0.847785 0.395716
0.847884 0.395716
0.847984 0.395716
0.848083 0.395716
0.848183 0.395490
0.848282 0.395039
0.848382 0.395039
0.848481 0.394814
0.848581 0.394814
0.848680 0.394814
0.848780 0.394814
0.848879 0.394589
0.848979 0.394363
0.849078 0.394363
0.849178 0.394363
0.849277 0.394363
0.849377 0.394138
0.849476 0.393912
0.849576 0.393912
0.849675 0.393912
0.849775 0.393912
0.849874 0.393912
0.849974 0.393687
0.850073 0.393687
0.850173 0.393687
0.850272 0.393687
0.850372 0.393461
0.850471 0.393461
0.850571 0.393461
0.850670 0.393461
0.850770 0.393461
0.850869 0.393010
0.850969 0.393010
0.851068 0.392785
0.851168 0.392785
0.851267 0.392785
0.851367 0.392559
0.851466 0.392559
0.851566 0.392334
0.851665 0.392334
0.851765 0.392108
0.851864 0.391657
0.851964 0.391206
0.852063 0.390755
0.852163 0.390530
0.852262 0.390530
0.852362 0.390079
0.852461 0.389853
0.852561 0.389853
0.852660 0.389628
0.852760 0.389628
0.852859 0.389177
0.852959 0.389177
0.853058 0.388952
0.853158 0.388952
0.853257 0.388952
0.853357 0.388952
0.853456 0.388726
0.853556 0.388726
0.853655 0.388501
0.853755 0.388501
0.853854 0.388501
0.853954 0.388275
0.854053 0.388275
0.854153 0.388275
0.854252 0.387824
0.854352 0.387824
0.854451 0.387824
0.854551 0.387824
0.854650 0.387824
0.854750 0.387824
0.854849 0.387824
0.854949 0.387148
0.855048 0.386922
0.855148 0.386922
0.855247 0.386922
0.855347 0.386922
0.855446 0.386922
0.855546 0.386922
0.855645 0.386922
0.855745 0.386697
0.855844 0.386471
0.855944 0.386246
0.856043 0.386020
0.856143 0.386020
0.856242 0.386020
0.856342 0.386020
0.856441 0.386020
0.856541 0.385795
0.856640 0.385569
0.856740 0.385569
0.856839 0.385569
0.856939 0.385569
0.857038 0.385344
0.857138 0.384893
0.857237 0.384442
0.857337 0.384442
0.857436 0.384216
0.857536 0.384216
0.857635 0.384216
0.857735 0.384216
0.857834 0.383991
0.857934 0.383991
0.858033 0.383991
0.858133 0.383991
0.858232 0.383991
0.858332 0.383991
0.858432 0.383540
0.858531 0.383315
0.858631 0.383315
0.858730 0.383089
0.858830 0.382864
0.858929 0.382864
0.859029 0.382638
0.859128 0.382638
0.859228 0.382638
0.859327 0.382638
0.859427 0.382638
0.859526 0.382638
0.859626 0.382187
0.859725 0.382187
0.859825 0.381962
0.859924 0.381962
0.860024 0.381962
0.860123 0.381736
0.860223 0.381285
0.860322 0.381285
0.860422 0.381285
0.860521 0.380609
0.860621 0.380609
0.860720 0.380158
0.860820 0.379932
0.860919 0.379932
0.861019 0.379932
0.861118 0.379932
0.861218 0.379932
0.861317 0.379707
0.861417 0.379256
0.861516 0.379256
0.861616 0.379030
0.861715 0.379030
0.861815 0.379030
0.861914 0.379030
0.862014 0.378805
0.862113 0.378805
0.862213 0.378805
0.862312 0.378579
0.862412 0.378579
0.862511 0.378579
0.862611 0.378354
0.862710 0.378354
0.862810 0.378354
0.862909 0.378354
0.863009 0.378354
0.863108 0.378129
0.863208 0.378129
0.863307 0.377903
0.863407 0.377903
0.863506 0.377903
0.863606 0.377678
0.863705 0.377678
0.863805 0.377678
0.863904 0.377227
0.864004 0.377001
0.864103 0.377001
0.864203 0.377001
0.864302 0.377001
0.864402 0.376776
0.864501 0.376776
0.864601 0.376550
0.864700 0.376325
0.864800 0.376325
0.864899 0.376325
0.864999 0.376325
0.865098 0.376099
0.865198 0.375874
0.865297 0.375423
0.865397 0.375423
0.865496 0.374972
0.865596 0.374746
0.865695 0.374746
0.865795 0.374521
0.865894 0.373844
0.865994 0.373619
0.866093 0.373393
0.866193 0.373168
0.866292 0.373168
0.866392 0.373168
0.866491 0.373168
0.866591 0.373168
0.866690 0.372943
0.866790 0.372492
0.866889 0.372492
0.866989 0.372492
0.867088 0.372492
0.867188 0.372492
0.867287 0.372041
0.867387 0.371815
0.867486 0.371815
0.867586 0.371590
0.867685 0.371364
0.867785 0.371364
0.867884 0.371364
0.867984 0.371364
0.868083 0.371139
0.868183 0.370913
0.868282 0.370913
0.868382 0.370913
0.868481 0.370913
0.868581 0.370913
0.868680 0.370688
0.868780 0.370011
0.868879 0.369786
0.868979 0.369786
0.869078 0.369786
0.869178 0.369786
0.869277 0.369786
0.869377 0.369786
0.869476 0.369560
0.869576 0.369560
0.869675 0.369560
0.869775 0.369335
0.869874 0.368884
0.869974 0.368884
0.870074 0.368884
0.870173 0.368884
0.870273 0.368884
0.870372 0.368658
0.870472 0.368207
0.870571 0.367756
0.870671 0.367756
0.870770 0.367756
0.870870 0.367756
0.870969 0.367531
0.871069 0.367531
0.871168 0.366855
0.871268 0.366629
0.871367 0.365953
0.871467 0.365953
0.871566 0.365727
0.871666 0.365276
0.871765 0.365276
0.871865 0.365276
0.871964 0.364825
0.872064 0.364825
0.872163 0.364600
0.872263 0.364600
0.872362 0.364600
0.872462 0.364600
0.872561 0.364600
0.872661 0.364374
0.872760 0.364374
0.872860 0.364374
0.872959 0.364374
0.873059 0.364149
0.873158 0.364149
0.873258 0.364149
0.873357 0.364149
0.873457 0.364149
0.873556 0.363923
0.873656 0.363698
0.873755 0.363247
0.873855 0.363021
0.873954 0.362796
0.874054 0.362796
0.874153 0.362570
0.874253 0.362570
0.874352 0.362345
0.874452 0.361894
0.874551 0.361894
0.874651 0.361894
0.874750 0.361894
0.874850 0.361894
0.874949 0.361894
0.875049 0.361669
0.875148 0.361669
0.875248 0.361443
0.875347 0.361443
0.875447 0.361443
0.875546 0.361443
0.875646 0.361443
0.875745 0.361443
0.875845 0.361443
0.875944 0.361218
0.876044 0.360541
0.876143 0.360316
0.876243 0.360090
0.876342 0.360090
0.876442 0.359865
0.876541 0.359865
0.876641 0.359865
0.876740 0.359639
0.876840 0.359188
0.876939 0.359188
0.877039 0.358737
0.877138 0.358512
0.877238 0.358512
0.877337 0.358061
0.877437 0.358061
0.877536 0.358061
0.877636 0.358061
0.877735 0.358061
0.877835 0.358061
0.877934 0.358061
0.878034 0.358061
0.878133 0.358061
0.878233 0.357835
0.878332 0.357610
0.878432 0.357384
0.878531 0.356708
0.878631 0.356483
0.878730 0.356257
0.878830 0.356257
0.878929 0.356032
0.879029 0.356032
0.879128 0.355581
0.879228 0.355355
0.879327 0.354904
0.879427 0.354679
0.879526 0.354002
0.879626 0.354002
0.879725 0.354002
0.879825 0.354002
0.879924 0.354002
0.880024 0.354002
0.880123 0.353777
0.880223 0.353777
0.880322 0.353551
0.880422 0.353551
0.880521 0.353100
0.880621 0.352875
0.880720 0.352875
0.880820 0.352875
0.880919 0.352649
0.881019 0.352649
0.881118 0.352649
0.881218 0.351973
0.881317 0.351747
0.881417 0.351522
0.881516 0.351071
0.881616 0.350846
0.881715 0.350846
0.881815 0.350846
0.881915 0.350846
0.882014 0.350620
0.882114 0.350395
0.882213 0.350169
0.882313 0.350169
0.882412 0.349944
0.882512 0.349944
0.882611 0.349944
0.882711 0.349718
0.882810 0.349493
0.882910 0.349267
0.883009 0.349042
0.883109 0.349042
0.883208 0.349042
0.883308 0.348816
0.883407 0.348816
0.883507 0.348365
0.883606 0.348365
0.883706 0.347463
0.883805 0.347463
0.883905 0.347238
0.884004 0.346787
0.884104 0.346336
0.884203 0.345885
0.884303 0.345660
0.884402 0.345660
0.884502 0.345209
0.884601 0.344983
0.884701 0.344983
0.884800 0.344983
0.884900 0.344983
0.884999 0.344983
0.885099 0.344758
0.885198 0.344758
0.885298 0.344758
0.885397 0.344758
0.885497 0.344307
0.885596 0.343405
0.885696 0.343405
0.885795 0.343405
0.885895 0.343405
0.885994 0.343179
0.886094 0.343179
0.886193 0.342728
0.886293 0.342503
0.886392 0.342503
0.886492 0.341826
0.886591 0.341601
0.886691 0.341601
0.886790 0.341601
0.886890 0.341601
0.886989 0.341601
0.887089 0.341150
0.887188 0.341150
0.887288 0.341150
0.887387 0.340924
0.887487 0.340699
0.887586 0.340474
0.887686 0.340474
0.887785 0.340248
0.887885 0.340248
0.887984 0.340023
0.888084 0.339572
0.888183 0.339346
0.888283 0.339346
0.888382 0.339346
0.888482 0.338895
0.888581 0.338670
0.888681 0.338670
0.888780 0.338444
0.888880 0.338444
0.888979 0.338444
0.889079 0.338219
0.889178 0.338219
0.889278 0.338219
0.889377 0.338219
0.889477 0.338219
0.889576 0.338219
0.889676 0.337993
0.889775 0.337993
0.889875 0.337768
0.889974 0.337317
0.890074 0.337317
0.890173 0.336866
0.890273 0.336640
0.890372 0.336640
0.890472 0.336640
0.890571 0.335964
0.890671 0.335964
0.890770 0.335738
0.890870 0.335738
0.890969 0.335738
0.891069 0.335062
0.891168 0.335062
0.891268 0.334837
0.891367 0.334611
0.891467 0.334386
0.891566 0.334386
0.891666 0.334160
0.891765 0.334160
0.891865 0.333935
0.891964 0.333935
0.892064 0.333935
0.892163 0.333709
0.892263 0.333033
0.892362 0.333033
0.892462 0.332807
0.892561 0.332582
0.892661 0.332582
0.892760 0.332356
0.892860 0.332356
0.892959 0.332356
0.893059 0.331905
0.893158 0.331905
0.893258 0.331905
0.893357 0.331905
0.893457 0.331905
0.893556 0.331905
0.893656 0.331680
0.893756 0.331454
0.893855 0.331454
0.893955 0.331454
0.894054 0.331454
0.894154 0.331454
0.894253 0.331229
0.894353 0.331003
0.894452 0.330778
0.894552 0.330327
0.894651 0.330101
0.894751 0.330101
0.894850 0.330101
0.894950 0.329876
0.895049 0.329651
0.895149 0.329651
0.895248 0.329200
0.895348 0.328974
0.895447 0.328749
0.895547 0.328523
0.895646 0.328298
0.895746 0.328298
0.895845 0.328298
0.895945 0.328298
0.896044 0.328298
0.896144 0.328298
0.896243 0.328298
0.896343 0.328298
0.896442 0.327847
0.896542 0.327621
0.896641 0.327621
0.896741 0.327396
0.896840 0.327170
0.896940 0.327170
0.897039 0.326945
0.897139 0.326719
0.897238 0.326719
0.897338 0.326719
0.897437 0.326719
0.897537 0.326719
0.897636 0.326719
0.897736 0.326494
0.897835 0.326494
0.897935 0.326268
0.898034 0.325817
0.898134 0.325817
0.898233 0.325817
0.898333 0.325817
0.898432 0.325592
0.898532 0.325592
0.898631 0.325366
0.898731 0.325141
0.898830 0.324915
0.898930 0.324915
0.899029 0.324690
0.899129 0.324690
0.899228 0.324690
0.899328 0.324690
0.899427 0.324690
0.899527 0.324690
0.899626 0.324464
0.899726 0.324464
0.899825 0.324239
0.899925 0.323563
0.900024 0.323563
0.900124 0.323337
0.900223 0.323112
0.900323 0.323112
0.900422 0.323112
0.900522 0.322886
0.900621 0.322886
0.900721 0.322661
0.900820 0.322435
0.900920 0.322210
0.901019 0.321984
0.901119 0.321759
0.901218 0.321533
0.901318 0.321533
0.901417 0.321308
0.901517 0.321082
0.901616 0.321082
0.901716 0.320857
0.901815 0.320857
0.901915 0.320857
0.902014 0.320631
0.902114 0.320631
0.902213 0.320406
0.902313 0.320406
0.902412 0.320406
0.902512 0.320406
0.902611 0.320180
0.902711 0.319729
0.902810 0.319278
0.902910 0.319278
0.903009 0.319278
0.903109 0.318602
0.903208 0.318602
0.903308 0.318602
0.903407 0.318602
0.903507 0.318602
0.903606 0.318377
0.903706 0.318151
0.903805 0.318151
0.903905 0.318151
0.904004 0.317926
0.904104 0.317926
0.904203 0.317700
0.904303 0.317475
0.904402 0.317249
0.904502 0.317249
0.904601 0.317024
0.904701 0.317024
0.904800 0.317024
0.904900 0.316798
0.904999 0.316798
0.905099 0.316798
0.905198 0.316798
0.905298 0.316798
0.905398 0.316573
0.905497 0.316122
0.905597 0.316122
0.905696 0.316122
0.905796 0.316122
0.905895 0.316122
0.905995 0.316122
0.906094 0.315671
0.906194 0.315671
0.906293 0.315445
0.906393 0.315445
0.906492 0.315445
0.906592 0.314994
0.906691 0.314994
0.906791 0.314994
0.906890 0.314994
0.906990 0.314994
0.907089 0.314543
0.907189 0.314318
0.907288 0.314092
0.907388 0.314092
0.907487 0.314092
0.907587 0.314092
0.907686 0.313867
0.907786 0.313867
0.907885 0.313641
0.907985 0.313641
0.908084 0.313641
0.908184 0.313416
0.908283 0.312965
0.908383 0.312514
0.908482 0.312514
0.908582 0.312063
0.908681 0.312063
0.908781 0.312063
0.908880 0.311838
0.908980 0.311838
0.909079 0.311612
0.909179 0.311612
0.909278 0.311612
0.909378 0.311387
0.909477 0.311387
0.909577 0.311161
0.909676 0.310936
0.909776 0.310485
0.909875 0.310259
0.909975 0.309808
0.910074 0.309808
0.910174 0.309808
0.910273 0.309583
0.910373 0.309357
0.910472 0.308906
0.910572 0.308681
0.910671 0.308230
0.910771 0.308005
0.910870 0.308005
0.910970 0.308005
0.911069 0.308005
0.911169 0.308005
0.911268 0.307328
0.911368 0.307328
0.911467 0.307328
0.911567 0.307328
0.911666 0.307328
0.911766 0.306877
0.911865 0.306426
0.911965 0.306426
0.912064 0.306426
0.912164 0.306201
0.912263 0.306201
0.912363 0.306201
0.912462 0.305975
0.912562 0.305975
0.912661 0.305750
0.912761 0.305750
0.912860 0.305750
0.912960 0.305524
0.913059 0.305299
0.913159 0.305073
0.913258 0.305073
0.913358 0.304622
0.913457 0.304622
0.913557 0.304397
0.913656 0.304171
0.913756 0.304171
0.913855 0.303946
0.913955 0.303946
0.914054 0.303720
0.914154 0.303720
0.914253 0.303495
0.914353 0.303495
0.914452 0.303269
0.914552 0.303269
0.914651 0.303269
0.914751 0.303044
0.914850 0.303044
0.914950 0.302593
0.915049 0.302593
0.915149 0.302593
0.915248 0.302368
0.915348 0.302142
0.915447 0.302142
0.915547 0.301917
0.915646 0.301240
0.915746 0.300789
0.915845 0.300338
0.915945 0.300338
0.916044 0.300113
0.916144 0.300113
0.916243 0.299887
0.916343 0.299436
0.916442 0.298985
0.916542 0.298760
0.916641 0.298760
0.916741 0.298534
0.916840 0.298534
0.916940 0.298083
0.917039 0.298083
0.917139 0.297632
0.917239 0.297407
0.917338 0.297407
0.917438 0.297182
0.917537 0.297182
0.917637 0.296956
0.917736 0.296956
0.917836 0.296731
0.917935 0.296505
0.918035 0.296505
0.918134 0.296054
0.918234 0.296054
0.918333 0.296054
0.918433 0.295603
0.918532 0.295152
0.918632 0.295152
0.918731 0.294927
0.918831 0.294476
0.918930 0.294250
0.919030 0.294025
0.919129 0.294025
0.919229 0.294025
0.919328 0.293799
0.919428 0.293574
0.919527 0.293574
0.919627 0.293574
0.919726 0.293348
0.919826 0.293348
0.919925 0.293348
0.920025 0.292897
0.920124 0.292897
0.920224 0.292672
0.920323 0.292446
0.920423 0.292221
0.920522 0.291995
0.920622 0.291995
0.920721 0.291545
0.920821 0.291545
0.920920 0.291319
0.921020 0.291094
0.921119 0.290643
0.921219 0.290417
0.921318 0.290417
0.921418 0.290417
0.921517 0.290417
0.921617 0.290192
0.921716 0.290192
0.921816 0.289966
0.921915 0.289741
0.922015 0.289515
0.922114 0.289515
0.922214 0.289290
0.922313 0.289290
0.922413 0.289290
0.922512 0.289290
0.922612 0.289064
0.922711 0.289064
0.922811 0.288839
0.922910 0.288839
0.923010 0.288839
0.923109 0.288839
0.923209 0.288613
0.923308 0.288613
0.923408 0.288388
0.923507 0.288162
0.923607 0.287937
0.923706 0.287937
0.923806 0.287711
0.923905 0.287035
0.924005 0.286584
0.924104 0.286359
0.924204 0.286133
0.924303 0.286133
0.924403 0.286133
0.924502 0.285908
0.924602 0.285682
0.924701 0.285457
0.924801 0.285231
0.924900 0.285006
0.925000 0.285006
0.925099 0.284555
0.925199 0.284555
0.925298 0.284555
0.925398 0.284555
0.925497 0.284104
0.925597 0.284104
0.925696 0.283878
0.925796 0.283878
0.925895 0.283653
0.925995 0.282976
0.926094 0.282976
0.926194 0.282525
0.926293 0.282525
0.926393 0.282525
0.926492 0.282300
0.926592 0.282074
0.926691 0.281849
0.926791 0.281849
0.926890 0.281172
0.926990 0.280947
0.927089 0.280496
0.927189 0.280496
0.927288 0.280496
0.927388 0.280496
0.927487 0.280496
0.927587 0.280496
0.927686 0.280045
0.927786 0.279143
0.927885 0.278918
0.927985 0.278918
0.928084 0.278467
0.928184 0.278241
0.928283 0.278241
0.928383 0.278016
0.928482 0.278016
0.928582 0.277790
0.928681 0.277790
0.928781 0.277790
0.928880 0.277790
0.928980 0.277114
0.929080 0.277114
0.929179 0.276663
0.929279 0.276437
0.929378 0.276437
0.929478 0.276212
0.929577 0.276212
0.929677 0.275986
0.929776 0.275536
0.929876 0.275310
0.929975 0.275310
0.930075 0.275085
0.930174 0.274859
0.930274 0.274408
0.930373 0.273957
0.930473 0.273957
0.930572 0.273957
0.930672 0.273732
0.930771 0.273281
0.930871 0.273281
0.930970 0.273281
0.931070 0.272604
0.931169 0.272604
0.931269 0.272379
0.931368 0.272153
0.931468 0.272153
0.931567 0.271928
0.931667 0.271928
0.931766 0.271477
0.931866 0.271251
0.931965 0.271026
0.932065 0.270800
0.932164 0.270349
0.932264 0.270349
0.932363 0.269899
0.932463 0.269899
0.932562 0.269673
0.932662 0.269448
0.932761 0.269222
0.932861 0.269222
0.932960 0.268546
0.933060 0.268320
0.933159 0.267644
0.933259 0.267644
0.933358 0.267418
0.933458 0.267418
0.933557 0.266967
0.933657 0.266742
0.933756 0.266742
0.933856 0.266742
0.933955 0.266065
0.934055 0.266065
0.934154 0.265614
0.934254 0.265389
0.934353 0.265163
0.934453 0.265163
0.934552 0.264713
0.934652 0.264036
0.934751 0.264036
0.934851 0.263811
0.934950 0.263585
0.935050 0.263585
0.935149 0.263134
0.935249 0.262458
0.935348 0.262458
0.935448 0.262232
0.935547 0.262232
0.935647 0.262232
0.935746 0.262232
0.935846 0.262232
0.935945 0.261781
0.936045 0.261556
0.936144 0.261105
0.936244 0.260654
0.936343 0.260428
0.936443 0.260203
0.936542 0.259977
0.936642 0.259977
0.936741 0.259301
0.936841 0.259301
0.936940 0.259076
0.937040 0.258625
0.937139 0.258625
0.937239 0.258625
0.937338 0.258399
0.937438 0.258399
0.937537 0.257948
0.937637 0.257948
0.937736 0.257497
0.937836 0.257497
0.937935 0.257272
0.938035 0.256370
0.938134 0.255919
0.938234 0.255693
0.938333 0.255468
0.938433 0.255242
0.938532 0.255242
0.938632 0.255017
0.938731 0.255017
0.938831 0.254791
0.938930 0.254791
0.939030 0.254791
0.939129 0.254340
0.939229 0.253890
0.939328 0.253439
0.939428 0.253213
0.939527 0.252988
0.939627 0.252988
0.939726 0.252537
0.939826 0.252537
0.939925 0.251635
0.940025 0.251635
0.940124 0.251635
0.940224 0.251409
0.940323 0.251184
0.940423 0.250958
0.940522 0.250507
0.940622 0.250056
0.940722 0.250056
0.940821 0.250056
0.940921 0.250056
0.941020 0.249831
0.941120 0.249831
0.941219 0.249605
0.941319 0.249380
0.941418 0.248929
0.941518 0.248703
0.941617 0.248703
0.941717 0.248703
0.941816 0.248253
0.941916 0.247802
0.942015 0.246900
0.942115 0.246900
0.942214 0.246900
0.942314 0.246449
0.942413 0.246449
0.942513 0.246223
0.942612 0.246223
0.942712 0.245998
0.942811 0.245998
0.942911 0.245998
0.943010 0.245772
0.943110 0.245321
0.943209 0.245321
0.943309 0.245096
0.943408 0.244419
0.943508 0.244194
0.943607 0.243743
0.943707 0.243743
0.943806 0.243517
0.943906 0.242841
0.944005 0.242841
0.944105 0.242616
0.944204 0.242616
0.944304 0.242390
0.944403 0.242390
0.944503 0.242165
0.944602 0.241714
0.944702 0.241488
0.944801 0.241037
0.944901 0.240812
0.945000 0.240361
0.945100 0.240135
0.945199 0.239459
0.945299 0.239459
0.945398 0.238782
0.945498 0.238331
0.945597 0.238106
0.945697 0.237655
0.945796 0.237430
0.945896 0.236979
0.945995 0.236979
0.946095 0.236753
0.946194 0.236753
0.946294 0.236302
0.946393 0.236077
0.946493 0.236077
0.946592 0.235175
0.946692 0.234724
0.946791 0.234724
0.946891 0.234724
0.946990 0.234724
0.947090 0.234498
0.947189 0.234498
0.947289 0.234498
0.947388 0.234047
0.947488 0.233596
0.947587 0.233596
0.947687 0.233145
0.947786 0.232694
0.947886 0.232018
0.947985 0.231793
0.948085 0.231567
0.948184 0.230665
0.948284 0.230440
0.948383 0.230440
0.948483 0.230214
0.948582 0.229538
0.948682 0.229312
0.948781 0.229312
0.948881 0.228861
0.948980 0.228410
0.949080 0.228410
0.949179 0.227959
0.949279 0.227734
0.949378 0.227508
0.949478 0.227508
0.949577 0.227283
0.949677 0.226832
0.949776 0.226832
0.949876 0.226832
0.949975 0.226607
0.950075 0.226381
0.950174 0.225930
0.950274 0.225705
0.950373 0.224803
0.950473 0.224352
0.950572 0.224126
0.950672 0.224126
0.950771 0.223450
0.950871 0.223450
0.950970 0.222999
0.951070 0.222548
0.951169 0.222322
0.951269 0.222097
0.951368 0.222097
0.951468 0.221646
0.951567 0.221421
0.951667 0.220744
0.951766 0.220519
0.951866 0.220519
0.951965 0.220293
0.952065 0.220293
0.952164 0.220293
0.952264 0.219617
0.952363 0.219391
0.952463 0.219391
0.952563 0.219391
0.952662 0.218715
0.952762 0.218715
0.952861 0.218038
0.952961 0.217813
0.953060 0.217813
0.953160 0.217587
0.953259 0.217362
0.953359 0.217362
0.953458 0.217362
0.953558 0.217136
0.953657 0.217136
0.953757 0.217136
0.953856 0.217136
0.953956 0.216911
0.954055 0.216234
0.954155 0.216234
0.954254 0.215558
0.954354 0.214656
0.954453 0.214431
0.954553 0.214205
0.954652 0.214205
0.954752 0.214205
0.954851 0.214205
0.954951 0.214205
0.955050 0.213980
0.955150 0.213754
0.955249 0.213303
0.955349 0.213303
0.955448 0.213078
0.955548 0.212627
0.955647 0.211950
0.955747 0.211725
0.955846 0.211048
0.955946 0.211048
0.956045 0.210598
0.956145 0.210372
0.956244 0.210147
0.956344 0.209921
0.956443 0.209019
0.956543 0.208568
0.956642 0.208343
0.956742 0.208343
0.956841 0.208117
0.956941 0.207666
0.957040 0.207441
0.957140 0.206990
0.957239 0.206990
0.957339 0.206990
0.957438 0.206990
0.957538 0.206764
0.957637 0.206313
0.957737 0.205862
0.957836 0.205862
0.957936 0.205637
0.958035 0.204961
0.958135 0.204735
0.958234 0.204735
0.958334 0.204284
0.958433 0.203608
0.958533 0.203382
0.958632 0.202706
0.958732 0.202255
0.958831 0.202029
0.958931 0.202029
0.959030 0.201578
0.959130 0.201578
0.959229 0.201353
0.959329 0.201127
0.959428 0.200451
0.959528 0.200225
0.959627 0.200225
0.959727 0.200225
0.959826 0.200000
0.959926 0.199549
0.960025 0.199324
0.960125 0.199098
0.960224 0.198873
0.960324 0.197971
0.960423 0.197520
0.960523 0.197069
0.960622 0.196843
0.960722 0.196618
0.960821 0.195941
0.960921 0.195716
0.961020 0.195716
0.961120 0.195716
0.961219 0.195490
0.961319 0.195265
0.961418 0.195265
0.961518 0.195039
0.961617 0.195039
0.961717 0.195039
0.961816 0.194814
0.961916 0.194363
0.962015 0.193912
0.962115 0.193461
0.962214 0.193236
0.962314 0.192559
0.962413 0.192108
0.962513 0.192108
0.962612 0.191883
0.962712 0.191657
0.962811 0.191657
0.962911 0.191432
0.963010 0.190981
0.963110 0.190079
0.963209 0.189628
0.963309 0.188952
0.963408 0.188726
0.963508 0.188501
0.963607 0.188275
0.963707 0.188050
0.963806 0.187599
0.963906 0.187599
0.964005 0.187148
0.964105 0.187148
0.964204 0.186697
0.964304 0.186697
0.964404 0.186697
0.964503 0.186471
0.964603 0.186246
0.964702 0.186020
0.964802 0.184893
0.964901 0.184216
0.965001 0.184216
0.965100 0.184216
0.965200 0.183766
0.965299 0.183540
0.965399 0.183315
0.965498 0.183315
0.965598 0.182864
0.965697 0.182638
0.965797 0.182413
0.965896 0.182413
0.965996 0.181962
0.966095 0.180834
0.966195 0.180609
0.966294 0.179932
0.966394 0.179707
0.966493 0.179256
0.966593 0.178805
0.966692 0.178579
0.966792 0.178579
0.966891 0.178579
0.966991 0.178129
0.967090 0.177903
0.967190 0.177903
0.967289 0.177227
0.967389 0.177001
0.967488 0.176099
0.967588 0.176099
0.967687 0.175423
0.967787 0.174972
0.967886 0.174521
0.967986 0.174295
0.968085 0.173393
0.968185 0.172717
0.968284 0.172492
0.968384 0.171815
0.968483 0.171139
0.968583 0.170913
0.968682 0.170688
0.968782 0.170237
0.968881 0.169560
0.968981 0.169335
0.969080 0.168433
0.969180 0.168207
0.969279 0.167531
0.969379 0.166629
0.969478 0.166629
0.969578 0.165953
0.969677 0.165051
0.969777 0.164825
0.969876 0.164374
0.969976 0.164149
0.970075 0.163923
0.970175 0.163247
0.970274 0.162345
0.970374 0.161894
0.970473 0.161669
0.970573 0.161218
0.970672 0.160992
0.970772 0.160992
0.970871 0.159414
0.970971 0.159188
0.971070 0.158737
0.971170 0.158286
0.971269 0.158286
0.971369 0.157610
0.971468 0.157159
0.971568 0.156708
0.971667 0.156483
0.971767 0.156032
0.971866 0.155806
0.971966 0.155130
0.972065 0.154453
0.972165 0.154453
0.972264 0.154228
0.972364 0.153777
0.972463 0.153551
0.972563 0.152875
0.972662 0.151973
0.972762 0.151747
0.972861 0.151522
0.972961 0.150620
0.973060 0.149718
0.973160 0.149042
0.973259 0.148365
0.973359 0.147914
0.973458 0.147689
0.973558 0.147238
0.973657 0.146787
0.973757 0.146110
0.973856 0.145434
0.973956 0.145209
0.974055 0.143856
0.974155 0.143179
0.974254 0.143179
0.974354 0.142954
0.974453 0.142503
0.974553 0.141601
0.974652 0.141375
0.974752 0.140699
0.974851 0.140699
0.974951 0.140248
0.975050 0.140023
0.975150 0.139797
0.975249 0.139572
0.975349 0.138895
0.975448 0.138219
0.975548 0.137542
0.975647 0.137542
0.975747 0.137542
0.975846 0.137317
0.975946 0.137091
0.976046 0.136640
0.976145 0.136189
0.976245 0.136189
0.976344 0.135738
0.976444 0.135287
0.976543 0.134837
0.976643 0.134386
0.976742 0.133484
0.976842 0.132807
0.976941 0.131680
0.977041 0.130552
0.977140 0.129876
0.977240 0.129425
0.977339 0.129200
0.977439 0.128974
0.977538 0.128298
0.977638 0.127621
0.977737 0.126945
0.977837 0.126494
0.977936 0.126268
0.978036 0.125817
0.978135 0.124690
0.978235 0.124239
0.978334 0.123788
0.978434 0.123563
0.978533 0.123337
0.978633 0.122210
0.978732 0.121984
0.978832 0.121308
0.978931 0.120857
0.979031 0.120631
0.979130 0.120180
0.979230 0.119504
0.979329 0.119278
0.979429 0.118602
0.979528 0.117700
0.979628 0.117249
0.979727 0.116573
0.979827 0.115896
0.979926 0.115445
0.980026 0.115220
0.980125 0.114769
0.980225 0.114318
0.980324 0.114318
0.980424 0.112740
0.980523 0.112063
0.980623 0.111838
0.980722 0.111387
0.980822 0.111161
0.980921 0.110936
0.981021 0.110710
0.981120 0.110259
0.981220 0.110259
0.981319 0.109132
0.981419 0.108230
0.981518 0.107779
0.981618 0.107554
0.981717 0.106652
0.981817 0.105975
0.981916 0.105299
0.982016 0.104171
0.982115 0.103495
0.982215 0.102368
0.982314 0.100789
0.982414 0.099887
0.982513 0.098985
0.982613 0.098985
0.982712 0.097407
0.982812 0.096731
0.982911 0.095829
0.983011 0.094927
0.983110 0.094701
0.983210 0.094250
0.983309 0.093799
0.983409 0.093574
0.983508 0.092446
0.983608 0.091094
0.983707 0.090643
0.983807 0.088839
0.983906 0.088162
0.984006 0.087486
0.984105 0.086359
0.984205 0.086133
0.984304 0.085682
0.984404 0.085231
0.984503 0.084780
0.984603 0.083878
0.984702 0.083202
0.984802 0.082751
0.984901 0.081849
0.985001 0.080722
0.985100 0.078918
0.985200 0.078467
0.985299 0.078016
0.985399 0.077565
0.985498 0.076437
0.985598 0.075536
0.985697 0.074859
0.985797 0.074408
0.985896 0.072830
0.985996 0.071702
0.986095 0.070124
0.986195 0.068997
0.986294 0.068546
0.986394 0.068095
0.986493 0.067644
0.986593 0.066967
0.986692 0.066065
0.986792 0.065163
0.986891 0.064262
0.986991 0.063585
0.987090 0.061330
0.987190 0.060654
0.987289 0.060203
0.987389 0.059526
0.987488 0.058399
0.987588 0.057723
0.987687 0.056595
0.987787 0.054791
0.987887 0.054340
0.987986 0.053890
0.988086 0.052762
0.988185 0.051860
0.988285 0.050282
0.988384 0.050282
0.988484 0.049831
0.988583 0.049380
0.988683 0.048478
0.988782 0.047576
0.988882 0.047125
0.988981 0.045547
0.989081 0.044419
0.989180 0.043517
0.989280 0.043067
0.989379 0.041714
0.989479 0.039684
0.989578 0.038106
0.989678 0.037430
0.989777 0.035851
0.989877 0.034724
0.989976 0.033822
0.990076 0.031567
0.990175 0.029989
0.990275 0.028861
0.990374 0.027508
0.990474 0.026156
0.990573 0.025028
0.990673 0.023450
0.990772 0.021871
0.990872 0.021871
0.990971 0.021195
0.991071 0.020744
0.991170 0.020293
0.991270 0.019166
0.991369 0.018264
0.991469 0.017813
0.991568 0.016911
0.991668 0.015558
0.991767 0.015333
0.991867 0.014431
0.991966 0.013754
0.992066 0.013303
0.992165 0.012401
0.992265 0.011950
0.992364 0.011499
0.992464 0.010823
0.992563 0.010147
0.992663 0.009696
0.992762 0.009470
0.992862 0.008568
0.992961 0.007441
0.993061 0.006764
0.993160 0.006313
0.993260 0.006088
0.993359 0.005637
0.993459 0.004735
0.993558 0.004510
0.993658 0.004284
0.993757 0.004284
0.993857 0.004284
0.993956 0.004284
0.994056 0.003608
0.994155 0.003157
0.994255 0.002706
0.994354 0.002255
0.994454 0.002029
0.994553 0.001578
0.994653 0.001353
0.994752 0.001353
0.994852 0.000902
0.994951 0.000676
0.995051 0.000676
0.995150 0.000451
0.995250 0.000225
0.995349 0.000225
0.995449 0.000225
0.995548 0.000225
0.995648 0.000225
0.995747 0.000225
0.995847 0.000225
0.995946 0.000000
