# Threshold Efficiency
0.001435 1.000000
0.001534 1.000000
0.001633 1.000000
0.001732 1.000000
0.001832 1.000000
0.001931 1.000000
0.002030 1.000000
0.002129 1.000000
0.002229 1.000000
0.002328 1.000000
0.002427 1.000000
0.002526 1.000000
0.002626 1.000000
0.002725 1.000000
0.002824 1.000000
0.002923 1.000000
0.003022 1.000000
0.003122 1.000000
0.003221 1.000000
0.003320 1.000000
0.003419 1.000000
0.003519 1.000000
0.003618 1.000000
0.003717 1.000000
0.003816 1.000000
0.003916 1.000000
0.004015 1.000000
0.004114 1.000000
0.004213 1.000000
0.004313 1.000000
0.004412 1.000000
0.004511 1.000000
0.004610 1.000000
0.004709 1.000000
0.004809 1.000000
0.004908 1.000000
0.005007 1.000000
0.005106 1.000000
0.005206 1.000000
0.005305 0.999440
0.005404 0.999440
0.005503 0.999440
0.005603 0.999440
0.005702 0.999440
0.005801 0.999440
0.005900 0.999440
0.006000 0.999440
0.006099 0.999440
0.006198 0.999440
0.006297 0.999440
0.006396 0.999440
0.006496 0.999440
0.006595 0.999440
0.006694 0.999440
0.006793 0.999440
0.006893 0.999440
0.006992 0.999440
0.007091 0.999440
0.007190 0.999440
0.007290 0.999440
0.007389 0.999440
0.007488 0.999440
0.007587 0.999440
0.007687 0.999440
0.007786 0.999440
0.007885 0.999440
0.007984 0.999440
0.008084 0.999440
0.008183 0.998880
0.008282 0.998880
0.008381 0.998880
0.008480 0.998880
0.008580 0.998880
0.008679 0.998880
0.008778 0.998880
0.008877 0.998880
0.008977 0.998880
0.009076 0.998880
0.009175 0.998880
0.009274 0.998880
0.009374 0.998880
0.009473 0.998880
0.009572 0.998880
0.009671 0.998880
0.009771 0.998880
0.009870 0.998880
0.009969 0.998880
0.010068 0.998880
0.010167 0.998880
0.010267 0.998880
0.010366 0.998880
0.010465 0.998880
0.010564 0.998880
0.010664 0.998880
0.010763 0.998880
0.010862 0.998880
0.010961 0.998880
0.011061 0.998880
0.011160 0.998880
0.011259 0.998880
0.011358 0.998880
0.011458 0.998880
0.011557 0.998880
0.011656 0.998880
0.011755 0.998880
0.011855 0.998880
0.011954 0.998880
0.012053 0.998880
0.012152 0.998880
0.012251 0.998880
0.012351 0.998880
0.012450 0.998880
0.012549 0.998880
0.012648 0.998880
0.012748 0.998880
0.012847 0.998880
0.012946 0.998880
0.013045 0.998880
0.013145 0.998880
0.013244 0.998880
0.013343 0.998880
0.013442 0.998880
0.013542 0.998880
0.013641 0.998880
0.013740 0.998880
0.013839 0.998880
0.013938 0.998880
0.014038 0.998880
0.014137 0.998880
0.014236 0.998880
0.014335 0.998880
0.014435 0.998880
0.014534 0.998880
0.014633 0.998880
0.014732 0.998880
0.014832 0.998880
0.014931 0.998880
0.015030 0.998880
0.015129 0.998880
0.015229 0.998880
0.015328 0.998880
0.015427 0.998880
0.015526 0.998880
0.015625 0.998880
0.015725 0.998880
0.015824 0.998880
0.015923 0.998880
0.016022 0.998880
0.016122 0.998880
0.016221 0.998880
0.016320 0.998880
0.016419 0.998880
0.016519 0.998880
0.016618 0.998880
0.016717 0.998880
0.016816 0.998880
0.016916 0.998880
0.017015 0.998880
0.017114 0.998880
0.017213 0.998880
0.017313 0.998880
0.017412 0.998880
0.017511 0.998880
0.017610 0.998880
0.017709 0.998880
0.017809 0.998880
0.017908 0.998880
0.018007 0.998880
0.018106 0.998880
0.018206 0.998880
0.018305 0.998880
0.018404 0.998880
0.018503 0.998880
0.018603 0.998880
0.018702 0.998880
0.018801 0.998880
0.018900 0.998880
0.019000 0.998880
0.019099 0.998320
0.019198 0.998320
0.019297 0.998320
0.019396 0.998320
0.019496 0.998320
0.019595 0.998320
0.019694 0.998320
0.019793 0.998320
0.019893 0.998320
0.019992 0.998320
0.020091 0.998320
0.020190 0.998320
0.020290 0.998320
0.020389 0.998320
0.020488 0.998320
0.020587 0.998320
0.020687 0.998320
0.020786 0.998320
0.020885 0.998320
0.020984 0.998320
0.021083 0.998320
0.021183 0.998320
0.021282 0.998320
0.021381 0.998320
0.021480 0.998320
0.021580 0.998320
0.021679 0.998320
0.021778 0.998320
0.021877 0.998320
0.021977 0.998320
0.022076 0.998320
0.022175 0.998320
0.022274 0.998320
0.022374 0.998320
0.022473 0.998320
0.022572 0.998320
0.022671 0.998320
0.022771 0.998320
0.022870 0.998320
0.022969 0.998320
0.023068 0.998320
0.023167 0.998320
0.023267 0.998320
0.023366 0.998320
0.023465 0.998320
0.023564 0.998320
0.023664 0.998320
0.023763 0.998320
0.023862 0.998320
0.023961 0.998320
0.024061 0.998320
0.024160 0.998320
0.024259 0.998320
0.024358 0.998320
0.024458 0.998320
0.024557 0.998320
0.024656 0.998320
0.024755 0.998320
0.024854 0.998320
0.024954 0.998320
0.025053 0.998320
0.025152 0.998320
0.025251 0.998320
0.025351 0.998320
0.025450 0.998320
0.025549 0.998320
0.025648 0.998320
0.025748 0.998320
0.025847 0.998320
0.025946 0.998320
0.026045 0.998320
0.026145 0.998320
0.026244 0.998320
0.026343 0.998320
0.026442 0.998320
0.026542 0.998320
0.026641 0.998320
0.026740 0.998320
0.026839 0.998320
0.026938 0.998320
0.027038 0.998320
0.027137 0.998320
0.027236 0.998320
0.027335 0.998320
0.027435 0.998320
0.027534 0.998320
0.027633 0.998320
0.027732 0.998320
0.027832 0.998320
0.027931 0.998320
0.028030 0.998320
0.028129 0.998320
0.028229 0.998320
0.028328 0.998320
0.028427 0.998320
0.028526 0.998320
0.028625 0.998320
0.028725 0.998320
0.028824 0.998320
0.028923 0.998320
0.029022 0.998320
0.029122 0.998320
0.029221 0.998320
0.029320 0.998320
0.029419 0.998320
0.029519 0.998320
0.029618 0.998320
0.029717 0.998320
0.029816 0.998320
0.029916 0.998320
0.030015 0.998320
0.030114 0.998320
0.030213 0.998320
0.030312 0.998320
0.030412 0.998320
0.030511 0.998320
0.030610 0.998320
0.030709 0.998320
0.030809 0.998320
0.030908 0.998320
0.031007 0.998320
0.031106 0.998320
0.031206 0.998320
0.031305 0.998320
0.031404 0.998320
0.031503 0.998320
0.031603 0.998320
0.031702 0.998320
0.031801 0.998320
0.031900 0.998320
0.032000 0.998320
0.032099 0.998320
0.032198 0.998320
0.032297 0.998320
0.032396 0.998320
0.032496 0.998320
0.032595 0.998320
0.032694 0.998320
0.032793 0.998320
0.032893 0.998320
0.032992 0.998320
0.033091 0.998320
0.033190 0.998320
0.033290 0.998320
0.033389 0.998320
0.033488 0.998320
0.033587 0.998320
0.033687 0.998320
0.033786 0.998320
0.033885 0.998320
0.033984 0.998320
0.034083 0.998320
0.034183 0.998320
0.034282 0.998320
0.034381 0.998320
0.034480 0.998320
0.034580 0.998320
0.034679 0.998320
0.034778 0.998320
0.034877 0.998320
0.034977 0.998320
0.035076 0.998320
0.035175 0.998320
0.035274 0.998320
0.035374 0.998320
0.035473 0.998320
0.035572 0.998320
0.035671 0.998320
0.035771 0.998320
0.035870 0.998320
0.035969 0.998320
0.036068 0.998320
0.036167 0.998320
0.036267 0.998320
0.036366 0.998320
0.036465 0.998320
0.036564 0.998320
0.036664 0.998320
0.036763 0.998320
0.036862 0.998320
0.036961 0.998320
0.037061 0.998320
0.037160 0.998320
0.037259 0.998320
0.037358 0.998320
0.037458 0.998320
0.037557 0.998320
0.037656 0.998320
0.037755 0.998320
0.037854 0.998320
0.037954 0.998320
0.038053 0.998320
0.038152 0.998320
0.038251 0.998320
0.038351 0.998320
0.038450 0.998320
0.038549 0.998320
0.038648 0.998320
0.038748 0.998320
0.038847 0.998320
0.038946 0.998320
0.039045 0.998320
0.039145 0.998320
0.039244 0.998320
0.039343 0.998320
0.039442 0.998320
0.039541 0.998320
0.039641 0.998320
0.039740 0.998320
0.039839 0.998320
0.039938 0.998320
0.040038 0.998320
0.040137 0.998320
0.040236 0.998320
0.040335 0.998320
0.040435 0.998320
0.040534 0.998320
0.040633 0.998320
0.040732 0.998320
0.040832 0.998320
0.040931 0.998320
0.041030 0.998320
0.041129 0.998320
0.041229 0.998320
0.041328 0.998320
0.041427 0.998320
0.041526 0.998320
0.041625 0.998320
0.041725 0.998320
0.041824 0.998320
0.041923 0.998320
0.042022 0.998320
0.042122 0.998320
0.042221 0.998320
0.042320 0.998320
0.042419 0.998320
0.042519 0.998320
0.042618 0.998320
0.042717 0.998320
0.042816 0.998320
0.042916 0.998320
0.043015 0.998320
0.043114 0.998320
0.043213 0.998320
0.043312 0.998320
0.043412 0.998320
0.043511 0.998320
0.043610 0.998320
0.043709 0.998320
0.043809 0.998320
0.043908 0.998320
0.044007 0.998320
0.044106 0.998320
0.044206 0.998320
0.044305 0.998320
0.044404 0.998320
0.044503 0.998320
0.044603 0.998320
0.044702 0.998320
0.044801 0.998320
0.044900 0.998320
0.044999 0.998320
0.045099 0.998320
0.045198 0.998320
0.045297 0.998320
0.045396 0.998320
0.045496 0.998320
0.045595 0.998320
0.045694 0.998320
0.045793 0.998320
0.045893 0.998320
0.045992 0.998320
0.046091 0.998320
0.046190 0.998320
0.046290 0.998320
0.046389 0.998320
0.046488 0.998320
0.046587 0.998320
0.046687 0.998320
0.046786 0.998320
0.046885 0.998320
0.046984 0.998320
0.047083 0.998320
0.047183 0.998320
0.047282 0.998320
0.047381 0.998320
0.047480 0.998320
0.047580 0.998320
0.047679 0.998320
0.047778 0.998320
0.047877 0.998320
0.047977 0.998320
0.048076 0.998320
0.048175 0.998320
0.048274 0.998320
0.048374 0.998320
0.048473 0.998320
0.048572 0.998320
0.048671 0.998320
0.048770 0.998320
0.048870 0.998320
0.048969 0.998320
0.049068 0.998320
0.049167 0.998320
0.049267 0.998320
0.049366 0.998320
0.049465 0.998320
0.049564 0.998320
0.049664 0.998320
0.049763 0.998320
0.049862 0.998320
0.049961 0.998320
0.050061 0.998320
0.050160 0.998320
0.050259 0.998320
0.050358 0.998320
0.050458 0.998320
0.050557 0.998320
0.050656 0.998320
0.050755 0.998320
0.050854 0.998320
0.050954 0.998320
0.051053 0.998320
0.051152 0.998320
0.051251 0.998320
0.051351 0.998320
0.051450 0.998320
0.051549 0.998320
0.051648 0.998320
0.051748 0.998320
0.051847 0.998320
0.051946 0.998320
0.052045 0.998320
0.052145 0.998320
0.052244 0.998320
0.052343 0.998320
0.052442 0.998320
0.052541 0.998320
0.052641 0.998320
0.052740 0.998320
0.052839 0.998320
0.052938 0.998320
0.053038 0.998320
0.053137 0.998320
0.053236 0.998320
0.053335 0.998320
0.053435 0.998320
0.053534 0.998320
0.053633 0.998320
0.053732 0.998320
0.053832 0.998320
0.053931 0.998320
0.054030 0.998320
0.054129 0.998320
0.054228 0.998320
0.054328 0.998320
0.054427 0.998320
0.054526 0.998320
0.054625 0.998320
0.054725 0.998320
0.054824 0.998320
0.054923 0.998320
0.055022 0.998320
0.055122 0.998320
0.055221 0.998320
0.055320 0.998320
0.055419 0.998320
0.055519 0.998320
0.055618 0.998320
0.055717 0.998320
0.055816 0.998320
0.055916 0.998320
0.056015 0.998320
0.056114 0.998320
0.056213 0.998320
0.056312 0.998320
0.056412 0.998320
0.056511 0.998320
0.056610 0.998320
0.056709 0.998320
0.056809 0.998320
0.056908 0.998320
0.057007 0.998320
0.057106 0.998320
0.057206 0.998320
0.057305 0.998320
0.057404 0.998320
0.057503 0.998320
0.057603 0.998320
0.057702 0.998320
0.057801 0.998320
0.057900 0.998320
0.057999 0.998320
0.058099 0.998320
0.058198 0.998320
0.058297 0.998320
0.058396 0.998320
0.058496 0.998320
0.058595 0.998320
0.058694 0.998320
0.058793 0.998320
0.058893 0.998320
0.058992 0.998320
0.059091 0.998320
0.059190 0.998320
0.059290 0.998320
0.059389 0.998320
0.059488 0.998320
0.059587 0.998320
0.059687 0.998320
0.059786 0.998320
0.059885 0.998320
0.059984 0.998320
0.060083 0.998320
0.060183 0.998320
0.060282 0.998320
0.060381 0.998320
0.060480 0.998320
0.060580 0.998320
0.060679 0.998320
0.060778 0.998320
0.060877 0.998320
0.060977 0.998320
0.061076 0.998320
0.061175 0.998320
0.061274 0.998320
0.061374 0.998320
0.061473 0.998320
0.061572 0.998320
0.061671 0.998320
0.061770 0.998320
0.061870 0.998320
0.061969 0.998320
0.062068 0.998320
0.062167 0.998320
0.062267 0.998320
0.062366 0.998320
0.062465 0.998320
0.062564 0.998320
0.062664 0.998320
0.062763 0.998320
0.062862 0.998320
0.062961 0.998320
0.063061 0.998320
0.063160 0.998320
0.063259 0.998320
0.063358 0.998320
0.063457 0.998320
0.063557 0.998320
0.063656 0.998320
0.063755 0.998320
0.063854 0.998320
0.063954 0.998320
0.064053 0.998320
0.064152 0.998320
0.064251 0.998320
0.064351 0.998320
0.064450 0.998320
0.064549 0.998320
0.064648 0.998320
0.064748 0.998320
0.064847 0.998320
0.064946 0.998320
0.065045 0.998320
0.065145 0.998320
0.065244 0.998320
0.065343 0.998320
0.065442 0.998320
0.065541 0.998320
0.065641 0.998320
0.065740 0.998320
0.065839 0.998320
0.065938 0.998320
0.066038 0.998320
0.066137 0.998320
0.066236 0.998320
0.066335 0.998320
0.066435 0.998320
0.066534 0.998320
0.066633 0.998320
0.066732 0.998320
0.066832 0.998320
0.066931 0.998320
0.067030 0.998320
0.067129 0.998320
0.067228 0.998320
0.067328 0.998320
0.067427 0.998320
0.067526 0.998320
0.067625 0.998320
0.067725 0.998320
0.067824 0.998320
0.067923 0.998320
0.068022 0.998320
0.068122 0.998320
0.068221 0.998320
0.068320 0.998320
0.068419 0.998320
0.068519 0.998320
0.068618 0.998320
0.068717 0.998320
0.068816 0.998320
0.068915 0.998320
0.069015 0.998320
0.069114 0.998320
0.069213 0.998320
0.069312 0.998320
0.069412 0.998320
0.069511 0.998320
0.069610 0.998320
0.069709 0.998320
0.069809 0.998320
0.069908 0.998320
0.070007 0.998320
0.070106 0.998320
0.070206 0.998320
0.070305 0.998320
0.070404 0.998320
0.070503 0.998320
0.070603 0.998320
0.070702 0.998320
0.070801 0.998320
0.070900 0.998320
0.070999 0.998320
0.071099 0.998320
0.071198 0.998320
0.071297 0.998320
0.071396 0.998320
0.071496 0.998320
0.071595 0.998320
0.071694 0.998320
0.071793 0.998320
0.071893 0.998320
0.071992 0.998320
0.072091 0.998320
0.072190 0.998320
0.072290 0.998320
0.072389 0.998320
0.072488 0.998320
0.072587 0.998320
0.072686 0.998320
0.072786 0.998320
0.072885 0.998320
0.072984 0.998320
0.073083 0.998320
0.073183 0.998320
0.073282 0.998320
0.073381 0.998320
0.073480 0.998320
0.073580 0.998320
0.073679 0.998320
0.073778 0.998320
0.073877 0.998320
0.073977 0.998320
0.074076 0.998320
0.074175 0.998320
0.074274 0.998320
0.074374 0.998320
0.074473 0.998320
0.074572 0.997760
0.074671 0.997760
0.074770 0.997760
0.074870 0.997760
0.074969 0.997760
0.075068 0.997760
0.075167 0.997760
0.075267 0.997760
0.075366 0.997760
0.075465 0.997760
0.075564 0.997760
0.075664 0.997760
0.075763 0.997760
0.075862 0.997760
0.075961 0.997760
0.076061 0.997760
0.076160 0.997760
0.076259 0.997760
0.076358 0.997760
0.076457 0.997760
0.076557 0.997760
0.076656 0.997760
0.076755 0.997760
0.076854 0.997760
0.076954 0.997760
0.077053 0.997760
0.077152 0.997760
0.077251 0.997760
0.077351 0.997760
0.077450 0.997760
0.077549 0.997760
0.077648 0.997760
0.077748 0.997760
0.077847 0.997760
0.077946 0.997760
0.078045 0.997760
0.078144 0.997760
0.078244 0.997760
0.078343 0.997760
0.078442 0.997760
0.078541 0.997760
0.078641 0.997760
0.078740 0.997760
0.078839 0.997760
0.078938 0.997760
0.079038 0.997760
0.079137 0.997760
0.079236 0.997760
0.079335 0.997760
0.079435 0.997760
0.079534 0.997760
0.079633 0.997760
0.079732 0.997760
0.079832 0.997760
0.079931 0.997760
0.080030 0.997760
0.080129 0.997760
0.080228 0.997760
0.080328 0.997760
0.080427 0.997760
0.080526 0.997760
0.080625 0.997760
0.080725 0.997760
0.080824 0.997760
0.080923 0.997760
0.081022 0.997760
0.081122 0.997760
0.081221 0.997760
0.081320 0.997760
0.081419 0.997760
0.081519 0.997760
0.081618 0.997760
0.081717 0.997760
0.081816 0.997760
0.081915 0.997760
0.082015 0.997760
0.082114 0.997760
0.082213 0.997760
0.082312 0.997760
0.082412 0.997760
0.082511 0.997760
0.082610 0.997760
0.082709 0.997760
0.082809 0.997760
0.082908 0.997760
0.083007 0.997760
0.083106 0.997760
0.083206 0.997760
0.083305 0.997760
0.083404 0.997760
0.083503 0.997760
0.083603 0.997760
0.083702 0.997760
0.083801 0.997760
0.083900 0.997760
0.083999 0.997760
0.084099 0.997760
0.084198 0.997760
0.084297 0.997760
0.084396 0.997760
0.084496 0.997760
0.084595 0.997760
0.084694 0.997760
0.084793 0.997760
0.084893 0.997760
0.084992 0.997760
0.085091 0.997760
0.085190 0.997760
0.085290 0.997760
0.085389 0.997760
0.085488 0.997760
0.085587 0.997760
0.085686 0.997760
0.085786 0.997760
0.085885 0.997760
0.085984 0.997760
0.086083 0.997760
0.086183 0.997760
0.086282 0.997760
0.086381 0.997760
0.086480 0.997760
0.086580 0.997760
0.086679 0.997760
0.086778 0.997760
0.086877 0.997760
0.086977 0.997760
0.087076 0.997760
0.087175 0.997760
0.087274 0.997760
0.087373 0.997760
0.087473 0.997760
0.087572 0.997760
0.087671 0.997760
0.087770 0.997760
0.087870 0.997760
0.087969 0.997760
0.088068 0.997760
0.088167 0.997760
0.088267 0.997760
0.088366 0.997760
0.088465 0.997760
0.088564 0.997760
0.088664 0.997760
0.088763 0.997760
0.088862 0.997760
0.088961 0.997760
0.089061 0.997760
0.089160 0.997760
0.089259 0.997760
0.089358 0.997760
0.089457 0.997760
0.089557 0.997760
0.089656 0.997760
0.089755 0.997760
0.089854 0.997760
0.089954 0.997760
0.090053 0.997760
0.090152 0.997760
0.090251 0.997760
0.090351 0.997760
0.090450 0.997760
0.090549 0.997760
0.090648 0.997760
0.090748 0.997760
0.090847 0.997760
0.090946 0.997760
0.091045 0.997760
0.091144 0.997760
0.091244 0.997760
0.091343 0.997760
0.091442 0.997760
0.091541 0.997760
0.091641 0.997760
0.091740 0.997760
0.091839 0.997760
0.091938 0.997760
0.092038 0.997760
0.092137 0.997760
0.092236 0.997760
0.092335 0.997760
0.092435 0.997760
0.092534 0.997760
0.092633 0.997760
0.092732 0.997760
0.092832 0.997760
0.092931 0.997760
0.093030 0.997200
0.093129 0.997200
0.093228 0.997200
0.093328 0.997200
0.093427 0.997200
0.093526 0.997200
0.093625 0.997200
0.093725 0.997200
0.093824 0.997200
0.093923 0.997200
0.094022 0.997200
0.094122 0.997200
0.094221 0.997200
0.094320 0.997200
0.094419 0.997200
0.094519 0.997200
0.094618 0.997200
0.094717 0.997200
0.094816 0.997200
0.094915 0.996641
0.095015 0.996641
0.095114 0.996641
0.095213 0.996641
0.095312 0.996641
0.095412 0.996641
0.095511 0.996641
0.095610 0.996641
0.095709 0.996641
0.095809 0.996641
0.095908 0.996641
0.096007 0.996641
0.096106 0.996641
0.096206 0.996641
0.096305 0.996641
0.096404 0.996641
0.096503 0.996641
0.096602 0.996641
0.096702 0.996641
0.096801 0.996641
0.096900 0.996641
0.096999 0.996641
0.097099 0.996081
0.097198 0.996081
0.097297 0.996081
0.097396 0.996081
0.097496 0.996081
0.097595 0.996081
0.097694 0.996081
0.097793 0.996081
0.097893 0.996081
0.097992 0.996081
0.098091 0.996081
0.098190 0.996081
0.098290 0.996081
0.098389 0.996081
0.098488 0.996081
0.098587 0.996081
0.098686 0.996081
0.098786 0.996081
0.098885 0.996081
0.098984 0.996081
0.099083 0.996081
0.099183 0.996081
0.099282 0.996081
0.099381 0.996081
0.099480 0.995521
0.099580 0.995521
0.099679 0.995521
0.099778 0.995521
0.099877 0.995521
0.099977 0.995521
0.100076 0.995521
0.100175 0.995521
0.100274 0.995521
0.100373 0.995521
0.100473 0.995521
0.100572 0.995521
0.100671 0.995521
0.100770 0.995521
0.100870 0.995521
0.100969 0.995521
0.101068 0.995521
0.101167 0.995521
0.101267 0.995521
0.101366 0.995521
0.101465 0.995521
0.101564 0.995521
0.101664 0.995521
0.101763 0.995521
0.101862 0.995521
0.101961 0.994961
0.102060 0.994961
0.102160 0.994961
0.102259 0.994961
0.102358 0.994961
0.102457 0.994961
0.102557 0.994961
0.102656 0.994961
0.102755 0.994961
0.102854 0.994961
0.102954 0.994961
0.103053 0.994961
0.103152 0.994961
0.103251 0.994961
0.103351 0.994961
0.103450 0.994961
0.103549 0.994961
0.103648 0.994961
0.103748 0.994401
0.103847 0.994401
0.103946 0.994401
0.104045 0.994401
0.104144 0.994401
0.104244 0.994401
0.104343 0.994401
0.104442 0.994401
0.104541 0.994401
0.104641 0.994401
0.104740 0.994401
0.104839 0.994401
0.104938 0.994401
0.105038 0.994401
0.105137 0.994401
0.105236 0.994401
0.105335 0.994401
0.105435 0.994401
0.105534 0.994401
0.105633 0.994401
0.105732 0.994401
0.105831 0.994401
0.105931 0.994401
0.106030 0.994401
0.106129 0.994401
0.106228 0.994401
0.106328 0.994401
0.106427 0.994401
0.106526 0.994401
0.106625 0.994401
0.106725 0.994401
0.106824 0.994401
0.106923 0.994401
0.107022 0.994401
0.107122 0.994401
0.107221 0.994401
0.107320 0.994401
0.107419 0.994401
0.107519 0.994401
0.107618 0.994401
0.107717 0.994401
0.107816 0.994401
0.107915 0.994401
0.108015 0.994401
0.108114 0.994401
0.108213 0.994401
0.108312 0.994401
0.108412 0.994401
0.108511 0.994401
0.108610 0.994401
0.108709 0.994401
0.108809 0.994401
0.108908 0.994401
0.109007 0.994401
0.109106 0.994401
0.109206 0.994401
0.109305 0.994401
0.109404 0.994401
0.109503 0.994401
0.109602 0.994401
0.109702 0.994401
0.109801 0.994401
0.109900 0.994401
0.109999 0.994401
0.110099 0.994401
0.110198 0.994401
0.110297 0.994401
0.110396 0.994401
0.110496 0.994401
0.110595 0.994401
0.110694 0.994401
0.110793 0.993841
0.110893 0.993841
0.110992 0.993841
0.111091 0.993841
0.111190 0.993841
0.111289 0.993841
0.111389 0.993841
0.111488 0.993841
0.111587 0.993841
0.111686 0.993841
0.111786 0.993281
0.111885 0.993281
0.111984 0.993281
0.112083 0.993281
0.112183 0.993281
0.112282 0.992721
0.112381 0.992721
0.112480 0.992721
0.112580 0.992721
0.112679 0.992721
0.112778 0.992721
0.112877 0.992161
0.112977 0.992161
0.113076 0.992161
0.113175 0.992161
0.113274 0.992161
0.113373 0.992161
0.113473 0.992161
0.113572 0.992161
0.113671 0.992161
0.113770 0.992161
0.113870 0.992161
0.113969 0.992161
0.114068 0.992161
0.114167 0.992161
0.114267 0.992161
0.114366 0.992161
0.114465 0.992161
0.114564 0.992161
0.114664 0.992161
0.114763 0.992161
0.114862 0.992161
0.114961 0.992161
0.115060 0.992161
0.115160 0.992161
0.115259 0.992161
0.115358 0.991601
0.115457 0.991601
0.115557 0.991601
0.115656 0.991601
0.115755 0.991601
0.115854 0.991601
0.115954 0.991601
0.116053 0.991601
0.116152 0.991601
0.116251 0.991601
0.116351 0.991601
0.116450 0.991601
0.116549 0.991601
0.116648 0.991601
0.116748 0.991601
0.116847 0.991601
0.116946 0.991601
0.117045 0.991601
0.117144 0.991601
0.117244 0.991601
0.117343 0.991601
0.117442 0.991601
0.117541 0.991601
0.117641 0.991601
0.117740 0.991601
0.117839 0.991601
0.117938 0.991601
0.118038 0.991601
0.118137 0.991601
0.118236 0.991601
0.118335 0.991601
0.118435 0.991601
0.118534 0.991601
0.118633 0.991601
0.118732 0.991601
0.118831 0.991601
0.118931 0.991601
0.119030 0.991601
0.119129 0.991601
0.119228 0.991601
0.119328 0.991601
0.119427 0.991601
0.119526 0.991601
0.119625 0.991601
0.119725 0.991601
0.119824 0.991601
0.119923 0.991601
0.120022 0.991601
0.120122 0.991601
0.120221 0.991601
0.120320 0.991601
0.120419 0.991601
0.120518 0.991601
0.120618 0.991601
0.120717 0.991601
0.120816 0.991601
0.120915 0.991601
0.121015 0.991601
0.121114 0.991601
0.121213 0.991601
0.121312 0.991601
0.121412 0.991601
0.121511 0.991601
0.121610 0.991601
0.121709 0.991601
0.121809 0.991601
0.121908 0.991601
0.122007 0.991601
0.122106 0.991601
0.122206 0.991601
0.122305 0.991601
0.122404 0.991601
0.122503 0.991601
0.122602 0.991601
0.122702 0.991601
0.122801 0.991601
0.122900 0.991601
0.122999 0.991601
0.123099 0.991601
0.123198 0.991601
0.123297 0.991601
0.123396 0.991601
0.123496 0.991601
0.123595 0.991601
0.123694 0.991601
0.123793 0.991601
0.123893 0.991601
0.123992 0.991601
0.124091 0.991601
0.124190 0.991601
0.124289 0.991601
0.124389 0.991601
0.124488 0.991601
0.124587 0.991601
0.124686 0.991601
0.124786 0.991601
0.124885 0.991601
0.124984 0.991601
0.125083 0.991601
0.125183 0.991601
0.125282 0.991601
0.125381 0.991601
0.125480 0.991041
0.125580 0.991041
0.125679 0.991041
0.125778 0.991041
0.125877 0.991041
0.125976 0.991041
0.126076 0.991041
0.126175 0.991041
0.126274 0.991041
0.126373 0.991041
0.126473 0.991041
0.126572 0.991041
0.126671 0.991041
0.126770 0.991041
0.126870 0.991041
0.126969 0.991041
0.127068 0.991041
0.127167 0.991041
0.127267 0.991041
0.127366 0.990482
0.127465 0.990482
0.127564 0.990482
0.127664 0.990482
0.127763 0.990482
0.127862 0.990482
0.127961 0.990482
0.128060 0.990482
0.128160 0.990482
0.128259 0.990482
0.128358 0.990482
0.128457 0.990482
0.128557 0.990482
0.128656 0.990482
0.128755 0.990482
0.128854 0.990482
0.128954 0.990482
0.129053 0.990482
0.129152 0.990482
0.129251 0.990482
0.129351 0.990482
0.129450 0.990482
0.129549 0.990482
0.129648 0.990482
0.129747 0.990482
0.129847 0.990482
0.129946 0.990482
0.130045 0.990482
0.130144 0.990482
0.130244 0.990482
0.130343 0.990482
0.130442 0.990482
0.130541 0.990482
0.130641 0.990482
0.130740 0.990482
0.130839 0.990482
0.130938 0.990482
0.131038 0.990482
0.131137 0.990482
0.131236 0.990482
0.131335 0.990482
0.131435 0.990482
0.131534 0.990482
0.131633 0.990482
0.131732 0.990482
0.131831 0.990482
0.131931 0.990482
0.132030 0.990482
0.132129 0.990482
0.132228 0.990482
0.132328 0.990482
0.132427 0.990482
0.132526 0.990482
0.132625 0.990482
0.132725 0.990482
0.132824 0.990482
0.132923 0.990482
0.133022 0.990482
0.133122 0.990482
0.133221 0.990482
0.133320 0.990482
0.133419 0.990482
0.133518 0.990482
0.133618 0.990482
0.133717 0.990482
0.133816 0.990482
0.133915 0.990482
0.134015 0.990482
0.134114 0.990482
0.134213 0.990482
0.134312 0.990482
0.134412 0.990482
0.134511 0.990482
0.134610 0.990482
0.134709 0.989922
0.134809 0.989922
0.134908 0.989922
0.135007 0.989922
0.135106 0.989922
0.135205 0.989922
0.135305 0.989922
0.135404 0.989922
0.135503 0.989922
0.135602 0.989922
0.135702 0.989922
0.135801 0.989922
0.135900 0.989922
0.135999 0.989922
0.136099 0.989922
0.136198 0.989922
0.136297 0.989922
0.136396 0.989922
0.136496 0.989922
0.136595 0.989922
0.136694 0.989362
0.136793 0.989362
0.136893 0.989362
0.136992 0.989362
0.137091 0.989362
0.137190 0.989362
0.137289 0.989362
0.137389 0.989362
0.137488 0.989362
0.137587 0.989362
0.137686 0.989362
0.137786 0.989362
0.137885 0.989362
0.137984 0.989362
0.138083 0.989362
0.138183 0.989362
0.138282 0.989362
0.138381 0.989362
0.138480 0.989362
0.138580 0.988802
0.138679 0.988802
0.138778 0.988802
0.138877 0.988802
0.138976 0.988802
0.139076 0.988802
0.139175 0.988802
0.139274 0.988802
0.139373 0.988802
0.139473 0.988802
0.139572 0.988802
0.139671 0.988802
0.139770 0.988802
0.139870 0.988242
0.139969 0.988242
0.140068 0.988242
0.140167 0.988242
0.140267 0.988242
0.140366 0.988242
0.140465 0.988242
0.140564 0.988242
0.140664 0.988242
0.140763 0.988242
0.140862 0.988242
0.140961 0.988242
0.141060 0.988242
0.141160 0.988242
0.141259 0.988242
0.141358 0.988242
0.141457 0.988242
0.141557 0.988242
0.141656 0.988242
0.141755 0.988242
0.141854 0.988242
0.141954 0.988242
0.142053 0.988242
0.142152 0.988242
0.142251 0.988242
0.142351 0.988242
0.142450 0.988242
0.142549 0.988242
0.142648 0.988242
0.142747 0.988242
0.142847 0.988242
0.142946 0.988242
0.143045 0.988242
0.143144 0.988242
0.143244 0.988242
0.143343 0.987682
0.143442 0.987682
0.143541 0.987682
0.143641 0.987682
0.143740 0.987682
0.143839 0.987682
0.143938 0.987682
0.144038 0.987682
0.144137 0.987682
0.144236 0.987682
0.144335 0.987682
0.144434 0.987682
0.144534 0.987682
0.144633 0.987682
0.144732 0.987682
0.144831 0.987682
0.144931 0.987682
0.145030 0.987682
0.145129 0.987682
0.145228 0.987682
0.145328 0.987682
0.145427 0.987682
0.145526 0.987682
0.145625 0.987682
0.145725 0.987682
0.145824 0.987682
0.145923 0.987682
0.146022 0.987682
0.146122 0.987682
0.146221 0.987682
0.146320 0.987682
0.146419 0.987682
0.146518 0.987682
0.146618 0.987682
0.146717 0.987682
0.146816 0.987682
0.146915 0.987682
0.147015 0.987682
0.147114 0.987682
0.147213 0.987682
0.147312 0.987682
0.147412 0.987122
0.147511 0.987122
0.147610 0.986562
0.147709 0.986562
0.147809 0.986562
0.147908 0.986562
0.148007 0.986002
0.148106 0.986002
0.148205 0.986002
0.148305 0.986002
0.148404 0.986002
0.148503 0.986002
0.148602 0.986002
0.148702 0.986002
0.148801 0.986002
0.148900 0.986002
0.148999 0.986002
0.149099 0.986002
0.149198 0.986002
0.149297 0.986002
0.149396 0.986002
0.149496 0.986002
0.149595 0.986002
0.149694 0.986002
0.149793 0.986002
0.149892 0.986002
0.149992 0.986002
0.150091 0.986002
0.150190 0.986002
0.150289 0.986002
0.150389 0.986002
0.150488 0.986002
0.150587 0.986002
0.150686 0.986002
0.150786 0.986002
0.150885 0.986002
0.150984 0.986002
0.151083 0.986002
0.151183 0.986002
0.151282 0.986002
0.151381 0.986002
0.151480 0.986002
0.151580 0.986002
0.151679 0.986002
0.151778 0.986002
0.151877 0.986002
0.151976 0.986002
0.152076 0.986002
0.152175 0.986002
0.152274 0.986002
0.152373 0.986002
0.152473 0.986002
0.152572 0.986002
0.152671 0.986002
0.152770 0.986002
0.152870 0.986002
0.152969 0.986002
0.153068 0.986002
0.153167 0.986002
0.153267 0.986002
0.153366 0.986002
0.153465 0.986002
0.153564 0.986002
0.153663 0.986002
0.153763 0.986002
0.153862 0.986002
0.153961 0.986002
0.154060 0.986002
0.154160 0.986002
0.154259 0.986002
0.154358 0.986002
0.154457 0.986002
0.154557 0.986002
0.154656 0.986002
0.154755 0.986002
0.154854 0.985442
0.154954 0.985442
0.155053 0.985442
0.155152 0.985442
0.155251 0.985442
0.155351 0.985442
0.155450 0.985442
0.155549 0.985442
0.155648 0.985442
0.155747 0.985442
0.155847 0.985442
0.155946 0.985442
0.156045 0.985442
0.156144 0.985442
0.156244 0.985442
0.156343 0.985442
0.156442 0.984882
0.156541 0.984882
0.156641 0.984882
0.156740 0.984882
0.156839 0.984882
0.156938 0.984882
0.157038 0.984882
0.157137 0.984882
0.157236 0.984882
0.157335 0.984882
0.157434 0.984882
0.157534 0.984882
0.157633 0.984882
0.157732 0.984882
0.157831 0.984882
0.157931 0.984882
0.158030 0.984882
0.158129 0.984882
0.158228 0.984882
0.158328 0.984882
0.158427 0.984882
0.158526 0.984882
0.158625 0.984882
0.158725 0.984882
0.158824 0.984882
0.158923 0.984882
0.159022 0.984882
0.159121 0.984323
0.159221 0.984323
0.159320 0.984323
0.159419 0.984323
0.159518 0.984323
0.159618 0.984323
0.159717 0.984323
0.159816 0.984323
0.159915 0.984323
0.160015 0.984323
0.160114 0.984323
0.160213 0.984323
0.160312 0.984323
0.160412 0.984323
0.160511 0.984323
0.160610 0.984323
0.160709 0.983763
0.160809 0.983763
0.160908 0.983763
0.161007 0.983763
0.161106 0.983763
0.161205 0.983763
0.161305 0.983763
0.161404 0.983763
0.161503 0.983763
0.161602 0.983763
0.161702 0.983763
0.161801 0.983763
0.161900 0.983763
0.161999 0.983763
0.162099 0.983763
0.162198 0.983763
0.162297 0.983763
0.162396 0.983763
0.162496 0.983763
0.162595 0.983763
0.162694 0.983763
0.162793 0.983763
0.162892 0.983763
0.162992 0.983763
0.163091 0.983763
0.163190 0.983763
0.163289 0.983763
0.163389 0.983203
0.163488 0.983203
0.163587 0.983203
0.163686 0.983203
0.163786 0.983203
0.163885 0.983203
0.163984 0.982643
0.164083 0.982643
0.164183 0.982643
0.164282 0.982643
0.164381 0.982643
0.164480 0.982643
0.164580 0.982643
0.164679 0.982643
0.164778 0.982643
0.164877 0.982643
0.164976 0.982643
0.165076 0.982643
0.165175 0.982643
0.165274 0.982643
0.165373 0.982643
0.165473 0.982643
0.165572 0.982643
0.165671 0.982643
0.165770 0.982643
0.165870 0.982643
0.165969 0.982643
0.166068 0.982083
0.166167 0.982083
0.166267 0.982083
0.166366 0.982083
0.166465 0.982083
0.166564 0.982083
0.166663 0.982083
0.166763 0.981523
0.166862 0.981523
0.166961 0.981523
0.167060 0.981523
0.167160 0.981523
0.167259 0.981523
0.167358 0.981523
0.167457 0.981523
0.167557 0.981523
0.167656 0.981523
0.167755 0.981523
0.167854 0.981523
0.167954 0.981523
0.168053 0.981523
0.168152 0.981523
0.168251 0.980963
0.168350 0.980963
0.168450 0.980963
0.168549 0.980963
0.168648 0.980963
0.168747 0.980963
0.168847 0.980963
0.168946 0.980963
0.169045 0.980963
0.169144 0.980963
0.169244 0.980963
0.169343 0.980963
0.169442 0.980963
0.169541 0.980963
0.169641 0.980963
0.169740 0.980963
0.169839 0.980963
0.169938 0.980963
0.170038 0.980963
0.170137 0.980963
0.170236 0.980963
0.170335 0.980963
0.170434 0.980963
0.170534 0.980963
0.170633 0.980963
0.170732 0.980963
0.170831 0.980403
0.170931 0.980403
0.171030 0.980403
0.171129 0.980403
0.171228 0.980403
0.171328 0.980403
0.171427 0.980403
0.171526 0.980403
0.171625 0.980403
0.171725 0.980403
0.171824 0.980403
0.171923 0.980403
0.172022 0.980403
0.172121 0.980403
0.172221 0.980403
0.172320 0.979843
0.172419 0.979843
0.172518 0.979843
0.172618 0.979843
0.172717 0.979843
0.172816 0.979843
0.172915 0.979843
0.173015 0.979843
0.173114 0.979843
0.173213 0.979843
0.173312 0.979843
0.173412 0.979843
0.173511 0.979843
0.173610 0.979843
0.173709 0.979843
0.173809 0.979843
0.173908 0.979843
0.174007 0.979843
0.174106 0.979843
0.174205 0.979843
0.174305 0.979843
0.174404 0.979283
0.174503 0.979283
0.174602 0.979283
0.174702 0.979283
0.174801 0.979283
0.174900 0.979283
0.174999 0.979283
0.175099 0.979283
0.175198 0.979283
0.175297 0.979283
0.175396 0.979283
0.175496 0.979283
0.175595 0.979283
0.175694 0.979283
0.175793 0.979283
0.175892 0.979283
0.175992 0.979283
0.176091 0.979283
0.176190 0.979283
0.176289 0.979283
0.176389 0.979283
0.176488 0.979283
0.176587 0.979283
0.176686 0.979283
0.176786 0.979283
0.176885 0.979283
0.176984 0.979283
0.177083 0.979283
0.177183 0.979283
0.177282 0.979283
0.177381 0.979283
0.177480 0.979283
0.177579 0.979283
0.177679 0.979283
0.177778 0.979283
0.177877 0.979283
0.177976 0.979283
0.178076 0.979283
0.178175 0.979283
0.178274 0.979283
0.178373 0.979283
0.178473 0.979283
0.178572 0.979283
0.178671 0.979283
0.178770 0.979283
0.178870 0.979283
0.178969 0.979283
0.179068 0.979283
0.179167 0.979283
0.179267 0.979283
0.179366 0.979283
0.179465 0.979283
0.179564 0.979283
0.179663 0.979283
0.179763 0.979283
0.179862 0.979283
0.179961 0.979283
0.180060 0.979283
0.180160 0.979283
0.180259 0.979283
0.180358 0.979283
0.180457 0.979283
0.180557 0.979283
0.180656 0.979283
0.180755 0.979283
0.180854 0.979283
0.180954 0.979283
0.181053 0.979283
0.181152 0.979283
0.181251 0.979283
0.181350 0.979283
0.181450 0.979283
0.181549 0.979283
0.181648 0.979283
0.181747 0.978723
0.181847 0.978723
0.181946 0.978723
0.182045 0.978723
0.182144 0.978723
0.182244 0.978723
0.182343 0.978723
0.182442 0.978723
0.182541 0.978723
0.182641 0.978163
0.182740 0.978163
0.182839 0.978163
0.182938 0.978163
0.183037 0.978163
0.183137 0.978163
0.183236 0.978163
0.183335 0.978163
0.183434 0.978163
0.183534 0.978163
0.183633 0.978163
0.183732 0.978163
0.183831 0.978163
0.183931 0.978163
0.184030 0.978163
0.184129 0.978163
0.184228 0.978163
0.184328 0.978163
0.184427 0.978163
0.184526 0.978163
0.184625 0.978163
0.184725 0.978163
0.184824 0.978163
0.184923 0.978163
0.185022 0.978163
0.185121 0.978163
0.185221 0.978163
0.185320 0.978163
0.185419 0.978163
0.185518 0.978163
0.185618 0.978163
0.185717 0.978163
0.185816 0.978163
0.185915 0.977604
0.186015 0.977604
0.186114 0.977604
0.186213 0.977604
0.186312 0.977604
0.186412 0.977604
0.186511 0.977604
0.186610 0.977604
0.186709 0.977604
0.186808 0.977604
0.186908 0.977604
0.187007 0.977604
0.187106 0.977604
0.187205 0.977604
0.187305 0.977604
0.187404 0.977044
0.187503 0.977044
0.187602 0.977044
0.187702 0.977044
0.187801 0.977044
0.187900 0.977044
0.187999 0.977044
0.188099 0.977044
0.188198 0.977044
0.188297 0.977044
0.188396 0.977044
0.188496 0.977044
0.188595 0.977044
0.188694 0.977044
0.188793 0.977044
0.188892 0.977044
0.188992 0.977044
0.189091 0.977044
0.189190 0.977044
0.189289 0.977044
0.189389 0.977044
0.189488 0.977044
0.189587 0.977044
0.189686 0.977044
0.189786 0.977044
0.189885 0.977044
0.189984 0.977044
0.190083 0.977044
0.190183 0.977044
0.190282 0.977044
0.190381 0.977044
0.190480 0.977044
0.190579 0.977044
0.190679 0.977044
0.190778 0.977044
0.190877 0.977044
0.190976 0.977044
0.191076 0.977044
0.191175 0.977044
0.191274 0.977044
0.191373 0.977044
0.191473 0.977044
0.191572 0.977044
0.191671 0.977044
0.191770 0.977044
0.191870 0.977044
0.191969 0.977044
0.192068 0.977044
0.192167 0.977044
0.192266 0.977044
0.192366 0.977044
0.192465 0.977044
0.192564 0.977044
0.192663 0.977044
0.192763 0.977044
0.192862 0.977044
0.192961 0.977044
0.193060 0.977044
0.193160 0.977044
0.193259 0.977044
0.193358 0.977044
0.193457 0.977044
0.193557 0.977044
0.193656 0.977044
0.193755 0.977044
0.193854 0.977044
0.193954 0.977044
0.194053 0.977044
0.194152 0.977044
0.194251 0.977044
0.194350 0.977044
0.194450 0.977044
0.194549 0.976484
0.194648 0.976484
0.194747 0.976484
0.194847 0.976484
0.194946 0.976484
0.195045 0.976484
0.195144 0.976484
0.195244 0.976484
0.195343 0.976484
0.195442 0.976484
0.195541 0.976484
0.195641 0.976484
0.195740 0.976484
0.195839 0.976484
0.195938 0.976484
0.196037 0.976484
0.196137 0.975924
0.196236 0.975924
0.196335 0.975924
0.196434 0.975924
0.196534 0.975924
0.196633 0.975924
0.196732 0.975924
0.196831 0.975924
0.196931 0.975924
0.197030 0.975924
0.197129 0.975924
0.197228 0.975924
0.197328 0.975364
0.197427 0.975364
0.197526 0.975364
0.197625 0.975364
0.197725 0.975364
0.197824 0.975364
0.197923 0.975364
0.198022 0.975364
0.198121 0.975364
0.198221 0.975364
0.198320 0.975364
0.198419 0.975364
0.198518 0.975364
0.198618 0.975364
0.198717 0.975364
0.198816 0.975364
0.198915 0.975364
0.199015 0.975364
0.199114 0.975364
0.199213 0.975364
0.199312 0.975364
0.199412 0.975364
0.199511 0.975364
0.199610 0.975364
0.199709 0.975364
0.199808 0.975364
0.199908 0.975364
0.200007 0.975364
0.200106 0.975364
0.200205 0.974244
0.200305 0.974244
0.200404 0.974244
0.200503 0.974244
0.200602 0.973684
0.200702 0.973684
0.200801 0.973684
0.200900 0.973124
0.200999 0.973124
0.201099 0.973124
0.201198 0.973124
0.201297 0.973124
0.201396 0.973124
0.201495 0.973124
0.201595 0.973124
0.201694 0.973124
0.201793 0.973124
0.201892 0.973124
0.201992 0.973124
0.202091 0.973124
0.202190 0.973124
0.202289 0.973124
0.202389 0.973124
0.202488 0.973124
0.202587 0.973124
0.202686 0.973124
0.202786 0.973124
0.202885 0.973124
0.202984 0.973124
0.203083 0.973124
0.203183 0.973124
0.203282 0.973124
0.203381 0.973124
0.203480 0.973124
0.203579 0.973124
0.203679 0.973124
0.203778 0.973124
0.203877 0.973124
0.203976 0.973124
0.204076 0.973124
0.204175 0.973124
0.204274 0.973124
0.204373 0.973124
0.204473 0.973124
0.204572 0.973124
0.204671 0.973124
0.204770 0.973124
0.204870 0.973124
0.204969 0.973124
0.205068 0.973124
0.205167 0.973124
0.205266 0.973124
0.205366 0.973124
0.205465 0.973124
0.205564 0.973124
0.205663 0.973124
0.205763 0.972564
0.205862 0.972564
0.205961 0.972564
0.206060 0.972564
0.206160 0.972564
0.206259 0.972564
0.206358 0.972564
0.206457 0.972564
0.206557 0.972564
0.206656 0.972564
0.206755 0.972564
0.206854 0.972564
0.206953 0.972564
0.207053 0.972564
0.207152 0.972564
0.207251 0.972564
0.207350 0.972564
0.207450 0.972564
0.207549 0.972564
0.207648 0.972564
0.207747 0.972564
0.207847 0.972564
0.207946 0.972564
0.208045 0.972564
0.208144 0.972564
0.208244 0.972564
0.208343 0.972564
0.208442 0.972564
0.208541 0.972564
0.208641 0.972564
0.208740 0.972564
0.208839 0.972564
0.208938 0.972564
0.209037 0.972564
0.209137 0.972564
0.209236 0.972564
0.209335 0.972004
0.209434 0.972004
0.209534 0.972004
0.209633 0.972004
0.209732 0.972004
0.209831 0.972004
0.209931 0.972004
0.210030 0.972004
0.210129 0.972004
0.210228 0.972004
0.210328 0.972004
0.210427 0.972004
0.210526 0.972004
0.210625 0.972004
0.210724 0.972004
0.210824 0.972004
0.210923 0.971445
0.211022 0.971445
0.211121 0.971445
0.211221 0.971445
0.211320 0.971445
0.211419 0.971445
0.211518 0.971445
0.211618 0.971445
0.211717 0.971445
0.211816 0.971445
0.211915 0.971445
0.212015 0.971445
0.212114 0.971445
0.212213 0.971445
0.212312 0.971445
0.212412 0.971445
0.212511 0.971445
0.212610 0.970885
0.212709 0.970885
0.212808 0.970885
0.212908 0.970885
0.213007 0.970885
0.213106 0.970885
0.213205 0.970885
0.213305 0.970885
0.213404 0.970885
0.213503 0.970325
0.213602 0.970325
0.213702 0.970325
0.213801 0.970325
0.213900 0.970325
0.213999 0.970325
0.214099 0.970325
0.214198 0.970325
0.214297 0.970325
0.214396 0.970325
0.214495 0.970325
0.214595 0.970325
0.214694 0.970325
0.214793 0.970325
0.214892 0.970325
0.214992 0.970325
0.215091 0.970325
0.215190 0.970325
0.215289 0.970325
0.215389 0.970325
0.215488 0.970325
0.215587 0.970325
0.215686 0.970325
0.215786 0.970325
0.215885 0.970325
0.215984 0.970325
0.216083 0.970325
0.216182 0.970325
0.216282 0.970325
0.216381 0.970325
0.216480 0.970325
0.216579 0.969765
0.216679 0.969765
0.216778 0.969765
0.216877 0.969765
0.216976 0.969765
0.217076 0.969765
0.217175 0.969765
0.217274 0.969765
0.217373 0.969765
0.217473 0.969765
0.217572 0.969765
0.217671 0.969765
0.217770 0.969765
0.217870 0.969765
0.217969 0.969765
0.218068 0.969765
0.218167 0.969765
0.218266 0.969205
0.218366 0.969205
0.218465 0.969205
0.218564 0.969205
0.218663 0.969205
0.218763 0.969205
0.218862 0.969205
0.218961 0.969205
0.219060 0.969205
0.219160 0.969205
0.219259 0.969205
0.219358 0.969205
0.219457 0.969205
0.219557 0.969205
0.219656 0.969205
0.219755 0.968645
0.219854 0.968645
0.219953 0.968645
0.220053 0.968645
0.220152 0.968645
0.220251 0.968085
0.220350 0.968085
0.220450 0.968085
0.220549 0.968085
0.220648 0.968085
0.220747 0.968085
0.220847 0.968085
0.220946 0.968085
0.221045 0.968085
0.221144 0.968085
0.221244 0.968085
0.221343 0.968085
0.221442 0.968085
0.221541 0.968085
0.221641 0.968085
0.221740 0.968085
0.221839 0.968085
0.221938 0.968085
0.222037 0.968085
0.222137 0.968085
0.222236 0.968085
0.222335 0.968085
0.222434 0.968085
0.222534 0.968085
0.222633 0.968085
0.222732 0.968085
0.222831 0.968085
0.222931 0.968085
0.223030 0.968085
0.223129 0.968085
0.223228 0.968085
0.223328 0.968085
0.223427 0.968085
0.223526 0.968085
0.223625 0.968085
0.223724 0.968085
0.223824 0.968085
0.223923 0.968085
0.224022 0.968085
0.224121 0.968085
0.224221 0.968085
0.224320 0.968085
0.224419 0.968085
0.224518 0.968085
0.224618 0.968085
0.224717 0.968085
0.224816 0.968085
0.224915 0.968085
0.225015 0.968085
0.225114 0.968085
0.225213 0.968085
0.225312 0.968085
0.225411 0.968085
0.225511 0.968085
0.225610 0.968085
0.225709 0.968085
0.225808 0.968085
0.225908 0.968085
0.226007 0.968085
0.226106 0.968085
0.226205 0.968085
0.226305 0.968085
0.226404 0.968085
0.226503 0.968085
0.226602 0.968085
0.226702 0.968085
0.226801 0.968085
0.226900 0.968085
0.226999 0.968085
0.227099 0.968085
0.227198 0.967525
0.227297 0.967525
0.227396 0.967525
0.227495 0.967525
0.227595 0.967525
0.227694 0.967525
0.227793 0.967525
0.227892 0.967525
0.227992 0.967525
0.228091 0.967525
0.228190 0.967525
0.228289 0.967525
0.228389 0.967525
0.228488 0.966965
0.228587 0.966965
0.228686 0.966965
0.228786 0.966965
0.228885 0.966965
0.228984 0.966965
0.229083 0.966965
0.229182 0.966965
0.229282 0.966965
0.229381 0.966965
0.229480 0.966965
0.229579 0.966965
0.229679 0.966965
0.229778 0.966965
0.229877 0.966965
0.229976 0.966965
0.230076 0.966965
0.230175 0.966965
0.230274 0.966965
0.230373 0.966965
0.230473 0.966965
0.230572 0.966965
0.230671 0.966965
0.230770 0.966965
0.230869 0.966965
0.230969 0.966965
0.231068 0.966965
0.231167 0.966965
0.231266 0.966965
0.231366 0.966965
0.231465 0.966965
0.231564 0.966965
0.231663 0.966965
0.231763 0.966965
0.231862 0.966965
0.231961 0.966965
0.232060 0.966405
0.232160 0.966405
0.232259 0.966405
0.232358 0.966405
0.232457 0.966405
0.232557 0.966405
0.232656 0.966405
0.232755 0.966405
0.232854 0.966405
0.232953 0.966405
0.233053 0.966405
0.233152 0.966405
0.233251 0.966405
0.233350 0.966405
0.233450 0.966405
0.233549 0.965845
0.233648 0.965845
0.233747 0.965845
0.233847 0.965845
0.233946 0.965845
0.234045 0.965845
0.234144 0.965845
0.234244 0.965845
0.234343 0.965845
0.234442 0.965845
0.234541 0.965845
0.234640 0.965845
0.234740 0.965845
0.234839 0.965845
0.234938 0.965845
0.235037 0.965845
0.235137 0.965845
0.235236 0.965845
0.235335 0.965845
0.235434 0.965845
0.235534 0.965845
0.235633 0.965845
0.235732 0.965845
0.235831 0.965845
0.235931 0.965845
0.236030 0.965845
0.236129 0.965286
0.236228 0.965286
0.236328 0.965286
0.236427 0.965286
0.236526 0.965286
0.236625 0.965286
0.236724 0.965286
0.236824 0.965286
0.236923 0.965286
0.237022 0.964726
0.237121 0.964726
0.237221 0.964726
0.237320 0.964726
0.237419 0.964726
0.237518 0.964726
0.237618 0.964726
0.237717 0.964726
0.237816 0.964726
0.237915 0.964726
0.238015 0.964726
0.238114 0.964166
0.238213 0.964166
0.238312 0.964166
0.238411 0.964166
0.238511 0.964166
0.238610 0.964166
0.238709 0.964166
0.238808 0.964166
0.238908 0.964166
0.239007 0.963606
0.239106 0.963606
0.239205 0.963606
0.239305 0.963606
0.239404 0.963606
0.239503 0.963606
0.239602 0.963606
0.239702 0.963606
0.239801 0.963606
0.239900 0.963606
0.239999 0.963606
0.240098 0.963606
0.240198 0.963606
0.240297 0.963606
0.240396 0.963606
0.240495 0.963606
0.240595 0.963606
0.240694 0.963606
0.240793 0.963606
0.240892 0.963606
0.240992 0.963606
0.241091 0.963606
0.241190 0.963606
0.241289 0.963606
0.241389 0.963046
0.241488 0.963046
0.241587 0.963046
0.241686 0.963046
0.241786 0.963046
0.241885 0.963046
0.241984 0.963046
0.242083 0.963046
0.242182 0.963046
0.242282 0.963046
0.242381 0.963046
0.242480 0.963046
0.242579 0.963046
0.242679 0.963046
0.242778 0.963046
0.242877 0.963046
0.242976 0.962486
0.243076 0.962486
0.243175 0.962486
0.243274 0.962486
0.243373 0.961926
0.243473 0.961926
0.243572 0.961926
0.243671 0.961926
0.243770 0.961926
0.243869 0.961926
0.243969 0.961926
0.244068 0.961926
0.244167 0.961926
0.244266 0.961926
0.244366 0.961926
0.244465 0.961926
0.244564 0.961926
0.244663 0.961926
0.244763 0.961926
0.244862 0.961926
0.244961 0.961926
0.245060 0.961926
0.245160 0.961926
0.245259 0.961926
0.245358 0.961926
0.245457 0.961926
0.245557 0.961926
0.245656 0.961926
0.245755 0.961926
0.245854 0.961926
0.245953 0.961926
0.246053 0.961926
0.246152 0.961926
0.246251 0.961926
0.246350 0.961926
0.246450 0.961926
0.246549 0.961926
0.246648 0.961926
0.246747 0.961926
0.246847 0.961926
0.246946 0.961366
0.247045 0.961366
0.247144 0.961366
0.247244 0.961366
0.247343 0.961366
0.247442 0.961366
0.247541 0.961366
0.247640 0.961366
0.247740 0.961366
0.247839 0.961366
0.247938 0.961366
0.248037 0.961366
0.248137 0.961366
0.248236 0.961366
0.248335 0.961366
0.248434 0.961366
0.248534 0.961366
0.248633 0.961366
0.248732 0.961366
0.248831 0.961366
0.248931 0.961366
0.249030 0.961366
0.249129 0.961366
0.249228 0.961366
0.249327 0.961366
0.249427 0.961366
0.249526 0.961366
0.249625 0.961366
0.249724 0.961366
0.249824 0.961366
0.249923 0.961366
0.250022 0.961366
0.250121 0.961366
0.250221 0.961366
0.250320 0.961366
0.250419 0.961366
0.250518 0.961366
0.250618 0.961366
0.250717 0.961366
0.250816 0.961366
0.250915 0.961366
0.251015 0.961366
0.251114 0.961366
0.251213 0.961366
0.251312 0.961366
0.251411 0.961366
0.251511 0.961366
0.251610 0.961366
0.251709 0.961366
0.251808 0.960806
0.251908 0.960806
0.252007 0.960806
0.252106 0.960806
0.252205 0.960806
0.252305 0.960806
0.252404 0.960806
0.252503 0.960806
0.252602 0.960806
0.252702 0.960806
0.252801 0.960806
0.252900 0.960246
0.252999 0.960246
0.253098 0.960246
0.253198 0.960246
0.253297 0.960246
0.253396 0.960246
0.253495 0.960246
0.253595 0.960246
0.253694 0.960246
0.253793 0.960246
0.253892 0.960246
0.253992 0.960246
0.254091 0.960246
0.254190 0.960246
0.254289 0.960246
0.254389 0.960246
0.254488 0.960246
0.254587 0.960246
0.254686 0.960246
0.254785 0.960246
0.254885 0.960246
0.254984 0.959686
0.255083 0.959686
0.255182 0.959127
0.255282 0.959127
0.255381 0.959127
0.255480 0.959127
0.255579 0.959127
0.255679 0.959127
0.255778 0.959127
0.255877 0.959127
0.255976 0.959127
0.256076 0.959127
0.256175 0.959127
0.256274 0.959127
0.256373 0.959127
0.256473 0.959127
0.256572 0.959127
0.256671 0.959127
0.256770 0.959127
0.256869 0.959127
0.256969 0.959127
0.257068 0.959127
0.257167 0.959127
0.257266 0.959127
0.257366 0.959127
0.257465 0.959127
0.257564 0.959127
0.257663 0.959127
0.257763 0.959127
0.257862 0.959127
0.257961 0.959127
0.258060 0.959127
0.258160 0.959127
0.258259 0.959127
0.258358 0.959127
0.258457 0.959127
0.258556 0.959127
0.258656 0.959127
0.258755 0.959127
0.258854 0.958567
0.258953 0.958567
0.259053 0.958567
0.259152 0.958567
0.259251 0.958567
0.259350 0.958567
0.259450 0.958567
0.259549 0.958567
0.259648 0.958567
0.259747 0.958567
0.259847 0.958567
0.259946 0.958567
0.260045 0.958567
0.260144 0.958567
0.260244 0.958567
0.260343 0.958567
0.260442 0.958567
0.260541 0.958567
0.260640 0.958567
0.260740 0.958567
0.260839 0.958567
0.260938 0.958567
0.261037 0.958567
0.261137 0.958567
0.261236 0.958007
0.261335 0.958007
0.261434 0.958007
0.261534 0.958007
0.261633 0.958007
0.261732 0.958007
0.261831 0.958007
0.261931 0.958007
0.262030 0.958007
0.262129 0.958007
0.262228 0.958007
0.262327 0.958007
0.262427 0.958007
0.262526 0.958007
0.262625 0.957447
0.262724 0.957447
0.262824 0.957447
0.262923 0.957447
0.263022 0.957447
0.263121 0.957447
0.263221 0.957447
0.263320 0.957447
0.263419 0.957447
0.263518 0.957447
0.263618 0.957447
0.263717 0.957447
0.263816 0.957447
0.263915 0.957447
0.264014 0.957447
0.264114 0.957447
0.264213 0.957447
0.264312 0.957447
0.264411 0.957447
0.264511 0.957447
0.264610 0.957447
0.264709 0.957447
0.264808 0.957447
0.264908 0.957447
0.265007 0.956887
0.265106 0.956887
0.265205 0.956887
0.265305 0.956887
0.265404 0.956887
0.265503 0.956887
0.265602 0.956887
0.265702 0.956327
0.265801 0.956327
0.265900 0.956327
0.265999 0.956327
0.266098 0.956327
0.266198 0.956327
0.266297 0.955767
0.266396 0.955767
0.266495 0.955767
0.266595 0.955767
0.266694 0.955767
0.266793 0.955767
0.266892 0.955767
0.266992 0.955767
0.267091 0.955767
0.267190 0.955767
0.267289 0.955767
0.267389 0.955767
0.267488 0.955767
0.267587 0.955767
0.267686 0.955207
0.267785 0.955207
0.267885 0.955207
0.267984 0.955207
0.268083 0.955207
0.268182 0.955207
0.268282 0.955207
0.268381 0.955207
0.268480 0.955207
0.268579 0.955207
0.268679 0.955207
0.268778 0.955207
0.268877 0.955207
0.268976 0.955207
0.269076 0.955207
0.269175 0.955207
0.269274 0.955207
0.269373 0.955207
0.269473 0.955207
0.269572 0.955207
0.269671 0.955207
0.269770 0.955207
0.269869 0.955207
0.269969 0.955207
0.270068 0.955207
0.270167 0.955207
0.270266 0.955207
0.270366 0.955207
0.270465 0.955207
0.270564 0.955207
0.270663 0.955207
0.270763 0.955207
0.270862 0.955207
0.270961 0.955207
0.271060 0.955207
0.271160 0.955207
0.271259 0.955207
0.271358 0.955207
0.271457 0.955207
0.271556 0.955207
0.271656 0.955207
0.271755 0.955207
0.271854 0.955207
0.271953 0.955207
0.272053 0.955207
0.272152 0.955207
0.272251 0.955207
0.272350 0.954647
0.272450 0.954647
0.272549 0.954647
0.272648 0.954647
0.272747 0.954647
0.272847 0.954647
0.272946 0.954647
0.273045 0.954647
0.273144 0.954647
0.273243 0.954647
0.273343 0.954647
0.273442 0.954087
0.273541 0.954087
0.273640 0.954087
0.273740 0.954087
0.273839 0.954087
0.273938 0.954087
0.274037 0.954087
0.274137 0.954087
0.274236 0.954087
0.274335 0.954087
0.274434 0.954087
0.274534 0.954087
0.274633 0.954087
0.274732 0.954087
0.274831 0.954087
0.274931 0.954087
0.275030 0.954087
0.275129 0.953527
0.275228 0.953527
0.275327 0.953527
0.275427 0.953527
0.275526 0.953527
0.275625 0.953527
0.275724 0.953527
0.275824 0.952968
0.275923 0.952968
0.276022 0.952968
0.276121 0.952408
0.276221 0.952408
0.276320 0.951848
0.276419 0.951848
0.276518 0.951848
0.276618 0.951848
0.276717 0.951848
0.276816 0.951848
0.276915 0.951848
0.277014 0.951848
0.277114 0.951848
0.277213 0.951848
0.277312 0.951848
0.277411 0.951848
0.277511 0.951848
0.277610 0.951848
0.277709 0.951848
0.277808 0.951848
0.277908 0.951848
0.278007 0.951848
0.278106 0.951848
0.278205 0.951288
0.278305 0.951288
0.278404 0.951288
0.278503 0.951288
0.278602 0.951288
0.278702 0.951288
0.278801 0.951288
0.278900 0.951288
0.278999 0.951288
0.279098 0.951288
0.279198 0.951288
0.279297 0.951288
0.279396 0.951288
0.279495 0.951288
0.279595 0.951288
0.279694 0.951288
0.279793 0.951288
0.279892 0.951288
0.279992 0.951288
0.280091 0.951288
0.280190 0.951288
0.280289 0.951288
0.280389 0.951288
0.280488 0.951288
0.280587 0.951288
0.280686 0.951288
0.280785 0.950728
0.280885 0.950728
0.280984 0.950728
0.281083 0.950728
0.281182 0.950728
0.281282 0.950728
0.281381 0.950728
0.281480 0.950728
0.281579 0.950728
0.281679 0.950728
0.281778 0.950728
0.281877 0.950728
0.281976 0.950728
0.282076 0.950168
0.282175 0.950168
0.282274 0.950168
0.282373 0.950168
0.282472 0.949048
0.282572 0.949048
0.282671 0.949048
0.282770 0.949048
0.282869 0.949048
0.282969 0.949048
0.283068 0.949048
0.283167 0.949048
0.283266 0.949048
0.283366 0.949048
0.283465 0.949048
0.283564 0.949048
0.283663 0.949048
0.283763 0.949048
0.283862 0.949048
0.283961 0.949048
0.284060 0.949048
0.284160 0.949048
0.284259 0.949048
0.284358 0.949048
0.284457 0.949048
0.284556 0.949048
0.284656 0.949048
0.284755 0.949048
0.284854 0.949048
0.284953 0.949048
0.285053 0.949048
0.285152 0.949048
0.285251 0.949048
0.285350 0.949048
0.285450 0.949048
0.285549 0.949048
0.285648 0.949048
0.285747 0.949048
0.285847 0.949048
0.285946 0.949048
0.286045 0.949048
0.286144 0.948488
0.286243 0.948488
0.286343 0.948488
0.286442 0.948488
0.286541 0.948488
0.286640 0.948488
0.286740 0.948488
0.286839 0.947928
0.286938 0.947368
0.287037 0.947368
0.287137 0.947368
0.287236 0.947368
0.287335 0.947368
0.287434 0.947368
0.287534 0.947368
0.287633 0.947368
0.287732 0.947368
0.287831 0.947368
0.287930 0.947368
0.288030 0.947368
0.288129 0.947368
0.288228 0.947368
0.288327 0.946809
0.288427 0.946809
0.288526 0.946809
0.288625 0.946809
0.288724 0.946809
0.288824 0.946809
0.288923 0.946809
0.289022 0.946809
0.289121 0.946809
0.289221 0.946809
0.289320 0.946809
0.289419 0.946809
0.289518 0.946809
0.289618 0.946809
0.289717 0.946809
0.289816 0.946809
0.289915 0.946809
0.290014 0.946809
0.290114 0.946809
0.290213 0.946809
0.290312 0.946809
0.290411 0.946809
0.290511 0.946809
0.290610 0.946809
0.290709 0.946809
0.290808 0.946809
0.290908 0.946809
0.291007 0.946809
0.291106 0.946809
0.291205 0.946809
0.291305 0.946809
0.291404 0.946809
0.291503 0.946809
0.291602 0.946809
0.291701 0.946809
0.291801 0.946809
0.291900 0.946809
0.291999 0.946809
0.292098 0.946809
0.292198 0.946809
0.292297 0.946809
0.292396 0.946809
0.292495 0.946809
0.292595 0.946809
0.292694 0.945689
0.292793 0.945129
0.292892 0.945129
0.292992 0.945129
0.293091 0.945129
0.293190 0.945129
0.293289 0.945129
0.293389 0.945129
0.293488 0.945129
0.293587 0.945129
0.293686 0.945129
0.293785 0.945129
0.293885 0.945129
0.293984 0.945129
0.294083 0.944569
0.294182 0.944009
0.294282 0.944009
0.294381 0.944009
0.294480 0.944009
0.294579 0.944009
0.294679 0.944009
0.294778 0.944009
0.294877 0.944009
0.294976 0.944009
0.295076 0.944009
0.295175 0.944009
0.295274 0.944009
0.295373 0.943449
0.295472 0.943449
0.295572 0.943449
0.295671 0.943449
0.295770 0.943449
0.295869 0.943449
0.295969 0.943449
0.296068 0.943449
0.296167 0.943449
0.296266 0.943449
0.296366 0.943449
0.296465 0.943449
0.296564 0.943449
0.296663 0.943449
0.296763 0.943449
0.296862 0.943449
0.296961 0.942889
0.297060 0.942889
0.297159 0.942889
0.297259 0.942889
0.297358 0.942889
0.297457 0.942329
0.297556 0.942329
0.297656 0.942329
0.297755 0.942329
0.297854 0.942329
0.297953 0.942329
0.298053 0.942329
0.298152 0.942329
0.298251 0.942329
0.298350 0.941769
0.298450 0.941769
0.298549 0.941769
0.298648 0.941769
0.298747 0.941769
0.298847 0.941769
0.298946 0.941769
0.299045 0.941769
0.299144 0.941769
0.299243 0.941769
0.299343 0.941769
0.299442 0.941769
0.299541 0.941769
0.299640 0.941769
0.299740 0.941769
0.299839 0.941769
0.299938 0.941769
0.300037 0.941769
0.300137 0.941769
0.300236 0.941769
0.300335 0.941769
0.300434 0.941209
0.300534 0.941209
0.300633 0.941209
0.300732 0.941209
0.300831 0.941209
0.300930 0.941209
0.301030 0.941209
0.301129 0.941209
0.301228 0.941209
0.301327 0.941209
0.301427 0.941209
0.301526 0.941209
0.301625 0.941209
0.301724 0.941209
0.301824 0.940649
0.301923 0.940649
0.302022 0.940649
0.302121 0.940649
0.302221 0.940649
0.302320 0.940649
0.302419 0.940649
0.302518 0.940649
0.302618 0.940090
0.302717 0.940090
0.302816 0.940090
0.302915 0.940090
0.303014 0.940090
0.303114 0.940090
0.303213 0.940090
0.303312 0.940090
0.303411 0.940090
0.303511 0.940090
0.303610 0.940090
0.303709 0.940090
0.303808 0.940090
0.303908 0.940090
0.304007 0.940090
0.304106 0.940090
0.304205 0.940090
0.304305 0.940090
0.304404 0.940090
0.304503 0.940090
0.304602 0.939530
0.304701 0.939530
0.304801 0.939530
0.304900 0.939530
0.304999 0.939530
0.305098 0.939530
0.305198 0.938970
0.305297 0.938970
0.305396 0.938970
0.305495 0.938970
0.305595 0.938970
0.305694 0.938970
0.305793 0.938970
0.305892 0.938970
0.305992 0.938970
0.306091 0.938970
0.306190 0.938970
0.306289 0.938970
0.306388 0.938970
0.306488 0.938970
0.306587 0.938970
0.306686 0.938970
0.306785 0.938970
0.306885 0.938970
0.306984 0.938970
0.307083 0.938970
0.307182 0.938970
0.307282 0.938970
0.307381 0.938970
0.307480 0.938970
0.307579 0.938970
0.307679 0.938970
0.307778 0.938970
0.307877 0.938970
0.307976 0.938970
0.308076 0.938970
0.308175 0.938970
0.308274 0.938970
0.308373 0.938970
0.308472 0.938970
0.308572 0.938970
0.308671 0.938970
0.308770 0.938970
0.308869 0.938970
0.308969 0.938970
0.309068 0.938970
0.309167 0.938970
0.309266 0.938970
0.309366 0.938970
0.309465 0.938970
0.309564 0.938970
0.309663 0.938970
0.309763 0.938970
0.309862 0.938970
0.309961 0.938970
0.310060 0.938970
0.310159 0.938970
0.310259 0.938970
0.310358 0.938970
0.310457 0.938970
0.310556 0.938970
0.310656 0.938970
0.310755 0.938970
0.310854 0.938970
0.310953 0.938970
0.311053 0.938970
0.311152 0.938970
0.311251 0.938970
0.311350 0.938970
0.311450 0.938970
0.311549 0.938970
0.311648 0.938970
0.311747 0.938970
0.311846 0.938970
0.311946 0.938970
0.312045 0.938970
0.312144 0.938970
0.312243 0.938970
0.312343 0.938970
0.312442 0.938970
0.312541 0.938970
0.312640 0.938970
0.312740 0.938970
0.312839 0.938970
0.312938 0.938970
0.313037 0.938970
0.313137 0.938970
0.313236 0.938970
0.313335 0.938970
0.313434 0.938970
0.313534 0.938970
0.313633 0.938410
0.313732 0.938410
0.313831 0.938410
0.313930 0.938410
0.314030 0.937850
0.314129 0.937290
0.314228 0.937290
0.314327 0.937290
0.314427 0.937290
0.314526 0.937290
0.314625 0.937290
0.314724 0.937290
0.314824 0.937290
0.314923 0.937290
0.315022 0.937290
0.315121 0.937290
0.315221 0.937290
0.315320 0.937290
0.315419 0.937290
0.315518 0.937290
0.315617 0.937290
0.315717 0.937290
0.315816 0.937290
0.315915 0.937290
0.316014 0.937290
0.316114 0.937290
0.316213 0.937290
0.316312 0.937290
0.316411 0.937290
0.316511 0.937290
0.316610 0.937290
0.316709 0.937290
0.316808 0.937290
0.316908 0.937290
0.317007 0.937290
0.317106 0.937290
0.317205 0.937290
0.317305 0.937290
0.317404 0.937290
0.317503 0.937290
0.317602 0.937290
0.317701 0.937290
0.317801 0.937290
0.317900 0.936730
0.317999 0.936730
0.318098 0.936730
0.318198 0.936730
0.318297 0.936170
0.318396 0.936170
0.318495 0.936170
0.318595 0.936170
0.318694 0.935610
0.318793 0.935050
0.318892 0.935050
0.318992 0.935050
0.319091 0.935050
0.319190 0.935050
0.319289 0.935050
0.319388 0.935050
0.319488 0.935050
0.319587 0.935050
0.319686 0.935050
0.319785 0.935050
0.319885 0.935050
0.319984 0.934490
0.320083 0.934490
0.320182 0.934490
0.320282 0.934490
0.320381 0.934490
0.320480 0.934490
0.320579 0.934490
0.320679 0.934490
0.320778 0.934490
0.320877 0.934490
0.320976 0.934490
0.321075 0.934490
0.321175 0.933931
0.321274 0.933931
0.321373 0.933371
0.321472 0.933371
0.321572 0.933371
0.321671 0.933371
0.321770 0.933371
0.321869 0.933371
0.321969 0.933371
0.322068 0.933371
0.322167 0.932811
0.322266 0.932811
0.322366 0.932811
0.322465 0.932811
0.322564 0.932811
0.322663 0.932811
0.322763 0.932811
0.322862 0.932811
0.322961 0.932811
0.323060 0.932811
0.323159 0.932811
0.323259 0.932811
0.323358 0.932811
0.323457 0.932811
0.323556 0.932811
0.323656 0.932811
0.323755 0.932811
0.323854 0.932811
0.323953 0.932811
0.324053 0.932811
0.324152 0.932811
0.324251 0.932811
0.324350 0.932811
0.324450 0.932811
0.324549 0.932811
0.324648 0.932811
0.324747 0.932811
0.324846 0.932811
0.324946 0.932811
0.325045 0.932811
0.325144 0.932811
0.325243 0.932811
0.325343 0.932811
0.325442 0.932811
0.325541 0.932811
0.325640 0.932811
0.325740 0.932811
0.325839 0.932811
0.325938 0.932811
0.326037 0.932811
0.326137 0.932811
0.326236 0.932811
0.326335 0.932811
0.326434 0.932811
0.326534 0.932811
0.326633 0.932811
0.326732 0.932811
0.326831 0.932811
0.326930 0.932811
0.327030 0.932811
0.327129 0.932811
0.327228 0.932811
0.327327 0.932811
0.327427 0.932811
0.327526 0.932811
0.327625 0.932811
0.327724 0.932811
0.327824 0.932251
0.327923 0.932251
0.328022 0.932251
0.328121 0.932251
0.328221 0.932251
0.328320 0.932251
0.328419 0.931691
0.328518 0.931691
0.328617 0.931131
0.328717 0.931131
0.328816 0.931131
0.328915 0.931131
0.329014 0.931131
0.329114 0.931131
0.329213 0.930571
0.329312 0.930571
0.329411 0.930571
0.329511 0.930571
0.329610 0.930571
0.329709 0.930011
0.329808 0.930011
0.329908 0.930011
0.330007 0.930011
0.330106 0.930011
0.330205 0.930011
0.330304 0.930011
0.330404 0.930011
0.330503 0.930011
0.330602 0.930011
0.330701 0.930011
0.330801 0.930011
0.330900 0.930011
0.330999 0.930011
0.331098 0.929451
0.331198 0.929451
0.331297 0.929451
0.331396 0.929451
0.331495 0.928891
0.331595 0.928331
0.331694 0.928331
0.331793 0.928331
0.331892 0.928331
0.331992 0.928331
0.332091 0.928331
0.332190 0.928331
0.332289 0.928331
0.332388 0.928331
0.332488 0.928331
0.332587 0.928331
0.332686 0.928331
0.332785 0.928331
0.332885 0.928331
0.332984 0.928331
0.333083 0.928331
0.333182 0.928331
0.333282 0.928331
0.333381 0.928331
0.333480 0.928331
0.333579 0.928331
0.333679 0.928331
0.333778 0.928331
0.333877 0.928331
0.333976 0.928331
0.334075 0.928331
0.334175 0.928331
0.334274 0.928331
0.334373 0.928331
0.334472 0.928331
0.334572 0.928331
0.334671 0.928331
0.334770 0.928331
0.334869 0.928331
0.334969 0.928331
0.335068 0.928331
0.335167 0.928331
0.335266 0.928331
0.335366 0.927772
0.335465 0.927772
0.335564 0.927772
0.335663 0.927772
0.335762 0.927772
0.335862 0.927772
0.335961 0.927212
0.336060 0.926652
0.336159 0.926652
0.336259 0.926652
0.336358 0.926652
0.336457 0.926652
0.336556 0.926652
0.336656 0.926652
0.336755 0.926652
0.336854 0.926652
0.336953 0.926652
0.337053 0.926652
0.337152 0.926652
0.337251 0.926652
0.337350 0.926652
0.337450 0.926652
0.337549 0.926652
0.337648 0.926652
0.337747 0.926652
0.337846 0.926652
0.337946 0.926652
0.338045 0.926652
0.338144 0.926652
0.338243 0.926092
0.338343 0.926092
0.338442 0.926092
0.338541 0.926092
0.338640 0.926092
0.338740 0.926092
0.338839 0.926092
0.338938 0.926092
0.339037 0.926092
0.339137 0.926092
0.339236 0.925532
0.339335 0.925532
0.339434 0.925532
0.339533 0.925532
0.339633 0.925532
0.339732 0.925532
0.339831 0.925532
0.339930 0.925532
0.340030 0.925532
0.340129 0.925532
0.340228 0.925532
0.340327 0.924972
0.340427 0.924972
0.340526 0.924972
0.340625 0.924972
0.340724 0.924972
0.340824 0.924972
0.340923 0.924972
0.341022 0.924972
0.341121 0.924972
0.341221 0.924972
0.341320 0.924972
0.341419 0.924972
0.341518 0.924972
0.341617 0.924972
0.341717 0.924972
0.341816 0.924972
0.341915 0.924972
0.342014 0.924972
0.342114 0.924972
0.342213 0.924412
0.342312 0.924412
0.342411 0.924412
0.342511 0.924412
0.342610 0.924412
0.342709 0.924412
0.342808 0.923852
0.342908 0.923852
0.343007 0.923852
0.343106 0.923852
0.343205 0.923852
0.343304 0.923852
0.343404 0.923852
0.343503 0.923852
0.343602 0.923852
0.343701 0.923852
0.343801 0.923852
0.343900 0.923852
0.343999 0.923292
0.344098 0.923292
0.344198 0.923292
0.344297 0.923292
0.344396 0.923292
0.344495 0.923292
0.344595 0.923292
0.344694 0.923292
0.344793 0.923292
0.344892 0.923292
0.344991 0.923292
0.345091 0.923292
0.345190 0.923292
0.345289 0.923292
0.345388 0.923292
0.345488 0.923292
0.345587 0.923292
0.345686 0.923292
0.345785 0.923292
0.345885 0.923292
0.345984 0.923292
0.346083 0.923292
0.346182 0.923292
0.346282 0.923292
0.346381 0.923292
0.346480 0.923292
0.346579 0.922732
0.346679 0.922732
0.346778 0.921613
0.346877 0.921613
0.346976 0.921613
0.347075 0.921613
0.347175 0.921613
0.347274 0.921613
0.347373 0.921613
0.347472 0.921613
0.347572 0.921613
0.347671 0.921613
0.347770 0.921613
0.347869 0.921613
0.347969 0.921613
0.348068 0.921613
0.348167 0.921613
0.348266 0.921613
0.348366 0.921613
0.348465 0.921613
0.348564 0.921613
0.348663 0.921613
0.348762 0.921613
0.348862 0.921613
0.348961 0.921613
0.349060 0.921053
0.349159 0.921053
0.349259 0.921053
0.349358 0.921053
0.349457 0.920493
0.349556 0.920493
0.349656 0.920493
0.349755 0.920493
0.349854 0.920493
0.349953 0.920493
0.350053 0.920493
0.350152 0.920493
0.350251 0.920493
0.350350 0.920493
0.350450 0.920493
0.350549 0.919933
0.350648 0.919933
0.350747 0.919933
0.350846 0.919933
0.350946 0.919373
0.351045 0.918813
0.351144 0.918813
0.351243 0.918813
0.351343 0.918813
0.351442 0.918813
0.351541 0.918813
0.351640 0.918253
0.351740 0.918253
0.351839 0.918253
0.351938 0.918253
0.352037 0.918253
0.352137 0.918253
0.352236 0.918253
0.352335 0.918253
0.352434 0.918253
0.352533 0.917693
0.352633 0.917693
0.352732 0.917693
0.352831 0.917693
0.352930 0.917693
0.353030 0.917133
0.353129 0.917133
0.353228 0.916573
0.353327 0.916573
0.353427 0.916573
0.353526 0.916013
0.353625 0.915454
0.353724 0.915454
0.353824 0.915454
0.353923 0.915454
0.354022 0.915454
0.354121 0.915454
0.354220 0.915454
0.354320 0.915454
0.354419 0.915454
0.354518 0.915454
0.354617 0.915454
0.354717 0.915454
0.354816 0.915454
0.354915 0.915454
0.355014 0.914894
0.355114 0.914894
0.355213 0.914894
0.355312 0.914894
0.355411 0.914894
0.355511 0.914894
0.355610 0.914894
0.355709 0.914894
0.355808 0.914894
0.355908 0.914894
0.356007 0.914894
0.356106 0.914334
0.356205 0.914334
0.356304 0.914334
0.356404 0.914334
0.356503 0.913774
0.356602 0.913774
0.356701 0.913774
0.356801 0.913214
0.356900 0.913214
0.356999 0.913214
0.357098 0.912654
0.357198 0.912654
0.357297 0.912654
0.357396 0.912654
0.357495 0.912654
0.357595 0.912654
0.357694 0.912654
0.357793 0.912654
0.357892 0.912654
0.357991 0.912654
0.358091 0.912654
0.358190 0.912654
0.358289 0.912654
0.358388 0.912654
0.358488 0.912654
0.358587 0.912654
0.358686 0.912654
0.358785 0.912654
0.358885 0.912654
0.358984 0.912654
0.359083 0.912654
0.359182 0.912654
0.359282 0.912654
0.359381 0.912654
0.359480 0.912654
0.359579 0.912654
0.359679 0.912654
0.359778 0.912654
0.359877 0.912654
0.359976 0.912654
0.360075 0.912654
0.360175 0.912654
0.360274 0.912654
0.360373 0.912654
0.360472 0.912094
0.360572 0.912094
0.360671 0.912094
0.360770 0.912094
0.360869 0.912094
0.360969 0.912094
0.361068 0.912094
0.361167 0.912094
0.361266 0.912094
0.361366 0.912094
0.361465 0.912094
0.361564 0.912094
0.361663 0.912094
0.361762 0.912094
0.361862 0.912094
0.361961 0.912094
0.362060 0.912094
0.362159 0.912094
0.362259 0.912094
0.362358 0.912094
0.362457 0.912094
0.362556 0.912094
0.362656 0.912094
0.362755 0.911534
0.362854 0.910974
0.362953 0.910974
0.363053 0.910414
0.363152 0.910414
0.363251 0.910414
0.363350 0.910414
0.363449 0.910414
0.363549 0.910414
0.363648 0.910414
0.363747 0.909854
0.363846 0.909854
0.363946 0.909854
0.364045 0.909854
0.364144 0.909854
0.364243 0.909854
0.364343 0.909854
0.364442 0.909854
0.364541 0.909854
0.364640 0.909854
0.364740 0.909854
0.364839 0.909295
0.364938 0.909295
0.365037 0.908735
0.365137 0.908735
0.365236 0.908735
0.365335 0.908735
0.365434 0.908735
0.365533 0.908735
0.365633 0.908735
0.365732 0.908735
0.365831 0.908735
0.365930 0.908735
0.366030 0.908735
0.366129 0.908735
0.366228 0.908735
0.366327 0.908735
0.366427 0.908735
0.366526 0.908735
0.366625 0.908735
0.366724 0.908175
0.366824 0.908175
0.366923 0.907615
0.367022 0.907615
0.367121 0.907615
0.367220 0.907615
0.367320 0.907055
0.367419 0.907055
0.367518 0.907055
0.367617 0.906495
0.367717 0.906495
0.367816 0.905935
0.367915 0.905935
0.368014 0.905935
0.368114 0.905375
0.368213 0.905375
0.368312 0.905375
0.368411 0.905375
0.368511 0.904815
0.368610 0.904815
0.368709 0.904815
0.368808 0.904815
0.368907 0.904815
0.369007 0.904815
0.369106 0.904815
0.369205 0.904815
0.369304 0.904255
0.369404 0.904255
0.369503 0.904255
0.369602 0.904255
0.369701 0.904255
0.369801 0.903695
0.369900 0.903695
0.369999 0.903695
0.370098 0.903695
0.370198 0.903135
0.370297 0.903135
0.370396 0.902576
0.370495 0.902576
0.370595 0.902576
0.370694 0.902576
0.370793 0.902576
0.370892 0.902576
0.370991 0.902576
0.371091 0.902576
0.371190 0.902576
0.371289 0.902576
0.371388 0.902016
0.371488 0.902016
0.371587 0.902016
0.371686 0.902016
0.371785 0.902016
0.371885 0.902016
0.371984 0.902016
0.372083 0.902016
0.372182 0.902016
0.372282 0.902016
0.372381 0.902016
0.372480 0.902016
0.372579 0.902016
0.372678 0.902016
0.372778 0.902016
0.372877 0.902016
0.372976 0.902016
0.373075 0.902016
0.373175 0.902016
0.373274 0.902016
0.373373 0.902016
0.373472 0.902016
0.373572 0.902016
0.373671 0.901456
0.373770 0.901456
0.373869 0.901456
0.373969 0.901456
0.374068 0.901456
0.374167 0.901456
0.374266 0.901456
0.374366 0.901456
0.374465 0.901456
0.374564 0.901456
0.374663 0.901456
0.374762 0.901456
0.374862 0.901456
0.374961 0.901456
0.375060 0.901456
0.375159 0.901456
0.375259 0.900896
0.375358 0.900896
0.375457 0.900896
0.375556 0.900896
0.375656 0.900896
0.375755 0.900336
0.375854 0.900336
0.375953 0.899776
0.376053 0.899776
0.376152 0.899776
0.376251 0.899776
0.376350 0.899776
0.376449 0.899216
0.376549 0.898656
0.376648 0.898656
0.376747 0.898656
0.376846 0.898656
0.376946 0.898656
0.377045 0.898656
0.377144 0.898656
0.377243 0.898096
0.377343 0.898096
0.377442 0.898096
0.377541 0.898096
0.377640 0.898096
0.377740 0.898096
0.377839 0.898096
0.377938 0.898096
0.378037 0.897536
0.378136 0.897536
0.378236 0.897536
0.378335 0.897536
0.378434 0.897536
0.378533 0.897536
0.378633 0.897536
0.378732 0.896976
0.378831 0.896976
0.378930 0.896976
0.379030 0.896976
0.379129 0.896417
0.379228 0.896417
0.379327 0.895857
0.379427 0.895857
0.379526 0.895857
0.379625 0.894737
0.379724 0.894737
0.379824 0.894737
0.379923 0.894737
0.380022 0.894737
0.380121 0.894737
0.380220 0.894737
0.380320 0.894737
0.380419 0.894737
0.380518 0.894737
0.380617 0.894737
0.380717 0.894737
0.380816 0.894737
0.380915 0.894737
0.381014 0.894737
0.381114 0.894737
0.381213 0.894737
0.381312 0.894737
0.381411 0.894737
0.381511 0.894177
0.381610 0.894177
0.381709 0.893617
0.381808 0.893617
0.381907 0.893617
0.382007 0.893617
0.382106 0.893617
0.382205 0.893617
0.382304 0.893617
0.382404 0.893617
0.382503 0.893617
0.382602 0.893617
0.382701 0.893057
0.382801 0.893057
0.382900 0.893057
0.382999 0.893057
0.383098 0.893057
0.383198 0.893057
0.383297 0.893057
0.383396 0.893057
0.383495 0.893057
0.383595 0.893057
0.383694 0.893057
0.383793 0.893057
0.383892 0.893057
0.383991 0.891937
0.384091 0.891937
0.384190 0.891937
0.384289 0.891937
0.384388 0.891937
0.384488 0.891937
0.384587 0.891377
0.384686 0.891377
0.384785 0.890258
0.384885 0.890258
0.384984 0.890258
0.385083 0.889698
0.385182 0.889698
0.385282 0.889698
0.385381 0.889698
0.385480 0.889698
0.385579 0.889698
0.385678 0.889138
0.385778 0.889138
0.385877 0.889138
0.385976 0.889138
0.386075 0.889138
0.386175 0.889138
0.386274 0.889138
0.386373 0.889138
0.386472 0.889138
0.386572 0.889138
0.386671 0.889138
0.386770 0.889138
0.386869 0.889138
0.386969 0.889138
0.387068 0.889138
0.387167 0.889138
0.387266 0.889138
0.387365 0.889138
0.387465 0.889138
0.387564 0.889138
0.387663 0.889138
0.387762 0.889138
0.387862 0.889138
0.387961 0.889138
0.388060 0.889138
0.388159 0.889138
0.388259 0.889138
0.388358 0.889138
0.388457 0.889138
0.388556 0.889138
0.388656 0.889138
0.388755 0.889138
0.388854 0.889138
0.388953 0.889138
0.389053 0.889138
0.389152 0.889138
0.389251 0.889138
0.389350 0.889138
0.389449 0.889138
0.389549 0.889138
0.389648 0.889138
0.389747 0.889138
0.389846 0.889138
0.389946 0.889138
0.390045 0.889138
0.390144 0.889138
0.390243 0.889138
0.390343 0.889138
0.390442 0.889138
0.390541 0.889138
0.390640 0.889138
0.390740 0.889138
0.390839 0.889138
0.390938 0.889138
0.391037 0.889138
0.391136 0.889138
0.391236 0.889138
0.391335 0.888578
0.391434 0.888578
0.391533 0.888578
0.391633 0.888578
0.391732 0.888578
0.391831 0.888578
0.391930 0.888018
0.392030 0.888018
0.392129 0.888018
0.392228 0.888018
0.392327 0.888018
0.392427 0.888018
0.392526 0.887458
0.392625 0.886898
0.392724 0.886898
0.392823 0.886898
0.392923 0.886898
0.393022 0.886898
0.393121 0.886338
0.393220 0.886338
0.393320 0.886338
0.393419 0.885778
0.393518 0.885778
0.393617 0.885778
0.393717 0.885778
0.393816 0.885778
0.393915 0.885778
0.394014 0.885778
0.394114 0.885778
0.394213 0.885778
0.394312 0.885778
0.394411 0.885778
0.394511 0.885778
0.394610 0.885778
0.394709 0.885778
0.394808 0.885778
0.394907 0.885778
0.395007 0.885778
0.395106 0.885778
0.395205 0.885778
0.395304 0.885778
0.395404 0.885778
0.395503 0.885778
0.395602 0.885778
0.395701 0.885218
0.395801 0.884658
0.395900 0.884658
0.395999 0.884658
0.396098 0.884658
0.396198 0.884658
0.396297 0.884658
0.396396 0.884658
0.396495 0.884658
0.396594 0.884658
0.396694 0.884658
0.396793 0.884658
0.396892 0.884658
0.396991 0.884658
0.397091 0.884658
0.397190 0.884658
0.397289 0.884658
0.397388 0.884658
0.397488 0.884658
0.397587 0.884658
0.397686 0.884658
0.397785 0.884658
0.397885 0.884099
0.397984 0.884099
0.398083 0.883539
0.398182 0.883539
0.398282 0.882979
0.398381 0.882979
0.398480 0.882979
0.398579 0.882979
0.398678 0.882979
0.398778 0.882979
0.398877 0.882979
0.398976 0.882419
0.399075 0.882419
0.399175 0.882419
0.399274 0.882419
0.399373 0.881859
0.399472 0.881859
0.399572 0.881859
0.399671 0.881299
0.399770 0.881299
0.399869 0.881299
0.399969 0.881299
0.400068 0.880739
0.400167 0.880739
0.400266 0.880739
0.400365 0.880179
0.400465 0.880179
0.400564 0.880179
0.400663 0.880179
0.400762 0.880179
0.400862 0.880179
0.400961 0.880179
0.401060 0.880179
0.401159 0.879619
0.401259 0.879619
0.401358 0.879619
0.401457 0.879059
0.401556 0.879059
0.401656 0.879059
0.401755 0.879059
0.401854 0.879059
0.401953 0.879059
0.402052 0.879059
0.402152 0.879059
0.402251 0.879059
0.402350 0.879059
0.402449 0.879059
0.402549 0.879059
0.402648 0.878499
0.402747 0.877940
0.402846 0.877380
0.402946 0.877380
0.403045 0.877380
0.403144 0.877380
0.403243 0.877380
0.403343 0.877380
0.403442 0.877380
0.403541 0.877380
0.403640 0.877380
0.403740 0.877380
0.403839 0.877380
0.403938 0.877380
0.404037 0.877380
0.404136 0.877380
0.404236 0.876820
0.404335 0.876820
0.404434 0.876820
0.404533 0.875700
0.404633 0.875700
0.404732 0.875700
0.404831 0.875700
0.404930 0.875700
0.405030 0.875700
0.405129 0.875700
0.405228 0.875700
0.405327 0.875700
0.405427 0.875700
0.405526 0.875140
0.405625 0.874580
0.405724 0.874580
0.405823 0.874020
0.405923 0.874020
0.406022 0.874020
0.406121 0.874020
0.406220 0.873460
0.406320 0.873460
0.406419 0.873460
0.406518 0.873460
0.406617 0.873460
0.406717 0.873460
0.406816 0.872900
0.406915 0.872900
0.407014 0.872340
0.407114 0.871781
0.407213 0.871221
0.407312 0.871221
0.407411 0.871221
0.407511 0.871221
0.407610 0.871221
0.407709 0.871221
0.407808 0.871221
0.407907 0.871221
0.408007 0.871221
0.408106 0.871221
0.408205 0.871221
0.408304 0.871221
0.408404 0.871221
0.408503 0.871221
0.408602 0.871221
0.408701 0.871221
0.408801 0.871221
0.408900 0.871221
0.408999 0.870661
0.409098 0.870661
0.409198 0.870661
0.409297 0.870661
0.409396 0.870661
0.409495 0.870661
0.409594 0.870661
0.409694 0.870661
0.409793 0.870661
0.409892 0.870661
0.409991 0.870661
0.410091 0.870101
0.410190 0.870101
0.410289 0.870101
0.410388 0.870101
0.410488 0.869541
0.410587 0.869541
0.410686 0.869541
0.410785 0.869541
0.410885 0.868981
0.410984 0.868981
0.411083 0.868981
0.411182 0.868981
0.411281 0.868981
0.411381 0.868421
0.411480 0.867861
0.411579 0.867861
0.411678 0.867861
0.411778 0.867861
0.411877 0.867861
0.411976 0.867861
0.412075 0.867861
0.412175 0.867861
0.412274 0.867861
0.412373 0.867861
0.412472 0.867861
0.412572 0.867861
0.412671 0.867861
0.412770 0.867861
0.412869 0.867301
0.412969 0.867301
0.413068 0.867301
0.413167 0.866741
0.413266 0.866741
0.413365 0.866741
0.413465 0.866741
0.413564 0.866741
0.413663 0.866181
0.413762 0.866181
0.413862 0.866181
0.413961 0.866181
0.414060 0.866181
0.414159 0.865622
0.414259 0.865622
0.414358 0.865622
0.414457 0.865622
0.414556 0.865622
0.414656 0.865622
0.414755 0.865622
0.414854 0.865622
0.414953 0.865622
0.415052 0.865622
0.415152 0.865622
0.415251 0.865622
0.415350 0.865622
0.415449 0.865622
0.415549 0.865622
0.415648 0.865062
0.415747 0.865062
0.415846 0.865062
0.415946 0.865062
0.416045 0.865062
0.416144 0.865062
0.416243 0.865062
0.416343 0.865062
0.416442 0.864502
0.416541 0.863942
0.416640 0.863942
0.416739 0.863942
0.416839 0.863942
0.416938 0.863942
0.417037 0.863942
0.417136 0.863942
0.417236 0.863942
0.417335 0.863942
0.417434 0.863942
0.417533 0.863942
0.417633 0.863942
0.417732 0.863942
0.417831 0.863382
0.417930 0.863382
0.418030 0.863382
0.418129 0.863382
0.418228 0.863382
0.418327 0.862822
0.418427 0.862822
0.418526 0.862822
0.418625 0.862822
0.418724 0.862822
0.418823 0.862262
0.418923 0.862262
0.419022 0.862262
0.419121 0.862262
0.419220 0.862262
0.419320 0.862262
0.419419 0.861702
0.419518 0.861702
0.419617 0.861702
0.419717 0.861702
0.419816 0.861702
0.419915 0.861702
0.420014 0.861702
0.420114 0.861702
0.420213 0.861702
0.420312 0.861702
0.420411 0.861702
0.420510 0.861702
0.420610 0.861702
0.420709 0.861702
0.420808 0.861142
0.420907 0.861142
0.421007 0.861142
0.421106 0.861142
0.421205 0.861142
0.421304 0.861142
0.421404 0.861142
0.421503 0.861142
0.421602 0.861142
0.421701 0.861142
0.421801 0.861142
0.421900 0.861142
0.421999 0.860582
0.422098 0.860582
0.422198 0.860582
0.422297 0.860582
0.422396 0.860022
0.422495 0.860022
0.422594 0.860022
0.422694 0.860022
0.422793 0.860022
0.422892 0.860022
0.422991 0.860022
0.423091 0.860022
0.423190 0.860022
0.423289 0.860022
0.423388 0.859462
0.423488 0.859462
0.423587 0.858343
0.423686 0.858343
0.423785 0.857223
0.423885 0.857223
0.423984 0.856663
0.424083 0.856663
0.424182 0.856663
0.424281 0.856663
0.424381 0.856103
0.424480 0.856103
0.424579 0.855543
0.424678 0.855543
0.424778 0.855543
0.424877 0.855543
0.424976 0.855543
0.425075 0.855543
0.425175 0.855543
0.425274 0.855543
0.425373 0.854983
0.425472 0.854423
0.425572 0.854423
0.425671 0.854423
0.425770 0.854423
0.425869 0.854423
0.425968 0.854423
0.426068 0.854423
0.426167 0.854423
0.426266 0.854423
0.426365 0.854423
0.426465 0.854423
0.426564 0.854423
0.426663 0.854423
0.426762 0.854423
0.426862 0.854423
0.426961 0.854423
0.427060 0.853863
0.427159 0.853303
0.427259 0.853303
0.427358 0.853303
0.427457 0.853303
0.427556 0.853303
0.427656 0.853303
0.427755 0.853303
0.427854 0.853303
0.427953 0.853303
0.428052 0.853303
0.428152 0.853303
0.428251 0.853303
0.428350 0.853303
0.428449 0.853303
0.428549 0.853303
0.428648 0.853303
0.428747 0.852744
0.428846 0.852744
0.428946 0.852184
0.429045 0.852184
0.429144 0.852184
0.429243 0.852184
0.429343 0.852184
0.429442 0.852184
0.429541 0.852184
0.429640 0.852184
0.429739 0.852184
0.429839 0.852184
0.429938 0.852184
0.430037 0.852184
0.430136 0.852184
0.430236 0.852184
0.430335 0.852184
0.430434 0.852184
0.430533 0.852184
0.430633 0.852184
0.430732 0.852184
0.430831 0.852184
0.430930 0.851624
0.431030 0.851064
0.431129 0.850504
0.431228 0.850504
0.431327 0.850504
0.431427 0.850504
0.431526 0.850504
0.431625 0.850504
0.431724 0.850504
0.431823 0.850504
0.431923 0.850504
0.432022 0.850504
0.432121 0.849944
0.432220 0.849944
0.432320 0.849384
0.432419 0.849384
0.432518 0.848824
0.432617 0.848824
0.432717 0.848824
0.432816 0.848824
0.432915 0.848824
0.433014 0.848824
0.433114 0.848824
0.433213 0.848824
0.433312 0.848824
0.433411 0.848824
0.433510 0.848264
0.433610 0.848264
0.433709 0.848264
0.433808 0.848264
0.433907 0.848264
0.434007 0.848264
0.434106 0.848264
0.434205 0.848264
0.434304 0.847704
0.434404 0.847704
0.434503 0.847144
0.434602 0.847144
0.434701 0.847144
0.434801 0.847144
0.434900 0.847144
0.434999 0.847144
0.435098 0.847144
0.435197 0.847144
0.435297 0.847144
0.435396 0.846585
0.435495 0.846585
0.435594 0.846585
0.435694 0.846585
0.435793 0.846585
0.435892 0.846585
0.435991 0.846585
0.436091 0.846585
0.436190 0.846585
0.436289 0.846585
0.436388 0.846585
0.436488 0.846585
0.436587 0.846585
0.436686 0.846585
0.436785 0.846585
0.436885 0.846585
0.436984 0.845465
0.437083 0.845465
0.437182 0.844905
0.437281 0.844905
0.437381 0.844905
0.437480 0.844905
0.437579 0.844905
0.437678 0.844905
0.437778 0.844905
0.437877 0.843785
0.437976 0.843785
0.438075 0.843785
0.438175 0.843785
0.438274 0.842105
0.438373 0.841545
0.438472 0.841545
0.438572 0.841545
0.438671 0.841545
0.438770 0.841545
0.438869 0.841545
0.438968 0.841545
0.439068 0.840985
0.439167 0.840985
0.439266 0.840985
0.439365 0.840985
0.439465 0.840985
0.439564 0.840985
0.439663 0.840985
0.439762 0.840985
0.439862 0.840985
0.439961 0.840985
0.440060 0.840985
0.440159 0.840426
0.440259 0.840426
0.440358 0.840426
0.440457 0.840426
0.440556 0.840426
0.440656 0.840426
0.440755 0.839866
0.440854 0.839866
0.440953 0.838746
0.441052 0.838746
0.441152 0.838746
0.441251 0.838746
0.441350 0.838746
0.441449 0.838746
0.441549 0.838186
0.441648 0.838186
0.441747 0.838186
0.441846 0.838186
0.441946 0.838186
0.442045 0.838186
0.442144 0.838186
0.442243 0.838186
0.442343 0.838186
0.442442 0.838186
0.442541 0.838186
0.442640 0.837626
0.442739 0.837066
0.442839 0.837066
0.442938 0.837066
0.443037 0.837066
0.443136 0.837066
0.443236 0.836506
0.443335 0.836506
0.443434 0.836506
0.443533 0.836506
0.443633 0.836506
0.443732 0.836506
0.443831 0.836506
0.443930 0.836506
0.444030 0.836506
0.444129 0.836506
0.444228 0.836506
0.444327 0.836506
0.444426 0.835946
0.444526 0.835946
0.444625 0.835946
0.444724 0.835946
0.444823 0.835946
0.444923 0.835946
0.445022 0.835386
0.445121 0.835386
0.445220 0.834826
0.445320 0.834826
0.445419 0.834826
0.445518 0.834826
0.445617 0.834826
0.445717 0.834826
0.445816 0.834826
0.445915 0.834826
0.446014 0.834267
0.446114 0.834267
0.446213 0.834267
0.446312 0.834267
0.446411 0.834267
0.446510 0.834267
0.446610 0.834267
0.446709 0.834267
0.446808 0.834267
0.446907 0.834267
0.447007 0.834267
0.447106 0.834267
0.447205 0.833707
0.447304 0.833707
0.447404 0.833147
0.447503 0.833147
0.447602 0.833147
0.447701 0.833147
0.447801 0.832587
0.447900 0.832587
0.447999 0.832587
0.448098 0.832027
0.448197 0.832027
0.448297 0.832027
0.448396 0.832027
0.448495 0.832027
0.448594 0.832027
0.448694 0.832027
0.448793 0.832027
0.448892 0.832027
0.448991 0.832027
0.449091 0.831467
0.449190 0.831467
0.449289 0.831467
0.449388 0.831467
0.449488 0.831467
0.449587 0.831467
0.449686 0.831467
0.449785 0.831467
0.449884 0.831467
0.449984 0.831467
0.450083 0.831467
0.450182 0.831467
0.450281 0.831467
0.450381 0.830347
0.450480 0.829787
0.450579 0.829787
0.450678 0.829787
0.450778 0.829787
0.450877 0.829787
0.450976 0.829787
0.451075 0.829787
0.451175 0.829787
0.451274 0.829787
0.451373 0.829787
0.451472 0.829227
0.451572 0.829227
0.451671 0.829227
0.451770 0.829227
0.451869 0.829227
0.451968 0.829227
0.452068 0.828667
0.452167 0.828667
0.452266 0.828667
0.452365 0.828667
0.452465 0.828667
0.452564 0.828108
0.452663 0.827548
0.452762 0.827548
0.452862 0.827548
0.452961 0.826428
0.453060 0.826428
0.453159 0.826428
0.453259 0.826428
0.453358 0.826428
0.453457 0.826428
0.453556 0.826428
0.453655 0.826428
0.453755 0.826428
0.453854 0.826428
0.453953 0.825868
0.454052 0.824748
0.454152 0.824748
0.454251 0.824748
0.454350 0.824748
0.454449 0.824188
0.454549 0.824188
0.454648 0.824188
0.454747 0.824188
0.454846 0.823628
0.454946 0.823068
0.455045 0.822508
0.455144 0.822508
0.455243 0.822508
0.455343 0.822508
0.455442 0.822508
0.455541 0.822508
0.455640 0.822508
0.455739 0.821948
0.455839 0.821948
0.455938 0.821948
0.456037 0.821948
0.456136 0.821948
0.456236 0.821948
0.456335 0.821948
0.456434 0.821948
0.456533 0.821389
0.456633 0.821389
0.456732 0.821389
0.456831 0.820829
0.456930 0.820269
0.457030 0.820269
0.457129 0.820269
0.457228 0.820269
0.457327 0.820269
0.457426 0.820269
0.457526 0.820269
0.457625 0.820269
0.457724 0.820269
0.457823 0.820269
0.457923 0.819709
0.458022 0.819709
0.458121 0.819709
0.458220 0.819149
0.458320 0.819149
0.458419 0.818589
0.458518 0.818589
0.458617 0.818029
0.458717 0.817469
0.458816 0.817469
0.458915 0.817469
0.459014 0.817469
0.459113 0.817469
0.459213 0.817469
0.459312 0.817469
0.459411 0.817469
0.459510 0.817469
0.459610 0.816909
0.459709 0.816909
0.459808 0.816349
0.459907 0.815230
0.460007 0.815230
0.460106 0.814670
0.460205 0.814670
0.460304 0.814670
0.460404 0.814110
0.460503 0.814110
0.460602 0.814110
0.460701 0.814110
0.460801 0.814110
0.460900 0.814110
0.460999 0.813550
0.461098 0.813550
0.461197 0.813550
0.461297 0.812990
0.461396 0.812990
0.461495 0.812990
0.461594 0.812990
0.461694 0.812990
0.461793 0.812430
0.461892 0.812430
0.461991 0.812430
0.462091 0.812430
0.462190 0.812430
0.462289 0.812430
0.462388 0.811870
0.462488 0.811870
0.462587 0.811870
0.462686 0.811870
0.462785 0.811870
0.462884 0.811870
0.462984 0.811310
0.463083 0.811310
0.463182 0.811310
0.463281 0.811310
0.463381 0.810750
0.463480 0.810750
0.463579 0.810750
0.463678 0.810750
0.463778 0.810750
0.463877 0.810750
0.463976 0.810750
0.464075 0.810750
0.464175 0.810190
0.464274 0.809630
0.464373 0.809630
0.464472 0.809630
0.464572 0.809071
0.464671 0.809071
0.464770 0.809071
0.464869 0.809071
0.464968 0.809071
0.465068 0.809071
0.465167 0.809071
0.465266 0.809071
0.465365 0.809071
0.465465 0.809071
0.465564 0.809071
0.465663 0.809071
0.465762 0.808511
0.465862 0.808511
0.465961 0.808511
0.466060 0.808511
0.466159 0.808511
0.466259 0.808511
0.466358 0.808511
0.466457 0.807951
0.466556 0.807951
0.466655 0.807951
0.466755 0.807951
0.466854 0.807951
0.466953 0.807951
0.467052 0.807951
0.467152 0.807951
0.467251 0.807951
0.467350 0.807391
0.467449 0.807391
0.467549 0.807391
0.467648 0.807391
0.467747 0.807391
0.467846 0.807391
0.467946 0.807391
0.468045 0.807391
0.468144 0.807391
0.468243 0.807391
0.468342 0.807391
0.468442 0.807391
0.468541 0.807391
0.468640 0.807391
0.468739 0.806831
0.468839 0.806271
0.468938 0.806271
0.469037 0.806271
0.469136 0.806271
0.469236 0.806271
0.469335 0.806271
0.469434 0.806271
0.469533 0.805711
0.469633 0.805151
0.469732 0.805151
0.469831 0.805151
0.469930 0.805151
0.470030 0.805151
0.470129 0.805151
0.470228 0.805151
0.470327 0.805151
0.470426 0.805151
0.470526 0.805151
0.470625 0.805151
0.470724 0.805151
0.470823 0.805151
0.470923 0.805151
0.471022 0.805151
0.471121 0.805151
0.471220 0.805151
0.471320 0.805151
0.471419 0.805151
0.471518 0.804591
0.471617 0.804591
0.471717 0.804591
0.471816 0.804591
0.471915 0.804591
0.472014 0.804591
0.472113 0.804031
0.472213 0.803471
0.472312 0.803471
0.472411 0.803471
0.472510 0.803471
0.472610 0.803471
0.472709 0.803471
0.472808 0.803471
0.472907 0.803471
0.473007 0.803471
0.473106 0.803471
0.473205 0.803471
0.473304 0.803471
0.473404 0.803471
0.473503 0.803471
0.473602 0.802352
0.473701 0.802352
0.473800 0.802352
0.473900 0.802352
0.473999 0.802352
0.474098 0.802352
0.474197 0.802352
0.474297 0.801792
0.474396 0.801792
0.474495 0.801792
0.474594 0.801792
0.474694 0.801232
0.474793 0.801232
0.474892 0.801232
0.474991 0.801232
0.475091 0.801232
0.475190 0.801232
0.475289 0.801232
0.475388 0.801232
0.475488 0.801232
0.475587 0.800672
0.475686 0.800672
0.475785 0.800672
0.475884 0.800672
0.475984 0.800112
0.476083 0.799552
0.476182 0.799552
0.476281 0.799552
0.476381 0.799552
0.476480 0.799552
0.476579 0.799552
0.476678 0.799552
0.476778 0.799552
0.476877 0.799552
0.476976 0.798992
0.477075 0.798992
0.477175 0.798992
0.477274 0.798992
0.477373 0.798992
0.477472 0.798992
0.477571 0.798992
0.477671 0.798992
0.477770 0.798992
0.477869 0.798992
0.477968 0.798992
0.478068 0.798992
0.478167 0.798992
0.478266 0.798992
0.478365 0.798992
0.478465 0.798992
0.478564 0.798992
0.478663 0.798432
0.478762 0.797872
0.478862 0.797872
0.478961 0.797872
0.479060 0.797872
0.479159 0.797312
0.479259 0.797312
0.479358 0.796753
0.479457 0.796753
0.479556 0.796193
0.479655 0.796193
0.479755 0.796193
0.479854 0.796193
0.479953 0.795633
0.480052 0.795633
0.480152 0.795633
0.480251 0.795633
0.480350 0.795073
0.480449 0.795073
0.480549 0.795073
0.480648 0.795073
0.480747 0.795073
0.480846 0.794513
0.480946 0.793953
0.481045 0.793953
0.481144 0.793953
0.481243 0.793953
0.481342 0.793953
0.481442 0.793953
0.481541 0.793953
0.481640 0.792273
0.481739 0.792273
0.481839 0.792273
0.481938 0.792273
0.482037 0.792273
0.482136 0.792273
0.482236 0.791713
0.482335 0.791713
0.482434 0.791713
0.482533 0.791153
0.482633 0.790594
0.482732 0.790594
0.482831 0.790594
0.482930 0.790594
0.483029 0.790594
0.483129 0.790034
0.483228 0.790034
0.483327 0.790034
0.483426 0.790034
0.483526 0.790034
0.483625 0.790034
0.483724 0.788914
0.483823 0.788914
0.483923 0.788354
0.484022 0.788354
0.484121 0.788354
0.484220 0.788354
0.484320 0.788354
0.484419 0.788354
0.484518 0.788354
0.484617 0.788354
0.484717 0.788354
0.484816 0.788354
0.484915 0.788354
0.485014 0.788354
0.485113 0.787794
0.485213 0.787794
0.485312 0.787794
0.485411 0.787794
0.485510 0.787794
0.485610 0.787234
0.485709 0.787234
0.485808 0.787234
0.485907 0.786674
0.486007 0.786674
0.486106 0.786674
0.486205 0.786674
0.486304 0.785554
0.486404 0.785554
0.486503 0.785554
0.486602 0.785554
0.486701 0.784994
0.486800 0.784994
0.486900 0.784994
0.486999 0.784994
0.487098 0.784994
0.487197 0.784994
0.487297 0.784994
0.487396 0.784434
0.487495 0.783875
0.487594 0.783875
0.487694 0.783875
0.487793 0.783875
0.487892 0.783875
0.487991 0.783875
0.488091 0.783875
0.488190 0.783875
0.488289 0.783875
0.488388 0.783875
0.488488 0.783875
0.488587 0.783875
0.488686 0.783875
0.488785 0.783875
0.488884 0.783875
0.488984 0.783315
0.489083 0.783315
0.489182 0.783315
0.489281 0.783315
0.489381 0.783315
0.489480 0.782755
0.489579 0.782755
0.489678 0.782755
0.489778 0.782755
0.489877 0.782755
0.489976 0.782755
0.490075 0.782755
0.490175 0.782755
0.490274 0.782755
0.490373 0.782755
0.490472 0.782195
0.490571 0.782195
0.490671 0.782195
0.490770 0.782195
0.490869 0.782195
0.490968 0.782195
0.491068 0.782195
0.491167 0.781635
0.491266 0.781635
0.491365 0.781635
0.491465 0.781635
0.491564 0.781635
0.491663 0.781635
0.491762 0.781635
0.491862 0.781635
0.491961 0.781635
0.492060 0.781635
0.492159 0.781635
0.492258 0.781635
0.492358 0.781635
0.492457 0.781635
0.492556 0.781635
0.492655 0.781635
0.492755 0.781635
0.492854 0.781635
0.492953 0.781635
0.493052 0.781635
0.493152 0.781635
0.493251 0.781635
0.493350 0.781075
0.493449 0.781075
0.493549 0.781075
0.493648 0.781075
0.493747 0.781075
0.493846 0.781075
0.493946 0.781075
0.494045 0.780515
0.494144 0.780515
0.494243 0.780515
0.494342 0.779395
0.494442 0.779395
0.494541 0.779395
0.494640 0.779395
0.494739 0.779395
0.494839 0.779395
0.494938 0.778835
0.495037 0.778275
0.495136 0.778275
0.495236 0.778275
0.495335 0.778275
0.495434 0.778275
0.495533 0.777716
0.495633 0.777716
0.495732 0.777156
0.495831 0.777156
0.495930 0.777156
0.496029 0.777156
0.496129 0.777156
0.496228 0.777156
0.496327 0.777156
0.496426 0.777156
0.496526 0.777156
0.496625 0.777156
0.496724 0.777156
0.496823 0.776596
0.496923 0.776596
0.497022 0.776596
0.497121 0.775476
0.497220 0.774356
0.497320 0.774356
0.497419 0.774356
0.497518 0.774356
0.497617 0.773796
0.497716 0.773796
0.497816 0.773796
0.497915 0.773796
0.498014 0.773796
0.498113 0.773796
0.498213 0.773796
0.498312 0.773796
0.498411 0.773796
0.498510 0.773236
0.498610 0.773236
0.498709 0.773236
0.498808 0.773236
0.498907 0.773236
0.499007 0.773236
0.499106 0.773236
0.499205 0.773236
0.499304 0.773236
0.499404 0.773236
0.499503 0.772676
0.499602 0.772676
0.499701 0.772676
0.499800 0.772676
0.499900 0.772676
0.499999 0.772676
0.500098 0.772116
0.500197 0.772116
0.500297 0.772116
0.500396 0.772116
0.500495 0.772116
0.500594 0.771557
0.500694 0.771557
0.500793 0.770997
0.500892 0.770997
0.500991 0.770997
0.501091 0.770997
0.501190 0.770997
0.501289 0.770437
0.501388 0.770437
0.501487 0.770437
0.501587 0.770437
0.501686 0.770437
0.501785 0.770437
0.501884 0.769877
0.501984 0.769877
0.502083 0.769877
0.502182 0.769877
0.502281 0.769877
0.502381 0.769877
0.502480 0.769877
0.502579 0.769877
0.502678 0.769877
0.502778 0.769877
0.502877 0.769317
0.502976 0.768757
0.503075 0.768757
0.503175 0.768757
0.503274 0.768197
0.503373 0.768197
0.503472 0.767637
0.503571 0.767637
0.503671 0.767637
0.503770 0.767077
0.503869 0.767077
0.503968 0.767077
0.504068 0.767077
0.504167 0.766517
0.504266 0.766517
0.504365 0.766517
0.504465 0.765957
0.504564 0.765957
0.504663 0.765957
0.504762 0.765957
0.504862 0.765957
0.504961 0.765398
0.505060 0.765398
0.505159 0.764838
0.505258 0.764278
0.505358 0.763718
0.505457 0.763718
0.505556 0.763718
0.505655 0.763158
0.505755 0.763158
0.505854 0.762598
0.505953 0.762598
0.506052 0.762598
0.506152 0.762598
0.506251 0.762598
0.506350 0.762038
0.506449 0.761478
0.506549 0.761478
0.506648 0.761478
0.506747 0.760918
0.506846 0.760918
0.506945 0.760918
0.507045 0.760918
0.507144 0.760918
0.507243 0.760918
0.507342 0.760918
0.507442 0.760918
0.507541 0.760918
0.507640 0.760918
0.507739 0.760918
0.507839 0.760918
0.507938 0.760918
0.508037 0.760918
0.508136 0.760918
0.508236 0.760918
0.508335 0.760918
0.508434 0.760918
0.508533 0.760918
0.508633 0.760918
0.508732 0.760918
0.508831 0.760918
0.508930 0.760358
0.509029 0.760358
0.509129 0.760358
0.509228 0.760358
0.509327 0.760358
0.509426 0.760358
0.509526 0.760358
0.509625 0.759798
0.509724 0.759798
0.509823 0.759798
0.509923 0.759798
0.510022 0.759798
0.510121 0.759798
0.510220 0.759239
0.510320 0.758679
0.510419 0.758119
0.510518 0.758119
0.510617 0.758119
0.510716 0.758119
0.510816 0.756999
0.510915 0.756999
0.511014 0.756439
0.511113 0.756439
0.511213 0.756439
0.511312 0.756439
0.511411 0.756439
0.511510 0.756439
0.511610 0.756439
0.511709 0.756439
0.511808 0.756439
0.511907 0.756439
0.512007 0.756439
0.512106 0.756439
0.512205 0.756439
0.512304 0.756439
0.512404 0.756439
0.512503 0.756439
0.512602 0.756439
0.512701 0.756439
0.512800 0.755879
0.512900 0.755879
0.512999 0.755879
0.513098 0.755879
0.513197 0.755879
0.513297 0.755879
0.513396 0.755879
0.513495 0.755319
0.513594 0.755319
0.513694 0.755319
0.513793 0.755319
0.513892 0.754759
0.513991 0.754759
0.514091 0.754759
0.514190 0.754759
0.514289 0.754759
0.514388 0.754759
0.514487 0.754759
0.514587 0.754759
0.514686 0.754759
0.514785 0.754759
0.514884 0.754759
0.514984 0.754199
0.515083 0.754199
0.515182 0.754199
0.515281 0.753639
0.515381 0.753639
0.515480 0.753639
0.515579 0.753639
0.515678 0.753080
0.515778 0.753080
0.515877 0.753080
0.515976 0.753080
0.516075 0.753080
0.516174 0.753080
0.516274 0.753080
0.516373 0.753080
0.516472 0.753080
0.516571 0.752520
0.516671 0.752520
0.516770 0.752520
0.516869 0.752520
0.516968 0.752520
0.517068 0.752520
0.517167 0.752520
0.517266 0.752520
0.517365 0.752520
0.517465 0.752520
0.517564 0.752520
0.517663 0.752520
0.517762 0.752520
0.517862 0.752520
0.517961 0.751960
0.518060 0.751400
0.518159 0.751400
0.518258 0.751400
0.518358 0.750840
0.518457 0.750840
0.518556 0.750280
0.518655 0.750280
0.518755 0.750280
0.518854 0.750280
0.518953 0.750280
0.519052 0.750280
0.519152 0.750280
0.519251 0.749720
0.519350 0.749720
0.519449 0.749720
0.519549 0.749160
0.519648 0.749160
0.519747 0.749160
0.519846 0.749160
0.519945 0.748600
0.520045 0.748600
0.520144 0.748600
0.520243 0.748600
0.520342 0.748600
0.520442 0.748600
0.520541 0.748600
0.520640 0.748600
0.520739 0.748600
0.520839 0.748600
0.520938 0.748600
0.521037 0.748600
0.521136 0.748600
0.521236 0.748600
0.521335 0.748600
0.521434 0.748600
0.521533 0.748600
0.521633 0.748600
0.521732 0.748600
0.521831 0.748600
0.521930 0.748600
0.522029 0.748600
0.522129 0.748600
0.522228 0.748040
0.522327 0.746920
0.522426 0.746920
0.522526 0.746361
0.522625 0.746361
0.522724 0.745801
0.522823 0.745801
0.522923 0.745801
0.523022 0.745241
0.523121 0.744681
0.523220 0.744681
0.523320 0.744681
0.523419 0.744681
0.523518 0.744121
0.523617 0.744121
0.523716 0.744121
0.523816 0.744121
0.523915 0.743001
0.524014 0.742441
0.524113 0.742441
0.524213 0.742441
0.524312 0.742441
0.524411 0.742441
0.524510 0.742441
0.524610 0.742441
0.524709 0.741321
0.524808 0.740761
0.524907 0.740761
0.525007 0.740761
0.525106 0.740202
0.525205 0.740202
0.525304 0.740202
0.525403 0.740202
0.525503 0.740202
0.525602 0.739642
0.525701 0.739642
0.525800 0.739642
0.525900 0.739642
0.525999 0.739642
0.526098 0.739642
0.526197 0.739642
0.526297 0.739082
0.526396 0.739082
0.526495 0.739082
0.526594 0.739082
0.526694 0.739082
0.526793 0.739082
0.526892 0.738522
0.526991 0.738522
0.527091 0.738522
0.527190 0.738522
0.527289 0.738522
0.527388 0.738522
0.527487 0.737962
0.527587 0.737962
0.527686 0.737962
0.527785 0.737962
0.527884 0.737962
0.527984 0.737962
0.528083 0.737402
0.528182 0.737402
0.528281 0.737402
0.528381 0.737402
0.528480 0.737402
0.528579 0.737402
0.528678 0.737402
0.528778 0.737402
0.528877 0.736842
0.528976 0.736842
0.529075 0.736842
0.529174 0.735722
0.529274 0.735162
0.529373 0.735162
0.529472 0.734602
0.529571 0.734602
0.529671 0.733483
0.529770 0.732923
0.529869 0.732923
0.529968 0.732923
0.530068 0.732923
0.530167 0.732923
0.530266 0.732363
0.530365 0.732363
0.530465 0.732363
0.530564 0.732363
0.530663 0.732363
0.530762 0.732363
0.530861 0.732363
0.530961 0.732363
0.531060 0.732363
0.531159 0.731803
0.531258 0.731243
0.531358 0.731243
0.531457 0.731243
0.531556 0.731243
0.531655 0.731243
0.531755 0.730683
0.531854 0.730683
0.531953 0.730683
0.532052 0.730683
0.532152 0.730123
0.532251 0.729563
0.532350 0.729563
0.532449 0.729003
0.532549 0.729003
0.532648 0.729003
0.532747 0.729003
0.532846 0.729003
0.532945 0.729003
0.533045 0.729003
0.533144 0.729003
0.533243 0.729003
0.533342 0.729003
0.533442 0.729003
0.533541 0.729003
0.533640 0.729003
0.533739 0.729003
0.533839 0.729003
0.533938 0.729003
0.534037 0.729003
0.534136 0.729003
0.534236 0.729003
0.534335 0.728443
0.534434 0.728443
0.534533 0.728443
0.534632 0.727884
0.534732 0.727884
0.534831 0.727884
0.534930 0.727884
0.535029 0.727884
0.535129 0.727884
0.535228 0.727884
0.535327 0.727324
0.535426 0.727324
0.535526 0.727324
0.535625 0.727324
0.535724 0.727324
0.535823 0.726764
0.535923 0.726204
0.536022 0.726204
0.536121 0.726204
0.536220 0.726204
0.536320 0.726204
0.536419 0.726204
0.536518 0.726204
0.536617 0.725644
0.536716 0.725644
0.536816 0.725084
0.536915 0.725084
0.537014 0.724524
0.537113 0.724524
0.537213 0.724524
0.537312 0.724524
0.537411 0.724524
0.537510 0.724524
0.537610 0.724524
0.537709 0.723964
0.537808 0.723964
0.537907 0.723404
0.538007 0.723404
0.538106 0.722844
0.538205 0.722844
0.538304 0.722284
0.538403 0.722284
0.538503 0.721725
0.538602 0.721725
0.538701 0.721725
0.538800 0.721725
0.538900 0.721725
0.538999 0.721725
0.539098 0.721165
0.539197 0.721165
0.539297 0.721165
0.539396 0.721165
0.539495 0.721165
0.539594 0.720045
0.539694 0.720045
0.539793 0.720045
0.539892 0.720045
0.539991 0.719485
0.540090 0.719485
0.540190 0.719485
0.540289 0.719485
0.540388 0.719485
0.540487 0.719485
0.540587 0.719485
0.540686 0.718925
0.540785 0.718925
0.540884 0.718365
0.540984 0.718365
0.541083 0.717805
0.541182 0.717805
0.541281 0.717805
0.541381 0.717805
0.541480 0.717245
0.541579 0.717245
0.541678 0.717245
0.541778 0.717245
0.541877 0.716685
0.541976 0.716685
0.542075 0.716685
0.542174 0.716125
0.542274 0.716125
0.542373 0.716125
0.542472 0.716125
0.542571 0.716125
0.542671 0.716125
0.542770 0.716125
0.542869 0.716125
0.542968 0.716125
0.543068 0.715566
0.543167 0.714446
0.543266 0.714446
0.543365 0.713886
0.543465 0.713326
0.543564 0.713326
0.543663 0.713326
0.543762 0.713326
0.543861 0.713326
0.543961 0.712766
0.544060 0.712766
0.544159 0.711646
0.544258 0.711646
0.544358 0.711646
0.544457 0.711646
0.544556 0.711646
0.544655 0.710526
0.544755 0.710526
0.544854 0.710526
0.544953 0.710526
0.545052 0.710526
0.545152 0.710526
0.545251 0.710526
0.545350 0.710526
0.545449 0.710526
0.545549 0.710526
0.545648 0.710526
0.545747 0.709966
0.545846 0.709966
0.545945 0.709966
0.546045 0.709966
0.546144 0.709966
0.546243 0.709966
0.546342 0.709966
0.546442 0.709966
0.546541 0.709966
0.546640 0.709406
0.546739 0.708847
0.546839 0.708847
0.546938 0.708847
0.547037 0.708287
0.547136 0.708287
0.547236 0.708287
0.547335 0.707727
0.547434 0.707727
0.547533 0.707727
0.547632 0.707727
0.547732 0.707727
0.547831 0.707727
0.547930 0.707727
0.548029 0.707727
0.548129 0.707727
0.548228 0.707167
0.548327 0.707167
0.548426 0.706607
0.548526 0.706607
0.548625 0.706607
0.548724 0.706047
0.548823 0.706047
0.548923 0.706047
0.549022 0.704927
0.549121 0.704927
0.549220 0.704367
0.549319 0.704367
0.549419 0.704367
0.549518 0.703807
0.549617 0.703807
0.549716 0.703807
0.549816 0.703807
0.549915 0.703807
0.550014 0.703807
0.550113 0.703807
0.550213 0.703807
0.550312 0.703247
0.550411 0.703247
0.550510 0.703247
0.550610 0.702688
0.550709 0.702688
0.550808 0.702128
0.550907 0.702128
0.551007 0.702128
0.551106 0.702128
0.551205 0.702128
0.551304 0.702128
0.551403 0.702128
0.551503 0.702128
0.551602 0.701008
0.551701 0.701008
0.551800 0.701008
0.551900 0.701008
0.551999 0.701008
0.552098 0.701008
0.552197 0.701008
0.552297 0.701008
0.552396 0.700448
0.552495 0.700448
0.552594 0.700448
0.552694 0.700448
0.552793 0.700448
0.552892 0.700448
0.552991 0.700448
0.553090 0.700448
0.553190 0.699888
0.553289 0.699888
0.553388 0.699888
0.553487 0.699888
0.553587 0.698768
0.553686 0.698208
0.553785 0.697648
0.553884 0.697648
0.553984 0.697648
0.554083 0.697648
0.554182 0.697088
0.554281 0.697088
0.554381 0.697088
0.554480 0.697088
0.554579 0.697088
0.554678 0.697088
0.554777 0.697088
0.554877 0.697088
0.554976 0.697088
0.555075 0.697088
0.555174 0.697088
0.555274 0.697088
0.555373 0.697088
0.555472 0.697088
0.555571 0.697088
0.555671 0.697088
0.555770 0.695969
0.555869 0.695969
0.555968 0.695969
0.556068 0.695969
0.556167 0.695969
0.556266 0.695969
0.556365 0.695969
0.556465 0.695969
0.556564 0.695969
0.556663 0.695969
0.556762 0.695969
0.556861 0.695969
0.556961 0.695969
0.557060 0.695969
0.557159 0.695969
0.557258 0.695969
0.557358 0.695969
0.557457 0.695969
0.557556 0.695969
0.557655 0.695969
0.557755 0.695969
0.557854 0.695969
0.557953 0.695969
0.558052 0.695969
0.558152 0.695409
0.558251 0.695409
0.558350 0.695409
0.558449 0.695409
0.558548 0.695409
0.558648 0.695409
0.558747 0.695409
0.558846 0.695409
0.558945 0.694289
0.559045 0.694289
0.559144 0.694289
0.559243 0.693729
0.559342 0.693729
0.559442 0.693169
0.559541 0.693169
0.559640 0.693169
0.559739 0.693169
0.559839 0.693169
0.559938 0.693169
0.560037 0.693169
0.560136 0.693169
0.560236 0.693169
0.560335 0.693169
0.560434 0.693169
0.560533 0.692609
0.560632 0.692609
0.560732 0.692049
0.560831 0.692049
0.560930 0.692049
0.561029 0.692049
0.561129 0.692049
0.561228 0.692049
0.561327 0.692049
0.561426 0.691489
0.561526 0.691489
0.561625 0.691489
0.561724 0.691489
0.561823 0.691489
0.561923 0.691489
0.562022 0.690929
0.562121 0.690929
0.562220 0.690929
0.562319 0.690370
0.562419 0.690370
0.562518 0.690370
0.562617 0.690370
0.562716 0.690370
0.562816 0.690370
0.562915 0.690370
0.563014 0.689810
0.563113 0.689250
0.563213 0.689250
0.563312 0.688690
0.563411 0.688690
0.563510 0.688130
0.563610 0.688130
0.563709 0.688130
0.563808 0.688130
0.563907 0.687570
0.564006 0.687570
0.564106 0.687010
0.564205 0.687010
0.564304 0.686450
0.564403 0.686450
0.564503 0.686450
0.564602 0.686450
0.564701 0.686450
0.564800 0.686450
0.564900 0.686450
0.564999 0.686450
0.565098 0.686450
0.565197 0.686450
0.565297 0.686450
0.565396 0.686450
0.565495 0.686450
0.565594 0.686450
0.565694 0.686450
0.565793 0.686450
0.565892 0.685890
0.565991 0.685890
0.566090 0.685890
0.566190 0.685330
0.566289 0.685330
0.566388 0.684211
0.566487 0.684211
0.566587 0.684211
0.566686 0.684211
0.566785 0.684211
0.566884 0.684211
0.566984 0.683651
0.567083 0.683651
0.567182 0.683651
0.567281 0.683091
0.567381 0.683091
0.567480 0.683091
0.567579 0.683091
0.567678 0.682531
0.567777 0.682531
0.567877 0.682531
0.567976 0.682531
0.568075 0.682531
0.568174 0.682531
0.568274 0.682531
0.568373 0.682531
0.568472 0.682531
0.568571 0.682531
0.568671 0.682531
0.568770 0.682531
0.568869 0.682531
0.568968 0.681971
0.569068 0.681971
0.569167 0.681411
0.569266 0.680851
0.569365 0.680851
0.569465 0.680851
0.569564 0.680851
0.569663 0.680291
0.569762 0.679731
0.569861 0.679731
0.569961 0.679171
0.570060 0.679171
0.570159 0.679171
0.570258 0.678611
0.570358 0.678611
0.570457 0.678611
0.570556 0.678052
0.570655 0.678052
0.570755 0.678052
0.570854 0.677492
0.570953 0.676932
0.571052 0.676932
0.571152 0.676372
0.571251 0.676372
0.571350 0.675812
0.571449 0.675812
0.571548 0.675812
0.571648 0.675812
0.571747 0.675812
0.571846 0.675812
0.571945 0.675812
0.572045 0.675252
0.572144 0.675252
0.572243 0.675252
0.572342 0.675252
0.572442 0.675252
0.572541 0.675252
0.572640 0.675252
0.572739 0.675252
0.572839 0.675252
0.572938 0.675252
0.573037 0.675252
0.573136 0.675252
0.573235 0.674692
0.573335 0.674692
0.573434 0.674692
0.573533 0.674692
0.573632 0.674692
0.573732 0.674132
0.573831 0.674132
0.573930 0.674132
0.574029 0.674132
0.574129 0.674132
0.574228 0.674132
0.574327 0.674132
0.574426 0.674132
0.574526 0.673572
0.574625 0.673572
0.574724 0.673572
0.574823 0.673572
0.574923 0.673012
0.575022 0.673012
0.575121 0.673012
0.575220 0.673012
0.575319 0.673012
0.575419 0.673012
0.575518 0.673012
0.575617 0.672452
0.575716 0.672452
0.575816 0.672452
0.575915 0.672452
0.576014 0.672452
0.576113 0.672452
0.576213 0.672452
0.576312 0.671892
0.576411 0.671892
0.576510 0.671892
0.576610 0.671892
0.576709 0.671892
0.576808 0.671333
0.576907 0.671333
0.577006 0.671333
0.577106 0.670773
0.577205 0.670773
0.577304 0.670213
0.577403 0.670213
0.577503 0.670213
0.577602 0.670213
0.577701 0.670213
0.577800 0.670213
0.577900 0.670213
0.577999 0.670213
0.578098 0.670213
0.578197 0.670213
0.578297 0.670213
0.578396 0.669653
0.578495 0.669653
0.578594 0.669653
0.578693 0.669653
0.578793 0.669653
0.578892 0.669653
0.578991 0.669653
0.579090 0.669093
0.579190 0.669093
0.579289 0.669093
0.579388 0.669093
0.579487 0.669093
0.579587 0.669093
0.579686 0.669093
0.579785 0.669093
0.579884 0.669093
0.579984 0.669093
0.580083 0.669093
0.580182 0.669093
0.580281 0.669093
0.580381 0.667973
0.580480 0.667973
0.580579 0.667973
0.580678 0.667973
0.580777 0.667413
0.580877 0.666293
0.580976 0.666293
0.581075 0.666293
0.581174 0.666293
0.581274 0.666293
0.581373 0.666293
0.581472 0.666293
0.581571 0.666293
0.581671 0.665733
0.581770 0.665733
0.581869 0.665733
0.581968 0.665733
0.582068 0.665733
0.582167 0.665733
0.582266 0.665733
0.582365 0.664614
0.582464 0.664614
0.582564 0.664614
0.582663 0.664054
0.582762 0.663494
0.582861 0.663494
0.582961 0.663494
0.583060 0.663494
0.583159 0.663494
0.583258 0.663494
0.583358 0.663494
0.583457 0.663494
0.583556 0.662934
0.583655 0.662934
0.583755 0.662934
0.583854 0.662374
0.583953 0.662374
0.584052 0.662374
0.584152 0.661814
0.584251 0.661814
0.584350 0.661814
0.584449 0.661814
0.584548 0.661814
0.584648 0.661814
0.584747 0.661814
0.584846 0.661254
0.584945 0.661254
0.585045 0.661254
0.585144 0.661254
0.585243 0.661254
0.585342 0.661254
0.585442 0.661254
0.585541 0.660134
0.585640 0.659574
0.585739 0.659574
0.585839 0.659574
0.585938 0.659574
0.586037 0.659574
0.586136 0.659015
0.586235 0.659015
0.586335 0.659015
0.586434 0.659015
0.586533 0.659015
0.586632 0.659015
0.586732 0.659015
0.586831 0.659015
0.586930 0.659015
0.587029 0.659015
0.587129 0.658455
0.587228 0.658455
0.587327 0.658455
0.587426 0.658455
0.587526 0.658455
0.587625 0.657895
0.587724 0.657335
0.587823 0.657335
0.587922 0.657335
0.588022 0.657335
0.588121 0.657335
0.588220 0.657335
0.588319 0.657335
0.588419 0.657335
0.588518 0.657335
0.588617 0.657335
0.588716 0.656775
0.588816 0.656775
0.588915 0.655655
0.589014 0.654535
0.589113 0.654535
0.589213 0.654535
0.589312 0.654535
0.589411 0.653975
0.589510 0.653975
0.589610 0.653975
0.589709 0.653415
0.589808 0.653415
0.589907 0.653415
0.590006 0.653415
0.590106 0.652856
0.590205 0.652856
0.590304 0.652296
0.590403 0.652296
0.590503 0.652296
0.590602 0.652296
0.590701 0.652296
0.590800 0.652296
0.590900 0.652296
0.590999 0.652296
0.591098 0.652296
0.591197 0.652296
0.591297 0.652296
0.591396 0.652296
0.591495 0.652296
0.591594 0.651736
0.591693 0.651736
0.591793 0.651736
0.591892 0.651176
0.591991 0.651176
0.592090 0.650616
0.592190 0.650616
0.592289 0.650616
0.592388 0.650616
0.592487 0.650616
0.592587 0.650616
0.592686 0.650056
0.592785 0.650056
0.592884 0.650056
0.592984 0.650056
0.593083 0.650056
0.593182 0.650056
0.593281 0.650056
0.593381 0.649496
0.593480 0.649496
0.593579 0.649496
0.593678 0.649496
0.593777 0.649496
0.593877 0.649496
0.593976 0.649496
0.594075 0.649496
0.594174 0.648936
0.594274 0.648936
0.594373 0.648376
0.594472 0.648376
0.594571 0.648376
0.594671 0.647816
0.594770 0.647816
0.594869 0.647816
0.594968 0.647816
0.595068 0.647816
0.595167 0.647816
0.595266 0.647816
0.595365 0.647256
0.595464 0.647256
0.595564 0.647256
0.595663 0.647256
0.595762 0.647256
0.595861 0.647256
0.595961 0.647256
0.596060 0.647256
0.596159 0.647256
0.596258 0.646697
0.596358 0.646697
0.596457 0.646697
0.596556 0.646697
0.596655 0.646697
0.596755 0.646697
0.596854 0.646697
0.596953 0.646137
0.597052 0.646137
0.597151 0.645577
0.597251 0.645577
0.597350 0.645577
0.597449 0.645577
0.597548 0.645577
0.597648 0.645017
0.597747 0.645017
0.597846 0.645017
0.597945 0.645017
0.598045 0.645017
0.598144 0.644457
0.598243 0.643897
0.598342 0.643897
0.598442 0.643337
0.598541 0.643337
0.598640 0.643337
0.598739 0.643337
0.598839 0.642777
0.598938 0.642777
0.599037 0.642777
0.599136 0.642777
0.599235 0.641657
0.599335 0.641657
0.599434 0.641097
0.599533 0.640538
0.599632 0.639978
0.599732 0.639978
0.599831 0.639978
0.599930 0.639978
0.600029 0.639978
0.600129 0.639978
0.600228 0.639418
0.600327 0.639418
0.600426 0.639418
0.600526 0.639418
0.600625 0.639418
0.600724 0.639418
0.600823 0.639418
0.600922 0.639418
0.601022 0.638858
0.601121 0.638858
0.601220 0.638858
0.601319 0.638298
0.601419 0.637738
0.601518 0.637178
0.601617 0.637178
0.601716 0.637178
0.601816 0.637178
0.601915 0.637178
0.602014 0.637178
0.602113 0.637178
0.602213 0.637178
0.602312 0.637178
0.602411 0.637178
0.602510 0.637178
0.602610 0.636618
0.602709 0.636618
0.602808 0.636618
0.602907 0.636618
0.603006 0.636618
0.603106 0.636618
0.603205 0.636618
0.603304 0.636618
0.603403 0.636618
0.603503 0.636058
0.603602 0.636058
0.603701 0.636058
0.603800 0.636058
0.603900 0.636058
0.603999 0.636058
0.604098 0.636058
0.604197 0.635498
0.604297 0.635498
0.604396 0.634938
0.604495 0.634938
0.604594 0.634938
0.604693 0.634938
0.604793 0.634938
0.604892 0.634938
0.604991 0.634938
0.605090 0.634938
0.605190 0.634378
0.605289 0.634378
0.605388 0.634378
0.605487 0.634378
0.605587 0.633819
0.605686 0.633259
0.605785 0.633259
0.605884 0.633259
0.605984 0.632699
0.606083 0.632699
0.606182 0.632699
0.606281 0.631579
0.606380 0.631579
0.606480 0.631579
0.606579 0.631579
0.606678 0.631579
0.606777 0.631019
0.606877 0.631019
0.606976 0.630459
0.607075 0.629899
0.607174 0.628779
0.607274 0.628779
0.607373 0.628219
0.607472 0.626540
0.607571 0.625980
0.607671 0.625420
0.607770 0.625420
0.607869 0.624860
0.607968 0.624860
0.608068 0.624300
0.608167 0.623740
0.608266 0.623740
0.608365 0.623740
0.608464 0.623740
0.608564 0.623740
0.608663 0.623740
0.608762 0.623740
0.608861 0.623740
0.608961 0.623740
0.609060 0.623740
0.609159 0.622620
0.609258 0.622620
0.609358 0.622620
0.609457 0.622620
0.609556 0.622620
0.609655 0.622620
0.609755 0.622620
0.609854 0.622620
0.609953 0.622620
0.610052 0.622620
0.610151 0.622060
0.610251 0.622060
0.610350 0.622060
0.610449 0.622060
0.610548 0.622060
0.610648 0.621501
0.610747 0.621501
0.610846 0.621501
0.610945 0.621501
0.611045 0.621501
0.611144 0.621501
0.611243 0.621501
0.611342 0.621501
0.611442 0.621501
0.611541 0.621501
0.611640 0.621501
0.611739 0.621501
0.611838 0.621501
0.611938 0.621501
0.612037 0.621501
0.612136 0.621501
0.612235 0.621501
0.612335 0.621501
0.612434 0.621501
0.612533 0.621501
0.612632 0.621501
0.612732 0.621501
0.612831 0.621501
0.612930 0.621501
0.613029 0.621501
0.613129 0.621501
0.613228 0.621501
0.613327 0.621501
0.613426 0.621501
0.613526 0.621501
0.613625 0.621501
0.613724 0.621501
0.613823 0.620941
0.613922 0.620941
0.614022 0.620381
0.614121 0.620381
0.614220 0.619821
0.614319 0.619821
0.614419 0.619821
0.614518 0.619821
0.614617 0.619821
0.614716 0.619821
0.614816 0.619261
0.614915 0.619261
0.615014 0.619261
0.615113 0.619261
0.615213 0.619261
0.615312 0.619261
0.615411 0.618701
0.615510 0.618701
0.615609 0.618141
0.615709 0.617581
0.615808 0.617581
0.615907 0.617021
0.616006 0.617021
0.616106 0.616461
0.616205 0.616461
0.616304 0.615901
0.616403 0.615901
0.616503 0.615901
0.616602 0.615901
0.616701 0.615901
0.616800 0.615901
0.616900 0.615901
0.616999 0.615901
0.617098 0.615901
0.617197 0.615901
0.617297 0.615901
0.617396 0.615342
0.617495 0.615342
0.617594 0.615342
0.617693 0.615342
0.617793 0.615342
0.617892 0.615342
0.617991 0.615342
0.618090 0.615342
0.618190 0.615342
0.618289 0.615342
0.618388 0.615342
0.618487 0.615342
0.618587 0.615342
0.618686 0.615342
0.618785 0.614782
0.618884 0.614782
0.618984 0.614782
0.619083 0.614782
0.619182 0.614782
0.619281 0.614782
0.619380 0.614222
0.619480 0.613662
0.619579 0.613662
0.619678 0.613662
0.619777 0.613662
0.619877 0.613662
0.619976 0.613662
0.620075 0.613662
0.620174 0.613662
0.620274 0.613662
0.620373 0.613102
0.620472 0.612542
0.620571 0.612542
0.620671 0.612542
0.620770 0.612542
0.620869 0.612542
0.620968 0.612542
0.621067 0.612542
0.621167 0.612542
0.621266 0.611982
0.621365 0.611982
0.621464 0.611982
0.621564 0.611982
0.621663 0.611422
0.621762 0.611422
0.621861 0.611422
0.621961 0.611422
0.622060 0.611422
0.622159 0.611422
0.622258 0.610862
0.622358 0.610862
0.622457 0.610862
0.622556 0.610862
0.622655 0.610862
0.622755 0.610862
0.622854 0.610862
0.622953 0.610862
0.623052 0.609742
0.623151 0.609183
0.623251 0.609183
0.623350 0.609183
0.623449 0.609183
0.623548 0.609183
0.623648 0.609183
0.623747 0.609183
0.623846 0.609183
0.623945 0.609183
0.624045 0.609183
0.624144 0.608623
0.624243 0.608623
0.624342 0.608063
0.624442 0.608063
0.624541 0.608063
0.624640 0.608063
0.624739 0.607503
0.624838 0.607503
0.624938 0.606943
0.625037 0.606943
0.625136 0.606943
0.625235 0.606943
0.625335 0.606383
0.625434 0.606383
0.625533 0.606383
0.625632 0.605823
0.625732 0.605263
0.625831 0.604703
0.625930 0.604703
0.626029 0.604703
0.626129 0.604703
0.626228 0.604143
0.626327 0.604143
0.626426 0.604143
0.626526 0.604143
0.626625 0.604143
0.626724 0.603583
0.626823 0.603583
0.626922 0.603583
0.627022 0.603583
0.627121 0.603583
0.627220 0.603583
0.627319 0.603583
0.627419 0.603583
0.627518 0.603583
0.627617 0.603583
0.627716 0.603583
0.627816 0.603583
0.627915 0.603583
0.628014 0.603583
0.628113 0.603583
0.628213 0.603583
0.628312 0.603583
0.628411 0.603583
0.628510 0.603583
0.628609 0.603024
0.628709 0.603024
0.628808 0.603024
0.628907 0.603024
0.629006 0.603024
0.629106 0.603024
0.629205 0.603024
0.629304 0.603024
0.629403 0.602464
0.629503 0.601904
0.629602 0.601344
0.629701 0.601344
0.629800 0.601344
0.629900 0.601344
0.629999 0.601344
0.630098 0.601344
0.630197 0.601344
0.630296 0.600784
0.630396 0.600784
0.630495 0.600784
0.630594 0.600784
0.630693 0.600784
0.630793 0.600784
0.630892 0.600784
0.630991 0.600784
0.631090 0.600224
0.631190 0.600224
0.631289 0.600224
0.631388 0.600224
0.631487 0.600224
0.631587 0.600224
0.631686 0.599664
0.631785 0.599664
0.631884 0.599664
0.631984 0.599664
0.632083 0.599664
0.632182 0.599664
0.632281 0.599664
0.632380 0.599664
0.632480 0.599104
0.632579 0.598544
0.632678 0.597984
0.632777 0.597984
0.632877 0.597424
0.632976 0.597424
0.633075 0.597424
0.633174 0.597424
0.633274 0.597424
0.633373 0.597424
0.633472 0.596865
0.633571 0.596865
0.633671 0.596865
0.633770 0.596865
0.633869 0.596865
0.633968 0.596865
0.634067 0.596865
0.634167 0.596865
0.634266 0.596865
0.634365 0.596865
0.634464 0.596865
0.634564 0.596865
0.634663 0.596865
0.634762 0.596305
0.634861 0.595745
0.634961 0.595185
0.635060 0.595185
0.635159 0.595185
0.635258 0.595185
0.635358 0.594625
0.635457 0.594625
0.635556 0.594625
0.635655 0.594065
0.635754 0.593505
0.635854 0.593505
0.635953 0.592945
0.636052 0.592945
0.636151 0.592945
0.636251 0.592385
0.636350 0.590146
0.636449 0.590146
0.636548 0.590146
0.636648 0.590146
0.636747 0.590146
0.636846 0.589586
0.636945 0.589586
0.637045 0.589586
0.637144 0.589586
0.637243 0.589586
0.637342 0.589586
0.637442 0.589586
0.637541 0.589586
0.637640 0.589586
0.637739 0.589586
0.637838 0.589026
0.637938 0.589026
0.638037 0.589026
0.638136 0.589026
0.638235 0.589026
0.638335 0.589026
0.638434 0.589026
0.638533 0.588466
0.638632 0.588466
0.638732 0.588466
0.638831 0.588466
0.638930 0.588466
0.639029 0.588466
0.639129 0.588466
0.639228 0.588466
0.639327 0.587906
0.639426 0.587906
0.639525 0.587906
0.639625 0.587906
0.639724 0.587906
0.639823 0.587906
0.639922 0.587906
0.640022 0.587906
0.640121 0.587906
0.640220 0.587906
0.640319 0.587346
0.640419 0.587346
0.640518 0.587346
0.640617 0.587346
0.640716 0.587346
0.640816 0.586786
0.640915 0.586786
0.641014 0.586226
0.641113 0.586226
0.641213 0.586226
0.641312 0.586226
0.641411 0.584546
0.641510 0.584546
0.641609 0.584546
0.641709 0.584546
0.641808 0.584546
0.641907 0.583987
0.642006 0.583987
0.642106 0.583987
0.642205 0.583987
0.642304 0.583987
0.642403 0.583987
0.642503 0.583987
0.642602 0.583987
0.642701 0.583987
0.642800 0.583427
0.642900 0.583427
0.642999 0.583427
0.643098 0.582867
0.643197 0.582867
0.643296 0.582867
0.643396 0.582307
0.643495 0.582307
0.643594 0.582307
0.643693 0.582307
0.643793 0.582307
0.643892 0.582307
0.643991 0.581747
0.644090 0.581747
0.644190 0.581747
0.644289 0.581747
0.644388 0.581187
0.644487 0.581187
0.644587 0.581187
0.644686 0.581187
0.644785 0.581187
0.644884 0.581187
0.644983 0.581187
0.645083 0.581187
0.645182 0.581187
0.645281 0.580067
0.645380 0.580067
0.645480 0.579507
0.645579 0.579507
0.645678 0.579507
0.645777 0.579507
0.645877 0.579507
0.645976 0.579507
0.646075 0.579507
0.646174 0.579507
0.646274 0.579507
0.646373 0.578947
0.646472 0.578947
0.646571 0.578947
0.646671 0.578947
0.646770 0.578947
0.646869 0.578947
0.646968 0.578947
0.647067 0.578947
0.647167 0.578387
0.647266 0.578387
0.647365 0.578387
0.647464 0.578387
0.647564 0.578387
0.647663 0.578387
0.647762 0.577828
0.647861 0.577828
0.647961 0.577828
0.648060 0.577268
0.648159 0.577268
0.648258 0.577268
0.648358 0.576708
0.648457 0.576708
0.648556 0.576708
0.648655 0.575588
0.648754 0.575588
0.648854 0.575588
0.648953 0.575588
0.649052 0.575588
0.649151 0.575028
0.649251 0.575028
0.649350 0.575028
0.649449 0.575028
0.649548 0.574468
0.649648 0.574468
0.649747 0.574468
0.649846 0.574468
0.649945 0.574468
0.650045 0.574468
0.650144 0.574468
0.650243 0.574468
0.650342 0.574468
0.650442 0.573348
0.650541 0.572788
0.650640 0.572788
0.650739 0.572788
0.650838 0.572228
0.650938 0.572228
0.651037 0.572228
0.651136 0.572228
0.651235 0.572228
0.651335 0.572228
0.651434 0.571669
0.651533 0.571109
0.651632 0.570549
0.651732 0.570549
0.651831 0.570549
0.651930 0.570549
0.652029 0.570549
0.652129 0.570549
0.652228 0.569989
0.652327 0.569989
0.652426 0.569989
0.652525 0.569989
0.652625 0.569989
0.652724 0.569989
0.652823 0.569989
0.652922 0.569989
0.653022 0.569989
0.653121 0.569989
0.653220 0.569989
0.653319 0.569989
0.653419 0.569989
0.653518 0.569989
0.653617 0.569429
0.653716 0.569429
0.653816 0.569429
0.653915 0.569429
0.654014 0.569429
0.654113 0.568869
0.654212 0.568869
0.654312 0.568309
0.654411 0.568309
0.654510 0.568309
0.654609 0.568309
0.654709 0.568309
0.654808 0.568309
0.654907 0.567749
0.655006 0.567189
0.655106 0.567189
0.655205 0.567189
0.655304 0.567189
0.655403 0.567189
0.655503 0.566629
0.655602 0.566629
0.655701 0.566629
0.655800 0.566629
0.655900 0.566629
0.655999 0.566629
0.656098 0.566629
0.656197 0.565510
0.656296 0.565510
0.656396 0.565510
0.656495 0.565510
0.656594 0.565510
0.656693 0.564950
0.656793 0.564950
0.656892 0.564950
0.656991 0.564950
0.657090 0.564950
0.657190 0.564950
0.657289 0.564950
0.657388 0.564950
0.657487 0.564950
0.657587 0.564950
0.657686 0.564950
0.657785 0.564950
0.657884 0.564390
0.657983 0.564390
0.658083 0.563830
0.658182 0.563270
0.658281 0.562710
0.658380 0.562710
0.658480 0.562150
0.658579 0.562150
0.658678 0.561590
0.658777 0.561590
0.658877 0.561590
0.658976 0.561030
0.659075 0.561030
0.659174 0.560470
0.659274 0.560470
0.659373 0.560470
0.659472 0.560470
0.659571 0.560470
0.659670 0.559910
0.659770 0.559910
0.659869 0.559910
0.659968 0.559910
0.660067 0.559910
0.660167 0.559910
0.660266 0.559351
0.660365 0.559351
0.660464 0.559351
0.660564 0.559351
0.660663 0.559351
0.660762 0.559351
0.660861 0.559351
0.660961 0.558791
0.661060 0.558791
0.661159 0.558231
0.661258 0.558231
0.661358 0.557671
0.661457 0.557671
0.661556 0.557671
0.661655 0.557671
0.661754 0.557671
0.661854 0.557671
0.661953 0.557671
0.662052 0.557671
0.662151 0.557671
0.662251 0.557111
0.662350 0.557111
0.662449 0.557111
0.662548 0.557111
0.662648 0.557111
0.662747 0.557111
0.662846 0.557111
0.662945 0.557111
0.663045 0.557111
0.663144 0.557111
0.663243 0.557111
0.663342 0.557111
0.663441 0.557111
0.663541 0.557111
0.663640 0.557111
0.663739 0.557111
0.663838 0.557111
0.663938 0.556551
0.664037 0.556551
0.664136 0.556551
0.664235 0.556551
0.664335 0.556551
0.664434 0.556551
0.664533 0.556551
0.664632 0.555991
0.664732 0.555991
0.664831 0.555991
0.664930 0.555991
0.665029 0.555991
0.665129 0.555431
0.665228 0.555431
0.665327 0.555431
0.665426 0.555431
0.665525 0.555431
0.665625 0.555431
0.665724 0.555431
0.665823 0.555431
0.665922 0.555431
0.666022 0.555431
0.666121 0.555431
0.666220 0.554871
0.666319 0.554311
0.666419 0.554311
0.666518 0.554311
0.666617 0.554311
0.666716 0.553751
0.666816 0.553751
0.666915 0.553751
0.667014 0.553751
0.667113 0.553751
0.667212 0.553751
0.667312 0.553751
0.667411 0.553191
0.667510 0.552632
0.667609 0.552632
0.667709 0.552632
0.667808 0.552632
0.667907 0.552632
0.668006 0.552632
0.668106 0.552072
0.668205 0.552072
0.668304 0.552072
0.668403 0.551512
0.668503 0.551512
0.668602 0.551512
0.668701 0.551512
0.668800 0.551512
0.668899 0.551512
0.668999 0.551512
0.669098 0.550952
0.669197 0.550952
0.669296 0.550392
0.669396 0.550392
0.669495 0.549832
0.669594 0.549832
0.669693 0.549832
0.669793 0.549832
0.669892 0.549832
0.669991 0.549832
0.670090 0.549832
0.670190 0.549832
0.670289 0.549832
0.670388 0.549272
0.670487 0.549272
0.670587 0.548712
0.670686 0.548712
0.670785 0.548712
0.670884 0.548152
0.670983 0.547592
0.671083 0.547592
0.671182 0.547592
0.671281 0.547592
0.671380 0.547592
0.671480 0.547592
0.671579 0.547592
0.671678 0.547592
0.671777 0.547592
0.671877 0.547592
0.671976 0.546473
0.672075 0.546473
0.672174 0.546473
0.672274 0.546473
0.672373 0.545913
0.672472 0.545353
0.672571 0.545353
0.672670 0.545353
0.672770 0.545353
0.672869 0.545353
0.672968 0.545353
0.673067 0.545353
0.673167 0.545353
0.673266 0.545353
0.673365 0.545353
0.673464 0.545353
0.673564 0.545353
0.673663 0.545353
0.673762 0.545353
0.673861 0.545353
0.673961 0.545353
0.674060 0.545353
0.674159 0.545353
0.674258 0.544793
0.674358 0.544793
0.674457 0.544793
0.674556 0.544793
0.674655 0.544793
0.674754 0.544793
0.674854 0.544793
0.674953 0.544793
0.675052 0.544233
0.675151 0.543673
0.675251 0.543673
0.675350 0.543673
0.675449 0.543673
0.675548 0.543673
0.675648 0.543673
0.675747 0.543673
0.675846 0.543673
0.675945 0.543673
0.676045 0.543113
0.676144 0.542553
0.676243 0.542553
0.676342 0.542553
0.676441 0.542553
0.676541 0.541433
0.676640 0.541433
0.676739 0.541433
0.676838 0.540873
0.676938 0.540873
0.677037 0.540873
0.677136 0.540873
0.677235 0.540873
0.677335 0.540873
0.677434 0.540873
0.677533 0.540314
0.677632 0.540314
0.677732 0.540314
0.677831 0.540314
0.677930 0.540314
0.678029 0.540314
0.678128 0.540314
0.678228 0.539754
0.678327 0.539194
0.678426 0.538634
0.678525 0.538634
0.678625 0.538634
0.678724 0.538634
0.678823 0.538634
0.678922 0.538634
0.679022 0.538634
0.679121 0.538634
0.679220 0.538634
0.679319 0.538074
0.679419 0.538074
0.679518 0.538074
0.679617 0.537514
0.679716 0.537514
0.679816 0.537514
0.679915 0.537514
0.680014 0.537514
0.680113 0.537514
0.680212 0.537514
0.680312 0.537514
0.680411 0.536954
0.680510 0.536954
0.680609 0.536954
0.680709 0.536954
0.680808 0.536954
0.680907 0.536954
0.681006 0.536954
0.681106 0.536954
0.681205 0.536954
0.681304 0.536394
0.681403 0.536394
0.681503 0.536394
0.681602 0.536394
0.681701 0.536394
0.681800 0.536394
0.681899 0.536394
0.681999 0.536394
0.682098 0.536394
0.682197 0.535834
0.682296 0.535834
0.682396 0.535274
0.682495 0.535274
0.682594 0.535274
0.682693 0.534155
0.682793 0.534155
0.682892 0.534155
0.682991 0.534155
0.683090 0.534155
0.683190 0.533595
0.683289 0.533595
0.683388 0.533595
0.683487 0.533595
0.683587 0.533595
0.683686 0.533595
0.683785 0.533595
0.683884 0.533595
0.683983 0.533035
0.684083 0.532475
0.684182 0.532475
0.684281 0.532475
0.684380 0.532475
0.684480 0.531915
0.684579 0.531355
0.684678 0.531355
0.684777 0.530795
0.684877 0.530795
0.684976 0.530795
0.685075 0.530795
0.685174 0.530795
0.685274 0.530795
0.685373 0.530795
0.685472 0.530795
0.685571 0.530235
0.685670 0.529675
0.685770 0.529675
0.685869 0.528555
0.685968 0.528555
0.686067 0.527996
0.686167 0.527436
0.686266 0.527436
0.686365 0.527436
0.686464 0.526316
0.686564 0.526316
0.686663 0.526316
0.686762 0.526316
0.686861 0.526316
0.686961 0.525756
0.687060 0.525196
0.687159 0.525196
0.687258 0.525196
0.687357 0.524636
0.687457 0.524636
0.687556 0.524636
0.687655 0.524636
0.687754 0.524636
0.687854 0.524636
0.687953 0.524636
0.688052 0.523516
0.688151 0.523516
0.688251 0.523516
0.688350 0.523516
0.688449 0.523516
0.688548 0.523516
0.688648 0.523516
0.688747 0.523516
0.688846 0.523516
0.688945 0.522956
0.689045 0.522956
0.689144 0.522396
0.689243 0.521837
0.689342 0.521837
0.689441 0.521277
0.689541 0.521277
0.689640 0.520717
0.689739 0.520717
0.689838 0.520717
0.689938 0.520717
0.690037 0.520717
0.690136 0.520717
0.690235 0.520157
0.690335 0.520157
0.690434 0.520157
0.690533 0.520157
0.690632 0.520157
0.690732 0.520157
0.690831 0.520157
0.690930 0.519597
0.691029 0.519597
0.691128 0.519597
0.691228 0.519597
0.691327 0.519597
0.691426 0.519037
0.691525 0.519037
0.691625 0.519037
0.691724 0.519037
0.691823 0.519037
0.691922 0.519037
0.692022 0.519037
0.692121 0.519037
0.692220 0.519037
0.692319 0.519037
0.692419 0.519037
0.692518 0.519037
0.692617 0.519037
0.692716 0.519037
0.692815 0.519037
0.692915 0.519037
0.693014 0.519037
0.693113 0.519037
0.693212 0.519037
0.693312 0.518477
0.693411 0.518477
0.693510 0.518477
0.693609 0.517357
0.693709 0.517357
0.693808 0.516797
0.693907 0.516797
0.694006 0.516797
0.694106 0.516797
0.694205 0.516797
0.694304 0.516797
0.694403 0.516797
0.694503 0.516797
0.694602 0.516797
0.694701 0.516797
0.694800 0.516797
0.694899 0.516797
0.694999 0.516797
0.695098 0.516797
0.695197 0.516237
0.695296 0.516237
0.695396 0.515677
0.695495 0.515677
0.695594 0.515677
0.695693 0.515677
0.695793 0.515677
0.695892 0.515677
0.695991 0.515677
0.696090 0.515677
0.696190 0.515677
0.696289 0.515677
0.696388 0.515677
0.696487 0.515677
0.696586 0.515677
0.696686 0.515677
0.696785 0.515677
0.696884 0.515677
0.696983 0.515677
0.697083 0.515677
0.697182 0.515118
0.697281 0.514558
0.697380 0.514558
0.697480 0.514558
0.697579 0.514558
0.697678 0.514558
0.697777 0.514558
0.697877 0.513998
0.697976 0.513998
0.698075 0.513998
0.698174 0.513998
0.698274 0.513998
0.698373 0.513998
0.698472 0.513998
0.698571 0.513998
0.698670 0.513998
0.698770 0.513998
0.698869 0.513998
0.698968 0.513438
0.699067 0.513438
0.699167 0.513438
0.699266 0.513438
0.699365 0.512878
0.699464 0.512878
0.699564 0.512878
0.699663 0.512878
0.699762 0.512318
0.699861 0.511758
0.699961 0.511758
0.700060 0.511758
0.700159 0.511758
0.700258 0.511198
0.700357 0.511198
0.700457 0.511198
0.700556 0.511198
0.700655 0.511198
0.700754 0.510638
0.700854 0.510638
0.700953 0.510638
0.701052 0.510078
0.701151 0.510078
0.701251 0.510078
0.701350 0.509518
0.701449 0.509518
0.701548 0.509518
0.701648 0.509518
0.701747 0.509518
0.701846 0.509518
0.701945 0.509518
0.702044 0.509518
0.702144 0.508399
0.702243 0.508399
0.702342 0.508399
0.702441 0.508399
0.702541 0.508399
0.702640 0.508399
0.702739 0.507839
0.702838 0.507839
0.702938 0.507839
0.703037 0.507839
0.703136 0.507839
0.703235 0.507839
0.703335 0.507839
0.703434 0.507839
0.703533 0.507839
0.703632 0.507279
0.703732 0.506719
0.703831 0.506719
0.703930 0.506719
0.704029 0.506159
0.704128 0.506159
0.704228 0.506159
0.704327 0.506159
0.704426 0.506159
0.704525 0.506159
0.704625 0.506159
0.704724 0.506159
0.704823 0.506159
0.704922 0.506159
0.705022 0.505599
0.705121 0.505599
0.705220 0.505599
0.705319 0.505599
0.705419 0.505599
0.705518 0.505599
0.705617 0.505599
0.705716 0.505599
0.705815 0.505599
0.705915 0.505039
0.706014 0.505039
0.706113 0.505039
0.706212 0.505039
0.706312 0.505039
0.706411 0.504479
0.706510 0.503919
0.706609 0.503919
0.706709 0.503919
0.706808 0.503919
0.706907 0.503919
0.707006 0.503919
0.707106 0.503919
0.707205 0.503919
0.707304 0.503919
0.707403 0.503919
0.707503 0.503919
0.707602 0.503359
0.707701 0.503359
0.707800 0.503359
0.707899 0.503359
0.707999 0.502800
0.708098 0.502800
0.708197 0.502800
0.708296 0.502240
0.708396 0.502240
0.708495 0.501680
0.708594 0.501680
0.708693 0.501680
0.708793 0.501680
0.708892 0.501680
0.708991 0.501680
0.709090 0.501680
0.709190 0.501680
0.709289 0.501680
0.709388 0.501680
0.709487 0.501120
0.709586 0.500560
0.709686 0.500560
0.709785 0.500560
0.709884 0.500560
0.709983 0.500560
0.710083 0.500000
0.710182 0.499440
0.710281 0.499440
0.710380 0.499440
0.710480 0.499440
0.710579 0.499440
0.710678 0.499440
0.710777 0.499440
0.710877 0.499440
0.710976 0.498880
0.711075 0.498320
0.711174 0.498320
0.711273 0.498320
0.711373 0.498320
0.711472 0.498320
0.711571 0.497200
0.711670 0.497200
0.711770 0.497200
0.711869 0.496641
0.711968 0.496641
0.712067 0.496641
0.712167 0.496641
0.712266 0.496641
0.712365 0.496641
0.712464 0.496641
0.712564 0.496641
0.712663 0.496081
0.712762 0.496081
0.712861 0.496081
0.712961 0.494961
0.713060 0.494961
0.713159 0.494961
0.713258 0.494961
0.713357 0.494961
0.713457 0.494961
0.713556 0.494961
0.713655 0.494961
0.713754 0.494961
0.713854 0.494961
0.713953 0.494961
0.714052 0.494961
0.714151 0.494961
0.714251 0.494401
0.714350 0.494401
0.714449 0.494401
0.714548 0.492721
0.714648 0.491601
0.714747 0.491041
0.714846 0.490482
0.714945 0.490482
0.715044 0.490482
0.715144 0.490482
0.715243 0.490482
0.715342 0.490482
0.715441 0.490482
0.715541 0.489922
0.715640 0.489362
0.715739 0.489362
0.715838 0.489362
0.715938 0.489362
0.716037 0.489362
0.716136 0.489362
0.716235 0.488802
0.716335 0.488802
0.716434 0.488802
0.716533 0.488802
0.716632 0.488802
0.716731 0.488242
0.716831 0.488242
0.716930 0.488242
0.717029 0.488242
0.717128 0.488242
0.717228 0.487682
0.717327 0.487682
0.717426 0.487682
0.717525 0.487682
0.717625 0.487682
0.717724 0.487682
0.717823 0.487682
0.717922 0.487682
0.718022 0.487682
0.718121 0.487682
0.718220 0.487682
0.718319 0.487682
0.718419 0.487682
0.718518 0.487682
0.718617 0.487682
0.718716 0.487682
0.718815 0.487682
0.718915 0.487682
0.719014 0.487682
0.719113 0.487682
0.719212 0.487682
0.719312 0.487122
0.719411 0.487122
0.719510 0.487122
0.719609 0.487122
0.719709 0.487122
0.719808 0.487122
0.719907 0.487122
0.720006 0.487122
0.720106 0.487122
0.720205 0.487122
0.720304 0.487122
0.720403 0.487122
0.720502 0.486002
0.720602 0.486002
0.720701 0.486002
0.720800 0.486002
0.720899 0.486002
0.720999 0.485442
0.721098 0.485442
0.721197 0.485442
0.721296 0.484882
0.721396 0.484323
0.721495 0.483763
0.721594 0.483763
0.721693 0.483763
0.721793 0.483763
0.721892 0.483763
0.721991 0.483763
0.722090 0.483763
0.722190 0.483763
0.722289 0.483763
0.722388 0.483763
0.722487 0.483203
0.722586 0.482643
0.722686 0.482643
0.722785 0.482643
0.722884 0.482643
0.722983 0.482643
0.723083 0.482083
0.723182 0.482083
0.723281 0.482083
0.723380 0.482083
0.723480 0.480963
0.723579 0.480963
0.723678 0.480963
0.723777 0.480963
0.723877 0.480963
0.723976 0.480963
0.724075 0.480403
0.724174 0.480403
0.724273 0.480403
0.724373 0.480403
0.724472 0.480403
0.724571 0.480403
0.724670 0.480403
0.724770 0.480403
0.724869 0.480403
0.724968 0.480403
0.725067 0.480403
0.725167 0.480403
0.725266 0.480403
0.725365 0.478723
0.725464 0.478723
0.725564 0.478723
0.725663 0.478723
0.725762 0.478723
0.725861 0.478723
0.725960 0.478723
0.726060 0.478723
0.726159 0.478723
0.726258 0.478723
0.726357 0.478163
0.726457 0.478163
0.726556 0.478163
0.726655 0.477044
0.726754 0.477044
0.726854 0.476484
0.726953 0.476484
0.727052 0.476484
0.727151 0.476484
0.727251 0.475924
0.727350 0.475924
0.727449 0.475924
0.727548 0.475924
0.727648 0.474804
0.727747 0.474804
0.727846 0.474804
0.727945 0.474804
0.728044 0.474804
0.728144 0.474244
0.728243 0.474244
0.728342 0.474244
0.728441 0.474244
0.728541 0.473124
0.728640 0.473124
0.728739 0.473124
0.728838 0.473124
0.728938 0.473124
0.729037 0.472564
0.729136 0.472564
0.729235 0.472564
0.729335 0.472564
0.729434 0.472564
0.729533 0.472564
0.729632 0.472564
0.729731 0.472564
0.729831 0.472564
0.729930 0.472564
0.730029 0.472564
0.730128 0.472564
0.730228 0.472564
0.730327 0.472564
0.730426 0.472564
0.730525 0.472564
0.730625 0.472004
0.730724 0.472004
0.730823 0.472004
0.730922 0.472004
0.731022 0.471445
0.731121 0.471445
0.731220 0.470885
0.731319 0.470885
0.731419 0.470885
0.731518 0.470885
0.731617 0.470885
0.731716 0.470885
0.731815 0.470885
0.731915 0.470325
0.732014 0.470325
0.732113 0.470325
0.732212 0.470325
0.732312 0.470325
0.732411 0.470325
0.732510 0.470325
0.732609 0.470325
0.732709 0.470325
0.732808 0.470325
0.732907 0.470325
0.733006 0.470325
0.733106 0.470325
0.733205 0.470325
0.733304 0.470325
0.733403 0.470325
0.733502 0.470325
0.733602 0.470325
0.733701 0.470325
0.733800 0.470325
0.733899 0.470325
0.733999 0.470325
0.734098 0.470325
0.734197 0.470325
0.734296 0.470325
0.734396 0.470325
0.734495 0.470325
0.734594 0.469765
0.734693 0.469765
0.734793 0.469765
0.734892 0.469205
0.734991 0.469205
0.735090 0.469205
0.735189 0.469205
0.735289 0.469205
0.735388 0.469205
0.735487 0.469205
0.735586 0.469205
0.735686 0.469205
0.735785 0.469205
0.735884 0.469205
0.735983 0.469205
0.736083 0.469205
0.736182 0.469205
0.736281 0.469205
0.736380 0.469205
0.736480 0.469205
0.736579 0.469205
0.736678 0.469205
0.736777 0.469205
0.736877 0.469205
0.736976 0.469205
0.737075 0.469205
0.737174 0.469205
0.737273 0.469205
0.737373 0.469205
0.737472 0.469205
0.737571 0.469205
0.737670 0.469205
0.737770 0.469205
0.737869 0.469205
0.737968 0.469205
0.738067 0.469205
0.738167 0.469205
0.738266 0.469205
0.738365 0.469205
0.738464 0.469205
0.738564 0.469205
0.738663 0.469205
0.738762 0.468645
0.738861 0.468645
0.738960 0.468085
0.739060 0.468085
0.739159 0.468085
0.739258 0.468085
0.739357 0.468085
0.739457 0.467525
0.739556 0.467525
0.739655 0.467525
0.739754 0.467525
0.739854 0.467525
0.739953 0.467525
0.740052 0.467525
0.740151 0.466965
0.740251 0.466405
0.740350 0.466405
0.740449 0.466405
0.740548 0.466405
0.740647 0.465845
0.740747 0.465845
0.740846 0.465845
0.740945 0.465845
0.741044 0.465845
0.741144 0.465845
0.741243 0.465845
0.741342 0.465845
0.741441 0.465286
0.741541 0.465286
0.741640 0.465286
0.741739 0.465286
0.741838 0.465286
0.741938 0.464726
0.742037 0.464726
0.742136 0.464726
0.742235 0.464726
0.742335 0.464726
0.742434 0.464726
0.742533 0.464166
0.742632 0.463606
0.742731 0.463606
0.742831 0.463046
0.742930 0.463046
0.743029 0.463046
0.743128 0.461926
0.743228 0.461926
0.743327 0.461926
0.743426 0.461926
0.743525 0.461926
0.743625 0.461926
0.743724 0.461926
0.743823 0.461926
0.743922 0.461926
0.744022 0.461926
0.744121 0.461926
0.744220 0.461926
0.744319 0.461926
0.744418 0.461926
0.744518 0.461926
0.744617 0.461366
0.744716 0.460806
0.744815 0.460806
0.744915 0.460806
0.745014 0.460806
0.745113 0.460246
0.745212 0.460246
0.745312 0.459686
0.745411 0.459686
0.745510 0.459686
0.745609 0.459127
0.745709 0.459127
0.745808 0.459127
0.745907 0.459127
0.746006 0.459127
0.746106 0.458567
0.746205 0.458567
0.746304 0.458567
0.746403 0.458567
0.746502 0.458567
0.746602 0.458007
0.746701 0.458007
0.746800 0.458007
0.746899 0.458007
0.746999 0.458007
0.747098 0.458007
0.747197 0.458007
0.747296 0.458007
0.747396 0.458007
0.747495 0.457447
0.747594 0.457447
0.747693 0.457447
0.747793 0.457447
0.747892 0.457447
0.747991 0.457447
0.748090 0.457447
0.748189 0.456887
0.748289 0.456887
0.748388 0.456887
0.748487 0.456887
0.748586 0.456887
0.748686 0.456327
0.748785 0.456327
0.748884 0.455767
0.748983 0.455207
0.749083 0.455207
0.749182 0.455207
0.749281 0.455207
0.749380 0.455207
0.749480 0.455207
0.749579 0.455207
0.749678 0.455207
0.749777 0.455207
0.749876 0.455207
0.749976 0.455207
0.750075 0.455207
0.750174 0.454647
0.750273 0.454647
0.750373 0.454087
0.750472 0.454087
0.750571 0.453527
0.750670 0.453527
0.750770 0.453527
0.750869 0.453527
0.750968 0.453527
0.751067 0.453527
0.751167 0.453527
0.751266 0.453527
0.751365 0.453527
0.751464 0.453527
0.751564 0.453527
0.751663 0.453527
0.751762 0.453527
0.751861 0.453527
0.751960 0.453527
0.752060 0.453527
0.752159 0.452968
0.752258 0.452968
0.752357 0.452968
0.752457 0.452968
0.752556 0.452408
0.752655 0.451848
0.752754 0.451288
0.752854 0.451288
0.752953 0.451288
0.753052 0.451288
0.753151 0.451288
0.753251 0.451288
0.753350 0.451288
0.753449 0.451288
0.753548 0.451288
0.753647 0.451288
0.753747 0.451288
0.753846 0.451288
0.753945 0.450728
0.754044 0.450728
0.754144 0.450728
0.754243 0.450728
0.754342 0.450728
0.754441 0.450728
0.754541 0.450728
0.754640 0.450168
0.754739 0.450168
0.754838 0.450168
0.754938 0.450168
0.755037 0.450168
0.755136 0.449048
0.755235 0.449048
0.755335 0.449048
0.755434 0.449048
0.755533 0.449048
0.755632 0.448488
0.755731 0.448488
0.755831 0.448488
0.755930 0.448488
0.756029 0.448488
0.756128 0.448488
0.756228 0.448488
0.756327 0.448488
0.756426 0.447928
0.756525 0.447928
0.756625 0.446809
0.756724 0.446809
0.756823 0.446249
0.756922 0.446249
0.757022 0.446249
0.757121 0.446249
0.757220 0.446249
0.757319 0.446249
0.757418 0.446249
0.757518 0.446249
0.757617 0.446249
0.757716 0.446249
0.757815 0.446249
0.757915 0.446249
0.758014 0.446249
0.758113 0.446249
0.758212 0.446249
0.758312 0.446249
0.758411 0.446249
0.758510 0.445689
0.758609 0.445689
0.758709 0.445689
0.758808 0.445129
0.758907 0.444569
0.759006 0.444569
0.759105 0.444569
0.759205 0.444569
0.759304 0.444569
0.759403 0.444569
0.759502 0.444569
0.759602 0.444569
0.759701 0.444569
0.759800 0.444009
0.759899 0.444009
0.759999 0.444009
0.760098 0.444009
0.760197 0.444009
0.760296 0.444009
0.760396 0.444009
0.760495 0.443449
0.760594 0.443449
0.760693 0.443449
0.760793 0.443449
0.760892 0.443449
0.760991 0.443449
0.761090 0.443449
0.761189 0.443449
0.761289 0.443449
0.761388 0.443449
0.761487 0.443449
0.761586 0.443449
0.761686 0.443449
0.761785 0.443449
0.761884 0.443449
0.761983 0.443449
0.762083 0.443449
0.762182 0.442889
0.762281 0.442889
0.762380 0.442889
0.762480 0.442889
0.762579 0.442889
0.762678 0.442889
0.762777 0.442329
0.762876 0.442329
0.762976 0.442329
0.763075 0.442329
0.763174 0.442329
0.763273 0.441769
0.763373 0.441769
0.763472 0.441769
0.763571 0.441769
0.763670 0.441769
0.763770 0.441769
0.763869 0.441769
0.763968 0.441209
0.764067 0.441209
0.764167 0.441209
0.764266 0.441209
0.764365 0.440649
0.764464 0.440649
0.764564 0.440649
0.764663 0.440649
0.764762 0.440090
0.764861 0.440090
0.764960 0.438970
0.765060 0.438970
0.765159 0.438970
0.765258 0.438970
0.765357 0.438970
0.765457 0.438970
0.765556 0.438970
0.765655 0.438410
0.765754 0.437290
0.765854 0.437290
0.765953 0.437290
0.766052 0.437290
0.766151 0.437290
0.766251 0.437290
0.766350 0.437290
0.766449 0.437290
0.766548 0.437290
0.766647 0.437290
0.766747 0.437290
0.766846 0.437290
0.766945 0.437290
0.767044 0.436730
0.767144 0.436730
0.767243 0.436730
0.767342 0.436730
0.767441 0.436730
0.767541 0.436730
0.767640 0.436730
0.767739 0.436170
0.767838 0.435050
0.767938 0.435050
0.768037 0.435050
0.768136 0.435050
0.768235 0.434490
0.768334 0.434490
0.768434 0.433931
0.768533 0.433931
0.768632 0.433931
0.768731 0.433371
0.768831 0.433371
0.768930 0.432811
0.769029 0.432811
0.769128 0.432811
0.769228 0.432811
0.769327 0.432251
0.769426 0.431691
0.769525 0.431691
0.769625 0.431691
0.769724 0.431691
0.769823 0.431691
0.769922 0.431691
0.770022 0.431691
0.770121 0.431691
0.770220 0.431691
0.770319 0.431691
0.770418 0.431691
0.770518 0.431131
0.770617 0.431131
0.770716 0.431131
0.770815 0.430571
0.770915 0.430571
0.771014 0.430571
0.771113 0.430011
0.771212 0.429451
0.771312 0.428891
0.771411 0.428891
0.771510 0.428891
0.771609 0.428331
0.771709 0.428331
0.771808 0.427772
0.771907 0.427772
0.772006 0.427772
0.772105 0.427772
0.772205 0.427772
0.772304 0.427772
0.772403 0.427772
0.772502 0.427772
0.772602 0.427772
0.772701 0.427772
0.772800 0.427772
0.772899 0.427772
0.772999 0.427772
0.773098 0.427772
0.773197 0.427212
0.773296 0.427212
0.773396 0.427212
0.773495 0.427212
0.773594 0.427212
0.773693 0.427212
0.773792 0.427212
0.773892 0.427212
0.773991 0.427212
0.774090 0.427212
0.774189 0.426652
0.774289 0.426092
0.774388 0.426092
0.774487 0.426092
0.774586 0.426092
0.774686 0.425532
0.774785 0.425532
0.774884 0.425532
0.774983 0.425532
0.775083 0.425532
0.775182 0.425532
0.775281 0.425532
0.775380 0.425532
0.775480 0.425532
0.775579 0.425532
0.775678 0.425532
0.775777 0.425532
0.775876 0.425532
0.775976 0.425532
0.776075 0.425532
0.776174 0.425532
0.776273 0.424412
0.776373 0.424412
0.776472 0.424412
0.776571 0.423292
0.776670 0.422732
0.776770 0.422732
0.776869 0.422732
0.776968 0.422732
0.777067 0.422172
0.777167 0.422172
0.777266 0.422172
0.777365 0.422172
0.777464 0.422172
0.777563 0.422172
0.777663 0.422172
0.777762 0.422172
0.777861 0.422172
0.777960 0.422172
0.778060 0.421053
0.778159 0.421053
0.778258 0.421053
0.778357 0.421053
0.778457 0.421053
0.778556 0.421053
0.778655 0.421053
0.778754 0.420493
0.778854 0.419933
0.778953 0.419933
0.779052 0.419933
0.779151 0.419933
0.779251 0.419933
0.779350 0.419933
0.779449 0.419933
0.779548 0.419933
0.779647 0.418813
0.779747 0.418813
0.779846 0.418813
0.779945 0.418813
0.780044 0.418253
0.780144 0.418253
0.780243 0.418253
0.780342 0.417693
0.780441 0.417133
0.780541 0.417133
0.780640 0.416573
0.780739 0.416573
0.780838 0.416573
0.780938 0.416573
0.781037 0.416013
0.781136 0.416013
0.781235 0.415454
0.781334 0.415454
0.781434 0.415454
0.781533 0.415454
0.781632 0.415454
0.781731 0.415454
0.781831 0.415454
0.781930 0.415454
0.782029 0.415454
0.782128 0.415454
0.782228 0.415454
0.782327 0.415454
0.782426 0.415454
0.782525 0.415454
0.782625 0.415454
0.782724 0.415454
0.782823 0.415454
0.782922 0.415454
0.783021 0.415454
0.783121 0.415454
0.783220 0.415454
0.783319 0.415454
0.783418 0.415454
0.783518 0.415454
0.783617 0.415454
0.783716 0.415454
0.783815 0.414894
0.783915 0.414894
0.784014 0.414894
0.784113 0.414894
0.784212 0.414894
0.784312 0.414894
0.784411 0.414894
0.784510 0.414894
0.784609 0.414894
0.784709 0.414334
0.784808 0.414334
0.784907 0.414334
0.785006 0.414334
0.785105 0.414334
0.785205 0.414334
0.785304 0.414334
0.785403 0.414334
0.785502 0.414334
0.785602 0.414334
0.785701 0.414334
0.785800 0.413214
0.785899 0.413214
0.785999 0.413214
0.786098 0.413214
0.786197 0.412654
0.786296 0.412654
0.786396 0.412654
0.786495 0.412654
0.786594 0.412654
0.786693 0.412654
0.786792 0.412654
0.786892 0.412654
0.786991 0.412654
0.787090 0.412654
0.787189 0.412654
0.787289 0.412654
0.787388 0.412654
0.787487 0.412654
0.787586 0.412654
0.787686 0.412654
0.787785 0.412654
0.787884 0.412654
0.787983 0.412094
0.788083 0.412094
0.788182 0.411534
0.788281 0.411534
0.788380 0.411534
0.788480 0.411534
0.788579 0.410974
0.788678 0.410414
0.788777 0.410414
0.788876 0.410414
0.788976 0.410414
0.789075 0.410414
0.789174 0.410414
0.789273 0.410414
0.789373 0.410414
0.789472 0.410414
0.789571 0.409854
0.789670 0.409295
0.789770 0.409295
0.789869 0.409295
0.789968 0.409295
0.790067 0.409295
0.790167 0.409295
0.790266 0.408735
0.790365 0.408735
0.790464 0.408735
0.790563 0.408175
0.790663 0.408175
0.790762 0.408175
0.790861 0.408175
0.790960 0.408175
0.791060 0.408175
0.791159 0.407615
0.791258 0.407615
0.791357 0.407615
0.791457 0.407615
0.791556 0.407615
0.791655 0.407615
0.791754 0.407055
0.791854 0.407055
0.791953 0.407055
0.792052 0.407055
0.792151 0.407055
0.792250 0.406495
0.792350 0.406495
0.792449 0.406495
0.792548 0.406495
0.792647 0.406495
0.792747 0.406495
0.792846 0.406495
0.792945 0.406495
0.793044 0.406495
0.793144 0.406495
0.793243 0.406495
0.793342 0.405935
0.793441 0.404815
0.793541 0.404815
0.793640 0.404815
0.793739 0.404815
0.793838 0.404815
0.793938 0.404815
0.794037 0.404815
0.794136 0.404815
0.794235 0.404815
0.794334 0.404815
0.794434 0.403695
0.794533 0.403695
0.794632 0.403695
0.794731 0.403695
0.794831 0.403135
0.794930 0.403135
0.795029 0.403135
0.795128 0.402576
0.795228 0.402576
0.795327 0.402576
0.795426 0.401456
0.795525 0.401456
0.795625 0.401456
0.795724 0.400896
0.795823 0.400896
0.795922 0.400896
0.796021 0.400896
0.796121 0.400896
0.796220 0.400896
0.796319 0.400896
0.796418 0.400896
0.796518 0.400896
0.796617 0.400896
0.796716 0.400896
0.796815 0.400896
0.796915 0.400336
0.797014 0.399776
0.797113 0.399216
0.797212 0.399216
0.797312 0.399216
0.797411 0.399216
0.797510 0.399216
0.797609 0.398656
0.797708 0.398656
0.797808 0.398656
0.797907 0.398656
0.798006 0.398656
0.798105 0.398656
0.798205 0.398656
0.798304 0.398096
0.798403 0.398096
0.798502 0.398096
0.798602 0.398096
0.798701 0.398096
0.798800 0.398096
0.798899 0.397536
0.798999 0.397536
0.799098 0.397536
0.799197 0.397536
0.799296 0.396417
0.799396 0.395857
0.799495 0.395857
0.799594 0.395857
0.799693 0.395857
0.799792 0.395857
0.799892 0.395297
0.799991 0.395297
0.800090 0.395297
0.800189 0.395297
0.800289 0.395297
0.800388 0.395297
0.800487 0.395297
0.800586 0.394737
0.800686 0.394737
0.800785 0.394737
0.800884 0.394737
0.800983 0.394737
0.801083 0.394177
0.801182 0.394177
0.801281 0.394177
0.801380 0.394177
0.801479 0.394177
0.801579 0.394177
0.801678 0.393617
0.801777 0.393617
0.801876 0.393617
0.801976 0.393617
0.802075 0.393617
0.802174 0.393617
0.802273 0.393617
0.802373 0.393617
0.802472 0.393617
0.802571 0.393057
0.802670 0.393057
0.802770 0.393057
0.802869 0.393057
0.802968 0.392497
0.803067 0.392497
0.803167 0.392497
0.803266 0.391937
0.803365 0.391937
0.803464 0.391937
0.803563 0.391937
0.803663 0.391937
0.803762 0.391937
0.803861 0.391937
0.803960 0.391937
0.804060 0.391937
0.804159 0.391937
0.804258 0.391937
0.804357 0.391937
0.804457 0.391377
0.804556 0.391377
0.804655 0.391377
0.804754 0.391377
0.804854 0.390817
0.804953 0.390817
0.805052 0.390817
0.805151 0.390817
0.805250 0.390258
0.805350 0.390258
0.805449 0.390258
0.805548 0.390258
0.805647 0.389698
0.805747 0.389138
0.805846 0.389138
0.805945 0.389138
0.806044 0.389138
0.806144 0.389138
0.806243 0.388578
0.806342 0.388578
0.806441 0.388578
0.806541 0.387458
0.806640 0.387458
0.806739 0.387458
0.806838 0.387458
0.806937 0.387458
0.807037 0.386898
0.807136 0.386898
0.807235 0.386898
0.807334 0.386338
0.807434 0.386338
0.807533 0.386338
0.807632 0.386338
0.807731 0.386338
0.807831 0.386338
0.807930 0.386338
0.808029 0.386338
0.808128 0.386338
0.808228 0.385778
0.808327 0.385218
0.808426 0.385218
0.808525 0.385218
0.808625 0.385218
0.808724 0.385218
0.808823 0.385218
0.808922 0.385218
0.809021 0.384658
0.809121 0.384099
0.809220 0.384099
0.809319 0.384099
0.809418 0.384099
0.809518 0.384099
0.809617 0.384099
0.809716 0.384099
0.809815 0.384099
0.809915 0.384099
0.810014 0.384099
0.810113 0.384099
0.810212 0.383539
0.810312 0.383539
0.810411 0.383539
0.810510 0.383539
0.810609 0.383539
0.810708 0.382979
0.810808 0.382979
0.810907 0.382419
0.811006 0.382419
0.811105 0.382419
0.811205 0.381859
0.811304 0.381859
0.811403 0.381859
0.811502 0.381859
0.811602 0.381859
0.811701 0.381859
0.811800 0.381859
0.811899 0.381859
0.811999 0.381859
0.812098 0.381859
0.812197 0.381299
0.812296 0.380739
0.812396 0.380739
0.812495 0.380739
0.812594 0.380739
0.812693 0.380739
0.812792 0.380739
0.812892 0.380739
0.812991 0.380179
0.813090 0.380179
0.813189 0.380179
0.813289 0.379619
0.813388 0.379619
0.813487 0.379619
0.813586 0.379619
0.813686 0.379059
0.813785 0.379059
0.813884 0.379059
0.813983 0.379059
0.814083 0.379059
0.814182 0.379059
0.814281 0.379059
0.814380 0.378499
0.814479 0.378499
0.814579 0.378499
0.814678 0.378499
0.814777 0.377940
0.814876 0.377940
0.814976 0.377940
0.815075 0.377940
0.815174 0.377940
0.815273 0.377380
0.815373 0.376820
0.815472 0.376820
0.815571 0.376260
0.815670 0.375140
0.815770 0.375140
0.815869 0.375140
0.815968 0.375140
0.816067 0.375140
0.816166 0.375140
0.816266 0.375140
0.816365 0.375140
0.816464 0.374580
0.816563 0.374580
0.816663 0.374580
0.816762 0.374020
0.816861 0.374020
0.816960 0.373460
0.817060 0.373460
0.817159 0.373460
0.817258 0.372340
0.817357 0.372340
0.817457 0.371781
0.817556 0.371221
0.817655 0.371221
0.817754 0.371221
0.817854 0.371221
0.817953 0.371221
0.818052 0.370661
0.818151 0.370661
0.818250 0.370661
0.818350 0.370661
0.818449 0.370101
0.818548 0.370101
0.818647 0.370101
0.818747 0.370101
0.818846 0.369541
0.818945 0.369541
0.819044 0.369541
0.819144 0.369541
0.819243 0.369541
0.819342 0.369541
0.819441 0.368981
0.819541 0.368981
0.819640 0.368981
0.819739 0.368981
0.819838 0.368981
0.819937 0.368981
0.820037 0.368981
0.820136 0.368981
0.820235 0.368981
0.820334 0.368981
0.820434 0.368981
0.820533 0.368981
0.820632 0.368981
0.820731 0.368981
0.820831 0.368981
0.820930 0.368981
0.821029 0.368421
0.821128 0.368421
0.821228 0.368421
0.821327 0.368421
0.821426 0.368421
0.821525 0.367861
0.821624 0.367861
0.821724 0.367861
0.821823 0.367861
0.821922 0.367861
0.822021 0.367861
0.822121 0.367861
0.822220 0.367301
0.822319 0.366741
0.822418 0.366741
0.822518 0.366741
0.822617 0.366741
0.822716 0.366181
0.822815 0.366181
0.822915 0.366181
0.823014 0.366181
0.823113 0.366181
0.823212 0.366181
0.823312 0.366181
0.823411 0.366181
0.823510 0.366181
0.823609 0.366181
0.823708 0.366181
0.823808 0.366181
0.823907 0.366181
0.824006 0.366181
0.824105 0.365622
0.824205 0.365062
0.824304 0.365062
0.824403 0.365062
0.824502 0.365062
0.824602 0.365062
0.824701 0.365062
0.824800 0.365062
0.824899 0.365062
0.824999 0.365062
0.825098 0.364502
0.825197 0.364502
0.825296 0.364502
0.825395 0.364502
0.825495 0.364502
0.825594 0.363942
0.825693 0.363382
0.825792 0.363382
0.825892 0.363382
0.825991 0.363382
0.826090 0.363382
0.826189 0.363382
0.826289 0.363382
0.826388 0.362822
0.826487 0.362822
0.826586 0.362822
0.826686 0.362262
0.826785 0.362262
0.826884 0.362262
0.826983 0.362262
0.827083 0.362262
0.827182 0.362262
0.827281 0.361702
0.827380 0.361702
0.827479 0.361702
0.827579 0.361702
0.827678 0.361142
0.827777 0.361142
0.827876 0.361142
0.827976 0.361142
0.828075 0.361142
0.828174 0.361142
0.828273 0.361142
0.828373 0.360582
0.828472 0.360582
0.828571 0.360582
0.828670 0.360022
0.828770 0.360022
0.828869 0.359462
0.828968 0.359462
0.829067 0.359462
0.829166 0.359462
0.829266 0.358903
0.829365 0.358903
0.829464 0.358343
0.829563 0.358343
0.829663 0.358343
0.829762 0.358343
0.829861 0.358343
0.829960 0.358343
0.830060 0.358343
0.830159 0.357783
0.830258 0.357783
0.830357 0.357223
0.830457 0.357223
0.830556 0.356663
0.830655 0.356663
0.830754 0.356663
0.830853 0.356663
0.830953 0.356663
0.831052 0.356103
0.831151 0.356103
0.831250 0.356103
0.831350 0.356103
0.831449 0.356103
0.831548 0.356103
0.831647 0.356103
0.831747 0.356103
0.831846 0.356103
0.831945 0.356103
0.832044 0.356103
0.832144 0.356103
0.832243 0.356103
0.832342 0.356103
0.832441 0.355543
0.832541 0.355543
0.832640 0.355543
0.832739 0.355543
0.832838 0.355543
0.832937 0.354983
0.833037 0.354983
0.833136 0.354423
0.833235 0.353303
0.833334 0.353303
0.833434 0.353303
0.833533 0.353303
0.833632 0.353303
0.833731 0.353303
0.833831 0.352744
0.833930 0.352744
0.834029 0.352744
0.834128 0.352744
0.834228 0.352744
0.834327 0.352744
0.834426 0.352744
0.834525 0.352184
0.834624 0.351624
0.834724 0.351624
0.834823 0.351064
0.834922 0.351064
0.835021 0.350504
0.835121 0.350504
0.835220 0.350504
0.835319 0.349944
0.835418 0.349944
0.835518 0.349944
0.835617 0.349944
0.835716 0.349944
0.835815 0.349384
0.835915 0.349384
0.836014 0.349384
0.836113 0.349384
0.836212 0.349384
0.836312 0.349384
0.836411 0.349384
0.836510 0.349384
0.836609 0.349384
0.836708 0.349384
0.836808 0.348824
0.836907 0.348824
0.837006 0.348824
0.837105 0.348824
0.837205 0.348824
0.837304 0.348824
0.837403 0.348824
0.837502 0.348824
0.837602 0.348824
0.837701 0.348824
0.837800 0.348824
0.837899 0.348824
0.837999 0.348824
0.838098 0.348824
0.838197 0.348824
0.838296 0.347704
0.838395 0.347144
0.838495 0.347144
0.838594 0.347144
0.838693 0.347144
0.838792 0.347144
0.838892 0.347144
0.838991 0.347144
0.839090 0.347144
0.839189 0.347144
0.839289 0.346585
0.839388 0.346585
0.839487 0.346585
0.839586 0.346585
0.839686 0.346025
0.839785 0.346025
0.839884 0.346025
0.839983 0.346025
0.840082 0.346025
0.840182 0.346025
0.840281 0.346025
0.840380 0.346025
0.840479 0.346025
0.840579 0.346025
0.840678 0.346025
0.840777 0.346025
0.840876 0.345465
0.840976 0.345465
0.841075 0.345465
0.841174 0.344905
0.841273 0.344905
0.841373 0.344345
0.841472 0.344345
0.841571 0.344345
0.841670 0.344345
0.841770 0.343785
0.841869 0.343785
0.841968 0.343785
0.842067 0.343785
0.842166 0.343785
0.842266 0.343785
0.842365 0.343225
0.842464 0.343225
0.842563 0.343225
0.842663 0.343225
0.842762 0.343225
0.842861 0.343225
0.842960 0.342665
0.843060 0.342105
0.843159 0.342105
0.843258 0.342105
0.843357 0.342105
0.843457 0.342105
0.843556 0.342105
0.843655 0.341545
0.843754 0.341545
0.843853 0.341545
0.843953 0.341545
0.844052 0.341545
0.844151 0.341545
0.844250 0.340985
0.844350 0.340426
0.844449 0.339306
0.844548 0.339306
0.844647 0.339306
0.844747 0.339306
0.844846 0.339306
0.844945 0.339306
0.845044 0.339306
0.845144 0.339306
0.845243 0.339306
0.845342 0.339306
0.845441 0.339306
0.845541 0.339306
0.845640 0.339306
0.845739 0.339306
0.845838 0.339306
0.845937 0.339306
0.846037 0.339306
0.846136 0.338746
0.846235 0.338746
0.846334 0.338746
0.846434 0.338746
0.846533 0.338746
0.846632 0.338746
0.846731 0.338746
0.846831 0.338746
0.846930 0.338186
0.847029 0.338186
0.847128 0.338186
0.847228 0.338186
0.847327 0.338186
0.847426 0.337626
0.847525 0.337066
0.847624 0.337066
0.847724 0.337066
0.847823 0.336506
0.847922 0.336506
0.848021 0.335946
0.848121 0.335946
0.848220 0.335946
0.848319 0.335386
0.848418 0.335386
0.848518 0.335386
0.848617 0.335386
0.848716 0.334826
0.848815 0.334826
0.848915 0.334826
0.849014 0.334826
0.849113 0.334267
0.849212 0.334267
0.849311 0.334267
0.849411 0.334267
0.849510 0.333707
0.849609 0.333707
0.849708 0.333707
0.849808 0.333707
0.849907 0.333707
0.850006 0.333707
0.850105 0.333707
0.850205 0.333707
0.850304 0.333707
0.850403 0.333707
0.850502 0.333707
0.850602 0.333707
0.850701 0.333707
0.850800 0.332587
0.850899 0.332587
0.850999 0.332587
0.851098 0.332587
0.851197 0.332587
0.851296 0.332587
0.851395 0.332587
0.851495 0.332587
0.851594 0.332587
0.851693 0.332587
0.851792 0.332027
0.851892 0.330907
0.851991 0.330907
0.852090 0.330907
0.852189 0.330907
0.852289 0.330907
0.852388 0.330907
0.852487 0.330907
0.852586 0.330907
0.852686 0.330907
0.852785 0.330907
0.852884 0.330907
0.852983 0.330907
0.853082 0.330907
0.853182 0.330907
0.853281 0.330347
0.853380 0.329787
0.853479 0.329787
0.853579 0.329787
0.853678 0.329787
0.853777 0.329787
0.853876 0.329227
0.853976 0.328667
0.854075 0.328667
0.854174 0.328667
0.854273 0.328667
0.854373 0.328667
0.854472 0.328667
0.854571 0.328108
0.854670 0.328108
0.854769 0.328108
0.854869 0.328108
0.854968 0.328108
0.855067 0.328108
0.855166 0.328108
0.855266 0.328108
0.855365 0.328108
0.855464 0.328108
0.855563 0.328108
0.855663 0.328108
0.855762 0.327548
0.855861 0.327548
0.855960 0.327548
0.856060 0.326988
0.856159 0.326988
0.856258 0.325868
0.856357 0.325308
0.856457 0.325308
0.856556 0.325308
0.856655 0.325308
0.856754 0.325308
0.856853 0.325308
0.856953 0.325308
0.857052 0.324188
0.857151 0.324188
0.857250 0.324188
0.857350 0.323628
0.857449 0.323068
0.857548 0.323068
0.857647 0.323068
0.857747 0.322508
0.857846 0.322508
0.857945 0.322508
0.858044 0.322508
0.858144 0.322508
0.858243 0.322508
0.858342 0.321948
0.858441 0.321948
0.858540 0.321948
0.858640 0.321948
0.858739 0.321948
0.858838 0.320829
0.858937 0.320829
0.859037 0.319709
0.859136 0.319709
0.859235 0.319709
0.859334 0.319709
0.859434 0.319709
0.859533 0.319709
0.859632 0.319149
0.859731 0.319149
0.859831 0.318589
0.859930 0.318589
0.860029 0.318589
0.860128 0.318589
0.860228 0.318589
0.860327 0.318589
0.860426 0.318589
0.860525 0.318589
0.860624 0.318589
0.860724 0.317469
0.860823 0.317469
0.860922 0.317469
0.861021 0.316909
0.861121 0.316909
0.861220 0.316909
0.861319 0.316909
0.861418 0.316349
0.861518 0.316349
0.861617 0.316349
0.861716 0.316349
0.861815 0.316349
0.861915 0.315789
0.862014 0.315230
0.862113 0.314670
0.862212 0.314670
0.862311 0.314670
0.862411 0.314670
0.862510 0.314110
0.862609 0.313550
0.862708 0.313550
0.862808 0.313550
0.862907 0.313550
0.863006 0.313550
0.863105 0.313550
0.863205 0.312990
0.863304 0.312430
0.863403 0.311870
0.863502 0.311870
0.863602 0.311870
0.863701 0.311310
0.863800 0.311310
0.863899 0.311310
0.863998 0.311310
0.864098 0.311310
0.864197 0.311310
0.864296 0.311310
0.864395 0.311310
0.864495 0.311310
0.864594 0.310750
0.864693 0.310750
0.864792 0.310750
0.864892 0.310190
0.864991 0.310190
0.865090 0.310190
0.865189 0.309630
0.865289 0.309071
0.865388 0.308511
0.865487 0.307951
0.865586 0.307951
0.865686 0.307951
0.865785 0.307951
0.865884 0.307951
0.865983 0.307391
0.866082 0.307391
0.866182 0.306831
0.866281 0.306831
0.866380 0.306271
0.866479 0.306271
0.866579 0.306271
0.866678 0.306271
0.866777 0.306271
0.866876 0.306271
0.866976 0.305711
0.867075 0.305151
0.867174 0.305151
0.867273 0.305151
0.867373 0.305151
0.867472 0.305151
0.867571 0.305151
0.867670 0.305151
0.867769 0.305151
0.867869 0.305151
0.867968 0.305151
0.868067 0.305151
0.868166 0.305151
0.868266 0.305151
0.868365 0.305151
0.868464 0.305151
0.868563 0.305151
0.868663 0.305151
0.868762 0.305151
0.868861 0.305151
0.868960 0.305151
0.869060 0.305151
0.869159 0.305151
0.869258 0.305151
0.869357 0.305151
0.869457 0.305151
0.869556 0.304591
0.869655 0.304591
0.869754 0.304031
0.869853 0.304031
0.869953 0.304031
0.870052 0.304031
0.870151 0.303471
0.870250 0.303471
0.870350 0.303471
0.870449 0.303471
0.870548 0.303471
0.870647 0.303471
0.870747 0.303471
0.870846 0.303471
0.870945 0.303471
0.871044 0.303471
0.871144 0.303471
0.871243 0.303471
0.871342 0.303471
0.871441 0.302912
0.871540 0.302912
0.871640 0.302912
0.871739 0.302912
0.871838 0.302912
0.871937 0.302912
0.872037 0.302352
0.872136 0.302352
0.872235 0.302352
0.872334 0.301792
0.872434 0.301792
0.872533 0.301792
0.872632 0.301792
0.872731 0.301792
0.872831 0.301232
0.872930 0.300672
0.873029 0.300672
0.873128 0.300672
0.873227 0.300112
0.873327 0.300112
0.873426 0.300112
0.873525 0.299552
0.873624 0.299552
0.873724 0.298992
0.873823 0.298432
0.873922 0.297872
0.874021 0.297312
0.874121 0.297312
0.874220 0.297312
0.874319 0.297312
0.874418 0.297312
0.874518 0.297312
0.874617 0.297312
0.874716 0.297312
0.874815 0.296753
0.874915 0.295633
0.875014 0.295633
0.875113 0.295633
0.875212 0.295633
0.875311 0.295633
0.875411 0.295633
0.875510 0.295633
0.875609 0.295633
0.875708 0.295633
0.875808 0.295633
0.875907 0.295633
0.876006 0.295633
0.876105 0.295633
0.876205 0.295073
0.876304 0.294513
0.876403 0.293953
0.876502 0.293953
0.876602 0.293393
0.876701 0.293393
0.876800 0.293393
0.876899 0.293393
0.876998 0.293393
0.877098 0.292833
0.877197 0.292273
0.877296 0.292273
0.877395 0.292273
0.877495 0.291153
0.877594 0.291153
0.877693 0.290594
0.877792 0.290594
0.877892 0.290594
0.877991 0.290594
0.878090 0.290034
0.878189 0.289474
0.878289 0.289474
0.878388 0.289474
0.878487 0.288914
0.878586 0.288354
0.878685 0.288354
0.878785 0.287794
0.878884 0.287794
0.878983 0.287794
0.879082 0.287794
0.879182 0.287234
0.879281 0.286674
0.879380 0.286674
0.879479 0.286674
0.879579 0.286674
0.879678 0.286114
0.879777 0.286114
0.879876 0.286114
0.879976 0.286114
0.880075 0.285554
0.880174 0.285554
0.880273 0.285554
0.880373 0.284994
0.880472 0.284994
0.880571 0.284434
0.880670 0.283875
0.880769 0.283315
0.880869 0.283315
0.880968 0.283315
0.881067 0.283315
0.881166 0.283315
0.881266 0.283315
0.881365 0.282755
0.881464 0.282755
0.881563 0.282755
0.881663 0.282755
0.881762 0.282755
0.881861 0.282195
0.881960 0.282195
0.882060 0.282195
0.882159 0.282195
0.882258 0.282195
0.882357 0.282195
0.882456 0.282195
0.882556 0.282195
0.882655 0.282195
0.882754 0.282195
0.882853 0.282195
0.882953 0.282195
0.883052 0.282195
0.883151 0.282195
0.883250 0.282195
0.883350 0.282195
0.883449 0.282195
0.883548 0.282195
0.883647 0.282195
0.883747 0.281635
0.883846 0.281075
0.883945 0.281075
0.884044 0.281075
0.884144 0.281075
0.884243 0.281075
0.884342 0.279955
0.884441 0.279395
0.884540 0.279395
0.884640 0.279395
0.884739 0.279395
0.884838 0.279395
0.884937 0.278835
0.885037 0.278835
0.885136 0.278835
0.885235 0.278275
0.885334 0.278275
0.885434 0.278275
0.885533 0.277716
0.885632 0.277716
0.885731 0.277156
0.885831 0.277156
0.885930 0.276596
0.886029 0.276596
0.886128 0.276036
0.886227 0.276036
0.886327 0.275476
0.886426 0.275476
0.886525 0.275476
0.886624 0.274916
0.886724 0.274916
0.886823 0.274916
0.886922 0.274356
0.887021 0.274356
0.887121 0.274356
0.887220 0.273796
0.887319 0.273796
0.887418 0.273236
0.887518 0.272676
0.887617 0.272116
0.887716 0.272116
0.887815 0.272116
0.887914 0.272116
0.888014 0.272116
0.888113 0.272116
0.888212 0.272116
0.888311 0.271557
0.888411 0.271557
0.888510 0.271557
0.888609 0.271557
0.888708 0.271557
0.888808 0.271557
0.888907 0.271557
0.889006 0.271557
0.889105 0.271557
0.889205 0.271557
0.889304 0.270997
0.889403 0.270997
0.889502 0.270437
0.889602 0.270437
0.889701 0.269877
0.889800 0.269877
0.889899 0.269317
0.889998 0.269317
0.890098 0.269317
0.890197 0.269317
0.890296 0.269317
0.890395 0.269317
0.890495 0.269317
0.890594 0.268757
0.890693 0.268757
0.890792 0.268757
0.890892 0.268197
0.890991 0.267077
0.891090 0.267077
0.891189 0.267077
0.891289 0.267077
0.891388 0.267077
0.891487 0.267077
0.891586 0.267077
0.891685 0.267077
0.891785 0.267077
0.891884 0.266517
0.891983 0.266517
0.892082 0.266517
0.892182 0.265957
0.892281 0.265957
0.892380 0.265957
0.892479 0.265957
0.892579 0.265957
0.892678 0.265957
0.892777 0.265957
0.892876 0.264838
0.892976 0.264838
0.893075 0.264838
0.893174 0.264838
0.893273 0.264278
0.893373 0.264278
0.893472 0.264278
0.893571 0.264278
0.893670 0.264278
0.893769 0.264278
0.893869 0.264278
0.893968 0.264278
0.894067 0.263718
0.894166 0.263718
0.894266 0.263718
0.894365 0.263158
0.894464 0.263158
0.894563 0.263158
0.894663 0.263158
0.894762 0.263158
0.894861 0.263158
0.894960 0.262598
0.895060 0.262598
0.895159 0.262038
0.895258 0.262038
0.895357 0.262038
0.895456 0.262038
0.895556 0.262038
0.895655 0.261478
0.895754 0.261478
0.895853 0.261478
0.895953 0.261478
0.896052 0.260918
0.896151 0.260358
0.896250 0.259798
0.896350 0.259798
0.896449 0.259798
0.896548 0.259798
0.896647 0.259798
0.896747 0.259798
0.896846 0.259798
0.896945 0.259798
0.897044 0.259798
0.897143 0.259798
0.897243 0.259798
0.897342 0.259798
0.897441 0.259798
0.897540 0.259798
0.897640 0.259798
0.897739 0.259798
0.897838 0.259239
0.897937 0.259239
0.898037 0.259239
0.898136 0.259239
0.898235 0.259239
0.898334 0.259239
0.898434 0.258119
0.898533 0.258119
0.898632 0.258119
0.898731 0.258119
0.898831 0.257559
0.898930 0.257559
0.899029 0.256999
0.899128 0.256439
0.899227 0.256439
0.899327 0.256439
0.899426 0.256439
0.899525 0.256439
0.899624 0.256439
0.899724 0.256439
0.899823 0.256439
0.899922 0.256439
0.900021 0.256439
0.900121 0.255879
0.900220 0.255319
0.900319 0.255319
0.900418 0.255319
0.900518 0.255319
0.900617 0.255319
0.900716 0.255319
0.900815 0.255319
0.900914 0.255319
0.901014 0.254199
0.901113 0.254199
0.901212 0.254199
0.901311 0.254199
0.901411 0.254199
0.901510 0.253639
0.901609 0.253639
0.901708 0.253639
0.901808 0.253639
0.901907 0.253639
0.902006 0.253639
0.902105 0.253639
0.902205 0.253639
0.902304 0.253639
0.902403 0.253080
0.902502 0.252520
0.902601 0.252520
0.902701 0.252520
0.902800 0.252520
0.902899 0.252520
0.902998 0.252520
0.903098 0.252520
0.903197 0.252520
0.903296 0.252520
0.903395 0.251960
0.903495 0.251960
0.903594 0.251960
0.903693 0.251960
0.903792 0.251960
0.903892 0.251400
0.903991 0.251400
0.904090 0.251400
0.904189 0.251400
0.904289 0.251400
0.904388 0.251400
0.904487 0.251400
0.904586 0.251400
0.904685 0.250840
0.904785 0.250840
0.904884 0.250840
0.904983 0.250840
0.905082 0.250840
0.905182 0.250840
0.905281 0.250840
0.905380 0.250840
0.905479 0.250280
0.905579 0.250280
0.905678 0.250280
0.905777 0.250280
0.905876 0.250280
0.905976 0.249720
0.906075 0.249720
0.906174 0.249720
0.906273 0.248600
0.906372 0.248600
0.906472 0.248600
0.906571 0.248600
0.906670 0.248040
0.906769 0.248040
0.906869 0.247480
0.906968 0.247480
0.907067 0.247480
0.907166 0.246920
0.907266 0.245801
0.907365 0.245801
0.907464 0.245241
0.907563 0.245241
0.907663 0.245241
0.907762 0.245241
0.907861 0.244681
0.907960 0.244681
0.908060 0.244681
0.908159 0.243561
0.908258 0.243001
0.908357 0.243001
0.908456 0.242441
0.908556 0.242441
0.908655 0.242441
0.908754 0.242441
0.908853 0.242441
0.908953 0.242441
0.909052 0.242441
0.909151 0.242441
0.909250 0.242441
0.909350 0.242441
0.909449 0.242441
0.909548 0.241321
0.909647 0.240761
0.909747 0.240761
0.909846 0.240761
0.909945 0.240202
0.910044 0.239642
0.910143 0.239642
0.910243 0.239642
0.910342 0.239642
0.910441 0.239642
0.910540 0.238522
0.910640 0.238522
0.910739 0.238522
0.910838 0.238522
0.910937 0.238522
0.911037 0.238522
0.911136 0.238522
0.911235 0.238522
0.911334 0.237402
0.911434 0.236282
0.911533 0.235722
0.911632 0.235722
0.911731 0.235722
0.911830 0.235722
0.911930 0.235162
0.912029 0.235162
0.912128 0.235162
0.912227 0.234602
0.912327 0.234043
0.912426 0.232923
0.912525 0.232363
0.912624 0.232363
0.912724 0.231803
0.912823 0.231803
0.912922 0.231243
0.913021 0.230123
0.913121 0.230123
0.913220 0.230123
0.913319 0.230123
0.913418 0.229563
0.913518 0.229563
0.913617 0.229563
0.913716 0.229563
0.913815 0.229563
0.913914 0.229563
0.914014 0.229563
0.914113 0.229563
0.914212 0.229563
0.914311 0.229003
0.914411 0.229003
0.914510 0.229003
0.914609 0.228443
0.914708 0.228443
0.914808 0.228443
0.914907 0.227324
0.915006 0.227324
0.915105 0.227324
0.915205 0.227324
0.915304 0.226764
0.915403 0.226764
0.915502 0.226764
0.915601 0.226764
0.915701 0.226764
0.915800 0.225644
0.915899 0.225084
0.915998 0.225084
0.916098 0.224524
0.916197 0.224524
0.916296 0.223964
0.916395 0.222844
0.916495 0.222844
0.916594 0.222844
0.916693 0.222844
0.916792 0.222844
0.916892 0.221725
0.916991 0.221165
0.917090 0.221165
0.917189 0.220605
0.917289 0.220605
0.917388 0.220605
0.917487 0.220605
0.917586 0.220605
0.917685 0.220045
0.917785 0.220045
0.917884 0.220045
0.917983 0.220045
0.918082 0.220045
0.918182 0.220045
0.918281 0.218925
0.918380 0.218925
0.918479 0.218925
0.918579 0.218925
0.918678 0.218365
0.918777 0.218365
0.918876 0.218365
0.918976 0.218365
0.919075 0.218365
0.919174 0.217805
0.919273 0.216685
0.919372 0.216685
0.919472 0.216685
0.919571 0.216685
0.919670 0.216685
0.919769 0.216685
0.919869 0.216685
0.919968 0.216685
0.920067 0.216685
0.920166 0.216685
0.920266 0.215566
0.920365 0.215006
0.920464 0.215006
0.920563 0.215006
0.920663 0.215006
0.920762 0.215006
0.920861 0.215006
0.920960 0.215006
0.921059 0.214446
0.921159 0.214446
0.921258 0.213886
0.921357 0.213886
0.921456 0.213886
0.921556 0.213886
0.921655 0.213326
0.921754 0.213326
0.921853 0.213326
0.921953 0.212766
0.922052 0.212766
0.922151 0.212206
0.922250 0.212206
0.922350 0.212206
0.922449 0.212206
0.922548 0.212206
0.922647 0.212206
0.922747 0.212206
0.922846 0.211646
0.922945 0.211646
0.923044 0.211646
0.923143 0.211086
0.923243 0.210526
0.923342 0.210526
0.923441 0.210526
0.923540 0.210526
0.923640 0.209406
0.923739 0.209406
0.923838 0.209406
0.923937 0.209406
0.924037 0.208287
0.924136 0.207727
0.924235 0.206607
0.924334 0.205487
0.924434 0.204927
0.924533 0.204927
0.924632 0.204927
0.924731 0.204927
0.924830 0.204927
0.924930 0.204367
0.925029 0.204367
0.925128 0.204367
0.925227 0.204367
0.925327 0.203807
0.925426 0.203807
0.925525 0.203247
0.925624 0.203247
0.925724 0.202688
0.925823 0.202688
0.925922 0.201568
0.926021 0.201568
0.926121 0.201568
0.926220 0.201568
0.926319 0.201568
0.926418 0.201008
0.926517 0.199888
0.926617 0.199888
0.926716 0.199328
0.926815 0.199328
0.926914 0.198768
0.927014 0.198768
0.927113 0.198768
0.927212 0.198768
0.927311 0.197088
0.927411 0.196529
0.927510 0.196529
0.927609 0.196529
0.927708 0.195969
0.927808 0.194849
0.927907 0.194849
0.928006 0.194849
0.928105 0.194849
0.928205 0.194289
0.928304 0.194289
0.928403 0.194289
0.928502 0.194289
0.928601 0.194289
0.928701 0.194289
0.928800 0.194289
0.928899 0.194289
0.928998 0.193729
0.929098 0.193169
0.929197 0.192609
0.929296 0.192609
0.929395 0.192609
0.929495 0.192609
0.929594 0.192609
0.929693 0.192609
0.929792 0.192609
0.929892 0.192609
0.929991 0.192049
0.930090 0.192049
0.930189 0.192049
0.930288 0.192049
0.930388 0.192049
0.930487 0.191489
0.930586 0.191489
0.930685 0.191489
0.930785 0.191489
0.930884 0.191489
0.930983 0.191489
0.931082 0.191489
0.931182 0.190370
0.931281 0.189810
0.931380 0.189810
0.931479 0.189250
0.931579 0.189250
0.931678 0.189250
0.931777 0.189250
0.931876 0.189250
0.931976 0.189250
0.932075 0.189250
0.932174 0.189250
0.932273 0.188690
0.932372 0.188130
0.932472 0.187570
0.932571 0.186450
0.932670 0.186450
0.932769 0.186450
0.932869 0.185890
0.932968 0.185890
0.933067 0.185890
0.933166 0.185890
0.933266 0.185330
0.933365 0.184770
0.933464 0.184770
0.933563 0.184770
0.933663 0.184770
0.933762 0.184211
0.933861 0.184211
0.933960 0.183651
0.934059 0.183091
0.934159 0.183091
0.934258 0.183091
0.934357 0.182531
0.934456 0.182531
0.934556 0.181411
0.934655 0.181411
0.934754 0.180851
0.934853 0.180851
0.934953 0.180851
0.935052 0.180851
0.935151 0.180291
0.935250 0.179731
0.935350 0.179731
0.935449 0.179171
0.935548 0.179171
0.935647 0.178611
0.935746 0.177492
0.935846 0.177492
0.935945 0.177492
0.936044 0.177492
0.936143 0.177492
0.936243 0.177492
0.936342 0.177492
0.936441 0.176932
0.936540 0.176932
0.936640 0.175812
0.936739 0.175812
0.936838 0.175812
0.936937 0.175252
0.937037 0.174692
0.937136 0.174692
0.937235 0.174692
0.937334 0.174132
0.937434 0.174132
0.937533 0.174132
0.937632 0.174132
0.937731 0.174132
0.937830 0.174132
0.937930 0.174132
0.938029 0.174132
0.938128 0.172452
0.938227 0.172452
0.938327 0.172452
0.938426 0.171333
0.938525 0.171333
0.938624 0.170773
0.938724 0.170773
0.938823 0.170213
0.938922 0.169653
0.939021 0.169653
0.939121 0.169653
0.939220 0.169653
0.939319 0.169093
0.939418 0.169093
0.939517 0.167973
0.939617 0.167973
0.939716 0.167973
0.939815 0.167973
0.939914 0.167413
0.940014 0.167413
0.940113 0.167413
0.940212 0.167413
0.940311 0.167413
0.940411 0.167413
0.940510 0.166853
0.940609 0.166853
0.940708 0.166853
0.940808 0.166853
0.940907 0.166853
0.941006 0.166293
0.941105 0.166293
0.941205 0.166293
0.941304 0.166293
0.941403 0.166293
0.941502 0.166293
0.941601 0.166293
0.941701 0.165733
0.941800 0.165174
0.941899 0.165174
0.941998 0.165174
0.942098 0.165174
0.942197 0.165174
0.942296 0.165174
0.942395 0.165174
0.942495 0.165174
0.942594 0.165174
0.942693 0.165174
0.942792 0.165174
0.942892 0.165174
0.942991 0.164054
0.943090 0.163494
0.943189 0.163494
0.943288 0.163494
0.943388 0.163494
0.943487 0.163494
0.943586 0.162934
0.943685 0.162934
0.943785 0.162934
0.943884 0.162934
0.943983 0.162934
0.944082 0.162934
0.944182 0.162934
0.944281 0.162934
0.944380 0.162934
0.944479 0.162934
0.944579 0.162934
0.944678 0.162374
0.944777 0.162374
0.944876 0.162374
0.944975 0.162374
0.945075 0.162374
0.945174 0.161814
0.945273 0.161254
0.945372 0.161254
0.945472 0.161254
0.945571 0.161254
0.945670 0.161254
0.945769 0.161254
0.945869 0.161254
0.945968 0.160694
0.946067 0.160694
0.946166 0.160694
0.946266 0.160694
0.946365 0.160694
0.946464 0.159574
0.946563 0.159574
0.946663 0.159574
0.946762 0.159015
0.946861 0.159015
0.946960 0.158455
0.947059 0.158455
0.947159 0.157335
0.947258 0.157335
0.947357 0.157335
0.947456 0.156215
0.947556 0.156215
0.947655 0.155655
0.947754 0.155095
0.947853 0.154535
0.947953 0.154535
0.948052 0.154535
0.948151 0.153975
0.948250 0.152856
0.948350 0.152856
0.948449 0.152856
0.948548 0.152856
0.948647 0.152296
0.948746 0.152296
0.948846 0.152296
0.948945 0.151736
0.949044 0.151176
0.949143 0.151176
0.949243 0.151176
0.949342 0.150616
0.949441 0.150616
0.949540 0.150616
0.949640 0.150616
0.949739 0.150616
0.949838 0.150616
0.949937 0.150616
0.950037 0.150616
0.950136 0.150056
0.950235 0.150056
0.950334 0.150056
0.950434 0.150056
0.950533 0.148936
0.950632 0.148376
0.950731 0.147816
0.950830 0.147816
0.950930 0.147256
0.951029 0.147256
0.951128 0.147256
0.951227 0.147256
0.951327 0.147256
0.951426 0.147256
0.951525 0.146697
0.951624 0.146137
0.951724 0.146137
0.951823 0.146137
0.951922 0.146137
0.952021 0.146137
0.952121 0.145577
0.952220 0.145017
0.952319 0.145017
0.952418 0.142777
0.952517 0.142217
0.952617 0.142217
0.952716 0.141657
0.952815 0.141097
0.952914 0.141097
0.953014 0.141097
0.953113 0.139978
0.953212 0.139418
0.953311 0.139418
0.953411 0.139418
0.953510 0.138858
0.953609 0.138858
0.953708 0.138298
0.953808 0.137738
0.953907 0.137738
0.954006 0.137738
0.954105 0.137738
0.954204 0.137738
0.954304 0.137738
0.954403 0.137738
0.954502 0.137738
0.954601 0.137738
0.954701 0.137738
0.954800 0.137738
0.954899 0.137738
0.954998 0.137738
0.955098 0.137738
0.955197 0.137738
0.955296 0.137178
0.955395 0.137178
0.955495 0.137178
0.955594 0.136618
0.955693 0.136618
0.955792 0.136618
0.955892 0.136058
0.955991 0.135498
0.956090 0.133819
0.956189 0.133819
0.956288 0.133259
0.956388 0.133259
0.956487 0.132139
0.956586 0.131579
0.956685 0.131579
0.956785 0.131579
0.956884 0.131579
0.956983 0.130459
0.957082 0.129899
0.957182 0.128219
0.957281 0.128219
0.957380 0.127660
0.957479 0.126540
0.957579 0.125980
0.957678 0.125980
0.957777 0.125420
0.957876 0.125420
0.957975 0.124860
0.958075 0.124860
0.958174 0.124860
0.958273 0.124860
0.958372 0.124860
0.958472 0.124860
0.958571 0.124860
0.958670 0.124860
0.958769 0.124860
0.958869 0.124300
0.958968 0.123740
0.959067 0.123180
0.959166 0.122060
0.959266 0.122060
0.959365 0.122060
0.959464 0.122060
0.959563 0.122060
0.959662 0.122060
0.959762 0.122060
0.959861 0.121501
0.959960 0.120941
0.960059 0.120941
0.960159 0.120941
0.960258 0.120941
0.960357 0.120381
0.960456 0.119261
0.960556 0.119261
0.960655 0.119261
0.960754 0.118701
0.960853 0.118701
0.960953 0.118701
0.961052 0.118141
0.961151 0.117581
0.961250 0.117581
0.961350 0.116461
0.961449 0.116461
0.961548 0.116461
0.961647 0.116461
0.961746 0.116461
0.961846 0.115901
0.961945 0.115901
0.962044 0.115342
0.962143 0.114782
0.962243 0.113662
0.962342 0.113662
0.962441 0.113102
0.962540 0.113102
0.962640 0.113102
0.962739 0.113102
0.962838 0.111422
0.962937 0.110862
0.963037 0.110862
0.963136 0.110862
0.963235 0.110862
0.963334 0.109742
0.963433 0.108623
0.963533 0.108063
0.963632 0.107503
0.963731 0.106943
0.963830 0.106943
0.963930 0.106383
0.964029 0.105823
0.964128 0.105823
0.964227 0.105823
0.964327 0.105823
0.964426 0.105823
0.964525 0.105823
0.964624 0.105823
0.964724 0.105823
0.964823 0.105263
0.964922 0.104703
0.965021 0.104703
0.965121 0.104703
0.965220 0.104703
0.965319 0.104703
0.965418 0.104143
0.965517 0.103583
0.965617 0.103583
0.965716 0.103024
0.965815 0.103024
0.965914 0.102464
0.966014 0.102464
0.966113 0.102464
0.966212 0.102464
0.966311 0.102464
0.966411 0.102464
0.966510 0.102464
0.966609 0.101904
0.966708 0.100224
0.966808 0.099664
0.966907 0.099664
0.967006 0.099664
0.967105 0.099664
0.967204 0.098544
0.967304 0.098544
0.967403 0.097424
0.967502 0.096305
0.967601 0.095745
0.967701 0.095745
0.967800 0.095185
0.967899 0.095185
0.967998 0.095185
0.968098 0.095185
0.968197 0.095185
0.968296 0.094625
0.968395 0.094065
0.968495 0.092945
0.968594 0.092945
0.968693 0.092945
0.968792 0.091825
0.968891 0.091265
0.968991 0.090146
0.969090 0.090146
0.969189 0.090146
0.969288 0.090146
0.969388 0.089586
0.969487 0.089586
0.969586 0.088466
0.969685 0.088466
0.969785 0.088466
0.969884 0.087346
0.969983 0.086786
0.970082 0.086786
0.970182 0.086226
0.970281 0.085106
0.970380 0.084546
0.970479 0.083987
0.970579 0.083427
0.970678 0.083427
0.970777 0.082867
0.970876 0.082307
0.970975 0.082307
0.971075 0.082307
0.971174 0.081747
0.971273 0.080627
0.971372 0.080067
0.971472 0.079507
0.971571 0.079507
0.971670 0.079507
0.971769 0.079507
0.971869 0.079507
0.971968 0.079507
0.972067 0.079507
0.972166 0.079507
0.972266 0.078387
0.972365 0.077828
0.972464 0.077828
0.972563 0.077828
0.972662 0.076148
0.972762 0.075588
0.972861 0.075028
0.972960 0.075028
0.973059 0.074468
0.973159 0.073908
0.973258 0.073348
0.973357 0.073348
0.973456 0.073348
0.973556 0.072788
0.973655 0.072788
0.973754 0.072228
0.973853 0.071669
0.973953 0.071669
0.974052 0.071109
0.974151 0.071109
0.974250 0.071109
0.974350 0.070549
0.974449 0.070549
0.974548 0.069989
0.974647 0.069429
0.974746 0.068869
0.974846 0.068869
0.974945 0.068869
0.975044 0.068869
0.975143 0.068309
0.975243 0.068309
0.975342 0.068309
0.975441 0.067749
0.975540 0.067749
0.975640 0.067749
0.975739 0.067749
0.975838 0.067189
0.975937 0.067189
0.976037 0.066629
0.976136 0.065510
0.976235 0.064390
0.976334 0.064390
0.976433 0.064390
0.976533 0.063830
0.976632 0.063270
0.976731 0.063270
0.976830 0.062710
0.976930 0.062150
0.977029 0.061030
0.977128 0.060470
0.977227 0.060470
0.977327 0.059910
0.977426 0.059910
0.977525 0.059351
0.977624 0.058791
0.977724 0.058231
0.977823 0.058231
0.977922 0.057111
0.978021 0.056551
0.978120 0.055991
0.978220 0.055991
0.978319 0.055991
0.978418 0.055431
0.978517 0.055431
0.978617 0.055431
0.978716 0.054871
0.978815 0.054871
0.978914 0.054311
0.979014 0.053751
0.979113 0.053751
0.979212 0.052072
0.979311 0.052072
0.979411 0.051512
0.979510 0.050952
0.979609 0.050952
0.979708 0.049832
0.979808 0.049832
0.979907 0.049272
0.980006 0.048712
0.980105 0.048712
0.980204 0.047592
0.980304 0.047592
0.980403 0.047032
0.980502 0.045353
0.980601 0.043673
0.980701 0.042553
0.980800 0.042553
0.980899 0.041993
0.980998 0.041433
0.981098 0.040873
0.981197 0.040873
0.981296 0.040314
0.981395 0.040314
0.981495 0.040314
0.981594 0.040314
0.981693 0.040314
0.981792 0.039754
0.981891 0.039754
0.981991 0.039194
0.982090 0.038074
0.982189 0.037514
0.982288 0.036954
0.982388 0.036954
0.982487 0.036954
0.982586 0.036954
0.982685 0.036394
0.982785 0.036394
0.982884 0.036394
0.982983 0.036394
0.983082 0.036394
0.983182 0.035834
0.983281 0.035834
0.983380 0.035834
0.983479 0.035274
0.983578 0.035274
0.983678 0.035274
0.983777 0.035274
0.983876 0.034714
0.983975 0.034155
0.984075 0.033595
0.984174 0.033035
0.984273 0.033035
0.984372 0.033035
0.984472 0.033035
0.984571 0.032475
0.984670 0.032475
0.984769 0.031915
0.984869 0.031915
0.984968 0.031915
0.985067 0.031355
0.985166 0.031355
0.985266 0.030795
0.985365 0.030235
0.985464 0.029115
0.985563 0.029115
0.985662 0.029115
0.985762 0.028555
0.985861 0.028555
0.985960 0.028555
0.986059 0.028555
0.986159 0.027436
0.986258 0.026876
0.986357 0.026316
0.986456 0.026316
0.986556 0.025756
0.986655 0.025756
0.986754 0.025756
0.986853 0.025756
0.986953 0.025756
0.987052 0.024636
0.987151 0.023516
0.987250 0.023516
0.987349 0.023516
0.987449 0.021837
0.987548 0.021837
0.987647 0.021837
0.987746 0.021277
0.987846 0.020717
0.987945 0.020157
0.988044 0.019597
0.988143 0.018477
0.988243 0.017917
0.988342 0.017357
0.988441 0.016237
0.988540 0.015118
0.988640 0.014558
0.988739 0.014558
0.988838 0.013998
0.988937 0.013998
0.989037 0.012878
0.989136 0.012318
0.989235 0.011758
0.989334 0.011758
0.989433 0.011198
0.989533 0.010638
0.989632 0.010638
0.989731 0.009518
0.989830 0.009518
0.989930 0.008959
0.990029 0.008399
0.990128 0.008399
0.990227 0.006719
0.990327 0.006719
0.990426 0.006719
0.990525 0.006159
0.990624 0.005599
0.990724 0.005599
0.990823 0.005599
0.990922 0.005039
0.991021 0.005039
0.991120 0.005039
0.991220 0.005039
0.991319 0.005039
0.991418 0.003919
0.991517 0.002800
0.991617 0.002240
0.991716 0.002240
0.991815 0.002240
0.991914 0.002240
0.992014 0.002240
0.992113 0.002240
0.992212 0.002240
0.992311 0.002240
0.992411 0.002240
0.992510 0.002240
0.992609 0.001680
0.992708 0.001680
0.992807 0.001680
0.992907 0.001680
0.993006 0.001680
0.993105 0.001680
0.993204 0.001680
0.993304 0.001120
0.993403 0.001120
0.993502 0.000560
0.993601 0.000560
0.993701 0.000000
