# Threshold Efficiency
0.000988 1.000000
0.001088 1.000000
0.001188 1.000000
0.001287 1.000000
0.001387 1.000000
0.001487 1.000000
0.001587 1.000000
0.001687 1.000000
0.001787 1.000000
0.001887 1.000000
0.001987 1.000000
0.002087 1.000000
0.002186 1.000000
0.002286 1.000000
0.002386 1.000000
0.002486 1.000000
0.002586 1.000000
0.002686 1.000000
0.002786 1.000000
0.002886 1.000000
0.002986 1.000000
0.003086 1.000000
0.003185 1.000000
0.003285 1.000000
0.003385 1.000000
0.003485 1.000000
0.003585 1.000000
0.003685 1.000000
0.003785 1.000000
0.003885 1.000000
0.003985 1.000000
0.004085 1.000000
0.004184 1.000000
0.004284 1.000000
0.004384 1.000000
0.004484 1.000000
0.004584 1.000000
0.004684 1.000000
0.004784 1.000000
0.004884 1.000000
0.004984 1.000000
0.005083 1.000000
0.005183 1.000000
0.005283 1.000000
0.005383 1.000000
0.005483 1.000000
0.005583 1.000000
0.005683 1.000000
0.005783 1.000000
0.005883 1.000000
0.005983 1.000000
0.006082 1.000000
0.006182 1.000000
0.006282 1.000000
0.006382 1.000000
0.006482 1.000000
0.006582 1.000000
0.006682 1.000000
0.006782 1.000000
0.006882 1.000000
0.006982 1.000000
0.007081 1.000000
0.007181 1.000000
0.007281 1.000000
0.007381 1.000000
0.007481 1.000000
0.007581 1.000000
0.007681 1.000000
0.007781 1.000000
0.007881 1.000000
0.007980 1.000000
0.008080 1.000000
0.008180 1.000000
0.008280 1.000000
0.008380 1.000000
0.008480 1.000000
0.008580 1.000000
0.008680 1.000000
0.008780 1.000000
0.008880 1.000000
0.008979 1.000000
0.009079 1.000000
0.009179 1.000000
0.009279 1.000000
0.009379 1.000000
0.009479 1.000000
0.009579 1.000000
0.009679 1.000000
0.009779 1.000000
0.009879 1.000000
0.009978 1.000000
0.010078 1.000000
0.010178 1.000000
0.010278 1.000000
0.010378 1.000000
0.010478 1.000000
0.010578 1.000000
0.010678 1.000000
0.010778 1.000000
0.010877 1.000000
0.010977 1.000000
0.011077 1.000000
0.011177 1.000000
0.011277 1.000000
0.011377 1.000000
0.011477 1.000000
0.011577 1.000000
0.011677 1.000000
0.011777 1.000000
0.011876 1.000000
0.011976 1.000000
0.012076 1.000000
0.012176 1.000000
0.012276 1.000000
0.012376 1.000000
0.012476 1.000000
0.012576 1.000000
0.012676 1.000000
0.012775 1.000000
0.012875 1.000000
0.012975 1.000000
0.013075 1.000000
0.013175 1.000000
0.013275 1.000000
0.013375 1.000000
0.013475 1.000000
0.013575 1.000000
0.013675 1.000000
0.013774 1.000000
0.013874 1.000000
0.013974 1.000000
0.014074 1.000000
0.014174 1.000000
0.014274 1.000000
0.014374 1.000000
0.014474 1.000000
0.014574 1.000000
0.014674 1.000000
0.014773 1.000000
0.014873 1.000000
0.014973 1.000000
0.015073 1.000000
0.015173 1.000000
0.015273 1.000000
0.015373 1.000000
0.015473 1.000000
0.015573 1.000000
0.015672 1.000000
0.015772 1.000000
0.015872 1.000000
0.015972 1.000000
0.016072 1.000000
0.016172 1.000000
0.016272 1.000000
0.016372 1.000000
0.016472 1.000000
0.016572 1.000000
0.016671 1.000000
0.016771 1.000000
0.016871 1.000000
0.016971 1.000000
0.017071 1.000000
0.017171 1.000000
0.017271 1.000000
0.017371 1.000000
0.017471 1.000000
0.017571 1.000000
0.017670 1.000000
0.017770 1.000000
0.017870 1.000000
0.017970 1.000000
0.018070 1.000000
0.018170 1.000000
0.018270 1.000000
0.018370 1.000000
0.018470 1.000000
0.018569 1.000000
0.018669 1.000000
0.018769 1.000000
0.018869 1.000000
0.018969 1.000000
0.019069 1.000000
0.019169 1.000000
0.019269 1.000000
0.019369 1.000000
0.019469 1.000000
0.019568 1.000000
0.019668 1.000000
0.019768 1.000000
0.019868 1.000000
0.019968 1.000000
0.020068 1.000000
0.020168 1.000000
0.020268 1.000000
0.020368 1.000000
0.020468 1.000000
0.020567 1.000000
0.020667 1.000000
0.020767 1.000000
0.020867 1.000000
0.020967 1.000000
0.021067 1.000000
0.021167 1.000000
0.021267 1.000000
0.021367 1.000000
0.021466 1.000000
0.021566 1.000000
0.021666 1.000000
0.021766 1.000000
0.021866 1.000000
0.021966 1.000000
0.022066 1.000000
0.022166 1.000000
0.022266 1.000000
0.022366 1.000000
0.022465 1.000000
0.022565 1.000000
0.022665 1.000000
0.022765 1.000000
0.022865 1.000000
0.022965 1.000000
0.023065 1.000000
0.023165 1.000000
0.023265 1.000000
0.023364 1.000000
0.023464 1.000000
0.023564 1.000000
0.023664 1.000000
0.023764 1.000000
0.023864 1.000000
0.023964 1.000000
0.024064 1.000000
0.024164 1.000000
0.024264 1.000000
0.024363 1.000000
0.024463 1.000000
0.024563 1.000000
0.024663 1.000000
0.024763 1.000000
0.024863 1.000000
0.024963 1.000000
0.025063 1.000000
0.025163 1.000000
0.025263 1.000000
0.025362 1.000000
0.025462 1.000000
0.025562 1.000000
0.025662 1.000000
0.025762 1.000000
0.025862 1.000000
0.025962 1.000000
0.026062 1.000000
0.026162 1.000000
0.026261 1.000000
0.026361 1.000000
0.026461 1.000000
0.026561 1.000000
0.026661 1.000000
0.026761 1.000000
0.026861 1.000000
0.026961 1.000000
0.027061 1.000000
0.027161 1.000000
0.027260 1.000000
0.027360 1.000000
0.027460 1.000000
0.027560 1.000000
0.027660 1.000000
0.027760 1.000000
0.027860 1.000000
0.027960 1.000000
0.028060 1.000000
0.028160 1.000000
0.028259 1.000000
0.028359 1.000000
0.028459 1.000000
0.028559 1.000000
0.028659 1.000000
0.028759 1.000000
0.028859 1.000000
0.028959 1.000000
0.029059 1.000000
0.029158 1.000000
0.029258 1.000000
0.029358 1.000000
0.029458 1.000000
0.029558 1.000000
0.029658 1.000000
0.029758 1.000000
0.029858 1.000000
0.029958 1.000000
0.030058 1.000000
0.030157 1.000000
0.030257 1.000000
0.030357 1.000000
0.030457 1.000000
0.030557 1.000000
0.030657 1.000000
0.030757 1.000000
0.030857 1.000000
0.030957 1.000000
0.031056 1.000000
0.031156 1.000000
0.031256 1.000000
0.031356 1.000000
0.031456 1.000000
0.031556 1.000000
0.031656 1.000000
0.031756 1.000000
0.031856 1.000000
0.031956 0.999879
0.032055 0.999879
0.032155 0.999879
0.032255 0.999879
0.032355 0.999879
0.032455 0.999879
0.032555 0.999879
0.032655 0.999879
0.032755 0.999879
0.032855 0.999879
0.032955 0.999879
0.033054 0.999879
0.033154 0.999879
0.033254 0.999879
0.033354 0.999879
0.033454 0.999879
0.033554 0.999879
0.033654 0.999879
0.033754 0.999879
0.033854 0.999879
0.033953 0.999879
0.034053 0.999879
0.034153 0.999879
0.034253 0.999879
0.034353 0.999879
0.034453 0.999879
0.034553 0.999879
0.034653 0.999879
0.034753 0.999758
0.034853 0.999758
0.034952 0.999637
0.035052 0.999516
0.035152 0.999516
0.035252 0.999516
0.035352 0.999516
0.035452 0.999516
0.035552 0.999516
0.035652 0.999516
0.035752 0.999516
0.035852 0.999516
0.035951 0.999516
0.036051 0.999516
0.036151 0.999516
0.036251 0.999516
0.036351 0.999516
0.036451 0.999516
0.036551 0.999516
0.036651 0.999516
0.036751 0.999516
0.036850 0.999516
0.036950 0.999516
0.037050 0.999516
0.037150 0.999516
0.037250 0.999516
0.037350 0.999516
0.037450 0.999516
0.037550 0.999516
0.037650 0.999516
0.037750 0.999516
0.037849 0.999516
0.037949 0.999516
0.038049 0.999516
0.038149 0.999516
0.038249 0.999516
0.038349 0.999516
0.038449 0.999516
0.038549 0.999516
0.038649 0.999516
0.038749 0.999516
0.038848 0.999516
0.038948 0.999516
0.039048 0.999516
0.039148 0.999516
0.039248 0.999516
0.039348 0.999516
0.039448 0.999516
0.039548 0.999516
0.039648 0.999516
0.039747 0.999516
0.039847 0.999516
0.039947 0.999516
0.040047 0.999516
0.040147 0.999516
0.040247 0.999516
0.040347 0.999516
0.040447 0.999396
0.040547 0.999396
0.040647 0.999396
0.040746 0.999396
0.040846 0.999396
0.040946 0.999396
0.041046 0.999396
0.041146 0.999396
0.041246 0.999396
0.041346 0.999396
0.041446 0.999396
0.041546 0.999396
0.041645 0.999396
0.041745 0.999396
0.041845 0.999396
0.041945 0.999275
0.042045 0.999275
0.042145 0.999275
0.042245 0.999275
0.042345 0.999275
0.042445 0.999275
0.042545 0.999275
0.042644 0.999275
0.042744 0.999275
0.042844 0.999275
0.042944 0.999275
0.043044 0.999275
0.043144 0.999275
0.043244 0.999275
0.043344 0.999275
0.043444 0.999275
0.043544 0.999275
0.043643 0.999275
0.043743 0.999275
0.043843 0.999275
0.043943 0.999275
0.044043 0.999275
0.044143 0.999275
0.044243 0.999275
0.044343 0.999275
0.044443 0.999275
0.044542 0.999275
0.044642 0.999275
0.044742 0.999275
0.044842 0.999275
0.044942 0.999275
0.045042 0.999275
0.045142 0.999275
0.045242 0.999275
0.045342 0.999275
0.045442 0.999275
0.045541 0.999275
0.045641 0.999275
0.045741 0.999154
0.045841 0.999154
0.045941 0.999154
0.046041 0.999154
0.046141 0.999154
0.046241 0.999154
0.046341 0.999154
0.046441 0.999154
0.046540 0.999154
0.046640 0.999154
0.046740 0.999154
0.046840 0.999154
0.046940 0.999154
0.047040 0.999154
0.047140 0.999154
0.047240 0.999154
0.047340 0.999154
0.047439 0.999154
0.047539 0.999154
0.047639 0.999154
0.047739 0.999154
0.047839 0.999033
0.047939 0.999033
0.048039 0.999033
0.048139 0.999033
0.048239 0.999033
0.048339 0.999033
0.048438 0.999033
0.048538 0.999033
0.048638 0.999033
0.048738 0.999033
0.048838 0.999033
0.048938 0.999033
0.049038 0.998912
0.049138 0.998912
0.049238 0.998912
0.049338 0.998912
0.049437 0.998912
0.049537 0.998912
0.049637 0.998912
0.049737 0.998912
0.049837 0.998912
0.049937 0.998912
0.050037 0.998912
0.050137 0.998912
0.050237 0.998912
0.050336 0.998912
0.050436 0.998912
0.050536 0.998912
0.050636 0.998912
0.050736 0.998912
0.050836 0.998912
0.050936 0.998912
0.051036 0.998912
0.051136 0.998912
0.051236 0.998912
0.051335 0.998912
0.051435 0.998912
0.051535 0.998912
0.051635 0.998912
0.051735 0.998912
0.051835 0.998912
0.051935 0.998912
0.052035 0.998912
0.052135 0.998912
0.052234 0.998912
0.052334 0.998912
0.052434 0.998912
0.052534 0.998912
0.052634 0.998912
0.052734 0.998912
0.052834 0.998912
0.052934 0.998912
0.053034 0.998912
0.053134 0.998912
0.053233 0.998912
0.053333 0.998912
0.053433 0.998791
0.053533 0.998791
0.053633 0.998791
0.053733 0.998791
0.053833 0.998791
0.053933 0.998791
0.054033 0.998791
0.054133 0.998670
0.054232 0.998670
0.054332 0.998670
0.054432 0.998670
0.054532 0.998670
0.054632 0.998670
0.054732 0.998670
0.054832 0.998670
0.054932 0.998670
0.055032 0.998549
0.055131 0.998549
0.055231 0.998549
0.055331 0.998428
0.055431 0.998428
0.055531 0.998428
0.055631 0.998428
0.055731 0.998428
0.055831 0.998428
0.055931 0.998428
0.056031 0.998428
0.056130 0.998428
0.056230 0.998428
0.056330 0.998428
0.056430 0.998428
0.056530 0.998428
0.056630 0.998428
0.056730 0.998428
0.056830 0.998428
0.056930 0.998428
0.057030 0.998428
0.057129 0.998428
0.057229 0.998428
0.057329 0.998428
0.057429 0.998428
0.057529 0.998428
0.057629 0.998428
0.057729 0.998428
0.057829 0.998428
0.057929 0.998428
0.058028 0.998428
0.058128 0.998428
0.058228 0.998428
0.058328 0.998428
0.058428 0.998428
0.058528 0.998428
0.058628 0.998428
0.058728 0.998428
0.058828 0.998428
0.058928 0.998428
0.059027 0.998428
0.059127 0.998428
0.059227 0.998428
0.059327 0.998428
0.059427 0.998428
0.059527 0.998428
0.059627 0.998428
0.059727 0.998428
0.059827 0.998428
0.059926 0.998428
0.060026 0.998428
0.060126 0.998308
0.060226 0.998308
0.060326 0.998308
0.060426 0.998308
0.060526 0.998187
0.060626 0.998187
0.060726 0.998187
0.060826 0.998187
0.060925 0.998187
0.061025 0.998187
0.061125 0.998187
0.061225 0.998187
0.061325 0.998187
0.061425 0.998066
0.061525 0.998066
0.061625 0.998066
0.061725 0.998066
0.061825 0.998066
0.061924 0.998066
0.062024 0.998066
0.062124 0.998066
0.062224 0.998066
0.062324 0.998066
0.062424 0.998066
0.062524 0.998066
0.062624 0.998066
0.062724 0.998066
0.062823 0.998066
0.062923 0.998066
0.063023 0.998066
0.063123 0.998066
0.063223 0.998066
0.063323 0.998066
0.063423 0.997945
0.063523 0.997945
0.063623 0.997945
0.063723 0.997945
0.063822 0.997824
0.063922 0.997824
0.064022 0.997824
0.064122 0.997824
0.064222 0.997824
0.064322 0.997703
0.064422 0.997703
0.064522 0.997703
0.064622 0.997703
0.064722 0.997703
0.064821 0.997703
0.064921 0.997703
0.065021 0.997703
0.065121 0.997703
0.065221 0.997582
0.065321 0.997582
0.065421 0.997582
0.065521 0.997582
0.065621 0.997582
0.065720 0.997461
0.065820 0.997340
0.065920 0.997340
0.066020 0.997340
0.066120 0.997340
0.066220 0.997340
0.066320 0.997340
0.066420 0.997340
0.066520 0.997340
0.066620 0.997340
0.066719 0.997340
0.066819 0.997340
0.066919 0.997340
0.067019 0.997340
0.067119 0.997340
0.067219 0.997340
0.067319 0.997340
0.067419 0.997340
0.067519 0.997220
0.067619 0.997220
0.067718 0.997220
0.067818 0.997220
0.067918 0.997220
0.068018 0.997220
0.068118 0.997220
0.068218 0.997220
0.068318 0.997220
0.068418 0.997220
0.068518 0.997220
0.068617 0.997220
0.068717 0.997220
0.068817 0.997220
0.068917 0.997220
0.069017 0.997220
0.069117 0.997220
0.069217 0.997220
0.069317 0.997220
0.069417 0.997099
0.069517 0.997099
0.069616 0.996978
0.069716 0.996978
0.069816 0.996978
0.069916 0.996978
0.070016 0.996978
0.070116 0.996978
0.070216 0.996978
0.070316 0.996978
0.070416 0.996857
0.070515 0.996736
0.070615 0.996736
0.070715 0.996736
0.070815 0.996736
0.070915 0.996736
0.071015 0.996615
0.071115 0.996494
0.071215 0.996494
0.071315 0.996494
0.071415 0.996494
0.071514 0.996494
0.071614 0.996494
0.071714 0.996494
0.071814 0.996373
0.071914 0.996373
0.072014 0.996373
0.072114 0.996373
0.072214 0.996373
0.072314 0.996252
0.072414 0.996252
0.072513 0.996252
0.072613 0.996252
0.072713 0.996252
0.072813 0.996252
0.072913 0.996252
0.073013 0.996252
0.073113 0.996252
0.073213 0.996252
0.073313 0.996252
0.073412 0.996252
0.073512 0.996252
0.073612 0.996252
0.073712 0.996011
0.073812 0.996011
0.073912 0.996011
0.074012 0.996011
0.074112 0.995890
0.074212 0.995890
0.074312 0.995890
0.074411 0.995890
0.074511 0.995769
0.074611 0.995769
0.074711 0.995648
0.074811 0.995527
0.074911 0.995527
0.075011 0.995527
0.075111 0.995527
0.075211 0.995527
0.075311 0.995527
0.075410 0.995527
0.075510 0.995527
0.075610 0.995527
0.075710 0.995527
0.075810 0.995527
0.075910 0.995527
0.076010 0.995527
0.076110 0.995527
0.076210 0.995527
0.076309 0.995527
0.076409 0.995527
0.076509 0.995527
0.076609 0.995527
0.076709 0.995527
0.076809 0.995527
0.076909 0.995527
0.077009 0.995527
0.077109 0.995527
0.077209 0.995527
0.077308 0.995406
0.077408 0.995406
0.077508 0.995406
0.077608 0.995406
0.077708 0.995406
0.077808 0.995406
0.077908 0.995406
0.078008 0.995406
0.078108 0.995406
0.078208 0.995285
0.078307 0.995285
0.078407 0.995285
0.078507 0.995285
0.078607 0.995285
0.078707 0.995285
0.078807 0.995285
0.078907 0.995285
0.079007 0.995285
0.079107 0.995285
0.079206 0.995164
0.079306 0.995164
0.079406 0.995164
0.079506 0.995164
0.079606 0.995164
0.079706 0.995164
0.079806 0.995044
0.079906 0.995044
0.080006 0.995044
0.080106 0.995044
0.080205 0.995044
0.080305 0.995044
0.080405 0.995044
0.080505 0.995044
0.080605 0.995044
0.080705 0.995044
0.080805 0.995044
0.080905 0.994923
0.081005 0.994923
0.081104 0.994923
0.081204 0.994923
0.081304 0.994923
0.081404 0.994923
0.081504 0.994923
0.081604 0.994802
0.081704 0.994802
0.081804 0.994681
0.081904 0.994681
0.082004 0.994681
0.082103 0.994681
0.082203 0.994681
0.082303 0.994681
0.082403 0.994439
0.082503 0.994439
0.082603 0.994318
0.082703 0.994318
0.082803 0.994318
0.082903 0.994318
0.083003 0.994318
0.083102 0.994318
0.083202 0.994318
0.083302 0.993956
0.083402 0.993956
0.083502 0.993956
0.083602 0.993956
0.083702 0.993956
0.083802 0.993956
0.083902 0.993835
0.084001 0.993835
0.084101 0.993835
0.084201 0.993835
0.084301 0.993714
0.084401 0.993714
0.084501 0.993714
0.084601 0.993714
0.084701 0.993714
0.084801 0.993714
0.084901 0.993714
0.085000 0.993593
0.085100 0.993472
0.085200 0.993472
0.085300 0.993472
0.085400 0.993472
0.085500 0.993472
0.085600 0.993472
0.085700 0.993472
0.085800 0.993472
0.085900 0.993472
0.085999 0.993472
0.086099 0.993472
0.086199 0.993472
0.086299 0.993472
0.086399 0.993472
0.086499 0.993351
0.086599 0.993351
0.086699 0.993351
0.086799 0.993351
0.086898 0.993351
0.086998 0.993351
0.087098 0.993351
0.087198 0.993351
0.087298 0.993351
0.087398 0.993351
0.087498 0.993351
0.087598 0.993351
0.087698 0.993351
0.087798 0.993351
0.087897 0.993351
0.087997 0.993351
0.088097 0.993351
0.088197 0.993230
0.088297 0.993230
0.088397 0.993230
0.088497 0.993230
0.088597 0.993109
0.088697 0.993109
0.088796 0.993109
0.088896 0.993109
0.088996 0.993109
0.089096 0.993109
0.089196 0.993109
0.089296 0.993109
0.089396 0.993109
0.089496 0.992868
0.089596 0.992868
0.089696 0.992868
0.089795 0.992868
0.089895 0.992868
0.089995 0.992868
0.090095 0.992747
0.090195 0.992747
0.090295 0.992747
0.090395 0.992747
0.090495 0.992626
0.090595 0.992626
0.090695 0.992626
0.090794 0.992626
0.090894 0.992626
0.090994 0.992626
0.091094 0.992626
0.091194 0.992626
0.091294 0.992384
0.091394 0.992263
0.091494 0.992263
0.091594 0.992142
0.091693 0.992142
0.091793 0.992142
0.091893 0.992142
0.091993 0.992142
0.092093 0.992021
0.092193 0.991779
0.092293 0.991779
0.092393 0.991659
0.092493 0.991659
0.092593 0.991659
0.092692 0.991538
0.092792 0.991538
0.092892 0.991538
0.092992 0.991538
0.093092 0.991417
0.093192 0.991417
0.093292 0.991417
0.093392 0.991417
0.093492 0.991417
0.093592 0.991417
0.093691 0.991417
0.093791 0.991296
0.093891 0.991296
0.093991 0.991175
0.094091 0.991054
0.094191 0.991054
0.094291 0.990933
0.094391 0.990812
0.094491 0.990812
0.094590 0.990812
0.094690 0.990812
0.094790 0.990812
0.094890 0.990812
0.094990 0.990812
0.095090 0.990812
0.095190 0.990812
0.095290 0.990812
0.095390 0.990691
0.095490 0.990691
0.095589 0.990691
0.095689 0.990691
0.095789 0.990691
0.095889 0.990691
0.095989 0.990691
0.096089 0.990691
0.096189 0.990691
0.096289 0.990691
0.096389 0.990571
0.096489 0.990571
0.096588 0.990571
0.096688 0.990571
0.096788 0.990571
0.096888 0.990571
0.096988 0.990571
0.097088 0.990571
0.097188 0.990571
0.097288 0.990571
0.097388 0.990571
0.097487 0.990571
0.097587 0.990329
0.097687 0.990329
0.097787 0.990329
0.097887 0.990208
0.097987 0.990208
0.098087 0.989966
0.098187 0.989966
0.098287 0.989724
0.098387 0.989724
0.098486 0.989724
0.098586 0.989724
0.098686 0.989724
0.098786 0.989603
0.098886 0.989603
0.098986 0.989483
0.099086 0.989483
0.099186 0.989362
0.099286 0.989362
0.099385 0.989241
0.099485 0.989241
0.099585 0.989241
0.099685 0.989241
0.099785 0.989241
0.099885 0.989241
0.099985 0.989120
0.100085 0.989120
0.100185 0.989120
0.100285 0.989120
0.100384 0.989120
0.100484 0.988999
0.100584 0.988999
0.100684 0.988878
0.100784 0.988878
0.100884 0.988878
0.100984 0.988878
0.101084 0.988757
0.101184 0.988757
0.101284 0.988636
0.101383 0.988515
0.101483 0.988395
0.101583 0.988274
0.101683 0.988153
0.101783 0.988153
0.101883 0.988153
0.101983 0.988153
0.102083 0.988032
0.102183 0.988032
0.102282 0.988032
0.102382 0.988032
0.102482 0.987911
0.102582 0.987911
0.102682 0.987790
0.102782 0.987669
0.102882 0.987669
0.102982 0.987669
0.103082 0.987669
0.103182 0.987669
0.103281 0.987669
0.103381 0.987669
0.103481 0.987669
0.103581 0.987669
0.103681 0.987669
0.103781 0.987669
0.103881 0.987669
0.103981 0.987669
0.104081 0.987548
0.104181 0.987427
0.104280 0.987427
0.104380 0.987307
0.104480 0.987307
0.104580 0.987307
0.104680 0.987307
0.104780 0.987307
0.104880 0.987186
0.104980 0.987186
0.105080 0.987186
0.105179 0.987186
0.105279 0.987186
0.105379 0.987186
0.105479 0.987186
0.105579 0.987186
0.105679 0.987186
0.105779 0.987186
0.105879 0.987186
0.105979 0.987065
0.106079 0.987065
0.106178 0.987065
0.106278 0.987065
0.106378 0.987065
0.106478 0.987065
0.106578 0.987065
0.106678 0.987065
0.106778 0.987065
0.106878 0.987065
0.106978 0.987065
0.107078 0.987065
0.107177 0.987065
0.107277 0.987065
0.107377 0.987065
0.107477 0.986944
0.107577 0.986702
0.107677 0.986339
0.107777 0.986339
0.107877 0.986219
0.107977 0.986219
0.108076 0.986219
0.108176 0.986219
0.108276 0.986219
0.108376 0.986098
0.108476 0.985977
0.108576 0.985977
0.108676 0.985977
0.108776 0.985977
0.108876 0.985977
0.108976 0.985977
0.109075 0.985977
0.109175 0.985977
0.109275 0.985977
0.109375 0.985977
0.109475 0.985977
0.109575 0.985977
0.109675 0.985977
0.109775 0.985856
0.109875 0.985735
0.109974 0.985735
0.110074 0.985735
0.110174 0.985735
0.110274 0.985735
0.110374 0.985735
0.110474 0.985735
0.110574 0.985735
0.110674 0.985614
0.110774 0.985614
0.110874 0.985614
0.110973 0.985372
0.111073 0.985372
0.111173 0.985372
0.111273 0.985372
0.111373 0.985372
0.111473 0.985251
0.111573 0.985251
0.111673 0.985251
0.111773 0.985131
0.111873 0.985131
0.111972 0.985131
0.112072 0.985131
0.112172 0.985131
0.112272 0.985131
0.112372 0.985131
0.112472 0.985131
0.112572 0.985131
0.112672 0.985131
0.112772 0.985131
0.112871 0.985131
0.112971 0.985131
0.113071 0.985010
0.113171 0.985010
0.113271 0.985010
0.113371 0.985010
0.113471 0.984768
0.113571 0.984768
0.113671 0.984647
0.113771 0.984647
0.113870 0.984647
0.113970 0.984647
0.114070 0.984647
0.114170 0.984647
0.114270 0.984647
0.114370 0.984526
0.114470 0.984526
0.114570 0.984526
0.114670 0.984284
0.114770 0.984284
0.114869 0.984284
0.114969 0.984284
0.115069 0.984163
0.115169 0.984043
0.115269 0.984043
0.115369 0.984043
0.115469 0.984043
0.115569 0.984043
0.115669 0.984043
0.115768 0.984043
0.115868 0.983922
0.115968 0.983922
0.116068 0.983922
0.116168 0.983922
0.116268 0.983922
0.116368 0.983922
0.116468 0.983922
0.116568 0.983922
0.116668 0.983801
0.116767 0.983801
0.116867 0.983801
0.116967 0.983801
0.117067 0.983801
0.117167 0.983801
0.117267 0.983801
0.117367 0.983801
0.117467 0.983680
0.117567 0.983680
0.117666 0.983680
0.117766 0.983680
0.117866 0.983680
0.117966 0.983559
0.118066 0.983559
0.118166 0.983559
0.118266 0.983559
0.118366 0.983559
0.118466 0.983559
0.118566 0.983559
0.118665 0.983559
0.118765 0.983559
0.118865 0.983559
0.118965 0.983559
0.119065 0.983438
0.119165 0.983438
0.119265 0.983438
0.119365 0.983438
0.119465 0.983438
0.119565 0.983438
0.119664 0.983438
0.119764 0.983438
0.119864 0.983438
0.119964 0.983317
0.120064 0.983196
0.120164 0.983075
0.120264 0.983075
0.120364 0.982955
0.120464 0.982955
0.120563 0.982955
0.120663 0.982955
0.120763 0.982955
0.120863 0.982955
0.120963 0.982955
0.121063 0.982955
0.121163 0.982955
0.121263 0.982955
0.121363 0.982955
0.121463 0.982955
0.121562 0.982955
0.121662 0.982955
0.121762 0.982955
0.121862 0.982834
0.121962 0.982834
0.122062 0.982713
0.122162 0.982713
0.122262 0.982713
0.122362 0.982713
0.122462 0.982713
0.122561 0.982713
0.122661 0.982713
0.122761 0.982713
0.122861 0.982713
0.122961 0.982592
0.123061 0.982592
0.123161 0.982592
0.123261 0.982592
0.123361 0.982471
0.123460 0.982471
0.123560 0.982471
0.123660 0.982471
0.123760 0.982229
0.123860 0.982229
0.123960 0.982229
0.124060 0.982108
0.124160 0.982108
0.124260 0.982108
0.124360 0.981987
0.124459 0.981987
0.124559 0.981987
0.124659 0.981987
0.124759 0.981867
0.124859 0.981867
0.124959 0.981746
0.125059 0.981746
0.125159 0.981746
0.125259 0.981625
0.125359 0.981625
0.125458 0.981625
0.125558 0.981625
0.125658 0.981625
0.125758 0.981625
0.125858 0.981625
0.125958 0.981625
0.126058 0.981625
0.126158 0.981504
0.126258 0.981504
0.126357 0.981383
0.126457 0.981383
0.126557 0.981383
0.126657 0.981383
0.126757 0.981383
0.126857 0.981383
0.126957 0.981383
0.127057 0.981383
0.127157 0.981383
0.127257 0.981383
0.127356 0.981383
0.127456 0.981383
0.127556 0.981383
0.127656 0.981383
0.127756 0.981383
0.127856 0.981383
0.127956 0.981383
0.128056 0.981383
0.128156 0.981383
0.128255 0.981383
0.128355 0.981262
0.128455 0.981262
0.128555 0.981262
0.128655 0.981262
0.128755 0.981141
0.128855 0.981141
0.128955 0.981141
0.129055 0.981141
0.129155 0.981020
0.129254 0.980899
0.129354 0.980899
0.129454 0.980899
0.129554 0.980779
0.129654 0.980658
0.129754 0.980537
0.129854 0.980537
0.129954 0.980537
0.130054 0.980537
0.130154 0.980416
0.130253 0.980416
0.130353 0.980416
0.130453 0.980416
0.130553 0.980416
0.130653 0.980416
0.130753 0.980416
0.130853 0.980295
0.130953 0.980174
0.131053 0.980053
0.131152 0.980053
0.131252 0.979932
0.131352 0.979811
0.131452 0.979691
0.131552 0.979691
0.131652 0.979691
0.131752 0.979691
0.131852 0.979691
0.131952 0.979691
0.132052 0.979570
0.132151 0.979570
0.132251 0.979570
0.132351 0.979449
0.132451 0.979449
0.132551 0.979449
0.132651 0.979449
0.132751 0.979449
0.132851 0.979328
0.132951 0.979328
0.133051 0.979086
0.133150 0.979086
0.133250 0.979086
0.133350 0.979086
0.133450 0.979086
0.133550 0.979086
0.133650 0.979086
0.133750 0.978965
0.133850 0.978844
0.133950 0.978723
0.134049 0.978723
0.134149 0.978723
0.134249 0.978482
0.134349 0.978482
0.134449 0.978361
0.134549 0.978361
0.134649 0.978361
0.134749 0.978240
0.134849 0.978240
0.134949 0.978240
0.135048 0.978240
0.135148 0.978240
0.135248 0.978240
0.135348 0.977998
0.135448 0.977877
0.135548 0.977877
0.135648 0.977877
0.135748 0.977635
0.135848 0.977635
0.135948 0.977515
0.136047 0.977515
0.136147 0.977515
0.136247 0.977515
0.136347 0.977515
0.136447 0.977273
0.136547 0.977152
0.136647 0.977152
0.136747 0.977152
0.136847 0.977152
0.136946 0.977031
0.137046 0.977031
0.137146 0.977031
0.137246 0.977031
0.137346 0.977031
0.137446 0.976910
0.137546 0.976910
0.137646 0.976910
0.137746 0.976910
0.137846 0.976789
0.137945 0.976789
0.138045 0.976789
0.138145 0.976789
0.138245 0.976789
0.138345 0.976789
0.138445 0.976789
0.138545 0.976789
0.138645 0.976789
0.138745 0.976668
0.138844 0.976668
0.138944 0.976668
0.139044 0.976668
0.139144 0.976668
0.139244 0.976547
0.139344 0.976547
0.139444 0.976547
0.139544 0.976547
0.139644 0.976547
0.139744 0.976547
0.139843 0.976426
0.139943 0.976426
0.140043 0.976426
0.140143 0.976426
0.140243 0.976426
0.140343 0.976426
0.140443 0.976306
0.140543 0.976306
0.140643 0.976306
0.140743 0.976306
0.140842 0.976306
0.140942 0.976306
0.141042 0.976306
0.141142 0.976306
0.141242 0.976306
0.141342 0.976306
0.141442 0.976306
0.141542 0.976306
0.141642 0.976306
0.141741 0.976306
0.141841 0.976306
0.141941 0.976306
0.142041 0.976306
0.142141 0.976185
0.142241 0.976185
0.142341 0.976185
0.142441 0.975943
0.142541 0.975701
0.142641 0.975701
0.142740 0.975701
0.142840 0.975701
0.142940 0.975701
0.143040 0.975580
0.143140 0.975580
0.143240 0.975459
0.143340 0.975459
0.143440 0.975459
0.143540 0.975338
0.143640 0.975218
0.143739 0.975218
0.143839 0.975218
0.143939 0.975218
0.144039 0.975218
0.144139 0.975218
0.144239 0.974976
0.144339 0.974855
0.144439 0.974855
0.144539 0.974734
0.144638 0.974613
0.144738 0.974613
0.144838 0.974371
0.144938 0.974371
0.145038 0.974371
0.145138 0.974371
0.145238 0.974371
0.145338 0.974371
0.145438 0.974371
0.145538 0.974371
0.145637 0.974371
0.145737 0.974371
0.145837 0.974371
0.145937 0.974371
0.146037 0.974371
0.146137 0.974371
0.146237 0.974371
0.146337 0.974371
0.146437 0.974250
0.146537 0.974250
0.146636 0.974250
0.146736 0.974250
0.146836 0.974130
0.146936 0.974130
0.147036 0.974130
0.147136 0.974130
0.147236 0.974009
0.147336 0.974009
0.147436 0.974009
0.147535 0.974009
0.147635 0.974009
0.147735 0.974009
0.147835 0.973888
0.147935 0.973767
0.148035 0.973767
0.148135 0.973767
0.148235 0.973646
0.148335 0.973525
0.148435 0.973525
0.148534 0.973525
0.148634 0.973525
0.148734 0.973404
0.148834 0.973404
0.148934 0.973404
0.149034 0.973283
0.149134 0.973042
0.149234 0.973042
0.149334 0.973042
0.149433 0.973042
0.149533 0.973042
0.149633 0.973042
0.149733 0.972558
0.149833 0.972558
0.149933 0.972437
0.150033 0.972437
0.150133 0.972437
0.150233 0.972437
0.150333 0.972437
0.150432 0.972437
0.150532 0.972437
0.150632 0.972437
0.150732 0.972437
0.150832 0.972437
0.150932 0.972437
0.151032 0.972437
0.151132 0.972316
0.151232 0.972195
0.151332 0.972074
0.151431 0.972074
0.151531 0.971833
0.151631 0.971833
0.151731 0.971833
0.151831 0.971833
0.151931 0.971833
0.152031 0.971591
0.152131 0.971349
0.152231 0.971349
0.152330 0.971349
0.152430 0.971349
0.152530 0.971349
0.152630 0.971349
0.152730 0.971349
0.152830 0.971349
0.152930 0.971349
0.153030 0.971228
0.153130 0.971107
0.153230 0.971107
0.153329 0.971107
0.153429 0.971107
0.153529 0.971107
0.153629 0.971107
0.153729 0.970986
0.153829 0.970866
0.153929 0.970624
0.154029 0.970503
0.154129 0.970503
0.154229 0.970503
0.154328 0.970503
0.154428 0.970503
0.154528 0.970503
0.154628 0.970503
0.154728 0.970503
0.154828 0.970382
0.154928 0.970382
0.155028 0.970261
0.155128 0.970261
0.155227 0.970261
0.155327 0.970261
0.155427 0.970261
0.155527 0.970261
0.155627 0.970261
0.155727 0.970261
0.155827 0.970261
0.155927 0.970261
0.156027 0.970261
0.156127 0.970261
0.156226 0.970261
0.156326 0.970261
0.156426 0.970140
0.156526 0.970140
0.156626 0.970019
0.156726 0.970019
0.156826 0.969898
0.156926 0.969657
0.157026 0.969657
0.157125 0.969657
0.157225 0.969657
0.157325 0.969536
0.157425 0.969415
0.157525 0.969294
0.157625 0.969173
0.157725 0.969052
0.157825 0.969052
0.157925 0.969052
0.158025 0.969052
0.158124 0.968931
0.158224 0.968690
0.158324 0.968569
0.158424 0.968569
0.158524 0.968448
0.158624 0.968448
0.158724 0.968448
0.158824 0.968327
0.158924 0.968327
0.159024 0.968327
0.159123 0.968327
0.159223 0.968327
0.159323 0.968327
0.159423 0.968327
0.159523 0.968327
0.159623 0.968327
0.159723 0.968327
0.159823 0.968327
0.159923 0.968327
0.160022 0.968327
0.160122 0.968327
0.160222 0.968206
0.160322 0.968206
0.160422 0.967964
0.160522 0.967722
0.160622 0.967722
0.160722 0.967722
0.160822 0.967481
0.160922 0.967481
0.161021 0.967360
0.161121 0.967360
0.161221 0.967239
0.161321 0.967239
0.161421 0.967239
0.161521 0.967239
0.161621 0.967239
0.161721 0.967239
0.161821 0.967118
0.161921 0.966997
0.162020 0.966997
0.162120 0.966876
0.162220 0.966876
0.162320 0.966876
0.162420 0.966634
0.162520 0.966634
0.162620 0.966634
0.162720 0.966634
0.162820 0.966634
0.162919 0.966634
0.163019 0.966393
0.163119 0.966393
0.163219 0.966272
0.163319 0.966272
0.163419 0.966272
0.163519 0.966151
0.163619 0.966151
0.163719 0.966151
0.163819 0.966151
0.163918 0.966151
0.164018 0.966151
0.164118 0.965909
0.164218 0.965909
0.164318 0.965909
0.164418 0.965909
0.164518 0.965909
0.164618 0.965667
0.164718 0.965667
0.164818 0.965667
0.164917 0.965546
0.165017 0.965546
0.165117 0.965546
0.165217 0.965426
0.165317 0.965426
0.165417 0.965426
0.165517 0.965426
0.165617 0.965305
0.165717 0.965305
0.165816 0.965305
0.165916 0.965184
0.166016 0.965184
0.166116 0.965184
0.166216 0.965184
0.166316 0.965184
0.166416 0.965184
0.166516 0.965184
0.166616 0.965184
0.166716 0.965063
0.166815 0.965063
0.166915 0.965063
0.167015 0.964942
0.167115 0.964942
0.167215 0.964942
0.167315 0.964942
0.167415 0.964942
0.167515 0.964942
0.167615 0.964942
0.167714 0.964942
0.167814 0.964942
0.167914 0.964821
0.168014 0.964821
0.168114 0.964821
0.168214 0.964700
0.168314 0.964700
0.168414 0.964700
0.168514 0.964700
0.168614 0.964700
0.168713 0.964700
0.168813 0.964700
0.168913 0.964700
0.169013 0.964700
0.169113 0.964700
0.169213 0.964700
0.169313 0.964458
0.169413 0.964458
0.169513 0.964217
0.169613 0.964217
0.169712 0.964217
0.169812 0.964217
0.169912 0.964217
0.170012 0.964096
0.170112 0.964096
0.170212 0.963975
0.170312 0.963975
0.170412 0.963854
0.170512 0.963733
0.170611 0.963733
0.170711 0.963612
0.170811 0.963612
0.170911 0.963612
0.171011 0.963491
0.171111 0.963491
0.171211 0.963491
0.171311 0.963491
0.171411 0.963370
0.171511 0.963370
0.171610 0.963250
0.171710 0.963250
0.171810 0.963129
0.171910 0.963129
0.172010 0.963129
0.172110 0.963129
0.172210 0.963129
0.172310 0.963129
0.172410 0.963129
0.172510 0.963129
0.172609 0.963008
0.172709 0.962887
0.172809 0.962887
0.172909 0.962766
0.173009 0.962645
0.173109 0.962524
0.173209 0.962524
0.173309 0.962524
0.173409 0.962524
0.173508 0.962524
0.173608 0.962524
0.173708 0.962524
0.173808 0.962524
0.173908 0.962524
0.174008 0.962524
0.174108 0.962524
0.174208 0.962403
0.174308 0.962403
0.174408 0.962403
0.174507 0.962282
0.174607 0.962162
0.174707 0.962162
0.174807 0.962162
0.174907 0.962162
0.175007 0.962162
0.175107 0.962162
0.175207 0.962041
0.175307 0.962041
0.175407 0.961920
0.175506 0.961678
0.175606 0.961557
0.175706 0.961557
0.175806 0.961436
0.175906 0.961315
0.176006 0.961194
0.176106 0.961074
0.176206 0.961074
0.176306 0.961074
0.176405 0.961074
0.176505 0.961074
0.176605 0.960953
0.176705 0.960953
0.176805 0.960953
0.176905 0.960832
0.177005 0.960711
0.177105 0.960711
0.177205 0.960590
0.177305 0.960590
0.177404 0.960590
0.177504 0.960590
0.177604 0.960590
0.177704 0.960590
0.177804 0.960469
0.177904 0.960469
0.178004 0.960469
0.178104 0.960348
0.178204 0.960106
0.178303 0.959865
0.178403 0.959623
0.178503 0.959623
0.178603 0.959623
0.178703 0.959502
0.178803 0.959502
0.178903 0.959139
0.179003 0.959018
0.179103 0.959018
0.179203 0.959018
0.179302 0.958897
0.179402 0.958777
0.179502 0.958656
0.179602 0.958656
0.179702 0.958656
0.179802 0.958656
0.179902 0.958656
0.180002 0.958656
0.180102 0.958656
0.180202 0.958656
0.180301 0.958656
0.180401 0.958656
0.180501 0.958656
0.180601 0.958535
0.180701 0.958535
0.180801 0.958414
0.180901 0.958414
0.181001 0.958414
0.181101 0.958414
0.181200 0.958293
0.181300 0.958293
0.181400 0.958293
0.181500 0.958172
0.181600 0.958172
0.181700 0.958051
0.181800 0.957809
0.181900 0.957809
0.182000 0.957809
0.182100 0.957809
0.182199 0.957809
0.182299 0.957689
0.182399 0.957689
0.182499 0.957568
0.182599 0.957447
0.182699 0.957326
0.182799 0.957326
0.182899 0.957326
0.182999 0.957205
0.183099 0.957205
0.183198 0.957205
0.183298 0.957205
0.183398 0.957205
0.183498 0.957205
0.183598 0.956963
0.183698 0.956963
0.183798 0.956963
0.183898 0.956963
0.183998 0.956842
0.184097 0.956842
0.184197 0.956842
0.184297 0.956842
0.184397 0.956601
0.184497 0.956480
0.184597 0.956359
0.184697 0.956238
0.184797 0.956117
0.184897 0.956117
0.184997 0.955875
0.185096 0.955754
0.185196 0.955513
0.185296 0.955271
0.185396 0.955150
0.185496 0.955150
0.185596 0.955029
0.185696 0.955029
0.185796 0.954908
0.185896 0.954908
0.185995 0.954787
0.186095 0.954666
0.186195 0.954666
0.186295 0.954666
0.186395 0.954666
0.186495 0.954666
0.186595 0.954666
0.186695 0.954545
0.186795 0.954545
0.186895 0.954545
0.186994 0.954545
0.187094 0.954545
0.187194 0.954545
0.187294 0.954545
0.187394 0.954545
0.187494 0.954545
0.187594 0.954425
0.187694 0.954425
0.187794 0.954425
0.187894 0.954425
0.187993 0.954425
0.188093 0.954425
0.188193 0.954425
0.188293 0.954425
0.188393 0.954425
0.188493 0.954425
0.188593 0.954425
0.188693 0.954425
0.188793 0.954304
0.188892 0.954183
0.188992 0.954183
0.189092 0.954183
0.189192 0.954183
0.189292 0.954183
0.189392 0.954183
0.189492 0.954183
0.189592 0.954183
0.189692 0.954183
0.189792 0.954183
0.189891 0.954183
0.189991 0.954062
0.190091 0.953941
0.190191 0.953941
0.190291 0.953941
0.190391 0.953941
0.190491 0.953941
0.190591 0.953820
0.190691 0.953820
0.190791 0.953820
0.190890 0.953820
0.190990 0.953820
0.191090 0.953820
0.191190 0.953578
0.191290 0.953578
0.191390 0.953457
0.191490 0.953337
0.191590 0.953216
0.191690 0.953216
0.191789 0.953216
0.191889 0.953216
0.191989 0.953216
0.192089 0.953095
0.192189 0.953095
0.192289 0.952974
0.192389 0.952974
0.192489 0.952974
0.192589 0.952974
0.192689 0.952853
0.192788 0.952853
0.192888 0.952853
0.192988 0.952853
0.193088 0.952611
0.193188 0.952369
0.193288 0.952369
0.193388 0.952249
0.193488 0.952249
0.193588 0.952249
0.193688 0.952249
0.193787 0.952249
0.193887 0.952249
0.193987 0.952249
0.194087 0.952249
0.194187 0.952249
0.194287 0.952128
0.194387 0.952128
0.194487 0.952007
0.194587 0.952007
0.194686 0.952007
0.194786 0.951886
0.194886 0.951765
0.194986 0.951765
0.195086 0.951765
0.195186 0.951644
0.195286 0.951644
0.195386 0.951523
0.195486 0.951523
0.195586 0.951523
0.195685 0.951523
0.195785 0.951523
0.195885 0.951402
0.195985 0.951402
0.196085 0.951402
0.196185 0.951402
0.196285 0.951402
0.196385 0.951402
0.196485 0.951281
0.196584 0.951281
0.196684 0.951281
0.196784 0.950919
0.196884 0.950798
0.196984 0.950677
0.197084 0.950677
0.197184 0.950556
0.197284 0.950556
0.197384 0.950556
0.197484 0.950435
0.197583 0.950435
0.197683 0.950193
0.197783 0.950073
0.197883 0.950073
0.197983 0.950073
0.198083 0.950073
0.198183 0.950073
0.198283 0.950073
0.198383 0.950073
0.198483 0.949710
0.198582 0.949589
0.198682 0.949589
0.198782 0.949468
0.198882 0.949468
0.198982 0.949226
0.199082 0.949226
0.199182 0.949226
0.199282 0.949226
0.199382 0.949226
0.199481 0.949226
0.199581 0.949226
0.199681 0.949105
0.199781 0.949105
0.199881 0.949105
0.199981 0.949105
0.200081 0.949105
0.200181 0.949105
0.200281 0.949105
0.200381 0.949105
0.200480 0.949105
0.200580 0.948985
0.200680 0.948985
0.200780 0.948864
0.200880 0.948864
0.200980 0.948864
0.201080 0.948864
0.201180 0.948864
0.201280 0.948864
0.201380 0.948743
0.201479 0.948743
0.201579 0.948743
0.201679 0.948743
0.201779 0.948743
0.201879 0.948743
0.201979 0.948743
0.202079 0.948743
0.202179 0.948743
0.202279 0.948743
0.202378 0.948743
0.202478 0.948622
0.202578 0.948622
0.202678 0.948622
0.202778 0.948622
0.202878 0.948622
0.202978 0.948622
0.203078 0.948622
0.203178 0.948622
0.203278 0.948501
0.203377 0.948501
0.203477 0.948501
0.203577 0.948501
0.203677 0.948501
0.203777 0.948380
0.203877 0.948259
0.203977 0.948138
0.204077 0.948017
0.204177 0.948017
0.204277 0.948017
0.204376 0.947897
0.204476 0.947897
0.204576 0.947897
0.204676 0.947897
0.204776 0.947534
0.204876 0.947413
0.204976 0.947413
0.205076 0.947413
0.205176 0.947413
0.205275 0.947292
0.205375 0.947292
0.205475 0.947292
0.205575 0.947171
0.205675 0.946809
0.205775 0.946688
0.205875 0.946688
0.205975 0.946567
0.206075 0.946567
0.206175 0.946567
0.206274 0.946567
0.206374 0.946567
0.206474 0.946446
0.206574 0.946446
0.206674 0.946446
0.206774 0.946446
0.206874 0.946325
0.206974 0.946325
0.207074 0.946325
0.207173 0.946204
0.207273 0.946204
0.207373 0.946204
0.207473 0.946083
0.207573 0.946083
0.207673 0.945962
0.207773 0.945962
0.207873 0.945962
0.207973 0.945962
0.208073 0.945841
0.208172 0.945841
0.208272 0.945841
0.208372 0.945841
0.208472 0.945841
0.208572 0.945721
0.208672 0.945721
0.208772 0.945600
0.208872 0.945600
0.208972 0.945358
0.209072 0.945237
0.209171 0.945237
0.209271 0.945237
0.209371 0.945237
0.209471 0.945237
0.209571 0.945237
0.209671 0.945237
0.209771 0.945116
0.209871 0.945116
0.209971 0.944995
0.210070 0.944753
0.210170 0.944753
0.210270 0.944753
0.210370 0.944753
0.210470 0.944632
0.210570 0.944632
0.210670 0.944512
0.210770 0.944391
0.210870 0.944391
0.210970 0.944270
0.211069 0.944270
0.211169 0.944270
0.211269 0.944270
0.211369 0.944270
0.211469 0.944149
0.211569 0.944028
0.211669 0.943907
0.211769 0.943786
0.211869 0.943786
0.211969 0.943665
0.212068 0.943665
0.212168 0.943665
0.212268 0.943665
0.212368 0.943665
0.212468 0.943665
0.212568 0.943665
0.212668 0.943665
0.212768 0.943665
0.212868 0.943665
0.212967 0.943665
0.213067 0.943665
0.213167 0.943665
0.213267 0.943665
0.213367 0.943665
0.213467 0.943665
0.213567 0.943665
0.213667 0.943665
0.213767 0.943665
0.213867 0.943665
0.213966 0.943665
0.214066 0.943544
0.214166 0.943544
0.214266 0.943424
0.214366 0.943303
0.214466 0.943303
0.214566 0.943303
0.214666 0.943303
0.214766 0.943303
0.214865 0.943303
0.214965 0.943182
0.215065 0.943182
0.215165 0.943182
0.215265 0.943182
0.215365 0.943182
0.215465 0.942940
0.215565 0.942819
0.215665 0.942698
0.215765 0.942698
0.215864 0.942577
0.215964 0.942577
0.216064 0.942456
0.216164 0.942456
0.216264 0.942456
0.216364 0.942456
0.216464 0.942336
0.216564 0.942215
0.216664 0.942094
0.216764 0.942094
0.216863 0.942094
0.216963 0.942094
0.217063 0.941973
0.217163 0.941973
0.217263 0.941973
0.217363 0.941973
0.217463 0.941973
0.217563 0.941973
0.217663 0.941852
0.217762 0.941852
0.217862 0.941852
0.217962 0.941852
0.218062 0.941852
0.218162 0.941731
0.218262 0.941731
0.218362 0.941731
0.218462 0.941731
0.218562 0.941731
0.218662 0.941731
0.218761 0.941489
0.218861 0.941489
0.218961 0.941489
0.219061 0.941489
0.219161 0.941368
0.219261 0.941248
0.219361 0.941006
0.219461 0.941006
0.219561 0.941006
0.219661 0.941006
0.219760 0.941006
0.219860 0.940885
0.219960 0.940764
0.220060 0.940764
0.220160 0.940643
0.220260 0.940522
0.220360 0.940401
0.220460 0.940401
0.220560 0.940401
0.220659 0.940401
0.220759 0.940401
0.220859 0.940401
0.220959 0.940401
0.221059 0.940280
0.221159 0.940280
0.221259 0.940160
0.221359 0.940160
0.221459 0.940160
0.221559 0.940160
0.221658 0.940160
0.221758 0.940160
0.221858 0.940160
0.221958 0.940039
0.222058 0.940039
0.222158 0.940039
0.222258 0.939918
0.222358 0.939797
0.222458 0.939797
0.222558 0.939676
0.222657 0.939555
0.222757 0.939434
0.222857 0.939434
0.222957 0.939434
0.223057 0.939434
0.223157 0.939434
0.223257 0.939072
0.223357 0.939072
0.223457 0.939072
0.223556 0.938951
0.223656 0.938830
0.223756 0.938830
0.223856 0.938830
0.223956 0.938709
0.224056 0.938709
0.224156 0.938709
0.224256 0.938588
0.224356 0.938467
0.224456 0.938467
0.224555 0.938346
0.224655 0.938225
0.224755 0.938225
0.224855 0.938225
0.224955 0.938104
0.225055 0.938104
0.225155 0.937984
0.225255 0.937984
0.225355 0.937863
0.225454 0.937742
0.225554 0.937742
0.225654 0.937742
0.225754 0.937742
0.225854 0.937742
0.225954 0.937742
0.226054 0.937500
0.226154 0.937500
0.226254 0.937500
0.226354 0.937258
0.226453 0.937258
0.226553 0.937137
0.226653 0.937137
0.226753 0.937016
0.226853 0.937016
0.226953 0.937016
0.227053 0.937016
0.227153 0.937016
0.227253 0.936896
0.227353 0.936775
0.227452 0.936775
0.227552 0.936533
0.227652 0.936533
0.227752 0.936412
0.227852 0.936412
0.227952 0.936412
0.228052 0.936412
0.228152 0.936291
0.228252 0.936291
0.228351 0.936170
0.228451 0.936170
0.228551 0.936170
0.228651 0.936170
0.228751 0.935928
0.228851 0.935928
0.228951 0.935808
0.229051 0.935808
0.229151 0.935808
0.229251 0.935808
0.229350 0.935808
0.229450 0.935808
0.229550 0.935808
0.229650 0.935808
0.229750 0.935808
0.229850 0.935566
0.229950 0.935566
0.230050 0.935566
0.230150 0.935566
0.230250 0.935445
0.230349 0.935445
0.230449 0.935445
0.230549 0.935445
0.230649 0.935324
0.230749 0.935203
0.230849 0.934961
0.230949 0.934961
0.231049 0.934961
0.231149 0.934961
0.231248 0.934961
0.231348 0.934961
0.231448 0.934961
0.231548 0.934961
0.231648 0.934961
0.231748 0.934961
0.231848 0.934961
0.231948 0.934961
0.232048 0.934840
0.232148 0.934840
0.232247 0.934720
0.232347 0.934720
0.232447 0.934720
0.232547 0.934720
0.232647 0.934720
0.232747 0.934720
0.232847 0.934720
0.232947 0.934720
0.233047 0.934720
0.233147 0.934720
0.233246 0.934720
0.233346 0.934720
0.233446 0.934720
0.233546 0.934720
0.233646 0.934720
0.233746 0.934478
0.233846 0.934478
0.233946 0.934478
0.234046 0.934478
0.234145 0.934478
0.234245 0.934357
0.234345 0.934236
0.234445 0.934236
0.234545 0.934236
0.234645 0.934115
0.234745 0.934115
0.234845 0.934115
0.234945 0.934115
0.235045 0.933873
0.235144 0.933873
0.235244 0.933873
0.235344 0.933873
0.235444 0.933873
0.235544 0.933873
0.235644 0.933752
0.235744 0.933752
0.235844 0.933511
0.235944 0.933390
0.236043 0.933269
0.236143 0.933148
0.236243 0.933148
0.236343 0.933148
0.236443 0.933027
0.236543 0.933027
0.236643 0.933027
0.236743 0.933027
0.236843 0.933027
0.236943 0.933027
0.237042 0.932785
0.237142 0.932785
0.237242 0.932785
0.237342 0.932664
0.237442 0.932664
0.237542 0.932544
0.237642 0.932423
0.237742 0.932302
0.237842 0.932302
0.237942 0.932181
0.238041 0.932181
0.238141 0.932060
0.238241 0.931939
0.238341 0.931939
0.238441 0.931939
0.238541 0.931939
0.238641 0.931939
0.238741 0.931939
0.238841 0.931939
0.238940 0.931939
0.239040 0.931939
0.239140 0.931818
0.239240 0.931818
0.239340 0.931697
0.239440 0.931697
0.239540 0.931697
0.239640 0.931697
0.239740 0.931697
0.239840 0.931576
0.239939 0.931456
0.240039 0.931456
0.240139 0.931456
0.240239 0.931456
0.240339 0.931335
0.240439 0.931214
0.240539 0.931093
0.240639 0.931093
0.240739 0.930972
0.240839 0.930972
0.240938 0.930972
0.241038 0.930972
0.241138 0.930972
0.241238 0.930851
0.241338 0.930851
0.241438 0.930730
0.241538 0.930609
0.241638 0.930609
0.241738 0.930609
0.241837 0.930488
0.241937 0.930488
0.242037 0.930488
0.242137 0.930488
0.242237 0.930488
0.242337 0.930488
0.242437 0.930488
0.242537 0.930488
0.242637 0.930488
0.242737 0.930368
0.242836 0.930368
0.242936 0.930368
0.243036 0.930368
0.243136 0.930368
0.243236 0.930126
0.243336 0.930126
0.243436 0.930126
0.243536 0.930126
0.243636 0.930005
0.243735 0.930005
0.243835 0.930005
0.243935 0.930005
0.244035 0.930005
0.244135 0.929884
0.244235 0.929884
0.244335 0.929884
0.244435 0.929642
0.244535 0.929642
0.244635 0.929642
0.244734 0.929521
0.244834 0.929400
0.244934 0.929400
0.245034 0.929400
0.245134 0.929400
0.245234 0.929400
0.245334 0.929400
0.245434 0.929279
0.245534 0.929279
0.245634 0.929159
0.245733 0.929038
0.245833 0.929038
0.245933 0.929038
0.246033 0.928796
0.246133 0.928675
0.246233 0.928675
0.246333 0.928675
0.246433 0.928675
0.246533 0.928675
0.246632 0.928675
0.246732 0.928554
0.246832 0.928554
0.246932 0.928554
0.247032 0.928554
0.247132 0.928554
0.247232 0.928312
0.247332 0.928312
0.247432 0.928312
0.247532 0.928312
0.247631 0.928312
0.247731 0.928191
0.247831 0.927950
0.247931 0.927950
0.248031 0.927829
0.248131 0.927466
0.248231 0.927345
0.248331 0.927345
0.248431 0.927345
0.248531 0.927345
0.248630 0.927345
0.248730 0.927345
0.248830 0.927224
0.248930 0.927224
0.249030 0.927103
0.249130 0.927103
0.249230 0.927103
0.249330 0.926862
0.249430 0.926862
0.249529 0.926741
0.249629 0.926741
0.249729 0.926741
0.249829 0.926741
0.249929 0.926741
0.250029 0.926620
0.250129 0.926620
0.250229 0.926620
0.250329 0.926620
0.250429 0.926620
0.250528 0.926620
0.250628 0.926499
0.250728 0.926378
0.250828 0.926257
0.250928 0.926015
0.251028 0.926015
0.251128 0.925895
0.251228 0.925653
0.251328 0.925653
0.251428 0.925653
0.251527 0.925411
0.251627 0.925411
0.251727 0.925290
0.251827 0.925290
0.251927 0.925290
0.252027 0.925290
0.252127 0.925290
0.252227 0.925048
0.252327 0.925048
0.252426 0.924927
0.252526 0.924927
0.252626 0.924807
0.252726 0.924807
0.252826 0.924686
0.252926 0.924686
0.253026 0.924686
0.253126 0.924686
0.253226 0.924686
0.253326 0.924565
0.253425 0.924565
0.253525 0.924444
0.253625 0.924444
0.253725 0.924323
0.253825 0.924323
0.253925 0.924323
0.254025 0.924323
0.254125 0.924323
0.254225 0.924323
0.254324 0.924323
0.254424 0.924202
0.254524 0.924202
0.254624 0.924202
0.254724 0.924081
0.254824 0.923960
0.254924 0.923960
0.255024 0.923960
0.255124 0.923719
0.255224 0.923719
0.255323 0.923598
0.255423 0.923598
0.255523 0.923598
0.255623 0.923477
0.255723 0.923477
0.255823 0.923477
0.255923 0.923477
0.256023 0.923477
0.256123 0.923477
0.256223 0.923477
0.256322 0.923477
0.256422 0.923477
0.256522 0.923477
0.256622 0.923477
0.256722 0.923356
0.256822 0.923235
0.256922 0.923114
0.257022 0.923114
0.257122 0.923114
0.257221 0.923114
0.257321 0.923114
0.257421 0.922993
0.257521 0.922993
0.257621 0.922872
0.257721 0.922751
0.257821 0.922751
0.257921 0.922631
0.258021 0.922631
0.258121 0.922631
0.258220 0.922510
0.258320 0.922510
0.258420 0.922268
0.258520 0.922268
0.258620 0.922268
0.258720 0.922268
0.258820 0.922147
0.258920 0.922026
0.259020 0.921784
0.259120 0.921663
0.259219 0.921422
0.259319 0.921422
0.259419 0.921422
0.259519 0.921422
0.259619 0.921301
0.259719 0.921301
0.259819 0.921180
0.259919 0.921180
0.260019 0.920938
0.260118 0.920938
0.260218 0.920938
0.260318 0.920817
0.260418 0.920696
0.260518 0.920696
0.260618 0.920696
0.260718 0.920696
0.260818 0.920575
0.260918 0.920575
0.261018 0.920575
0.261117 0.920575
0.261217 0.920575
0.261317 0.920575
0.261417 0.920575
0.261517 0.920334
0.261617 0.920092
0.261717 0.920092
0.261817 0.919729
0.261917 0.919729
0.262017 0.919729
0.262116 0.919608
0.262216 0.919487
0.262316 0.919367
0.262416 0.919367
0.262516 0.919367
0.262616 0.919367
0.262716 0.919246
0.262816 0.919125
0.262916 0.919004
0.263015 0.919004
0.263115 0.919004
0.263215 0.919004
0.263315 0.919004
0.263415 0.919004
0.263515 0.919004
0.263615 0.918883
0.263715 0.918883
0.263815 0.918883
0.263915 0.918641
0.264014 0.918641
0.264114 0.918520
0.264214 0.918520
0.264314 0.918520
0.264414 0.918399
0.264514 0.918399
0.264614 0.918399
0.264714 0.918279
0.264814 0.918158
0.264913 0.918158
0.265013 0.918037
0.265113 0.917795
0.265213 0.917674
0.265313 0.917674
0.265413 0.917553
0.265513 0.917553
0.265613 0.917311
0.265713 0.917311
0.265813 0.917191
0.265912 0.917191
0.266012 0.917191
0.266112 0.917191
0.266212 0.917191
0.266312 0.917191
0.266412 0.917070
0.266512 0.917070
0.266612 0.916949
0.266712 0.916949
0.266812 0.916707
0.266911 0.916586
0.267011 0.916586
0.267111 0.916586
0.267211 0.916586
0.267311 0.916465
0.267411 0.916223
0.267511 0.916223
0.267611 0.916103
0.267711 0.916103
0.267810 0.915982
0.267910 0.915982
0.268010 0.915982
0.268110 0.915982
0.268210 0.915740
0.268310 0.915740
0.268410 0.915740
0.268510 0.915740
0.268610 0.915619
0.268710 0.915498
0.268809 0.915498
0.268909 0.915498
0.269009 0.915377
0.269109 0.915256
0.269209 0.915256
0.269309 0.915256
0.269409 0.915135
0.269509 0.915015
0.269609 0.915015
0.269709 0.915015
0.269808 0.915015
0.269908 0.914894
0.270008 0.914894
0.270108 0.914773
0.270208 0.914652
0.270308 0.914652
0.270408 0.914652
0.270508 0.914652
0.270608 0.914531
0.270707 0.914531
0.270807 0.914531
0.270907 0.914410
0.271007 0.914289
0.271107 0.914168
0.271207 0.914168
0.271307 0.914168
0.271407 0.914168
0.271507 0.914168
0.271607 0.914168
0.271706 0.914168
0.271806 0.914047
0.271906 0.913926
0.272006 0.913926
0.272106 0.913926
0.272206 0.913926
0.272306 0.913926
0.272406 0.913806
0.272506 0.913685
0.272605 0.913685
0.272705 0.913564
0.272805 0.913564
0.272905 0.913564
0.273005 0.913564
0.273105 0.913443
0.273205 0.913443
0.273305 0.913322
0.273405 0.913080
0.273505 0.912959
0.273604 0.912959
0.273704 0.912959
0.273804 0.912838
0.273904 0.912838
0.274004 0.912838
0.274104 0.912838
0.274204 0.912718
0.274304 0.912718
0.274404 0.912718
0.274504 0.912597
0.274603 0.912476
0.274703 0.912476
0.274803 0.912476
0.274903 0.912476
0.275003 0.912355
0.275103 0.912355
0.275203 0.912355
0.275303 0.912355
0.275403 0.912355
0.275502 0.912355
0.275602 0.912355
0.275702 0.912355
0.275802 0.912355
0.275902 0.912355
0.276002 0.912234
0.276102 0.912234
0.276202 0.912234
0.276302 0.912234
0.276402 0.912234
0.276501 0.912234
0.276601 0.912113
0.276701 0.912113
0.276801 0.911871
0.276901 0.911750
0.277001 0.911750
0.277101 0.911750
0.277201 0.911750
0.277301 0.911750
0.277401 0.911509
0.277500 0.911388
0.277600 0.911267
0.277700 0.911146
0.277800 0.911025
0.277900 0.911025
0.278000 0.911025
0.278100 0.911025
0.278200 0.910904
0.278300 0.910904
0.278399 0.910904
0.278499 0.910904
0.278599 0.910904
0.278699 0.910783
0.278799 0.910783
0.278899 0.910783
0.278999 0.910783
0.279099 0.910662
0.279199 0.910421
0.279299 0.910421
0.279398 0.910421
0.279498 0.910421
0.279598 0.910421
0.279698 0.910300
0.279798 0.910179
0.279898 0.909937
0.279998 0.909816
0.280098 0.909816
0.280198 0.909695
0.280298 0.909574
0.280397 0.909454
0.280497 0.909454
0.280597 0.909333
0.280697 0.909333
0.280797 0.909333
0.280897 0.909212
0.280997 0.909212
0.281097 0.909091
0.281197 0.909091
0.281296 0.909091
0.281396 0.909091
0.281496 0.908970
0.281596 0.908970
0.281696 0.908970
0.281796 0.908970
0.281896 0.908849
0.281996 0.908849
0.282096 0.908849
0.282196 0.908849
0.282295 0.908849
0.282395 0.908849
0.282495 0.908849
0.282595 0.908607
0.282695 0.908486
0.282795 0.908486
0.282895 0.908245
0.282995 0.908245
0.283095 0.908245
0.283194 0.908245
0.283294 0.908245
0.283394 0.908003
0.283494 0.907761
0.283594 0.907761
0.283694 0.907761
0.283794 0.907761
0.283894 0.907761
0.283994 0.907640
0.284094 0.907640
0.284193 0.907640
0.284293 0.907640
0.284393 0.907519
0.284493 0.907398
0.284593 0.907278
0.284693 0.907036
0.284793 0.906794
0.284893 0.906794
0.284993 0.906673
0.285093 0.906673
0.285192 0.906673
0.285292 0.906673
0.285392 0.906673
0.285492 0.906673
0.285592 0.906673
0.285692 0.906673
0.285792 0.906673
0.285892 0.906673
0.285992 0.906552
0.286091 0.906310
0.286191 0.906069
0.286291 0.906069
0.286391 0.905827
0.286491 0.905827
0.286591 0.905827
0.286691 0.905706
0.286791 0.905706
0.286891 0.905706
0.286991 0.905706
0.287090 0.905585
0.287190 0.905585
0.287290 0.905343
0.287390 0.905222
0.287490 0.905102
0.287590 0.905102
0.287690 0.905102
0.287790 0.904981
0.287890 0.904860
0.287990 0.904618
0.288089 0.904255
0.288189 0.904255
0.288289 0.904255
0.288389 0.904255
0.288489 0.904255
0.288589 0.904134
0.288689 0.904134
0.288789 0.904134
0.288889 0.904134
0.288988 0.903772
0.289088 0.903530
0.289188 0.903409
0.289288 0.903409
0.289388 0.903288
0.289488 0.903288
0.289588 0.903288
0.289688 0.903288
0.289788 0.903288
0.289888 0.903288
0.289987 0.903167
0.290087 0.903167
0.290187 0.903046
0.290287 0.903046
0.290387 0.903046
0.290487 0.903046
0.290587 0.903046
0.290687 0.903046
0.290787 0.903046
0.290887 0.903046
0.290986 0.903046
0.291086 0.903046
0.291186 0.903046
0.291286 0.902684
0.291386 0.902563
0.291486 0.902563
0.291586 0.902563
0.291686 0.902563
0.291786 0.902563
0.291885 0.902563
0.291985 0.902200
0.292085 0.902079
0.292185 0.902079
0.292285 0.902079
0.292385 0.902079
0.292485 0.901958
0.292585 0.901958
0.292685 0.901838
0.292785 0.901838
0.292884 0.901596
0.292984 0.901354
0.293084 0.901354
0.293184 0.901354
0.293284 0.901112
0.293384 0.901112
0.293484 0.901112
0.293584 0.901112
0.293684 0.900870
0.293783 0.900629
0.293883 0.900508
0.293983 0.900508
0.294083 0.900508
0.294183 0.900508
0.294283 0.900508
0.294383 0.900266
0.294483 0.899903
0.294583 0.899782
0.294683 0.899782
0.294782 0.899782
0.294882 0.899782
0.294982 0.899782
0.295082 0.899782
0.295182 0.899662
0.295282 0.899662
0.295382 0.899541
0.295482 0.899541
0.295582 0.899420
0.295682 0.899420
0.295781 0.899420
0.295881 0.899178
0.295981 0.898936
0.296081 0.898936
0.296181 0.898936
0.296281 0.898936
0.296381 0.898936
0.296481 0.898815
0.296581 0.898694
0.296680 0.898694
0.296780 0.898694
0.296880 0.898574
0.296980 0.898574
0.297080 0.898453
0.297180 0.898211
0.297280 0.898090
0.297380 0.898090
0.297480 0.898090
0.297580 0.897969
0.297679 0.897848
0.297779 0.897606
0.297879 0.897606
0.297979 0.897485
0.298079 0.897244
0.298179 0.897123
0.298279 0.897123
0.298379 0.896760
0.298479 0.896760
0.298579 0.896760
0.298678 0.896639
0.298778 0.896639
0.298878 0.896639
0.298978 0.896639
0.299078 0.896639
0.299178 0.896639
0.299278 0.896397
0.299378 0.896277
0.299478 0.896156
0.299577 0.896156
0.299677 0.896156
0.299777 0.896035
0.299877 0.895914
0.299977 0.895914
0.300077 0.895914
0.300177 0.895914
0.300277 0.895914
0.300377 0.895793
0.300477 0.895672
0.300576 0.895672
0.300676 0.895672
0.300776 0.895430
0.300876 0.895309
0.300976 0.895189
0.301076 0.895189
0.301176 0.895189
0.301276 0.895189
0.301376 0.895068
0.301475 0.895068
0.301575 0.895068
0.301675 0.895068
0.301775 0.894947
0.301875 0.894826
0.301975 0.894705
0.302075 0.894705
0.302175 0.894463
0.302275 0.894463
0.302375 0.894463
0.302474 0.894221
0.302574 0.894101
0.302674 0.893980
0.302774 0.893980
0.302874 0.893980
0.302974 0.893738
0.303074 0.893738
0.303174 0.893738
0.303274 0.893617
0.303374 0.893617
0.303473 0.893496
0.303573 0.893496
0.303673 0.893496
0.303773 0.893375
0.303873 0.893254
0.303973 0.893254
0.304073 0.893133
0.304173 0.893133
0.304273 0.893133
0.304372 0.893133
0.304472 0.892892
0.304572 0.892892
0.304672 0.892892
0.304772 0.892892
0.304872 0.892892
0.304972 0.892892
0.305072 0.892771
0.305172 0.892650
0.305272 0.892650
0.305371 0.892650
0.305471 0.892529
0.305571 0.892529
0.305671 0.892529
0.305771 0.892529
0.305871 0.892287
0.305971 0.892287
0.306071 0.892287
0.306171 0.892166
0.306271 0.892045
0.306370 0.892045
0.306470 0.891925
0.306570 0.891925
0.306670 0.891925
0.306770 0.891804
0.306870 0.891683
0.306970 0.891683
0.307070 0.891683
0.307170 0.891562
0.307269 0.891562
0.307369 0.891562
0.307469 0.891441
0.307569 0.891441
0.307669 0.891441
0.307769 0.891441
0.307869 0.891199
0.307969 0.890957
0.308069 0.890716
0.308169 0.890716
0.308268 0.890474
0.308368 0.890353
0.308468 0.890353
0.308568 0.890353
0.308668 0.889869
0.308768 0.889869
0.308868 0.889869
0.308968 0.889749
0.309068 0.889749
0.309168 0.889749
0.309267 0.889507
0.309367 0.889386
0.309467 0.889386
0.309567 0.889386
0.309667 0.889386
0.309767 0.889386
0.309867 0.889265
0.309967 0.889265
0.310067 0.889265
0.310166 0.889265
0.310266 0.889144
0.310366 0.888902
0.310466 0.888781
0.310566 0.888781
0.310666 0.888661
0.310766 0.888540
0.310866 0.888540
0.310966 0.888540
0.311066 0.888540
0.311165 0.888298
0.311265 0.888298
0.311365 0.888298
0.311465 0.888298
0.311565 0.888298
0.311665 0.888298
0.311765 0.888177
0.311865 0.888056
0.311965 0.888056
0.312064 0.887814
0.312164 0.887693
0.312264 0.887573
0.312364 0.887573
0.312464 0.887210
0.312564 0.887210
0.312664 0.887089
0.312764 0.887089
0.312864 0.886968
0.312964 0.886968
0.313063 0.886968
0.313163 0.886847
0.313263 0.886847
0.313363 0.886726
0.313463 0.886605
0.313563 0.886605
0.313663 0.886605
0.313763 0.886605
0.313863 0.886605
0.313963 0.886605
0.314062 0.886364
0.314162 0.886364
0.314262 0.886364
0.314362 0.886243
0.314462 0.886122
0.314562 0.885880
0.314662 0.885759
0.314762 0.885759
0.314862 0.885759
0.314961 0.885759
0.315061 0.885759
0.315161 0.885517
0.315261 0.885517
0.315361 0.885397
0.315461 0.885276
0.315561 0.885155
0.315661 0.885155
0.315761 0.885155
0.315861 0.884913
0.315960 0.884913
0.316060 0.884792
0.316160 0.884671
0.316260 0.884550
0.316360 0.884550
0.316460 0.884429
0.316560 0.884429
0.316660 0.884429
0.316760 0.884429
0.316860 0.884429
0.316959 0.884309
0.317059 0.884309
0.317159 0.883946
0.317259 0.883825
0.317359 0.883825
0.317459 0.883825
0.317559 0.883704
0.317659 0.883583
0.317759 0.883583
0.317858 0.883462
0.317958 0.883462
0.318058 0.883221
0.318158 0.883221
0.318258 0.883221
0.318358 0.883221
0.318458 0.883221
0.318558 0.883221
0.318658 0.883100
0.318758 0.883100
0.318857 0.883100
0.318957 0.883100
0.319057 0.883100
0.319157 0.883100
0.319257 0.883100
0.319357 0.882979
0.319457 0.882979
0.319557 0.882979
0.319657 0.882979
0.319757 0.882858
0.319856 0.882858
0.319956 0.882737
0.320056 0.882737
0.320156 0.882737
0.320256 0.882616
0.320356 0.882495
0.320456 0.882495
0.320556 0.882495
0.320656 0.882374
0.320755 0.882253
0.320855 0.882253
0.320955 0.882132
0.321055 0.882012
0.321155 0.881891
0.321255 0.881649
0.321355 0.881649
0.321455 0.881649
0.321555 0.881649
0.321655 0.881649
0.321754 0.881528
0.321854 0.881407
0.321954 0.881407
0.322054 0.881407
0.322154 0.881165
0.322254 0.881165
0.322354 0.881165
0.322454 0.881165
0.322554 0.881165
0.322653 0.881165
0.322753 0.881044
0.322853 0.881044
0.322953 0.880924
0.323053 0.880803
0.323153 0.880803
0.323253 0.880803
0.323353 0.880803
0.323453 0.880682
0.323553 0.880561
0.323652 0.880561
0.323752 0.880440
0.323852 0.880319
0.323952 0.880319
0.324052 0.880319
0.324152 0.880198
0.324252 0.879956
0.324352 0.879956
0.324452 0.879956
0.324552 0.879836
0.324651 0.879715
0.324751 0.879352
0.324851 0.879231
0.324951 0.879110
0.325051 0.879110
0.325151 0.879110
0.325251 0.878868
0.325351 0.878748
0.325451 0.878748
0.325550 0.878748
0.325650 0.878748
0.325750 0.878627
0.325850 0.878506
0.325950 0.878385
0.326050 0.878385
0.326150 0.878385
0.326250 0.878385
0.326350 0.878385
0.326450 0.878264
0.326549 0.878264
0.326649 0.878264
0.326749 0.878264
0.326849 0.878143
0.326949 0.877901
0.327049 0.877901
0.327149 0.877901
0.327249 0.877901
0.327349 0.877901
0.327449 0.877901
0.327548 0.877901
0.327648 0.877780
0.327748 0.877780
0.327848 0.877660
0.327948 0.877539
0.328048 0.877539
0.328148 0.877539
0.328248 0.877539
0.328348 0.877539
0.328447 0.877539
0.328547 0.877418
0.328647 0.877176
0.328747 0.877176
0.328847 0.877176
0.328947 0.877176
0.329047 0.877176
0.329147 0.877055
0.329247 0.876813
0.329347 0.876813
0.329446 0.876692
0.329546 0.876692
0.329646 0.876692
0.329746 0.876692
0.329846 0.876692
0.329946 0.876451
0.330046 0.876451
0.330146 0.876451
0.330246 0.876451
0.330345 0.876330
0.330445 0.876330
0.330545 0.876330
0.330645 0.876330
0.330745 0.876330
0.330845 0.876209
0.330945 0.876088
0.331045 0.876088
0.331145 0.876088
0.331245 0.876088
0.331344 0.875967
0.331444 0.875846
0.331544 0.875604
0.331644 0.875604
0.331744 0.875484
0.331844 0.875363
0.331944 0.875242
0.332044 0.875242
0.332144 0.875242
0.332244 0.875121
0.332343 0.875000
0.332443 0.874879
0.332543 0.874758
0.332643 0.874758
0.332743 0.874637
0.332843 0.874516
0.332943 0.874516
0.333043 0.874275
0.333143 0.874275
0.333242 0.874275
0.333342 0.874154
0.333442 0.874033
0.333542 0.873912
0.333642 0.873912
0.333742 0.873912
0.333842 0.873912
0.333942 0.873912
0.334042 0.873912
0.334142 0.873670
0.334241 0.873428
0.334341 0.873187
0.334441 0.873187
0.334541 0.873187
0.334641 0.873066
0.334741 0.872945
0.334841 0.872824
0.334941 0.872824
0.335041 0.872703
0.335141 0.872461
0.335240 0.872340
0.335340 0.872220
0.335440 0.872099
0.335540 0.872099
0.335640 0.872099
0.335740 0.872099
0.335840 0.871978
0.335940 0.871978
0.336040 0.871978
0.336139 0.871978
0.336239 0.871978
0.336339 0.871978
0.336439 0.871736
0.336539 0.871615
0.336639 0.871494
0.336739 0.871252
0.336839 0.871132
0.336939 0.871011
0.337039 0.871011
0.337138 0.871011
0.337238 0.871011
0.337338 0.871011
0.337438 0.870890
0.337538 0.870890
0.337638 0.870890
0.337738 0.870769
0.337838 0.870769
0.337938 0.870648
0.338038 0.870527
0.338137 0.870406
0.338237 0.870406
0.338337 0.870406
0.338437 0.870164
0.338537 0.870164
0.338637 0.869923
0.338737 0.869923
0.338837 0.869681
0.338937 0.869681
0.339036 0.869560
0.339136 0.869439
0.339236 0.869439
0.339336 0.869439
0.339436 0.869439
0.339536 0.869318
0.339636 0.869197
0.339736 0.869197
0.339836 0.869197
0.339936 0.868956
0.340035 0.868956
0.340135 0.868956
0.340235 0.868956
0.340335 0.868835
0.340435 0.868714
0.340535 0.868593
0.340635 0.868351
0.340735 0.868351
0.340835 0.868351
0.340934 0.868109
0.341034 0.868109
0.341134 0.868109
0.341234 0.868109
0.341334 0.867988
0.341434 0.867868
0.341534 0.867868
0.341634 0.867747
0.341734 0.867747
0.341834 0.867626
0.341933 0.867626
0.342033 0.867505
0.342133 0.867384
0.342233 0.867384
0.342333 0.867263
0.342433 0.867021
0.342533 0.867021
0.342633 0.867021
0.342733 0.867021
0.342833 0.867021
0.342932 0.866779
0.343032 0.866779
0.343132 0.866779
0.343232 0.866779
0.343332 0.866417
0.343432 0.866417
0.343532 0.866417
0.343632 0.866417
0.343732 0.866296
0.343831 0.866296
0.343931 0.866296
0.344031 0.866175
0.344131 0.866054
0.344231 0.866054
0.344331 0.865933
0.344431 0.865933
0.344531 0.865691
0.344631 0.865691
0.344731 0.865691
0.344830 0.865691
0.344930 0.865571
0.345030 0.865450
0.345130 0.865329
0.345230 0.865329
0.345330 0.865087
0.345430 0.865087
0.345530 0.864966
0.345630 0.864845
0.345730 0.864845
0.345829 0.864845
0.345929 0.864724
0.346029 0.864724
0.346129 0.864724
0.346229 0.864724
0.346329 0.864603
0.346429 0.864483
0.346529 0.864241
0.346629 0.864241
0.346728 0.864241
0.346828 0.864241
0.346928 0.864241
0.347028 0.864241
0.347128 0.864241
0.347228 0.863999
0.347328 0.863878
0.347428 0.863515
0.347528 0.863274
0.347628 0.863032
0.347727 0.863032
0.347827 0.863032
0.347927 0.863032
0.348027 0.863032
0.348127 0.863032
0.348227 0.863032
0.348327 0.863032
0.348427 0.863032
0.348527 0.863032
0.348627 0.863032
0.348726 0.863032
0.348826 0.862911
0.348926 0.862790
0.349026 0.862669
0.349126 0.862669
0.349226 0.862427
0.349326 0.862427
0.349426 0.862427
0.349526 0.862427
0.349625 0.862307
0.349725 0.862065
0.349825 0.861944
0.349925 0.861823
0.350025 0.861823
0.350125 0.861702
0.350225 0.861702
0.350325 0.861702
0.350425 0.861702
0.350525 0.861702
0.350624 0.861460
0.350724 0.861460
0.350824 0.861339
0.350924 0.861098
0.351024 0.861098
0.351124 0.861098
0.351224 0.861098
0.351324 0.860977
0.351424 0.860856
0.351523 0.860735
0.351623 0.860614
0.351723 0.860493
0.351823 0.860372
0.351923 0.860131
0.352023 0.860010
0.352123 0.860010
0.352223 0.860010
0.352323 0.860010
0.352423 0.860010
0.352522 0.859889
0.352622 0.859647
0.352722 0.859526
0.352822 0.859526
0.352922 0.859405
0.353022 0.859405
0.353122 0.859405
0.353222 0.859405
0.353322 0.859163
0.353422 0.859163
0.353521 0.859163
0.353621 0.858922
0.353721 0.858801
0.353821 0.858680
0.353921 0.858680
0.354021 0.858680
0.354121 0.858680
0.354221 0.858559
0.354321 0.858438
0.354420 0.858317
0.354520 0.858317
0.354620 0.858317
0.354720 0.858196
0.354820 0.858196
0.354920 0.858075
0.355020 0.857955
0.355120 0.857955
0.355220 0.857955
0.355320 0.857955
0.355419 0.857955
0.355519 0.857955
0.355619 0.857713
0.355719 0.857592
0.355819 0.857471
0.355919 0.857471
0.356019 0.857350
0.356119 0.857229
0.356219 0.856987
0.356319 0.856867
0.356418 0.856746
0.356518 0.856383
0.356618 0.856262
0.356718 0.856141
0.356818 0.856141
0.356918 0.855899
0.357018 0.855899
0.357118 0.855899
0.357218 0.855779
0.357317 0.855779
0.357417 0.855779
0.357517 0.855779
0.357617 0.855779
0.357717 0.855779
0.357817 0.855779
0.357917 0.855658
0.358017 0.855537
0.358117 0.855416
0.358217 0.855416
0.358316 0.855295
0.358416 0.855053
0.358516 0.854932
0.358616 0.854811
0.358716 0.854691
0.358816 0.854570
0.358916 0.854570
0.359016 0.854570
0.359116 0.854570
0.359215 0.854570
0.359315 0.854570
0.359415 0.854570
0.359515 0.854328
0.359615 0.854207
0.359715 0.854086
0.359815 0.854086
0.359915 0.853965
0.360015 0.853965
0.360115 0.853965
0.360214 0.853965
0.360314 0.853844
0.360414 0.853844
0.360514 0.853723
0.360614 0.853603
0.360714 0.853603
0.360814 0.853361
0.360914 0.853361
0.361014 0.853361
0.361114 0.853240
0.361213 0.853240
0.361313 0.853240
0.361413 0.853240
0.361513 0.853240
0.361613 0.853240
0.361713 0.853240
0.361813 0.853119
0.361913 0.853119
0.362013 0.853119
0.362112 0.853119
0.362212 0.853119
0.362312 0.852998
0.362412 0.852998
0.362512 0.852998
0.362612 0.852998
0.362712 0.852998
0.362812 0.852998
0.362912 0.852877
0.363012 0.852756
0.363111 0.852635
0.363211 0.852635
0.363311 0.852635
0.363411 0.852273
0.363511 0.852031
0.363611 0.851668
0.363711 0.851668
0.363811 0.851668
0.363911 0.851426
0.364011 0.851426
0.364110 0.851306
0.364210 0.851306
0.364310 0.851306
0.364410 0.851306
0.364510 0.851185
0.364610 0.851185
0.364710 0.851185
0.364810 0.851064
0.364910 0.850943
0.365009 0.850701
0.365109 0.850701
0.365209 0.850580
0.365309 0.850580
0.365409 0.850580
0.365509 0.850580
0.365609 0.850459
0.365709 0.850459
0.365809 0.850338
0.365909 0.850338
0.366008 0.850218
0.366108 0.850218
0.366208 0.850097
0.366308 0.850097
0.366408 0.849976
0.366508 0.849855
0.366608 0.849734
0.366708 0.849613
0.366808 0.849492
0.366908 0.849371
0.367007 0.849371
0.367107 0.849250
0.367207 0.849250
0.367307 0.849250
0.367407 0.849250
0.367507 0.849250
0.367607 0.849250
0.367707 0.849130
0.367807 0.848888
0.367906 0.848767
0.368006 0.848767
0.368106 0.848767
0.368206 0.848646
0.368306 0.848283
0.368406 0.848283
0.368506 0.848162
0.368606 0.848162
0.368706 0.848162
0.368806 0.848042
0.368905 0.848042
0.369005 0.847921
0.369105 0.847800
0.369205 0.847800
0.369305 0.847679
0.369405 0.847679
0.369505 0.847679
0.369605 0.847679
0.369705 0.847679
0.369804 0.847679
0.369904 0.847558
0.370004 0.847437
0.370104 0.847316
0.370204 0.847316
0.370304 0.847195
0.370404 0.847074
0.370504 0.846954
0.370604 0.846833
0.370704 0.846712
0.370803 0.846470
0.370903 0.846470
0.371003 0.846470
0.371103 0.846107
0.371203 0.845986
0.371303 0.845986
0.371403 0.845866
0.371503 0.845745
0.371603 0.845624
0.371703 0.845624
0.371802 0.845624
0.371902 0.845624
0.372002 0.845624
0.372102 0.845624
0.372202 0.845624
0.372302 0.845503
0.372402 0.845503
0.372502 0.845503
0.372602 0.845382
0.372701 0.845261
0.372801 0.845261
0.372901 0.845261
0.373001 0.845261
0.373101 0.845140
0.373201 0.845140
0.373301 0.845140
0.373401 0.844898
0.373501 0.844657
0.373601 0.844657
0.373700 0.844536
0.373800 0.844415
0.373900 0.844415
0.374000 0.844173
0.374100 0.844173
0.374200 0.844052
0.374300 0.844052
0.374400 0.844052
0.374500 0.843931
0.374600 0.843931
0.374699 0.843931
0.374799 0.843931
0.374899 0.843810
0.374999 0.843690
0.375099 0.843569
0.375199 0.843327
0.375299 0.843327
0.375399 0.843327
0.375499 0.843327
0.375598 0.843206
0.375698 0.843206
0.375798 0.843206
0.375898 0.843206
0.375998 0.843206
0.376098 0.842964
0.376198 0.842964
0.376298 0.842843
0.376398 0.842602
0.376498 0.842602
0.376597 0.842602
0.376697 0.842602
0.376797 0.842602
0.376897 0.842481
0.376997 0.842360
0.377097 0.842360
0.377197 0.842239
0.377297 0.842239
0.377397 0.842118
0.377497 0.841876
0.377596 0.841755
0.377696 0.841634
0.377796 0.841514
0.377896 0.841514
0.377996 0.841393
0.378096 0.841272
0.378196 0.841272
0.378296 0.841272
0.378396 0.841272
0.378495 0.841151
0.378595 0.841030
0.378695 0.840788
0.378795 0.840667
0.378895 0.840667
0.378995 0.840546
0.379095 0.840426
0.379195 0.840305
0.379295 0.840184
0.379395 0.840184
0.379494 0.840184
0.379594 0.840184
0.379694 0.840184
0.379794 0.840063
0.379894 0.839700
0.379994 0.839700
0.380094 0.839700
0.380194 0.839579
0.380294 0.839579
0.380393 0.839579
0.380493 0.839458
0.380593 0.839458
0.380693 0.839217
0.380793 0.839217
0.380893 0.839096
0.380993 0.839096
0.381093 0.839096
0.381193 0.839096
0.381293 0.838975
0.381392 0.838975
0.381492 0.838733
0.381592 0.838612
0.381692 0.838612
0.381792 0.838491
0.381892 0.838370
0.381992 0.838250
0.382092 0.838250
0.382192 0.838250
0.382292 0.838008
0.382391 0.837887
0.382491 0.837887
0.382591 0.837766
0.382691 0.837766
0.382791 0.837766
0.382891 0.837766
0.382991 0.837645
0.383091 0.837645
0.383191 0.837645
0.383290 0.837524
0.383390 0.837524
0.383490 0.837403
0.383590 0.837282
0.383690 0.837041
0.383790 0.837041
0.383890 0.837041
0.383990 0.836920
0.384090 0.836920
0.384190 0.836920
0.384289 0.836799
0.384389 0.836799
0.384489 0.836799
0.384589 0.836799
0.384689 0.836799
0.384789 0.836557
0.384889 0.836557
0.384989 0.836436
0.385089 0.836436
0.385189 0.836315
0.385288 0.836194
0.385388 0.836074
0.385488 0.836074
0.385588 0.836074
0.385688 0.836074
0.385788 0.836074
0.385888 0.836074
0.385988 0.835953
0.386088 0.835953
0.386187 0.835953
0.386287 0.835711
0.386387 0.835469
0.386487 0.835469
0.386587 0.835227
0.386687 0.835227
0.386787 0.834985
0.386887 0.834985
0.386987 0.834985
0.387087 0.834985
0.387186 0.834744
0.387286 0.834744
0.387386 0.834744
0.387486 0.834623
0.387586 0.834502
0.387686 0.834139
0.387786 0.833777
0.387886 0.833293
0.387986 0.833172
0.388085 0.833172
0.388185 0.833172
0.388285 0.833172
0.388385 0.833172
0.388485 0.833172
0.388585 0.833172
0.388685 0.833051
0.388785 0.832930
0.388885 0.832930
0.388985 0.832930
0.389084 0.832930
0.389184 0.832809
0.389284 0.832809
0.389384 0.832809
0.389484 0.832689
0.389584 0.832568
0.389684 0.832568
0.389784 0.832568
0.389884 0.832326
0.389984 0.832326
0.390083 0.832205
0.390183 0.832205
0.390283 0.832084
0.390383 0.831721
0.390483 0.831721
0.390583 0.831721
0.390683 0.831721
0.390783 0.831721
0.390883 0.831721
0.390982 0.831721
0.391082 0.831601
0.391182 0.831601
0.391282 0.831601
0.391382 0.831601
0.391482 0.831601
0.391582 0.831480
0.391682 0.831359
0.391782 0.831238
0.391882 0.831238
0.391981 0.831117
0.392081 0.831117
0.392181 0.831117
0.392281 0.830875
0.392381 0.830754
0.392481 0.830633
0.392581 0.830633
0.392681 0.830633
0.392781 0.830633
0.392881 0.830633
0.392980 0.830633
0.393080 0.830392
0.393180 0.830271
0.393280 0.830271
0.393380 0.830150
0.393480 0.830150
0.393580 0.829908
0.393680 0.829787
0.393780 0.829787
0.393879 0.829787
0.393979 0.829666
0.394079 0.829425
0.394179 0.829183
0.394279 0.829183
0.394379 0.829062
0.394479 0.828941
0.394579 0.828941
0.394679 0.828941
0.394779 0.828941
0.394878 0.828941
0.394978 0.828820
0.395078 0.828820
0.395178 0.828578
0.395278 0.828457
0.395378 0.828337
0.395478 0.828216
0.395578 0.828095
0.395678 0.828095
0.395778 0.828095
0.395877 0.828095
0.395977 0.828095
0.396077 0.827853
0.396177 0.827611
0.396277 0.827611
0.396377 0.827611
0.396477 0.827611
0.396577 0.827611
0.396677 0.827611
0.396776 0.827490
0.396876 0.827490
0.396976 0.827369
0.397076 0.827369
0.397176 0.827369
0.397276 0.827369
0.397376 0.827249
0.397476 0.827249
0.397576 0.827007
0.397676 0.826886
0.397775 0.826886
0.397875 0.826886
0.397975 0.826765
0.398075 0.826765
0.398175 0.826765
0.398275 0.826644
0.398375 0.826644
0.398475 0.826644
0.398575 0.826644
0.398674 0.826523
0.398774 0.826523
0.398874 0.826040
0.398974 0.825919
0.399074 0.825919
0.399174 0.825919
0.399274 0.825919
0.399374 0.825919
0.399474 0.825556
0.399574 0.825556
0.399673 0.825435
0.399773 0.825314
0.399873 0.825193
0.399973 0.825193
0.400073 0.825073
0.400173 0.824831
0.400273 0.824831
0.400373 0.824831
0.400473 0.824589
0.400573 0.824589
0.400672 0.824347
0.400772 0.824105
0.400872 0.823985
0.400972 0.823985
0.401072 0.823743
0.401172 0.823622
0.401272 0.823501
0.401372 0.823501
0.401472 0.823501
0.401571 0.823138
0.401671 0.823138
0.401771 0.823138
0.401871 0.823017
0.401971 0.822776
0.402071 0.822655
0.402171 0.822655
0.402271 0.822655
0.402371 0.822655
0.402471 0.822534
0.402570 0.822413
0.402670 0.822292
0.402770 0.822050
0.402870 0.822050
0.402970 0.822050
0.403070 0.822050
0.403170 0.822050
0.403270 0.822050
0.403370 0.821929
0.403470 0.821929
0.403569 0.821809
0.403669 0.821688
0.403769 0.821688
0.403869 0.821567
0.403969 0.821567
0.404069 0.821446
0.404169 0.821325
0.404269 0.821325
0.404369 0.821083
0.404468 0.820721
0.404568 0.820479
0.404668 0.820358
0.404768 0.820237
0.404868 0.820237
0.404968 0.820237
0.405068 0.819995
0.405168 0.819753
0.405268 0.819632
0.405368 0.819391
0.405467 0.819149
0.405567 0.819149
0.405667 0.818907
0.405767 0.818907
0.405867 0.818907
0.405967 0.818907
0.406067 0.818786
0.406167 0.818786
0.406267 0.818786
0.406367 0.818786
0.406466 0.818665
0.406566 0.818424
0.406666 0.818424
0.406766 0.818182
0.406866 0.818182
0.406966 0.818182
0.407066 0.818182
0.407166 0.818061
0.407266 0.817940
0.407365 0.817940
0.407465 0.817940
0.407565 0.817940
0.407665 0.817940
0.407765 0.817940
0.407865 0.817940
0.407965 0.817819
0.408065 0.817698
0.408165 0.817698
0.408265 0.817577
0.408364 0.817577
0.408464 0.817577
0.408564 0.817456
0.408664 0.817336
0.408764 0.817215
0.408864 0.816973
0.408964 0.816731
0.409064 0.816610
0.409164 0.816489
0.409263 0.816489
0.409363 0.816368
0.409463 0.816248
0.409563 0.816006
0.409663 0.816006
0.409763 0.815764
0.409863 0.815643
0.409963 0.815522
0.410063 0.815401
0.410163 0.815401
0.410262 0.815160
0.410362 0.815039
0.410462 0.814797
0.410562 0.814797
0.410662 0.814434
0.410762 0.814434
0.410862 0.814434
0.410962 0.814313
0.411062 0.814313
0.411162 0.813951
0.411261 0.813709
0.411361 0.813709
0.411461 0.813709
0.411561 0.813467
0.411661 0.813346
0.411761 0.813225
0.411861 0.812984
0.411961 0.812621
0.412061 0.812621
0.412160 0.812258
0.412260 0.812258
0.412360 0.812258
0.412460 0.812137
0.412560 0.812137
0.412660 0.812137
0.412760 0.811896
0.412860 0.811533
0.412960 0.811412
0.413060 0.811291
0.413159 0.811049
0.413259 0.811049
0.413359 0.811049
0.413459 0.811049
0.413559 0.811049
0.413659 0.810928
0.413759 0.810808
0.413859 0.810566
0.413959 0.810445
0.414059 0.810203
0.414158 0.810203
0.414258 0.810203
0.414358 0.810082
0.414458 0.809961
0.414558 0.809961
0.414658 0.809840
0.414758 0.809720
0.414858 0.809599
0.414958 0.809599
0.415057 0.809599
0.415157 0.809357
0.415257 0.809236
0.415357 0.809115
0.415457 0.808873
0.415557 0.808752
0.415657 0.808632
0.415757 0.808632
0.415857 0.808511
0.415957 0.808269
0.416056 0.808027
0.416156 0.807906
0.416256 0.807785
0.416356 0.807785
0.416456 0.807785
0.416556 0.807785
0.416656 0.807785
0.416756 0.807664
0.416856 0.807664
0.416955 0.807664
0.417055 0.807664
0.417155 0.807664
0.417255 0.807664
0.417355 0.807423
0.417455 0.807423
0.417555 0.807060
0.417655 0.806939
0.417755 0.806939
0.417855 0.806939
0.417954 0.806818
0.418054 0.806818
0.418154 0.806818
0.418254 0.806818
0.418354 0.806818
0.418454 0.806818
0.418554 0.806818
0.418654 0.806818
0.418754 0.806697
0.418854 0.806456
0.418953 0.806456
0.419053 0.806335
0.419153 0.806335
0.419253 0.806214
0.419353 0.806093
0.419453 0.806093
0.419553 0.806093
0.419653 0.805972
0.419753 0.805851
0.419852 0.805851
0.419952 0.805609
0.420052 0.805609
0.420152 0.805609
0.420252 0.805609
0.420352 0.805609
0.420452 0.805609
0.420552 0.805488
0.420652 0.805488
0.420752 0.805488
0.420851 0.805368
0.420951 0.805368
0.421051 0.805368
0.421151 0.805247
0.421251 0.805005
0.421351 0.804763
0.421451 0.804763
0.421551 0.804763
0.421651 0.804642
0.421751 0.804642
0.421850 0.804642
0.421950 0.804642
0.422050 0.804642
0.422150 0.804400
0.422250 0.804400
0.422350 0.804279
0.422450 0.804279
0.422550 0.804279
0.422650 0.804279
0.422749 0.804279
0.422849 0.804159
0.422949 0.804159
0.423049 0.804038
0.423149 0.804038
0.423249 0.803917
0.423349 0.803917
0.423449 0.803917
0.423549 0.803796
0.423649 0.803796
0.423748 0.803554
0.423848 0.803554
0.423948 0.803554
0.424048 0.803433
0.424148 0.803433
0.424248 0.803433
0.424348 0.803433
0.424448 0.803433
0.424548 0.803312
0.424648 0.803312
0.424747 0.803312
0.424847 0.803191
0.424947 0.802950
0.425047 0.802708
0.425147 0.802708
0.425247 0.802708
0.425347 0.802587
0.425447 0.802587
0.425547 0.802587
0.425646 0.802466
0.425746 0.802345
0.425846 0.802345
0.425946 0.802345
0.426046 0.802224
0.426146 0.802224
0.426246 0.802103
0.426346 0.802103
0.426446 0.802103
0.426546 0.801983
0.426645 0.801983
0.426745 0.801983
0.426845 0.801983
0.426945 0.801862
0.427045 0.801862
0.427145 0.801620
0.427245 0.801620
0.427345 0.801378
0.427445 0.801378
0.427544 0.801257
0.427644 0.801257
0.427744 0.801257
0.427844 0.801136
0.427944 0.801136
0.428044 0.801015
0.428144 0.800895
0.428244 0.800532
0.428344 0.800411
0.428444 0.800290
0.428543 0.800290
0.428643 0.800169
0.428743 0.800048
0.428843 0.800048
0.428943 0.800048
0.429043 0.799927
0.429143 0.799927
0.429243 0.799927
0.429343 0.799927
0.429443 0.799927
0.429542 0.799807
0.429642 0.799807
0.429742 0.799686
0.429842 0.799565
0.429942 0.799444
0.430042 0.799323
0.430142 0.799081
0.430242 0.798960
0.430342 0.798960
0.430441 0.798839
0.430541 0.798839
0.430641 0.798839
0.430741 0.798839
0.430841 0.798719
0.430941 0.798477
0.431041 0.798356
0.431141 0.798356
0.431241 0.798235
0.431341 0.798235
0.431440 0.798235
0.431540 0.798235
0.431640 0.798114
0.431740 0.798114
0.431840 0.797993
0.431940 0.797993
0.432040 0.797872
0.432140 0.797872
0.432240 0.797751
0.432340 0.797751
0.432439 0.797751
0.432539 0.797751
0.432639 0.797510
0.432739 0.797389
0.432839 0.797147
0.432939 0.797026
0.433039 0.796905
0.433139 0.796905
0.433239 0.796905
0.433338 0.796784
0.433438 0.796663
0.433538 0.796663
0.433638 0.796422
0.433738 0.796422
0.433838 0.796180
0.433938 0.796180
0.434038 0.796180
0.434138 0.796059
0.434238 0.796059
0.434337 0.795817
0.434437 0.795575
0.434537 0.795575
0.434637 0.795455
0.434737 0.795455
0.434837 0.795334
0.434937 0.795334
0.435037 0.795334
0.435137 0.795213
0.435237 0.795092
0.435336 0.794971
0.435436 0.794850
0.435536 0.794850
0.435636 0.794850
0.435736 0.794729
0.435836 0.794487
0.435936 0.794487
0.436036 0.794487
0.436136 0.794367
0.436235 0.794246
0.436335 0.794246
0.436435 0.794246
0.436535 0.794125
0.436635 0.794004
0.436735 0.793641
0.436835 0.793520
0.436935 0.793279
0.437035 0.793279
0.437135 0.793279
0.437234 0.793279
0.437334 0.793279
0.437434 0.793279
0.437534 0.793279
0.437634 0.793279
0.437734 0.793279
0.437834 0.793279
0.437934 0.793279
0.438034 0.793279
0.438133 0.793279
0.438233 0.793158
0.438333 0.793037
0.438433 0.793037
0.438533 0.793037
0.438633 0.793037
0.438733 0.792795
0.438833 0.792795
0.438933 0.792674
0.439033 0.792674
0.439132 0.792553
0.439232 0.792432
0.439332 0.792432
0.439432 0.792311
0.439532 0.792311
0.439632 0.792191
0.439732 0.792070
0.439832 0.791949
0.439932 0.791949
0.440032 0.791828
0.440131 0.791828
0.440231 0.791828
0.440331 0.791828
0.440431 0.791828
0.440531 0.791828
0.440631 0.791828
0.440731 0.791828
0.440831 0.791828
0.440931 0.791828
0.441030 0.791586
0.441130 0.791465
0.441230 0.791465
0.441330 0.791465
0.441430 0.791465
0.441530 0.791465
0.441630 0.791223
0.441730 0.791223
0.441830 0.791223
0.441930 0.791223
0.442029 0.791223
0.442129 0.791223
0.442229 0.791103
0.442329 0.790982
0.442429 0.790982
0.442529 0.790982
0.442629 0.790982
0.442729 0.790861
0.442829 0.790861
0.442929 0.790861
0.443028 0.790861
0.443128 0.790861
0.443228 0.790861
0.443328 0.790740
0.443428 0.790619
0.443528 0.790619
0.443628 0.790498
0.443728 0.790498
0.443828 0.790377
0.443927 0.790377
0.444027 0.790377
0.444127 0.790377
0.444227 0.790377
0.444327 0.790256
0.444427 0.790135
0.444527 0.790015
0.444627 0.790015
0.444727 0.789894
0.444827 0.789894
0.444926 0.789773
0.445026 0.789773
0.445126 0.789652
0.445226 0.789531
0.445326 0.789410
0.445426 0.789410
0.445526 0.789289
0.445626 0.789289
0.445726 0.789168
0.445825 0.789168
0.445925 0.789168
0.446025 0.789047
0.446125 0.788926
0.446225 0.788806
0.446325 0.788806
0.446425 0.788685
0.446525 0.788564
0.446625 0.788443
0.446725 0.788322
0.446824 0.788322
0.446924 0.788201
0.447024 0.788201
0.447124 0.788201
0.447224 0.788080
0.447324 0.788080
0.447424 0.787838
0.447524 0.787597
0.447624 0.787476
0.447724 0.787476
0.447823 0.787476
0.447923 0.787355
0.448023 0.787234
0.448123 0.787234
0.448223 0.787234
0.448323 0.786992
0.448423 0.786871
0.448523 0.786871
0.448623 0.786750
0.448722 0.786750
0.448822 0.786750
0.448922 0.786630
0.449022 0.786388
0.449122 0.786388
0.449222 0.786146
0.449322 0.785904
0.449422 0.785662
0.449522 0.785662
0.449622 0.785542
0.449721 0.785542
0.449821 0.785421
0.449921 0.785179
0.450021 0.785058
0.450121 0.784937
0.450221 0.784937
0.450321 0.784937
0.450421 0.784937
0.450521 0.784816
0.450621 0.784816
0.450720 0.784695
0.450820 0.784574
0.450920 0.784574
0.451020 0.784574
0.451120 0.784574
0.451220 0.784454
0.451320 0.784454
0.451420 0.784333
0.451520 0.784091
0.451619 0.784091
0.451719 0.784091
0.451819 0.784091
0.451919 0.784091
0.452019 0.783970
0.452119 0.783486
0.452219 0.783124
0.452319 0.783124
0.452419 0.783124
0.452519 0.783124
0.452618 0.782761
0.452718 0.782761
0.452818 0.782519
0.452918 0.782398
0.453018 0.782398
0.453118 0.782398
0.453218 0.782278
0.453318 0.782157
0.453418 0.782157
0.453518 0.782157
0.453617 0.782157
0.453717 0.782157
0.453817 0.782157
0.453917 0.782157
0.454017 0.781794
0.454117 0.781552
0.454217 0.781552
0.454317 0.781552
0.454417 0.781431
0.454516 0.781190
0.454616 0.781069
0.454716 0.780948
0.454816 0.780827
0.454916 0.780827
0.455016 0.780706
0.455116 0.780706
0.455216 0.780585
0.455316 0.780585
0.455416 0.780343
0.455515 0.780222
0.455615 0.780222
0.455715 0.780102
0.455815 0.779981
0.455915 0.779981
0.456015 0.779860
0.456115 0.779860
0.456215 0.779860
0.456315 0.779860
0.456414 0.779618
0.456514 0.779497
0.456614 0.779497
0.456714 0.779497
0.456814 0.779376
0.456914 0.779255
0.457014 0.779255
0.457114 0.779134
0.457214 0.779014
0.457314 0.778893
0.457413 0.778772
0.457513 0.778772
0.457613 0.778530
0.457713 0.778530
0.457813 0.778409
0.457913 0.778046
0.458013 0.778046
0.458113 0.778046
0.458213 0.778046
0.458313 0.778046
0.458412 0.778046
0.458512 0.777805
0.458612 0.777805
0.458712 0.777563
0.458812 0.777321
0.458912 0.777200
0.459012 0.777200
0.459112 0.777079
0.459212 0.777079
0.459311 0.777079
0.459411 0.777079
0.459511 0.776958
0.459611 0.776717
0.459711 0.776717
0.459811 0.776596
0.459911 0.776354
0.460011 0.776233
0.460111 0.776112
0.460211 0.776112
0.460310 0.776112
0.460410 0.775991
0.460510 0.775991
0.460610 0.775991
0.460710 0.775991
0.460810 0.775991
0.460910 0.775870
0.461010 0.775629
0.461110 0.775629
0.461210 0.775508
0.461309 0.775387
0.461409 0.775387
0.461509 0.775266
0.461609 0.775266
0.461709 0.775145
0.461809 0.775145
0.461909 0.775145
0.462009 0.775145
0.462109 0.775024
0.462208 0.774782
0.462308 0.774782
0.462408 0.774662
0.462508 0.774662
0.462608 0.774541
0.462708 0.774420
0.462808 0.774299
0.462908 0.774299
0.463008 0.774178
0.463108 0.774178
0.463207 0.774057
0.463307 0.774057
0.463407 0.774057
0.463507 0.774057
0.463607 0.773936
0.463707 0.773815
0.463807 0.773694
0.463907 0.773694
0.464007 0.773574
0.464107 0.773574
0.464206 0.773574
0.464306 0.773453
0.464406 0.773453
0.464506 0.773332
0.464606 0.773332
0.464706 0.773332
0.464806 0.772969
0.464906 0.772969
0.465006 0.772969
0.465105 0.772969
0.465205 0.772727
0.465305 0.772727
0.465405 0.772365
0.465505 0.772244
0.465605 0.772244
0.465705 0.772002
0.465805 0.771760
0.465905 0.771639
0.466005 0.771518
0.466104 0.771277
0.466204 0.771035
0.466304 0.771035
0.466404 0.771035
0.466504 0.770914
0.466604 0.770914
0.466704 0.770793
0.466804 0.770551
0.466904 0.770430
0.467003 0.770309
0.467103 0.770068
0.467203 0.769947
0.467303 0.769947
0.467403 0.769705
0.467503 0.769705
0.467603 0.769584
0.467703 0.769101
0.467803 0.769101
0.467903 0.769101
0.468002 0.768980
0.468102 0.768980
0.468202 0.768980
0.468302 0.768738
0.468402 0.768617
0.468502 0.768496
0.468602 0.768375
0.468702 0.768133
0.468802 0.768133
0.468902 0.768133
0.469001 0.767892
0.469101 0.767771
0.469201 0.767529
0.469301 0.767408
0.469401 0.767408
0.469501 0.767408
0.469601 0.767408
0.469701 0.767287
0.469801 0.767166
0.469900 0.767166
0.470000 0.766925
0.470100 0.766804
0.470200 0.766683
0.470300 0.766562
0.470400 0.766562
0.470500 0.766562
0.470600 0.766320
0.470700 0.766078
0.470800 0.765716
0.470899 0.765595
0.470999 0.765595
0.471099 0.765595
0.471199 0.765474
0.471299 0.765474
0.471399 0.765353
0.471499 0.765111
0.471599 0.765111
0.471699 0.765111
0.471799 0.764990
0.471898 0.764990
0.471998 0.764869
0.472098 0.764749
0.472198 0.764749
0.472298 0.764749
0.472398 0.764749
0.472498 0.764507
0.472598 0.764265
0.472698 0.764144
0.472797 0.764144
0.472897 0.764023
0.472997 0.763902
0.473097 0.763781
0.473197 0.763661
0.473297 0.763661
0.473397 0.763540
0.473497 0.763419
0.473597 0.763298
0.473697 0.763056
0.473796 0.763056
0.473896 0.762935
0.473996 0.762573
0.474096 0.762573
0.474196 0.762452
0.474296 0.762452
0.474396 0.762089
0.474496 0.762089
0.474596 0.761968
0.474696 0.761726
0.474795 0.761726
0.474895 0.761726
0.474995 0.761726
0.475095 0.761726
0.475195 0.761485
0.475295 0.761243
0.475395 0.761122
0.475495 0.760880
0.475595 0.760880
0.475694 0.760397
0.475794 0.760276
0.475894 0.760155
0.475994 0.760034
0.476094 0.759913
0.476194 0.759913
0.476294 0.759913
0.476394 0.759671
0.476494 0.759671
0.476594 0.759550
0.476693 0.759550
0.476793 0.759550
0.476893 0.759550
0.476993 0.759429
0.477093 0.759429
0.477193 0.759429
0.477293 0.759429
0.477393 0.759309
0.477493 0.759309
0.477592 0.759188
0.477692 0.759067
0.477792 0.759067
0.477892 0.758946
0.477992 0.758825
0.478092 0.758704
0.478192 0.758704
0.478292 0.758583
0.478392 0.758462
0.478492 0.758462
0.478591 0.758341
0.478691 0.757979
0.478791 0.757858
0.478891 0.757858
0.478991 0.757858
0.479091 0.757858
0.479191 0.757737
0.479291 0.757737
0.479391 0.757737
0.479491 0.757616
0.479590 0.757495
0.479690 0.756770
0.479790 0.756770
0.479890 0.756649
0.479990 0.756649
0.480090 0.756165
0.480190 0.756044
0.480290 0.756044
0.480390 0.755803
0.480489 0.755440
0.480589 0.755198
0.480689 0.755077
0.480789 0.755077
0.480889 0.755077
0.480989 0.755077
0.481089 0.754956
0.481189 0.754836
0.481289 0.754594
0.481389 0.754473
0.481488 0.754473
0.481588 0.754352
0.481688 0.754352
0.481788 0.754352
0.481888 0.754231
0.481988 0.754231
0.482088 0.754231
0.482188 0.754231
0.482288 0.754110
0.482388 0.753989
0.482487 0.753989
0.482587 0.753748
0.482687 0.753748
0.482787 0.753385
0.482887 0.753264
0.482987 0.752901
0.483087 0.752901
0.483187 0.752780
0.483287 0.752660
0.483386 0.752660
0.483486 0.752660
0.483586 0.752539
0.483686 0.752297
0.483786 0.752176
0.483886 0.752176
0.483986 0.752176
0.484086 0.752176
0.484186 0.752176
0.484286 0.752055
0.484385 0.751813
0.484485 0.751692
0.484585 0.751692
0.484685 0.751692
0.484785 0.751692
0.484885 0.751692
0.484985 0.751572
0.485085 0.751451
0.485185 0.751451
0.485284 0.751451
0.485384 0.751451
0.485484 0.751451
0.485584 0.751330
0.485684 0.751209
0.485784 0.751088
0.485884 0.751088
0.485984 0.751088
0.486084 0.750967
0.486184 0.750967
0.486283 0.750846
0.486383 0.750846
0.486483 0.750604
0.486583 0.750484
0.486683 0.750121
0.486783 0.750121
0.486883 0.750121
0.486983 0.750121
0.487083 0.749879
0.487183 0.749879
0.487282 0.749879
0.487382 0.749879
0.487482 0.749879
0.487582 0.749758
0.487682 0.749637
0.487782 0.749516
0.487882 0.749516
0.487982 0.749396
0.488082 0.749275
0.488181 0.749275
0.488281 0.749275
0.488381 0.749275
0.488481 0.749275
0.488581 0.749154
0.488681 0.749033
0.488781 0.749033
0.488881 0.748912
0.488981 0.748791
0.489081 0.748791
0.489180 0.748791
0.489280 0.748791
0.489380 0.748791
0.489480 0.748791
0.489580 0.748670
0.489680 0.748428
0.489780 0.748308
0.489880 0.748187
0.489980 0.748187
0.490080 0.748187
0.490179 0.748187
0.490279 0.748066
0.490379 0.747824
0.490479 0.747703
0.490579 0.747461
0.490679 0.747461
0.490779 0.747340
0.490879 0.747340
0.490979 0.747220
0.491078 0.747220
0.491178 0.747099
0.491278 0.746978
0.491378 0.746736
0.491478 0.746736
0.491578 0.746615
0.491678 0.746494
0.491778 0.746373
0.491878 0.746373
0.491978 0.746373
0.492077 0.746252
0.492177 0.746252
0.492277 0.746252
0.492377 0.746252
0.492477 0.746252
0.492577 0.746132
0.492677 0.746132
0.492777 0.746132
0.492877 0.746011
0.492977 0.745890
0.493076 0.745890
0.493176 0.745769
0.493276 0.745769
0.493376 0.745769
0.493476 0.745769
0.493576 0.745406
0.493676 0.745406
0.493776 0.745406
0.493876 0.745406
0.493975 0.745406
0.494075 0.745285
0.494175 0.745164
0.494275 0.745164
0.494375 0.745044
0.494475 0.745044
0.494575 0.744923
0.494675 0.744681
0.494775 0.744560
0.494875 0.744439
0.494974 0.744197
0.495074 0.744076
0.495174 0.743956
0.495274 0.743956
0.495374 0.743956
0.495474 0.743956
0.495574 0.743835
0.495674 0.743835
0.495774 0.743593
0.495873 0.743593
0.495973 0.743593
0.496073 0.743593
0.496173 0.743593
0.496273 0.743593
0.496373 0.743230
0.496473 0.743109
0.496573 0.742988
0.496673 0.742988
0.496773 0.742868
0.496872 0.742747
0.496972 0.742626
0.497072 0.742505
0.497172 0.742384
0.497272 0.742384
0.497372 0.742384
0.497472 0.742384
0.497572 0.742263
0.497672 0.742142
0.497772 0.742142
0.497871 0.741900
0.497971 0.741900
0.498071 0.741900
0.498171 0.741900
0.498271 0.741538
0.498371 0.741417
0.498471 0.741296
0.498571 0.741175
0.498671 0.741054
0.498770 0.741054
0.498870 0.740933
0.498970 0.740691
0.499070 0.740691
0.499170 0.740571
0.499270 0.740571
0.499370 0.740450
0.499470 0.740450
0.499570 0.740208
0.499670 0.739966
0.499769 0.739966
0.499869 0.739966
0.499969 0.739845
0.500069 0.739724
0.500169 0.739483
0.500269 0.739483
0.500369 0.739483
0.500469 0.739483
0.500569 0.739483
0.500669 0.739362
0.500768 0.739362
0.500868 0.739362
0.500968 0.739241
0.501068 0.739120
0.501168 0.739120
0.501268 0.738999
0.501368 0.738878
0.501468 0.738878
0.501568 0.738636
0.501667 0.738515
0.501767 0.738515
0.501867 0.738515
0.501967 0.738395
0.502067 0.738395
0.502167 0.738274
0.502267 0.738032
0.502367 0.737911
0.502467 0.737911
0.502567 0.737911
0.502666 0.737911
0.502766 0.737911
0.502866 0.737790
0.502966 0.737669
0.503066 0.737669
0.503166 0.737669
0.503266 0.737548
0.503366 0.737548
0.503466 0.737548
0.503566 0.737427
0.503665 0.737427
0.503765 0.737307
0.503865 0.737065
0.503965 0.737065
0.504065 0.737065
0.504165 0.736944
0.504265 0.736702
0.504365 0.736702
0.504465 0.736581
0.504564 0.736460
0.504664 0.736460
0.504764 0.736460
0.504864 0.736460
0.504964 0.736339
0.505064 0.736339
0.505164 0.736098
0.505264 0.735977
0.505364 0.735977
0.505464 0.735977
0.505563 0.735977
0.505663 0.735856
0.505763 0.735614
0.505863 0.735372
0.505963 0.735131
0.506063 0.735131
0.506163 0.735131
0.506263 0.735131
0.506363 0.735131
0.506462 0.735010
0.506562 0.735010
0.506662 0.734768
0.506762 0.734768
0.506862 0.734768
0.506962 0.734526
0.507062 0.734284
0.507162 0.734043
0.507262 0.733922
0.507362 0.733922
0.507461 0.733922
0.507561 0.733801
0.507661 0.733801
0.507761 0.733559
0.507861 0.733559
0.507961 0.733317
0.508061 0.733196
0.508161 0.733075
0.508261 0.733075
0.508361 0.732471
0.508460 0.732471
0.508560 0.732350
0.508660 0.732350
0.508760 0.732229
0.508860 0.732229
0.508960 0.732229
0.509060 0.732108
0.509160 0.732108
0.509260 0.732108
0.509359 0.731987
0.509459 0.731987
0.509559 0.731746
0.509659 0.731746
0.509759 0.731746
0.509859 0.731746
0.509959 0.731625
0.510059 0.731504
0.510159 0.731383
0.510259 0.731141
0.510358 0.731020
0.510458 0.730899
0.510558 0.730899
0.510658 0.730779
0.510758 0.730416
0.510858 0.730295
0.510958 0.730174
0.511058 0.730174
0.511158 0.729932
0.511258 0.729932
0.511357 0.729811
0.511457 0.729449
0.511557 0.729449
0.511657 0.729449
0.511757 0.729449
0.511857 0.729449
0.511957 0.729328
0.512057 0.729328
0.512157 0.729328
0.512256 0.729328
0.512356 0.729207
0.512456 0.729207
0.512556 0.729207
0.512656 0.729207
0.512756 0.729086
0.512856 0.728965
0.512956 0.728965
0.513056 0.728965
0.513156 0.728844
0.513255 0.728723
0.513355 0.728482
0.513455 0.728482
0.513555 0.728482
0.513655 0.728482
0.513755 0.728482
0.513855 0.728240
0.513955 0.728240
0.514055 0.728240
0.514154 0.728240
0.514254 0.727998
0.514354 0.727998
0.514454 0.727998
0.514554 0.727877
0.514654 0.727877
0.514754 0.727756
0.514854 0.727635
0.514954 0.727515
0.515054 0.727515
0.515153 0.727394
0.515253 0.727394
0.515353 0.727394
0.515453 0.727394
0.515553 0.727273
0.515653 0.727273
0.515753 0.727273
0.515853 0.727273
0.515953 0.727273
0.516053 0.727273
0.516152 0.727152
0.516252 0.727152
0.516352 0.726789
0.516452 0.726789
0.516552 0.726547
0.516652 0.726547
0.516752 0.726306
0.516852 0.726306
0.516952 0.726306
0.517051 0.726064
0.517151 0.725943
0.517251 0.725943
0.517351 0.725943
0.517451 0.725822
0.517551 0.725701
0.517651 0.725459
0.517751 0.725459
0.517851 0.725459
0.517951 0.725459
0.518050 0.725097
0.518150 0.725097
0.518250 0.724976
0.518350 0.724855
0.518450 0.724613
0.518550 0.724613
0.518650 0.724613
0.518750 0.724492
0.518850 0.724492
0.518950 0.724492
0.519049 0.724250
0.519149 0.724130
0.519249 0.724130
0.519349 0.724130
0.519449 0.724009
0.519549 0.724009
0.519649 0.723888
0.519749 0.723767
0.519849 0.723767
0.519948 0.723767
0.520048 0.723646
0.520148 0.723525
0.520248 0.723404
0.520348 0.723404
0.520448 0.723404
0.520548 0.723404
0.520648 0.723283
0.520748 0.723162
0.520848 0.723042
0.520947 0.723042
0.521047 0.722921
0.521147 0.722800
0.521247 0.722800
0.521347 0.722800
0.521447 0.722679
0.521547 0.722558
0.521647 0.722558
0.521747 0.722558
0.521847 0.722316
0.521946 0.722195
0.522046 0.722195
0.522146 0.722195
0.522246 0.722074
0.522346 0.721833
0.522446 0.721712
0.522546 0.721712
0.522646 0.721712
0.522746 0.721470
0.522845 0.721228
0.522945 0.721228
0.523045 0.721107
0.523145 0.721107
0.523245 0.720745
0.523345 0.720382
0.523445 0.720382
0.523545 0.720261
0.523645 0.720261
0.523745 0.720140
0.523844 0.720019
0.523944 0.720019
0.524044 0.719657
0.524144 0.719657
0.524244 0.719657
0.524344 0.719415
0.524444 0.719173
0.524544 0.718931
0.524644 0.718931
0.524743 0.718931
0.524843 0.718931
0.524943 0.718931
0.525043 0.718810
0.525143 0.718810
0.525243 0.718690
0.525343 0.718690
0.525443 0.718690
0.525543 0.718448
0.525643 0.718448
0.525742 0.718206
0.525842 0.718206
0.525942 0.717964
0.526042 0.717964
0.526142 0.717964
0.526242 0.717964
0.526342 0.717843
0.526442 0.717722
0.526542 0.717602
0.526642 0.717602
0.526741 0.717481
0.526841 0.717360
0.526941 0.717360
0.527041 0.717360
0.527141 0.717360
0.527241 0.717118
0.527341 0.716997
0.527441 0.716997
0.527541 0.716876
0.527640 0.716755
0.527740 0.716755
0.527840 0.716634
0.527940 0.716272
0.528040 0.716151
0.528140 0.716030
0.528240 0.715909
0.528340 0.715788
0.528440 0.715546
0.528540 0.715546
0.528639 0.715546
0.528739 0.715546
0.528839 0.715546
0.528939 0.715426
0.529039 0.715305
0.529139 0.715305
0.529239 0.715063
0.529339 0.715063
0.529439 0.714942
0.529539 0.714821
0.529638 0.714821
0.529738 0.714821
0.529838 0.714700
0.529938 0.714700
0.530038 0.714700
0.530138 0.714458
0.530238 0.714458
0.530338 0.714458
0.530438 0.714338
0.530537 0.714338
0.530637 0.714217
0.530737 0.714096
0.530837 0.713854
0.530937 0.713854
0.531037 0.713854
0.531137 0.713733
0.531237 0.713733
0.531337 0.713491
0.531437 0.713370
0.531536 0.713370
0.531636 0.713250
0.531736 0.713129
0.531836 0.713008
0.531936 0.712887
0.532036 0.712887
0.532136 0.712766
0.532236 0.712766
0.532336 0.712766
0.532436 0.712766
0.532535 0.712766
0.532635 0.712645
0.532735 0.712645
0.532835 0.712524
0.532935 0.712524
0.533035 0.712524
0.533135 0.712403
0.533235 0.712403
0.533335 0.712403
0.533434 0.712403
0.533534 0.712403
0.533634 0.712403
0.533734 0.712282
0.533834 0.712282
0.533934 0.712282
0.534034 0.712162
0.534134 0.712162
0.534234 0.711920
0.534334 0.711920
0.534433 0.711920
0.534533 0.711557
0.534633 0.711557
0.534733 0.711315
0.534833 0.711194
0.534933 0.711074
0.535033 0.710953
0.535133 0.710711
0.535233 0.710590
0.535332 0.710348
0.535432 0.709985
0.535532 0.709985
0.535632 0.709865
0.535732 0.709865
0.535832 0.709865
0.535932 0.709865
0.536032 0.709744
0.536132 0.709744
0.536232 0.709623
0.536331 0.709502
0.536431 0.709381
0.536531 0.709381
0.536631 0.709260
0.536731 0.709139
0.536831 0.709139
0.536931 0.709018
0.537031 0.708897
0.537131 0.708777
0.537231 0.708535
0.537330 0.708535
0.537430 0.708414
0.537530 0.708414
0.537630 0.708172
0.537730 0.708051
0.537830 0.708051
0.537930 0.707809
0.538030 0.707689
0.538130 0.707689
0.538229 0.707447
0.538329 0.707326
0.538429 0.707326
0.538529 0.707326
0.538629 0.707326
0.538729 0.707326
0.538829 0.707326
0.538929 0.707205
0.539029 0.707084
0.539129 0.706963
0.539228 0.706963
0.539328 0.706963
0.539428 0.706842
0.539528 0.706721
0.539628 0.706721
0.539728 0.706480
0.539828 0.706238
0.539928 0.706238
0.540028 0.705996
0.540128 0.705996
0.540227 0.705996
0.540327 0.705754
0.540427 0.705633
0.540527 0.705633
0.540627 0.705633
0.540727 0.705633
0.540827 0.705513
0.540927 0.705513
0.541027 0.705513
0.541126 0.705513
0.541226 0.705150
0.541326 0.705150
0.541426 0.705150
0.541526 0.705150
0.541626 0.705029
0.541726 0.704908
0.541826 0.704908
0.541926 0.704787
0.542026 0.704545
0.542125 0.704545
0.542225 0.704304
0.542325 0.704183
0.542425 0.703941
0.542525 0.703941
0.542625 0.703820
0.542725 0.703820
0.542825 0.703820
0.542925 0.703820
0.543024 0.703820
0.543124 0.703820
0.543224 0.703699
0.543324 0.703457
0.543424 0.703457
0.543524 0.703457
0.543624 0.703457
0.543724 0.703457
0.543824 0.703457
0.543924 0.703216
0.544023 0.702974
0.544123 0.702974
0.544223 0.702853
0.544323 0.702853
0.544423 0.702853
0.544523 0.702611
0.544623 0.702611
0.544723 0.702611
0.544823 0.702611
0.544923 0.702611
0.545022 0.702611
0.545122 0.702611
0.545222 0.702611
0.545322 0.702249
0.545422 0.702128
0.545522 0.702007
0.545622 0.702007
0.545722 0.702007
0.545822 0.701886
0.545921 0.701886
0.546021 0.701886
0.546121 0.701765
0.546221 0.701402
0.546321 0.701402
0.546421 0.701161
0.546521 0.700919
0.546621 0.700798
0.546721 0.700556
0.546821 0.700556
0.546920 0.700556
0.547020 0.700556
0.547120 0.700556
0.547220 0.700435
0.547320 0.700314
0.547420 0.700314
0.547520 0.700193
0.547620 0.700193
0.547720 0.699952
0.547820 0.699952
0.547919 0.699952
0.548019 0.699952
0.548119 0.699831
0.548219 0.699831
0.548319 0.699710
0.548419 0.699589
0.548519 0.699589
0.548619 0.699468
0.548719 0.699468
0.548818 0.699226
0.548918 0.699226
0.549018 0.698985
0.549118 0.698985
0.549218 0.698864
0.549318 0.698743
0.549418 0.698622
0.549518 0.698622
0.549618 0.698622
0.549718 0.698501
0.549817 0.698380
0.549917 0.698259
0.550017 0.698259
0.550117 0.698259
0.550217 0.698259
0.550317 0.698138
0.550417 0.698017
0.550517 0.697776
0.550617 0.697776
0.550717 0.697655
0.550816 0.697655
0.550916 0.697534
0.551016 0.697413
0.551116 0.697413
0.551216 0.697171
0.551316 0.697171
0.551416 0.697171
0.551516 0.697171
0.551616 0.697171
0.551715 0.697171
0.551815 0.697171
0.551915 0.697050
0.552015 0.696929
0.552115 0.696929
0.552215 0.696809
0.552315 0.696688
0.552415 0.696325
0.552515 0.696325
0.552615 0.696325
0.552714 0.696204
0.552814 0.696083
0.552914 0.695962
0.553014 0.695721
0.553114 0.695600
0.553214 0.695600
0.553314 0.695600
0.553414 0.695600
0.553514 0.695237
0.553613 0.695237
0.553713 0.694995
0.553813 0.694995
0.553913 0.694995
0.554013 0.694995
0.554113 0.694874
0.554213 0.694874
0.554313 0.694874
0.554413 0.694512
0.554513 0.694391
0.554612 0.694270
0.554712 0.694149
0.554812 0.694028
0.554912 0.694028
0.555012 0.694028
0.555112 0.694028
0.555212 0.694028
0.555312 0.693907
0.555412 0.693907
0.555512 0.693786
0.555611 0.693544
0.555711 0.693424
0.555811 0.693303
0.555911 0.693303
0.556011 0.693061
0.556111 0.693061
0.556211 0.692940
0.556311 0.692940
0.556411 0.692940
0.556510 0.692819
0.556610 0.692698
0.556710 0.692698
0.556810 0.692698
0.556910 0.692456
0.557010 0.692336
0.557110 0.692336
0.557210 0.692336
0.557310 0.692215
0.557410 0.692094
0.557509 0.692094
0.557609 0.692094
0.557709 0.692094
0.557809 0.692094
0.557909 0.691973
0.558009 0.691731
0.558109 0.691610
0.558209 0.691489
0.558309 0.691489
0.558409 0.691368
0.558508 0.691368
0.558608 0.691248
0.558708 0.691248
0.558808 0.691248
0.558908 0.691006
0.559008 0.690885
0.559108 0.690885
0.559208 0.690764
0.559308 0.690643
0.559407 0.690643
0.559507 0.690643
0.559607 0.690401
0.559707 0.690160
0.559807 0.690039
0.559907 0.689797
0.560007 0.689676
0.560107 0.689676
0.560207 0.689555
0.560307 0.689555
0.560406 0.689555
0.560506 0.689555
0.560606 0.689555
0.560706 0.689555
0.560806 0.689434
0.560906 0.689192
0.561006 0.689072
0.561106 0.689072
0.561206 0.688951
0.561306 0.688830
0.561405 0.688830
0.561505 0.688709
0.561605 0.688709
0.561705 0.688588
0.561805 0.688588
0.561905 0.688588
0.562005 0.688346
0.562105 0.688346
0.562205 0.688104
0.562304 0.687863
0.562404 0.687742
0.562504 0.687742
0.562604 0.687621
0.562704 0.687621
0.562804 0.687621
0.562904 0.687258
0.563004 0.687258
0.563104 0.687137
0.563204 0.686896
0.563303 0.686775
0.563403 0.686654
0.563503 0.686533
0.563603 0.686533
0.563703 0.686412
0.563803 0.686291
0.563903 0.686170
0.564003 0.686170
0.564103 0.685928
0.564202 0.685808
0.564302 0.685808
0.564402 0.685808
0.564502 0.685445
0.564602 0.685445
0.564702 0.685445
0.564802 0.685445
0.564902 0.685445
0.565002 0.685445
0.565102 0.685324
0.565201 0.685324
0.565301 0.685082
0.565401 0.685082
0.565501 0.684840
0.565601 0.684720
0.565701 0.684599
0.565801 0.684599
0.565901 0.684599
0.566001 0.684599
0.566101 0.684599
0.566200 0.684478
0.566300 0.684478
0.566400 0.684357
0.566500 0.684357
0.566600 0.684236
0.566700 0.684236
0.566800 0.684115
0.566900 0.684115
0.567000 0.683994
0.567099 0.683994
0.567199 0.683994
0.567299 0.683994
0.567399 0.683994
0.567499 0.683873
0.567599 0.683873
0.567699 0.683873
0.567799 0.683873
0.567899 0.683752
0.567999 0.683752
0.568098 0.683511
0.568198 0.683511
0.568298 0.683390
0.568398 0.683390
0.568498 0.683390
0.568598 0.683390
0.568698 0.683148
0.568798 0.683027
0.568898 0.683027
0.568998 0.682906
0.569097 0.682664
0.569197 0.682544
0.569297 0.682302
0.569397 0.682302
0.569497 0.682302
0.569597 0.682302
0.569697 0.682302
0.569797 0.682181
0.569897 0.682181
0.569996 0.682181
0.570096 0.682060
0.570196 0.682060
0.570296 0.682060
0.570396 0.682060
0.570496 0.682060
0.570596 0.681939
0.570696 0.681818
0.570796 0.681818
0.570896 0.681697
0.570995 0.681697
0.571095 0.681576
0.571195 0.681456
0.571295 0.681335
0.571395 0.681335
0.571495 0.681093
0.571595 0.680851
0.571695 0.680609
0.571795 0.680488
0.571894 0.680368
0.571994 0.680368
0.572094 0.680368
0.572194 0.680247
0.572294 0.680005
0.572394 0.680005
0.572494 0.680005
0.572594 0.679884
0.572694 0.679642
0.572794 0.679521
0.572893 0.679400
0.572993 0.679400
0.573093 0.679279
0.573193 0.679279
0.573293 0.679038
0.573393 0.678917
0.573493 0.678796
0.573593 0.678675
0.573693 0.678675
0.573793 0.678675
0.573892 0.678554
0.573992 0.678554
0.574092 0.678554
0.574192 0.678554
0.574292 0.678554
0.574392 0.678554
0.574492 0.678554
0.574592 0.678554
0.574692 0.678433
0.574791 0.678312
0.574891 0.678071
0.574991 0.677950
0.575091 0.677950
0.575191 0.677829
0.575291 0.677708
0.575391 0.677708
0.575491 0.677708
0.575591 0.677708
0.575691 0.677587
0.575790 0.677587
0.575890 0.677587
0.575990 0.677466
0.576090 0.677345
0.576190 0.677345
0.576290 0.677345
0.576390 0.677345
0.576490 0.677224
0.576590 0.677103
0.576690 0.676983
0.576789 0.676862
0.576889 0.676741
0.576989 0.676620
0.577089 0.676499
0.577189 0.676378
0.577289 0.676257
0.577389 0.676136
0.577489 0.676015
0.577589 0.675895
0.577688 0.675774
0.577788 0.675774
0.577888 0.675774
0.577988 0.675774
0.578088 0.675653
0.578188 0.675653
0.578288 0.675653
0.578388 0.675653
0.578488 0.675653
0.578588 0.675532
0.578687 0.675411
0.578787 0.675290
0.578887 0.675169
0.578987 0.675048
0.579087 0.674807
0.579187 0.674807
0.579287 0.674686
0.579387 0.674565
0.579487 0.674444
0.579587 0.674444
0.579686 0.674323
0.579786 0.674202
0.579886 0.674081
0.579986 0.673960
0.580086 0.673960
0.580186 0.673960
0.580286 0.673719
0.580386 0.673598
0.580486 0.673477
0.580585 0.673477
0.580685 0.673356
0.580785 0.673235
0.580885 0.673235
0.580985 0.673114
0.581085 0.672993
0.581185 0.672993
0.581285 0.672872
0.581385 0.672872
0.581485 0.672872
0.581584 0.672751
0.581684 0.672751
0.581784 0.672751
0.581884 0.672631
0.581984 0.672510
0.582084 0.672510
0.582184 0.672510
0.582284 0.672510
0.582384 0.672147
0.582483 0.672026
0.582583 0.671784
0.582683 0.671663
0.582783 0.671543
0.582883 0.671543
0.582983 0.671543
0.583083 0.671422
0.583183 0.671422
0.583283 0.671180
0.583383 0.671059
0.583482 0.670575
0.583582 0.670575
0.583682 0.670575
0.583782 0.670334
0.583882 0.670334
0.583982 0.670334
0.584082 0.670334
0.584182 0.670213
0.584282 0.670092
0.584382 0.669971
0.584481 0.669850
0.584581 0.669850
0.584681 0.669850
0.584781 0.669850
0.584881 0.669850
0.584981 0.669729
0.585081 0.669729
0.585181 0.669729
0.585281 0.669608
0.585380 0.669608
0.585480 0.669367
0.585580 0.669246
0.585680 0.669125
0.585780 0.669125
0.585880 0.669125
0.585980 0.668762
0.586080 0.668641
0.586180 0.668641
0.586280 0.668520
0.586379 0.668520
0.586479 0.668520
0.586579 0.668520
0.586679 0.668520
0.586779 0.668520
0.586879 0.668399
0.586979 0.668279
0.587079 0.668037
0.587179 0.668037
0.587279 0.667916
0.587378 0.667916
0.587478 0.667916
0.587578 0.667795
0.587678 0.667553
0.587778 0.667432
0.587878 0.667432
0.587978 0.667311
0.588078 0.667191
0.588178 0.667191
0.588277 0.666949
0.588377 0.666949
0.588477 0.666828
0.588577 0.666707
0.588677 0.666707
0.588777 0.666707
0.588877 0.666465
0.588977 0.666465
0.589077 0.666465
0.589177 0.666465
0.589276 0.666223
0.589376 0.666103
0.589476 0.665982
0.589576 0.665982
0.589676 0.665740
0.589776 0.665740
0.589876 0.665740
0.589976 0.665498
0.590076 0.665498
0.590176 0.665377
0.590275 0.665135
0.590375 0.665135
0.590475 0.665135
0.590575 0.664894
0.590675 0.664652
0.590775 0.664531
0.590875 0.664531
0.590975 0.664410
0.591075 0.664410
0.591174 0.664289
0.591274 0.664168
0.591374 0.664047
0.591474 0.663806
0.591574 0.663806
0.591674 0.663806
0.591774 0.663564
0.591874 0.663564
0.591974 0.663443
0.592074 0.663201
0.592173 0.663080
0.592273 0.662718
0.592373 0.662476
0.592473 0.662476
0.592573 0.662476
0.592673 0.662234
0.592773 0.662234
0.592873 0.661871
0.592973 0.661630
0.593072 0.661509
0.593172 0.661267
0.593272 0.661267
0.593372 0.661146
0.593472 0.661146
0.593572 0.660904
0.593672 0.660904
0.593772 0.660542
0.593872 0.660542
0.593972 0.660542
0.594071 0.660421
0.594171 0.660421
0.594271 0.660421
0.594371 0.660058
0.594471 0.659937
0.594571 0.659816
0.594671 0.659695
0.594771 0.659695
0.594871 0.659574
0.594971 0.659574
0.595070 0.659574
0.595170 0.659212
0.595270 0.659212
0.595370 0.659212
0.595470 0.659091
0.595570 0.659091
0.595670 0.659091
0.595770 0.659091
0.595870 0.658970
0.595969 0.658970
0.596069 0.658970
0.596169 0.658728
0.596269 0.658245
0.596369 0.658245
0.596469 0.658124
0.596569 0.658003
0.596669 0.658003
0.596769 0.658003
0.596869 0.657761
0.596968 0.657640
0.597068 0.657398
0.597168 0.657278
0.597268 0.657157
0.597368 0.656794
0.597468 0.656552
0.597568 0.656552
0.597668 0.656552
0.597768 0.656552
0.597868 0.656069
0.597967 0.655948
0.598067 0.655827
0.598167 0.655827
0.598267 0.655706
0.598367 0.655706
0.598467 0.655585
0.598567 0.655585
0.598667 0.655585
0.598767 0.655464
0.598866 0.655464
0.598966 0.655343
0.599066 0.655343
0.599166 0.655102
0.599266 0.654739
0.599366 0.654739
0.599466 0.654618
0.599566 0.654376
0.599666 0.654255
0.599766 0.654134
0.599865 0.653772
0.599965 0.653530
0.600065 0.653409
0.600165 0.653409
0.600265 0.653288
0.600365 0.653046
0.600465 0.653046
0.600565 0.653046
0.600665 0.653046
0.600764 0.652805
0.600864 0.652805
0.600964 0.652684
0.601064 0.652684
0.601164 0.652563
0.601264 0.652442
0.601364 0.652200
0.601464 0.652200
0.601564 0.652200
0.601664 0.652200
0.601763 0.652200
0.601863 0.652079
0.601963 0.652079
0.602063 0.651958
0.602163 0.651958
0.602263 0.651838
0.602363 0.651596
0.602463 0.651596
0.602563 0.651475
0.602663 0.651233
0.602762 0.651112
0.602862 0.651112
0.602962 0.651112
0.603062 0.651112
0.603162 0.651112
0.603262 0.650991
0.603362 0.650991
0.603462 0.650991
0.603562 0.650991
0.603661 0.650870
0.603761 0.650629
0.603861 0.650508
0.603961 0.650145
0.604061 0.650024
0.604161 0.649782
0.604261 0.649782
0.604361 0.649782
0.604461 0.649541
0.604561 0.649541
0.604660 0.649299
0.604760 0.649178
0.604860 0.649057
0.604960 0.648936
0.605060 0.648815
0.605160 0.648815
0.605260 0.648574
0.605360 0.648574
0.605460 0.648574
0.605560 0.648453
0.605659 0.648453
0.605759 0.648332
0.605859 0.648332
0.605959 0.648211
0.606059 0.648090
0.606159 0.648090
0.606259 0.648090
0.606359 0.648090
0.606459 0.647969
0.606558 0.647848
0.606658 0.647848
0.606758 0.647606
0.606858 0.647485
0.606958 0.647365
0.607058 0.647244
0.607158 0.647002
0.607258 0.646881
0.607358 0.646639
0.607458 0.646639
0.607557 0.646518
0.607657 0.646397
0.607757 0.646397
0.607857 0.646397
0.607957 0.646397
0.608057 0.646397
0.608157 0.646397
0.608257 0.646156
0.608357 0.646156
0.608457 0.646156
0.608556 0.646156
0.608656 0.646156
0.608756 0.646156
0.608856 0.646156
0.608956 0.646156
0.609056 0.645914
0.609156 0.645551
0.609256 0.645189
0.609356 0.645068
0.609455 0.644947
0.609555 0.644705
0.609655 0.644705
0.609755 0.644584
0.609855 0.644463
0.609955 0.644463
0.610055 0.644463
0.610155 0.644221
0.610255 0.644101
0.610355 0.643980
0.610454 0.643859
0.610554 0.643738
0.610654 0.643496
0.610754 0.643254
0.610854 0.643254
0.610954 0.643133
0.611054 0.643013
0.611154 0.643013
0.611254 0.643013
0.611353 0.643013
0.611453 0.643013
0.611553 0.642892
0.611653 0.642771
0.611753 0.642287
0.611853 0.642045
0.611953 0.642045
0.612053 0.641925
0.612153 0.641683
0.612253 0.641683
0.612352 0.641562
0.612452 0.641562
0.612552 0.641441
0.612652 0.641199
0.612752 0.641199
0.612852 0.640837
0.612952 0.640716
0.613052 0.640595
0.613152 0.640474
0.613252 0.640474
0.613351 0.640474
0.613451 0.640353
0.613551 0.640353
0.613651 0.640353
0.613751 0.640232
0.613851 0.640232
0.613951 0.640232
0.614051 0.640111
0.614151 0.640111
0.614250 0.639990
0.614350 0.639990
0.614450 0.639990
0.614550 0.639507
0.614650 0.639386
0.614750 0.639265
0.614850 0.639023
0.614950 0.639023
0.615050 0.638902
0.615150 0.638781
0.615249 0.638781
0.615349 0.638661
0.615449 0.638661
0.615549 0.638661
0.615649 0.638661
0.615749 0.638540
0.615849 0.638419
0.615949 0.638419
0.616049 0.638298
0.616149 0.638177
0.616248 0.637935
0.616348 0.637935
0.616448 0.637935
0.616548 0.637935
0.616648 0.637693
0.616748 0.637573
0.616848 0.637573
0.616948 0.637573
0.617048 0.637452
0.617147 0.637210
0.617247 0.636968
0.617347 0.636726
0.617447 0.636605
0.617547 0.636605
0.617647 0.636364
0.617747 0.636243
0.617847 0.636122
0.617947 0.636001
0.618047 0.635880
0.618146 0.635759
0.618246 0.635759
0.618346 0.635638
0.618446 0.635638
0.618546 0.635517
0.618646 0.635397
0.618746 0.635276
0.618846 0.635034
0.618946 0.634792
0.619046 0.634792
0.619145 0.634792
0.619245 0.634671
0.619345 0.634671
0.619445 0.634550
0.619545 0.634550
0.619645 0.634309
0.619745 0.634309
0.619845 0.634309
0.619945 0.634067
0.620044 0.633946
0.620144 0.633946
0.620244 0.633946
0.620344 0.633825
0.620444 0.633825
0.620544 0.633825
0.620644 0.633825
0.620744 0.633704
0.620844 0.633583
0.620944 0.633583
0.621043 0.633583
0.621143 0.633221
0.621243 0.633221
0.621343 0.633100
0.621443 0.632858
0.621543 0.632858
0.621643 0.632858
0.621743 0.632616
0.621843 0.632616
0.621942 0.632495
0.622042 0.632374
0.622142 0.632253
0.622242 0.632253
0.622342 0.632012
0.622442 0.631770
0.622542 0.631649
0.622642 0.631528
0.622742 0.631528
0.622842 0.631528
0.622941 0.631528
0.623041 0.631407
0.623141 0.631044
0.623241 0.631044
0.623341 0.630924
0.623441 0.630682
0.623541 0.630682
0.623641 0.630440
0.623741 0.630440
0.623841 0.630319
0.623940 0.630198
0.624040 0.630077
0.624140 0.630077
0.624240 0.629836
0.624340 0.629836
0.624440 0.629836
0.624540 0.629836
0.624640 0.629836
0.624740 0.629715
0.624839 0.629594
0.624939 0.629352
0.625039 0.629352
0.625139 0.629352
0.625239 0.629231
0.625339 0.628989
0.625439 0.628989
0.625539 0.628868
0.625639 0.628868
0.625739 0.628868
0.625838 0.628868
0.625938 0.628868
0.626038 0.628627
0.626138 0.628506
0.626238 0.628506
0.626338 0.628385
0.626438 0.628264
0.626538 0.628264
0.626638 0.628264
0.626738 0.628022
0.626837 0.628022
0.626937 0.628022
0.627037 0.628022
0.627137 0.627901
0.627237 0.627901
0.627337 0.627660
0.627437 0.627660
0.627537 0.627539
0.627637 0.627539
0.627736 0.627418
0.627836 0.627297
0.627936 0.627297
0.628036 0.627297
0.628136 0.627297
0.628236 0.627176
0.628336 0.627055
0.628436 0.626813
0.628536 0.626451
0.628636 0.626451
0.628735 0.626088
0.628835 0.625725
0.628935 0.625484
0.629035 0.625363
0.629135 0.625242
0.629235 0.625242
0.629335 0.625121
0.629435 0.625121
0.629535 0.625121
0.629634 0.624879
0.629734 0.624879
0.629834 0.624758
0.629934 0.624637
0.630034 0.624275
0.630134 0.624154
0.630234 0.624154
0.630334 0.624033
0.630434 0.623791
0.630534 0.623791
0.630633 0.623791
0.630733 0.623791
0.630833 0.623791
0.630933 0.623791
0.631033 0.623549
0.631133 0.623549
0.631233 0.623428
0.631333 0.623308
0.631433 0.623187
0.631533 0.623187
0.631632 0.623066
0.631732 0.622824
0.631832 0.622824
0.631932 0.622703
0.632032 0.622703
0.632132 0.622582
0.632232 0.622582
0.632332 0.622340
0.632432 0.622340
0.632531 0.622340
0.632631 0.622340
0.632731 0.622099
0.632831 0.621978
0.632931 0.621978
0.633031 0.621857
0.633131 0.621736
0.633231 0.621494
0.633331 0.621494
0.633431 0.621373
0.633530 0.621252
0.633630 0.620769
0.633730 0.620527
0.633830 0.620285
0.633930 0.620164
0.634030 0.620164
0.634130 0.620164
0.634230 0.619923
0.634330 0.619923
0.634430 0.619681
0.634529 0.619681
0.634629 0.619560
0.634729 0.619560
0.634829 0.619318
0.634929 0.619318
0.635029 0.619197
0.635129 0.619076
0.635229 0.619076
0.635329 0.618835
0.635428 0.618472
0.635528 0.618472
0.635628 0.618472
0.635728 0.618472
0.635828 0.618472
0.635928 0.618351
0.636028 0.618351
0.636128 0.618109
0.636228 0.617868
0.636328 0.617868
0.636427 0.617868
0.636527 0.617868
0.636627 0.617747
0.636727 0.617626
0.636827 0.617626
0.636927 0.617626
0.637027 0.617626
0.637127 0.617505
0.637227 0.617384
0.637327 0.617263
0.637426 0.617263
0.637526 0.617263
0.637626 0.617142
0.637726 0.617021
0.637826 0.617021
0.637926 0.617021
0.638026 0.617021
0.638126 0.616779
0.638226 0.616659
0.638325 0.616659
0.638425 0.616538
0.638525 0.616538
0.638625 0.616296
0.638725 0.616175
0.638825 0.616054
0.638925 0.616054
0.639025 0.615812
0.639125 0.615450
0.639225 0.615329
0.639324 0.615329
0.639424 0.615329
0.639524 0.615087
0.639624 0.614966
0.639724 0.614845
0.639824 0.614845
0.639924 0.614845
0.640024 0.614845
0.640124 0.614724
0.640223 0.614724
0.640323 0.614724
0.640423 0.614603
0.640523 0.614483
0.640623 0.614362
0.640723 0.614241
0.640823 0.613878
0.640923 0.613757
0.641023 0.613636
0.641123 0.613395
0.641222 0.613032
0.641322 0.612548
0.641422 0.612548
0.641522 0.612427
0.641622 0.612186
0.641722 0.612186
0.641822 0.612186
0.641922 0.611823
0.642022 0.611581
0.642122 0.611460
0.642221 0.611460
0.642321 0.611219
0.642421 0.611098
0.642521 0.610977
0.642621 0.610856
0.642721 0.610856
0.642821 0.610614
0.642921 0.610493
0.643021 0.610493
0.643120 0.610372
0.643220 0.610131
0.643320 0.610131
0.643420 0.609889
0.643520 0.609647
0.643620 0.609526
0.643720 0.609284
0.643820 0.609284
0.643920 0.609284
0.644020 0.609284
0.644119 0.609284
0.644219 0.609163
0.644319 0.609043
0.644419 0.608922
0.644519 0.608680
0.644619 0.608438
0.644719 0.608317
0.644819 0.608317
0.644919 0.608196
0.645019 0.608196
0.645118 0.608075
0.645218 0.607955
0.645318 0.607834
0.645418 0.607834
0.645518 0.607229
0.645618 0.606867
0.645718 0.606746
0.645818 0.606504
0.645918 0.606504
0.646017 0.606383
0.646117 0.606141
0.646217 0.605899
0.646317 0.605779
0.646417 0.605658
0.646517 0.605658
0.646617 0.605295
0.646717 0.605174
0.646817 0.605053
0.646917 0.604932
0.647016 0.604932
0.647116 0.604932
0.647216 0.604932
0.647316 0.604691
0.647416 0.604691
0.647516 0.604570
0.647616 0.604449
0.647716 0.604207
0.647816 0.604207
0.647916 0.604086
0.648015 0.603965
0.648115 0.603844
0.648215 0.603844
0.648315 0.603723
0.648415 0.603723
0.648515 0.603723
0.648615 0.603603
0.648715 0.603482
0.648815 0.603361
0.648914 0.603361
0.649014 0.603240
0.649114 0.602877
0.649214 0.602877
0.649314 0.602635
0.649414 0.602635
0.649514 0.602635
0.649614 0.602635
0.649714 0.602394
0.649814 0.602273
0.649913 0.602152
0.650013 0.601910
0.650113 0.601789
0.650213 0.601668
0.650313 0.601547
0.650413 0.601306
0.650513 0.601185
0.650613 0.601185
0.650713 0.601185
0.650812 0.600943
0.650912 0.600459
0.651012 0.600338
0.651112 0.600218
0.651212 0.600097
0.651312 0.600097
0.651412 0.599613
0.651512 0.599613
0.651612 0.599613
0.651712 0.599492
0.651811 0.599250
0.651911 0.599130
0.652011 0.599130
0.652111 0.599009
0.652211 0.598767
0.652311 0.598525
0.652411 0.598525
0.652511 0.598283
0.652611 0.598283
0.652711 0.598283
0.652810 0.598162
0.652910 0.597800
0.653010 0.597679
0.653110 0.597679
0.653210 0.597679
0.653310 0.597679
0.653410 0.597679
0.653510 0.597679
0.653610 0.597558
0.653709 0.597316
0.653809 0.597195
0.653909 0.597074
0.654009 0.597074
0.654109 0.596954
0.654209 0.596833
0.654309 0.596833
0.654409 0.596833
0.654509 0.596833
0.654609 0.596591
0.654708 0.596591
0.654808 0.596591
0.654908 0.596470
0.655008 0.596349
0.655108 0.596107
0.655208 0.596107
0.655308 0.595866
0.655408 0.595866
0.655508 0.595866
0.655608 0.595382
0.655707 0.595382
0.655807 0.595140
0.655907 0.595019
0.656007 0.594898
0.656107 0.594898
0.656207 0.594778
0.656307 0.594778
0.656407 0.594778
0.656507 0.594778
0.656606 0.594778
0.656706 0.594415
0.656806 0.594294
0.656906 0.594173
0.657006 0.594173
0.657106 0.594173
0.657206 0.594052
0.657306 0.593931
0.657406 0.593931
0.657506 0.593810
0.657605 0.593810
0.657705 0.593569
0.657805 0.593569
0.657905 0.593569
0.658005 0.593448
0.658105 0.593448
0.658205 0.593448
0.658305 0.593327
0.658405 0.593327
0.658504 0.593085
0.658604 0.592843
0.658704 0.592722
0.658804 0.592360
0.658904 0.592239
0.659004 0.592239
0.659104 0.591997
0.659204 0.591876
0.659304 0.591876
0.659404 0.591876
0.659503 0.591876
0.659603 0.591876
0.659703 0.591634
0.659803 0.591634
0.659903 0.591634
0.660003 0.591514
0.660103 0.591393
0.660203 0.591151
0.660303 0.591030
0.660403 0.590909
0.660502 0.590546
0.660602 0.590426
0.660702 0.590184
0.660802 0.590184
0.660902 0.590063
0.661002 0.589942
0.661102 0.589821
0.661202 0.589700
0.661302 0.589700
0.661401 0.589700
0.661501 0.589700
0.661601 0.589700
0.661701 0.589579
0.661801 0.589458
0.661901 0.589458
0.662001 0.589458
0.662101 0.589458
0.662201 0.589096
0.662301 0.589096
0.662400 0.589096
0.662500 0.589096
0.662600 0.588854
0.662700 0.588612
0.662800 0.588491
0.662900 0.588491
0.663000 0.588370
0.663100 0.588370
0.663200 0.588250
0.663300 0.588250
0.663399 0.588008
0.663499 0.587887
0.663599 0.587766
0.663699 0.587645
0.663799 0.587645
0.663899 0.587645
0.663999 0.587645
0.664099 0.587282
0.664199 0.587162
0.664298 0.586799
0.664398 0.586799
0.664498 0.586678
0.664598 0.586557
0.664698 0.586557
0.664798 0.586557
0.664898 0.586436
0.664998 0.586436
0.665098 0.586315
0.665198 0.586194
0.665297 0.586194
0.665397 0.586194
0.665497 0.586074
0.665597 0.586074
0.665697 0.585953
0.665797 0.585832
0.665897 0.585832
0.665997 0.585832
0.666097 0.585711
0.666197 0.585590
0.666296 0.585348
0.666396 0.585348
0.666496 0.585348
0.666596 0.585227
0.666696 0.584985
0.666796 0.584744
0.666896 0.584623
0.666996 0.584381
0.667096 0.584381
0.667195 0.584381
0.667295 0.584018
0.667395 0.584018
0.667495 0.584018
0.667595 0.583777
0.667695 0.583777
0.667795 0.583535
0.667895 0.583414
0.667995 0.583414
0.668095 0.583414
0.668194 0.583414
0.668294 0.583293
0.668394 0.583051
0.668494 0.582930
0.668594 0.582930
0.668694 0.582930
0.668794 0.582930
0.668894 0.582930
0.668994 0.582930
0.669093 0.582930
0.669193 0.582689
0.669293 0.582689
0.669393 0.582568
0.669493 0.582447
0.669593 0.582447
0.669693 0.582447
0.669793 0.582326
0.669893 0.582326
0.669993 0.582205
0.670092 0.581963
0.670192 0.581963
0.670292 0.581842
0.670392 0.581721
0.670492 0.581721
0.670592 0.581601
0.670692 0.581480
0.670792 0.581359
0.670892 0.581238
0.670992 0.581117
0.671091 0.580875
0.671191 0.580875
0.671291 0.580875
0.671391 0.580633
0.671491 0.580633
0.671591 0.580633
0.671691 0.580633
0.671791 0.580633
0.671891 0.580513
0.671990 0.580513
0.672090 0.580392
0.672190 0.580271
0.672290 0.580150
0.672390 0.580150
0.672490 0.579787
0.672590 0.579666
0.672690 0.579666
0.672790 0.579545
0.672890 0.579425
0.672989 0.579183
0.673089 0.579183
0.673189 0.578941
0.673289 0.578941
0.673389 0.578820
0.673489 0.578820
0.673589 0.578578
0.673689 0.578578
0.673789 0.578578
0.673889 0.578578
0.673988 0.578457
0.674088 0.578457
0.674188 0.578457
0.674288 0.578457
0.674388 0.578337
0.674488 0.578095
0.674588 0.578095
0.674688 0.578095
0.674788 0.578095
0.674887 0.577974
0.674987 0.577853
0.675087 0.577611
0.675187 0.577611
0.675287 0.577369
0.675387 0.577249
0.675487 0.577249
0.675587 0.577128
0.675687 0.577128
0.675787 0.576886
0.675886 0.576644
0.675986 0.576523
0.676086 0.576281
0.676186 0.576281
0.676286 0.576281
0.676386 0.576281
0.676486 0.576161
0.676586 0.576161
0.676686 0.576040
0.676786 0.575798
0.676885 0.575798
0.676985 0.575677
0.677085 0.575677
0.677185 0.575556
0.677285 0.575435
0.677385 0.575435
0.677485 0.575073
0.677585 0.574831
0.677685 0.574468
0.677784 0.574347
0.677884 0.574226
0.677984 0.574226
0.678084 0.574105
0.678184 0.573985
0.678284 0.573864
0.678384 0.573864
0.678484 0.573864
0.678584 0.573864
0.678684 0.573864
0.678783 0.573743
0.678883 0.573743
0.678983 0.573743
0.679083 0.573743
0.679183 0.573743
0.679283 0.573622
0.679383 0.573622
0.679483 0.573380
0.679583 0.573259
0.679682 0.573138
0.679782 0.572897
0.679882 0.572897
0.679982 0.572897
0.680082 0.572897
0.680182 0.572897
0.680282 0.572897
0.680382 0.572776
0.680482 0.572655
0.680582 0.572534
0.680681 0.572534
0.680781 0.572413
0.680881 0.572292
0.680981 0.572171
0.681081 0.571809
0.681181 0.571809
0.681281 0.571688
0.681381 0.571688
0.681481 0.571688
0.681581 0.571567
0.681680 0.571567
0.681780 0.571446
0.681880 0.571446
0.681980 0.571446
0.682080 0.571325
0.682180 0.571204
0.682280 0.571204
0.682380 0.571083
0.682480 0.571083
0.682579 0.570962
0.682679 0.570841
0.682779 0.570600
0.682879 0.570358
0.682979 0.570116
0.683079 0.569874
0.683179 0.569632
0.683279 0.569391
0.683379 0.569270
0.683479 0.568907
0.683578 0.568907
0.683678 0.568907
0.683778 0.568665
0.683878 0.568544
0.683978 0.568544
0.684078 0.568424
0.684178 0.568303
0.684278 0.568061
0.684378 0.567940
0.684478 0.567940
0.684577 0.567940
0.684677 0.567819
0.684777 0.567819
0.684877 0.567698
0.684977 0.567577
0.685077 0.567456
0.685177 0.567456
0.685277 0.567456
0.685377 0.567215
0.685476 0.567094
0.685576 0.567094
0.685676 0.566973
0.685776 0.566731
0.685876 0.566248
0.685976 0.566127
0.686076 0.566127
0.686176 0.566006
0.686276 0.566006
0.686376 0.566006
0.686475 0.566006
0.686575 0.565764
0.686675 0.565643
0.686775 0.565401
0.686875 0.565039
0.686975 0.565039
0.687075 0.564918
0.687175 0.564918
0.687275 0.564918
0.687374 0.564918
0.687474 0.564797
0.687574 0.564555
0.687674 0.564434
0.687774 0.564313
0.687874 0.564313
0.687974 0.564313
0.688074 0.564192
0.688174 0.564072
0.688274 0.563951
0.688373 0.563830
0.688473 0.563709
0.688573 0.563346
0.688673 0.563346
0.688773 0.563346
0.688873 0.563104
0.688973 0.562984
0.689073 0.562984
0.689173 0.562863
0.689273 0.562863
0.689372 0.562863
0.689472 0.562621
0.689572 0.562621
0.689672 0.562379
0.689772 0.562379
0.689872 0.562137
0.689972 0.561654
0.690072 0.561654
0.690172 0.561291
0.690271 0.561049
0.690371 0.560928
0.690471 0.560928
0.690571 0.560808
0.690671 0.560808
0.690771 0.560687
0.690871 0.560566
0.690971 0.560566
0.691071 0.560566
0.691171 0.560566
0.691270 0.560324
0.691370 0.560324
0.691470 0.559840
0.691570 0.559599
0.691670 0.559478
0.691770 0.559236
0.691870 0.559236
0.691970 0.559236
0.692070 0.559115
0.692170 0.558873
0.692269 0.558752
0.692369 0.558511
0.692469 0.558390
0.692569 0.558390
0.692669 0.558269
0.692769 0.558269
0.692869 0.558148
0.692969 0.558027
0.693069 0.557906
0.693168 0.557785
0.693268 0.557544
0.693368 0.557544
0.693468 0.557544
0.693568 0.557544
0.693668 0.557544
0.693768 0.557544
0.693868 0.557423
0.693968 0.557423
0.694068 0.557181
0.694167 0.556818
0.694267 0.556697
0.694367 0.556697
0.694467 0.556456
0.694567 0.556456
0.694667 0.556456
0.694767 0.556456
0.694867 0.556214
0.694967 0.555972
0.695067 0.555609
0.695166 0.555488
0.695266 0.555488
0.695366 0.555247
0.695466 0.555247
0.695566 0.555005
0.695666 0.554884
0.695766 0.554884
0.695866 0.554763
0.695966 0.554642
0.696065 0.554642
0.696165 0.554642
0.696265 0.554400
0.696365 0.554279
0.696465 0.554279
0.696565 0.553917
0.696665 0.553796
0.696765 0.553675
0.696865 0.553433
0.696965 0.553312
0.697064 0.553312
0.697164 0.553191
0.697264 0.553191
0.697364 0.552950
0.697464 0.552950
0.697564 0.552708
0.697664 0.552587
0.697764 0.552587
0.697864 0.552224
0.697963 0.552103
0.698063 0.552103
0.698163 0.551983
0.698263 0.551983
0.698363 0.551741
0.698463 0.551741
0.698563 0.551620
0.698663 0.551620
0.698763 0.551378
0.698863 0.551257
0.698962 0.551136
0.699062 0.551136
0.699162 0.551136
0.699262 0.551136
0.699362 0.551136
0.699462 0.551136
0.699562 0.551015
0.699662 0.551015
0.699762 0.551015
0.699862 0.551015
0.699961 0.551015
0.700061 0.550895
0.700161 0.550653
0.700261 0.550532
0.700361 0.550290
0.700461 0.550169
0.700561 0.550048
0.700661 0.549927
0.700761 0.549807
0.700860 0.549444
0.700960 0.549444
0.701060 0.549444
0.701160 0.549444
0.701260 0.549323
0.701360 0.549081
0.701460 0.549081
0.701560 0.549081
0.701660 0.548719
0.701760 0.548598
0.701859 0.548356
0.701959 0.548356
0.702059 0.548114
0.702159 0.548114
0.702259 0.547993
0.702359 0.547993
0.702459 0.547993
0.702559 0.547872
0.702659 0.547872
0.702759 0.547872
0.702858 0.547631
0.702958 0.547631
0.703058 0.547631
0.703158 0.547268
0.703258 0.547147
0.703358 0.547026
0.703458 0.546784
0.703558 0.546784
0.703658 0.546543
0.703757 0.546301
0.703857 0.546180
0.703957 0.546059
0.704057 0.545938
0.704157 0.545938
0.704257 0.545575
0.704357 0.545455
0.704457 0.545334
0.704557 0.545334
0.704657 0.544971
0.704756 0.544850
0.704856 0.544729
0.704956 0.544608
0.705056 0.544487
0.705156 0.544367
0.705256 0.544367
0.705356 0.544367
0.705456 0.544246
0.705556 0.544125
0.705656 0.544125
0.705755 0.543762
0.705855 0.543762
0.705955 0.543520
0.706055 0.543520
0.706155 0.543399
0.706255 0.543037
0.706355 0.543037
0.706455 0.543037
0.706555 0.543037
0.706654 0.542795
0.706754 0.542674
0.706854 0.542553
0.706954 0.542553
0.707054 0.542432
0.707154 0.542191
0.707254 0.542191
0.707354 0.542191
0.707454 0.542191
0.707554 0.542191
0.707653 0.542191
0.707753 0.542191
0.707853 0.542070
0.707953 0.542070
0.708053 0.542070
0.708153 0.541949
0.708253 0.541949
0.708353 0.541949
0.708453 0.541949
0.708552 0.541707
0.708652 0.541586
0.708752 0.541465
0.708852 0.541465
0.708952 0.541223
0.709052 0.541223
0.709152 0.540982
0.709252 0.540498
0.709352 0.540498
0.709452 0.540377
0.709551 0.540377
0.709651 0.540377
0.709751 0.540256
0.709851 0.540135
0.709951 0.540135
0.710051 0.540015
0.710151 0.540015
0.710251 0.540015
0.710351 0.539894
0.710451 0.539773
0.710550 0.539773
0.710650 0.539531
0.710750 0.539168
0.710850 0.538926
0.710950 0.538685
0.711050 0.538564
0.711150 0.538443
0.711250 0.538443
0.711350 0.538322
0.711449 0.538080
0.711549 0.537959
0.711649 0.537838
0.711749 0.537718
0.711849 0.537718
0.711949 0.537718
0.712049 0.537718
0.712149 0.537476
0.712249 0.537234
0.712349 0.537113
0.712448 0.537113
0.712548 0.537113
0.712648 0.536871
0.712748 0.536871
0.712848 0.536750
0.712948 0.536750
0.713048 0.536630
0.713148 0.536630
0.713248 0.536388
0.713348 0.535904
0.713447 0.535904
0.713547 0.535662
0.713647 0.535542
0.713747 0.535542
0.713847 0.535421
0.713947 0.535300
0.714047 0.535300
0.714147 0.535300
0.714247 0.535300
0.714346 0.535179
0.714446 0.534937
0.714546 0.534937
0.714646 0.534937
0.714746 0.534816
0.714846 0.534816
0.714946 0.534816
0.715046 0.534816
0.715146 0.534816
0.715246 0.534695
0.715345 0.534695
0.715445 0.534695
0.715545 0.534695
0.715645 0.534333
0.715745 0.534333
0.715845 0.534333
0.715945 0.534212
0.716045 0.534212
0.716145 0.534091
0.716244 0.534091
0.716344 0.533849
0.716444 0.533728
0.716544 0.533607
0.716644 0.533607
0.716744 0.533607
0.716844 0.533486
0.716944 0.533486
0.717044 0.533245
0.717144 0.533124
0.717243 0.532761
0.717343 0.532640
0.717443 0.532278
0.717543 0.532157
0.717643 0.532157
0.717743 0.532036
0.717843 0.531915
0.717943 0.531794
0.718043 0.531794
0.718143 0.531673
0.718242 0.531431
0.718342 0.531310
0.718442 0.531190
0.718542 0.531069
0.718642 0.531069
0.718742 0.530948
0.718842 0.530827
0.718942 0.530706
0.719042 0.530585
0.719141 0.530343
0.719241 0.530343
0.719341 0.530222
0.719441 0.530222
0.719541 0.529739
0.719641 0.529739
0.719741 0.529739
0.719841 0.529739
0.719941 0.529618
0.720041 0.529497
0.720140 0.529134
0.720240 0.529134
0.720340 0.529014
0.720440 0.528893
0.720540 0.528893
0.720640 0.528893
0.720740 0.528893
0.720840 0.528772
0.720940 0.528651
0.721040 0.528651
0.721139 0.528651
0.721239 0.528651
0.721339 0.528651
0.721439 0.528651
0.721539 0.528651
0.721639 0.528530
0.721739 0.528288
0.721839 0.528167
0.721939 0.528167
0.722038 0.528167
0.722138 0.528167
0.722238 0.528167
0.722338 0.528167
0.722438 0.528167
0.722538 0.528046
0.722638 0.527926
0.722738 0.527684
0.722838 0.527684
0.722938 0.527684
0.723037 0.527684
0.723137 0.527684
0.723237 0.527563
0.723337 0.527563
0.723437 0.527563
0.723537 0.527563
0.723637 0.527442
0.723737 0.527442
0.723837 0.527079
0.723937 0.527079
0.724036 0.527079
0.724136 0.527079
0.724236 0.527079
0.724336 0.527079
0.724436 0.527079
0.724536 0.527079
0.724636 0.526838
0.724736 0.526838
0.724836 0.526717
0.724935 0.526475
0.725035 0.526475
0.725135 0.526475
0.725235 0.526354
0.725335 0.526354
0.725435 0.526112
0.725535 0.526112
0.725635 0.526112
0.725735 0.525991
0.725835 0.525991
0.725934 0.525991
0.726034 0.525991
0.726134 0.525991
0.726234 0.525991
0.726334 0.525991
0.726434 0.525991
0.726534 0.525991
0.726634 0.525750
0.726734 0.525750
0.726833 0.525750
0.726933 0.525629
0.727033 0.525629
0.727133 0.525387
0.727233 0.525387
0.727333 0.525387
0.727433 0.525145
0.727533 0.525145
0.727633 0.524903
0.727733 0.524541
0.727832 0.524541
0.727932 0.524541
0.728032 0.524541
0.728132 0.524541
0.728232 0.524420
0.728332 0.524420
0.728432 0.524420
0.728532 0.524420
0.728632 0.524420
0.728732 0.524420
0.728831 0.524299
0.728931 0.524178
0.729031 0.524057
0.729131 0.523936
0.729231 0.523694
0.729331 0.523453
0.729431 0.523332
0.729531 0.523211
0.729631 0.523090
0.729730 0.522848
0.729830 0.522606
0.729930 0.522485
0.730030 0.522365
0.730130 0.522123
0.730230 0.522123
0.730330 0.522123
0.730430 0.522123
0.730530 0.522002
0.730630 0.521881
0.730729 0.521760
0.730829 0.521518
0.730929 0.521397
0.731029 0.521277
0.731129 0.521277
0.731229 0.521277
0.731329 0.521277
0.731429 0.521277
0.731529 0.521277
0.731629 0.521035
0.731728 0.521035
0.731828 0.521035
0.731928 0.520914
0.732028 0.520793
0.732128 0.520793
0.732228 0.520672
0.732328 0.520189
0.732428 0.520068
0.732528 0.520068
0.732627 0.519826
0.732727 0.519705
0.732827 0.519584
0.732927 0.519584
0.733027 0.519463
0.733127 0.519463
0.733227 0.519342
0.733327 0.519342
0.733427 0.519342
0.733527 0.519221
0.733626 0.519221
0.733726 0.519221
0.733826 0.519221
0.733926 0.519221
0.734026 0.519221
0.734126 0.519221
0.734226 0.519221
0.734326 0.519221
0.734426 0.519221
0.734526 0.519101
0.734625 0.519101
0.734725 0.519101
0.734825 0.519101
0.734925 0.519101
0.735025 0.519101
0.735125 0.519101
0.735225 0.518859
0.735325 0.518859
0.735425 0.518859
0.735524 0.518859
0.735624 0.518617
0.735724 0.518375
0.735824 0.518375
0.735924 0.518133
0.736024 0.517892
0.736124 0.517892
0.736224 0.517892
0.736324 0.517771
0.736424 0.517771
0.736523 0.517529
0.736623 0.517529
0.736723 0.517408
0.736823 0.517166
0.736923 0.517045
0.737023 0.517045
0.737123 0.517045
0.737223 0.517045
0.737323 0.517045
0.737422 0.516925
0.737522 0.516925
0.737622 0.516804
0.737722 0.516804
0.737822 0.516683
0.737922 0.516683
0.738022 0.516562
0.738122 0.516320
0.738222 0.516199
0.738322 0.516199
0.738421 0.516199
0.738521 0.516199
0.738621 0.515957
0.738721 0.515716
0.738821 0.515595
0.738921 0.515474
0.739021 0.515232
0.739121 0.515232
0.739221 0.515232
0.739321 0.515232
0.739420 0.515232
0.739520 0.515232
0.739620 0.515232
0.739720 0.515111
0.739820 0.514990
0.739920 0.514628
0.740020 0.514628
0.740120 0.514386
0.740220 0.514386
0.740319 0.514386
0.740419 0.514386
0.740519 0.514386
0.740619 0.514386
0.740719 0.514386
0.740819 0.514265
0.740919 0.514144
0.741019 0.514144
0.741119 0.514023
0.741219 0.513902
0.741318 0.513781
0.741418 0.513781
0.741518 0.513661
0.741618 0.513661
0.741718 0.513661
0.741818 0.513419
0.741918 0.513298
0.742018 0.513056
0.742118 0.512935
0.742218 0.512814
0.742317 0.512814
0.742417 0.512693
0.742517 0.512573
0.742617 0.512210
0.742717 0.512089
0.742817 0.512089
0.742917 0.511968
0.743017 0.511968
0.743117 0.511847
0.743216 0.511485
0.743316 0.511364
0.743416 0.511364
0.743516 0.511364
0.743616 0.511364
0.743716 0.511122
0.743816 0.511001
0.743916 0.511001
0.744016 0.511001
0.744116 0.510638
0.744215 0.510638
0.744315 0.510517
0.744415 0.510517
0.744515 0.510517
0.744615 0.510276
0.744715 0.510276
0.744815 0.510155
0.744915 0.510155
0.745015 0.509913
0.745114 0.509913
0.745214 0.509792
0.745314 0.509671
0.745414 0.509550
0.745514 0.509429
0.745614 0.509309
0.745714 0.509309
0.745814 0.509067
0.745914 0.508946
0.746014 0.508946
0.746113 0.508704
0.746213 0.508583
0.746313 0.508583
0.746413 0.508341
0.746513 0.508221
0.746613 0.507737
0.746713 0.507495
0.746813 0.507012
0.746913 0.506770
0.747013 0.506528
0.747112 0.506528
0.747212 0.506286
0.747312 0.506286
0.747412 0.506286
0.747512 0.506165
0.747612 0.506165
0.747712 0.505924
0.747812 0.505803
0.747912 0.505803
0.748011 0.505803
0.748111 0.505803
0.748211 0.505803
0.748311 0.505682
0.748411 0.505682
0.748511 0.505440
0.748611 0.505319
0.748711 0.505319
0.748811 0.505198
0.748911 0.505198
0.749010 0.505198
0.749110 0.505198
0.749210 0.505198
0.749310 0.504956
0.749410 0.504956
0.749510 0.504715
0.749610 0.504715
0.749710 0.504594
0.749810 0.504231
0.749910 0.503989
0.750009 0.503868
0.750109 0.503748
0.750209 0.503748
0.750309 0.503627
0.750409 0.503627
0.750509 0.503506
0.750609 0.503264
0.750709 0.503143
0.750809 0.503143
0.750908 0.503143
0.751008 0.503143
0.751108 0.503022
0.751208 0.502901
0.751308 0.502780
0.751408 0.502660
0.751508 0.502539
0.751608 0.502418
0.751708 0.502297
0.751808 0.502176
0.751907 0.502176
0.752007 0.502176
0.752107 0.502055
0.752207 0.501813
0.752307 0.501692
0.752407 0.501572
0.752507 0.501451
0.752607 0.501451
0.752707 0.501451
0.752807 0.501451
0.752906 0.501330
0.753006 0.501209
0.753106 0.501209
0.753206 0.501088
0.753306 0.501088
0.753406 0.500967
0.753506 0.500967
0.753606 0.500846
0.753706 0.500725
0.753805 0.500725
0.753905 0.500484
0.754005 0.500363
0.754105 0.500363
0.754205 0.500242
0.754305 0.499879
0.754405 0.499758
0.754505 0.499758
0.754605 0.499637
0.754705 0.499516
0.754804 0.499154
0.754904 0.498912
0.755004 0.498791
0.755104 0.498670
0.755204 0.498308
0.755304 0.498187
0.755404 0.498187
0.755504 0.498187
0.755604 0.498187
0.755703 0.498187
0.755803 0.498066
0.755903 0.497945
0.756003 0.497703
0.756103 0.497582
0.756203 0.497220
0.756303 0.497099
0.756403 0.497099
0.756503 0.497099
0.756603 0.496857
0.756702 0.496857
0.756802 0.496857
0.756902 0.496736
0.757002 0.496615
0.757102 0.496373
0.757202 0.496252
0.757302 0.496252
0.757402 0.496011
0.757502 0.495890
0.757602 0.495769
0.757701 0.495648
0.757801 0.495406
0.757901 0.495406
0.758001 0.495406
0.758101 0.495285
0.758201 0.495164
0.758301 0.495044
0.758401 0.494802
0.758501 0.494802
0.758600 0.494802
0.758700 0.494802
0.758800 0.494802
0.758900 0.494802
0.759000 0.494681
0.759100 0.494560
0.759200 0.494439
0.759300 0.494318
0.759400 0.494197
0.759500 0.494197
0.759599 0.494076
0.759699 0.494076
0.759799 0.493956
0.759899 0.493835
0.759999 0.493714
0.760099 0.493714
0.760199 0.493351
0.760299 0.493351
0.760399 0.493230
0.760499 0.493230
0.760598 0.493230
0.760698 0.493230
0.760798 0.492868
0.760898 0.492747
0.760998 0.492747
0.761098 0.492626
0.761198 0.492505
0.761298 0.492384
0.761398 0.492384
0.761497 0.492142
0.761597 0.492142
0.761697 0.492021
0.761797 0.492021
0.761897 0.491900
0.761997 0.491659
0.762097 0.491659
0.762197 0.491538
0.762297 0.491538
0.762397 0.491417
0.762496 0.491296
0.762596 0.490933
0.762696 0.490571
0.762796 0.490329
0.762896 0.490208
0.762996 0.490087
0.763096 0.490087
0.763196 0.489966
0.763296 0.489845
0.763396 0.489724
0.763495 0.489603
0.763595 0.489603
0.763695 0.489483
0.763795 0.489483
0.763895 0.489483
0.763995 0.488999
0.764095 0.488757
0.764195 0.488757
0.764295 0.488757
0.764394 0.488636
0.764494 0.488515
0.764594 0.488395
0.764694 0.488274
0.764794 0.488274
0.764894 0.488153
0.764994 0.488032
0.765094 0.487911
0.765194 0.487790
0.765294 0.487790
0.765393 0.487669
0.765493 0.487669
0.765593 0.487307
0.765693 0.487307
0.765793 0.487307
0.765893 0.487186
0.765993 0.487186
0.766093 0.487186
0.766193 0.487186
0.766292 0.487186
0.766392 0.487065
0.766492 0.487065
0.766592 0.486944
0.766692 0.486823
0.766792 0.486823
0.766892 0.486581
0.766992 0.486460
0.767092 0.486460
0.767192 0.486339
0.767291 0.486219
0.767391 0.486219
0.767491 0.486098
0.767591 0.485977
0.767691 0.485977
0.767791 0.485735
0.767891 0.485735
0.767991 0.485614
0.768091 0.485493
0.768191 0.485493
0.768290 0.485493
0.768390 0.485372
0.768490 0.485131
0.768590 0.485131
0.768690 0.485131
0.768790 0.485010
0.768890 0.485010
0.768990 0.485010
0.769090 0.484889
0.769189 0.484768
0.769289 0.484647
0.769389 0.484647
0.769489 0.484647
0.769589 0.484526
0.769689 0.484405
0.769789 0.484284
0.769889 0.483801
0.769989 0.483801
0.770089 0.483680
0.770188 0.483559
0.770288 0.483317
0.770388 0.483075
0.770488 0.483075
0.770588 0.483075
0.770688 0.482955
0.770788 0.482955
0.770888 0.482955
0.770988 0.482713
0.771088 0.482471
0.771187 0.481987
0.771287 0.481987
0.771387 0.481987
0.771487 0.481867
0.771587 0.481867
0.771687 0.481625
0.771787 0.481625
0.771887 0.481625
0.771987 0.481625
0.772086 0.481625
0.772186 0.481504
0.772286 0.481141
0.772386 0.481141
0.772486 0.481141
0.772586 0.480899
0.772686 0.480658
0.772786 0.480658
0.772886 0.480416
0.772986 0.480295
0.773085 0.480053
0.773185 0.479932
0.773285 0.479811
0.773385 0.479811
0.773485 0.479691
0.773585 0.479449
0.773685 0.479449
0.773785 0.478965
0.773885 0.478482
0.773984 0.478361
0.774084 0.478240
0.774184 0.478240
0.774284 0.477877
0.774384 0.477756
0.774484 0.477515
0.774584 0.477394
0.774684 0.477394
0.774784 0.477273
0.774884 0.477152
0.774983 0.476910
0.775083 0.476910
0.775183 0.476789
0.775283 0.476668
0.775383 0.476547
0.775483 0.476426
0.775583 0.476426
0.775683 0.476426
0.775783 0.476426
0.775883 0.476426
0.775982 0.476306
0.776082 0.476185
0.776182 0.476064
0.776282 0.475822
0.776382 0.475822
0.776482 0.475701
0.776582 0.475580
0.776682 0.475459
0.776782 0.475338
0.776881 0.475338
0.776981 0.475338
0.777081 0.475338
0.777181 0.475218
0.777281 0.475218
0.777381 0.475218
0.777481 0.474976
0.777581 0.474855
0.777681 0.474492
0.777781 0.474492
0.777880 0.474492
0.777980 0.474492
0.778080 0.474492
0.778180 0.474250
0.778280 0.474250
0.778380 0.474250
0.778480 0.474250
0.778580 0.474250
0.778680 0.474250
0.778780 0.474130
0.778879 0.474009
0.778979 0.473767
0.779079 0.473767
0.779179 0.473767
0.779279 0.473767
0.779379 0.473646
0.779479 0.473404
0.779579 0.473404
0.779679 0.473404
0.779778 0.473404
0.779878 0.473162
0.779978 0.473042
0.780078 0.472921
0.780178 0.472800
0.780278 0.472679
0.780378 0.472679
0.780478 0.472437
0.780578 0.472437
0.780678 0.472437
0.780777 0.472316
0.780877 0.472316
0.780977 0.472316
0.781077 0.471954
0.781177 0.471712
0.781277 0.471712
0.781377 0.471712
0.781477 0.471591
0.781577 0.471591
0.781677 0.471591
0.781776 0.471591
0.781876 0.471349
0.781976 0.471228
0.782076 0.471107
0.782176 0.470986
0.782276 0.470745
0.782376 0.470624
0.782476 0.470382
0.782576 0.470382
0.782675 0.470382
0.782775 0.470382
0.782875 0.470382
0.782975 0.470261
0.783075 0.470019
0.783175 0.470019
0.783275 0.469898
0.783375 0.469778
0.783475 0.469536
0.783575 0.469536
0.783674 0.469415
0.783774 0.469415
0.783874 0.469415
0.783974 0.469415
0.784074 0.468931
0.784174 0.468931
0.784274 0.468690
0.784374 0.468569
0.784474 0.468569
0.784573 0.468327
0.784673 0.468085
0.784773 0.467843
0.784873 0.467722
0.784973 0.467722
0.785073 0.467722
0.785173 0.467602
0.785273 0.467239
0.785373 0.466876
0.785473 0.466876
0.785572 0.466755
0.785672 0.466634
0.785772 0.466393
0.785872 0.466272
0.785972 0.466272
0.786072 0.466151
0.786172 0.466151
0.786272 0.466030
0.786372 0.465909
0.786472 0.465909
0.786571 0.465546
0.786671 0.465546
0.786771 0.465305
0.786871 0.464942
0.786971 0.464700
0.787071 0.464700
0.787171 0.464700
0.787271 0.464458
0.787371 0.464338
0.787470 0.464338
0.787570 0.464217
0.787670 0.464217
0.787770 0.464217
0.787870 0.464096
0.787970 0.464096
0.788070 0.464096
0.788170 0.464096
0.788270 0.463975
0.788370 0.463975
0.788469 0.463733
0.788569 0.463612
0.788669 0.463612
0.788769 0.463612
0.788869 0.463612
0.788969 0.463250
0.789069 0.462887
0.789169 0.462887
0.789269 0.462645
0.789369 0.462403
0.789468 0.462162
0.789568 0.462162
0.789668 0.461920
0.789768 0.461920
0.789868 0.461799
0.789968 0.461557
0.790068 0.461557
0.790168 0.461557
0.790268 0.461436
0.790367 0.461315
0.790467 0.461194
0.790567 0.460832
0.790667 0.460590
0.790767 0.460469
0.790867 0.460227
0.790967 0.460106
0.791067 0.459865
0.791167 0.459865
0.791267 0.459623
0.791366 0.459260
0.791466 0.459139
0.791566 0.459018
0.791666 0.459018
0.791766 0.458897
0.791866 0.458897
0.791966 0.458656
0.792066 0.458656
0.792166 0.458535
0.792266 0.458414
0.792365 0.458414
0.792465 0.458293
0.792565 0.458051
0.792665 0.457930
0.792765 0.457689
0.792865 0.457568
0.792965 0.457568
0.793065 0.457447
0.793165 0.457447
0.793264 0.457447
0.793364 0.457205
0.793464 0.456842
0.793564 0.456842
0.793664 0.456842
0.793764 0.456721
0.793864 0.456721
0.793964 0.456721
0.794064 0.456480
0.794164 0.456480
0.794263 0.456117
0.794363 0.455996
0.794463 0.455875
0.794563 0.455513
0.794663 0.455392
0.794763 0.455271
0.794863 0.455271
0.794963 0.455271
0.795063 0.455150
0.795162 0.455150
0.795262 0.455150
0.795362 0.454908
0.795462 0.454908
0.795562 0.454908
0.795662 0.454908
0.795762 0.454908
0.795862 0.454908
0.795962 0.454787
0.796062 0.454666
0.796161 0.454545
0.796261 0.454425
0.796361 0.454425
0.796461 0.454304
0.796561 0.454183
0.796661 0.454183
0.796761 0.454183
0.796861 0.454183
0.796961 0.454183
0.797061 0.454183
0.797160 0.454062
0.797260 0.454062
0.797360 0.453820
0.797460 0.453820
0.797560 0.453457
0.797660 0.453337
0.797760 0.453095
0.797860 0.452853
0.797960 0.452853
0.798059 0.452853
0.798159 0.452732
0.798259 0.452611
0.798359 0.452611
0.798459 0.452490
0.798559 0.452490
0.798659 0.452490
0.798759 0.452369
0.798859 0.452369
0.798959 0.452369
0.799058 0.452007
0.799158 0.452007
0.799258 0.451886
0.799358 0.451765
0.799458 0.451644
0.799558 0.451644
0.799658 0.451523
0.799758 0.451402
0.799858 0.451402
0.799958 0.451281
0.800057 0.451161
0.800157 0.451040
0.800257 0.450798
0.800357 0.450798
0.800457 0.450798
0.800557 0.450677
0.800657 0.450677
0.800757 0.450435
0.800857 0.450193
0.800956 0.450073
0.801056 0.449952
0.801156 0.449831
0.801256 0.449831
0.801356 0.449831
0.801456 0.449710
0.801556 0.449589
0.801656 0.449468
0.801756 0.449226
0.801856 0.449105
0.801955 0.448985
0.802055 0.448985
0.802155 0.448864
0.802255 0.448743
0.802355 0.448743
0.802455 0.448743
0.802555 0.448501
0.802655 0.448380
0.802755 0.448259
0.802855 0.447897
0.802954 0.447776
0.803054 0.447776
0.803154 0.447776
0.803254 0.447776
0.803354 0.447776
0.803454 0.447776
0.803554 0.447655
0.803654 0.447655
0.803754 0.447534
0.803853 0.447413
0.803953 0.447292
0.804053 0.447292
0.804153 0.447292
0.804253 0.447050
0.804353 0.446929
0.804453 0.446567
0.804553 0.446567
0.804653 0.446567
0.804753 0.446446
0.804852 0.446325
0.804952 0.445962
0.805052 0.445721
0.805152 0.445479
0.805252 0.445358
0.805352 0.444995
0.805452 0.444632
0.805552 0.444028
0.805652 0.443907
0.805751 0.443786
0.805851 0.443665
0.805951 0.443665
0.806051 0.443665
0.806151 0.443544
0.806251 0.443424
0.806351 0.443424
0.806451 0.443303
0.806551 0.443303
0.806651 0.443182
0.806750 0.443182
0.806850 0.443061
0.806950 0.443061
0.807050 0.443061
0.807150 0.442940
0.807250 0.442940
0.807350 0.442940
0.807450 0.442819
0.807550 0.442577
0.807650 0.442577
0.807749 0.442456
0.807849 0.442336
0.807949 0.442215
0.808049 0.442215
0.808149 0.442094
0.808249 0.442094
0.808349 0.441973
0.808449 0.441852
0.808549 0.441731
0.808648 0.441610
0.808748 0.441489
0.808848 0.441248
0.808948 0.440764
0.809048 0.440764
0.809148 0.440764
0.809248 0.440764
0.809348 0.440522
0.809448 0.440522
0.809548 0.440522
0.809647 0.440522
0.809747 0.440522
0.809847 0.440280
0.809947 0.440160
0.810047 0.440039
0.810147 0.440039
0.810247 0.439918
0.810347 0.439797
0.810447 0.439797
0.810547 0.439555
0.810646 0.439313
0.810746 0.438951
0.810846 0.438830
0.810946 0.438830
0.811046 0.438709
0.811146 0.438709
0.811246 0.438346
0.811346 0.438104
0.811446 0.437984
0.811545 0.437863
0.811645 0.437742
0.811745 0.437742
0.811845 0.437621
0.811945 0.437621
0.812045 0.437621
0.812145 0.437621
0.812245 0.437500
0.812345 0.437500
0.812445 0.437258
0.812544 0.437258
0.812644 0.437137
0.812744 0.437016
0.812844 0.436896
0.812944 0.436775
0.813044 0.436412
0.813144 0.436412
0.813244 0.436412
0.813344 0.436412
0.813443 0.436291
0.813543 0.436291
0.813643 0.436291
0.813743 0.436291
0.813843 0.436170
0.813943 0.436170
0.814043 0.436049
0.814143 0.436049
0.814243 0.435928
0.814343 0.435687
0.814442 0.435687
0.814542 0.435445
0.814642 0.435324
0.814742 0.435203
0.814842 0.435082
0.814942 0.435082
0.815042 0.435082
0.815142 0.434961
0.815242 0.434720
0.815342 0.434720
0.815441 0.434720
0.815541 0.434115
0.815641 0.433994
0.815741 0.433632
0.815841 0.433390
0.815941 0.433269
0.816041 0.433269
0.816141 0.433148
0.816241 0.433148
0.816340 0.433027
0.816440 0.433027
0.816540 0.432906
0.816640 0.432664
0.816740 0.432664
0.816840 0.432544
0.816940 0.432544
0.817040 0.432423
0.817140 0.432423
0.817240 0.432302
0.817339 0.432181
0.817439 0.431697
0.817539 0.431697
0.817639 0.431697
0.817739 0.431697
0.817839 0.431576
0.817939 0.431456
0.818039 0.431093
0.818139 0.431093
0.818239 0.431093
0.818338 0.431093
0.818438 0.430972
0.818538 0.430851
0.818638 0.430851
0.818738 0.430730
0.818838 0.430609
0.818938 0.430488
0.819038 0.430488
0.819138 0.430488
0.819237 0.430247
0.819337 0.430126
0.819437 0.429763
0.819537 0.429763
0.819637 0.429763
0.819737 0.429763
0.819837 0.429642
0.819937 0.429400
0.820037 0.429159
0.820137 0.429038
0.820236 0.428917
0.820336 0.428917
0.820436 0.428917
0.820536 0.428796
0.820636 0.428675
0.820736 0.428675
0.820836 0.428675
0.820936 0.428675
0.821036 0.428554
0.821136 0.428554
0.821235 0.428433
0.821335 0.428433
0.821435 0.428433
0.821535 0.428433
0.821635 0.428191
0.821735 0.428071
0.821835 0.427950
0.821935 0.427345
0.822035 0.427345
0.822134 0.427224
0.822234 0.427224
0.822334 0.426741
0.822434 0.426620
0.822534 0.426620
0.822634 0.426620
0.822734 0.426499
0.822834 0.426499
0.822934 0.426378
0.823034 0.426136
0.823133 0.425895
0.823233 0.425290
0.823333 0.425169
0.823433 0.425048
0.823533 0.424927
0.823633 0.424686
0.823733 0.424565
0.823833 0.424323
0.823933 0.424081
0.824032 0.423839
0.824132 0.423839
0.824232 0.423719
0.824332 0.423719
0.824432 0.423719
0.824532 0.423719
0.824632 0.423477
0.824732 0.423477
0.824832 0.423356
0.824932 0.423356
0.825031 0.423235
0.825131 0.423235
0.825231 0.423235
0.825331 0.423235
0.825431 0.423235
0.825531 0.423114
0.825631 0.423114
0.825731 0.422872
0.825831 0.422872
0.825931 0.422631
0.826030 0.422510
0.826130 0.422147
0.826230 0.422147
0.826330 0.422026
0.826430 0.421784
0.826530 0.421663
0.826630 0.421663
0.826730 0.421663
0.826830 0.421422
0.826929 0.421301
0.827029 0.421301
0.827129 0.421180
0.827229 0.420938
0.827329 0.420817
0.827429 0.420817
0.827529 0.420817
0.827629 0.420696
0.827729 0.420696
0.827829 0.420455
0.827928 0.420092
0.828028 0.419971
0.828128 0.419729
0.828228 0.419608
0.828328 0.419487
0.828428 0.419246
0.828528 0.419125
0.828628 0.418762
0.828728 0.418641
0.828828 0.418520
0.828927 0.418520
0.829027 0.418520
0.829127 0.418399
0.829227 0.418279
0.829327 0.418279
0.829427 0.418279
0.829527 0.418279
0.829627 0.418279
0.829727 0.418158
0.829826 0.418158
0.829926 0.418158
0.830026 0.418037
0.830126 0.417674
0.830226 0.417553
0.830326 0.417553
0.830426 0.417311
0.830526 0.417191
0.830626 0.417191
0.830726 0.417070
0.830825 0.416949
0.830925 0.416949
0.831025 0.416828
0.831125 0.416707
0.831225 0.416465
0.831325 0.416465
0.831425 0.416465
0.831525 0.416344
0.831625 0.416103
0.831725 0.415982
0.831824 0.415982
0.831924 0.415982
0.832024 0.415982
0.832124 0.415861
0.832224 0.415498
0.832324 0.415135
0.832424 0.414894
0.832524 0.414652
0.832624 0.414652
0.832723 0.414652
0.832823 0.414410
0.832923 0.414289
0.833023 0.414289
0.833123 0.413806
0.833223 0.413806
0.833323 0.413806
0.833423 0.413564
0.833523 0.413322
0.833623 0.413322
0.833722 0.413201
0.833822 0.413201
0.833922 0.412959
0.834022 0.412959
0.834122 0.412959
0.834222 0.412838
0.834322 0.412718
0.834422 0.412718
0.834522 0.412476
0.834621 0.411992
0.834721 0.411871
0.834821 0.411630
0.834921 0.411630
0.835021 0.411630
0.835121 0.411509
0.835221 0.411388
0.835321 0.411025
0.835421 0.411025
0.835521 0.410904
0.835620 0.410904
0.835720 0.410904
0.835820 0.410783
0.835920 0.410783
0.836020 0.410783
0.836120 0.410662
0.836220 0.410421
0.836320 0.410421
0.836420 0.410300
0.836520 0.410300
0.836619 0.409937
0.836719 0.409574
0.836819 0.409454
0.836919 0.409333
0.837019 0.409212
0.837119 0.409091
0.837219 0.409091
0.837319 0.409091
0.837419 0.408970
0.837518 0.408849
0.837618 0.408728
0.837718 0.408728
0.837818 0.408486
0.837918 0.408366
0.838018 0.408124
0.838118 0.408003
0.838218 0.407882
0.838318 0.407640
0.838418 0.407519
0.838517 0.407398
0.838617 0.407398
0.838717 0.407157
0.838817 0.407157
0.838917 0.406915
0.839017 0.406794
0.839117 0.406431
0.839217 0.406310
0.839317 0.406310
0.839417 0.406069
0.839516 0.406069
0.839616 0.405948
0.839716 0.405827
0.839816 0.405464
0.839916 0.405222
0.840016 0.405102
0.840116 0.404860
0.840216 0.404497
0.840316 0.404255
0.840415 0.404134
0.840515 0.404134
0.840615 0.404014
0.840715 0.403893
0.840815 0.403772
0.840915 0.403409
0.841015 0.403167
0.841115 0.403167
0.841215 0.402926
0.841315 0.402926
0.841414 0.402926
0.841514 0.402684
0.841614 0.402684
0.841714 0.402684
0.841814 0.402563
0.841914 0.402442
0.842014 0.402321
0.842114 0.402200
0.842214 0.402200
0.842313 0.401958
0.842413 0.401838
0.842513 0.401717
0.842613 0.401596
0.842713 0.401475
0.842813 0.401112
0.842913 0.401112
0.843013 0.400991
0.843113 0.400750
0.843213 0.400508
0.843312 0.400508
0.843412 0.400266
0.843512 0.400024
0.843612 0.400024
0.843712 0.399903
0.843812 0.399541
0.843912 0.399420
0.844012 0.399299
0.844112 0.399178
0.844212 0.399057
0.844311 0.398815
0.844411 0.398815
0.844511 0.398574
0.844611 0.398211
0.844711 0.397727
0.844811 0.397727
0.844911 0.397727
0.845011 0.397727
0.845111 0.397606
0.845210 0.397365
0.845310 0.397365
0.845410 0.397123
0.845510 0.397123
0.845610 0.397002
0.845710 0.396639
0.845810 0.396397
0.845910 0.396277
0.846010 0.396277
0.846110 0.396156
0.846209 0.395914
0.846309 0.395914
0.846409 0.395672
0.846509 0.395551
0.846609 0.395551
0.846709 0.395430
0.846809 0.395430
0.846909 0.395430
0.847009 0.395309
0.847109 0.395189
0.847208 0.395068
0.847308 0.394947
0.847408 0.394947
0.847508 0.394826
0.847608 0.394705
0.847708 0.394584
0.847808 0.394584
0.847908 0.394463
0.848008 0.394342
0.848107 0.394221
0.848207 0.394221
0.848307 0.393859
0.848407 0.393738
0.848507 0.393738
0.848607 0.393496
0.848707 0.393375
0.848807 0.393254
0.848907 0.393254
0.849007 0.393133
0.849106 0.393133
0.849206 0.393013
0.849306 0.393013
0.849406 0.392892
0.849506 0.392771
0.849606 0.392650
0.849706 0.392408
0.849806 0.392408
0.849906 0.392166
0.850006 0.392045
0.850105 0.392045
0.850205 0.391804
0.850305 0.391683
0.850405 0.391562
0.850505 0.391441
0.850605 0.391441
0.850705 0.391441
0.850805 0.391441
0.850905 0.391320
0.851004 0.391199
0.851104 0.391199
0.851204 0.391078
0.851304 0.390957
0.851404 0.390957
0.851504 0.390837
0.851604 0.390837
0.851704 0.390716
0.851804 0.390716
0.851904 0.390595
0.852003 0.390595
0.852103 0.390353
0.852203 0.390232
0.852303 0.390232
0.852403 0.390111
0.852503 0.390111
0.852603 0.389990
0.852703 0.389628
0.852803 0.389507
0.852902 0.389507
0.853002 0.389507
0.853102 0.389144
0.853202 0.388781
0.853302 0.388781
0.853402 0.388540
0.853502 0.388540
0.853602 0.388540
0.853702 0.388177
0.853802 0.388177
0.853901 0.388177
0.854001 0.388177
0.854101 0.387935
0.854201 0.387935
0.854301 0.387814
0.854401 0.387693
0.854501 0.387693
0.854601 0.387693
0.854701 0.387693
0.854801 0.387693
0.854900 0.387693
0.855000 0.387693
0.855100 0.387693
0.855200 0.387573
0.855300 0.387331
0.855400 0.387210
0.855500 0.386968
0.855600 0.386968
0.855700 0.386968
0.855799 0.386968
0.855899 0.386847
0.855999 0.386726
0.856099 0.386122
0.856199 0.386122
0.856299 0.386122
0.856399 0.385880
0.856499 0.385759
0.856599 0.385517
0.856699 0.385517
0.856798 0.385397
0.856898 0.385276
0.856998 0.385276
0.857098 0.385034
0.857198 0.384913
0.857298 0.384913
0.857398 0.384792
0.857498 0.384671
0.857598 0.384550
0.857698 0.384429
0.857797 0.384309
0.857897 0.384309
0.857997 0.384309
0.858097 0.384188
0.858197 0.384188
0.858297 0.384067
0.858397 0.384067
0.858497 0.383704
0.858597 0.383462
0.858696 0.383221
0.858796 0.382858
0.858896 0.382858
0.858996 0.382858
0.859096 0.382616
0.859196 0.382495
0.859296 0.382374
0.859396 0.382253
0.859496 0.382253
0.859596 0.382132
0.859695 0.382012
0.859795 0.382012
0.859895 0.381891
0.859995 0.381891
0.860095 0.381528
0.860195 0.381407
0.860295 0.381407
0.860395 0.381165
0.860495 0.381165
0.860595 0.380924
0.860694 0.380924
0.860794 0.380924
0.860894 0.380682
0.860994 0.380319
0.861094 0.380319
0.861194 0.380319
0.861294 0.379594
0.861394 0.379594
0.861494 0.379352
0.861593 0.378989
0.861693 0.378868
0.861793 0.378748
0.861893 0.378627
0.861993 0.378506
0.862093 0.378264
0.862193 0.378022
0.862293 0.377901
0.862393 0.377780
0.862493 0.377780
0.862592 0.377418
0.862692 0.377176
0.862792 0.377055
0.862892 0.376692
0.862992 0.376692
0.863092 0.376692
0.863192 0.376692
0.863292 0.376451
0.863392 0.376209
0.863491 0.375967
0.863591 0.375967
0.863691 0.375725
0.863791 0.375725
0.863891 0.375725
0.863991 0.375604
0.864091 0.375484
0.864191 0.374758
0.864291 0.374396
0.864391 0.374396
0.864490 0.374396
0.864590 0.373912
0.864690 0.373912
0.864790 0.373670
0.864890 0.373670
0.864990 0.373549
0.865090 0.373428
0.865190 0.373308
0.865290 0.373066
0.865390 0.372945
0.865489 0.372703
0.865589 0.372582
0.865689 0.372340
0.865789 0.372220
0.865889 0.372099
0.865989 0.372099
0.866089 0.371857
0.866189 0.371857
0.866289 0.371857
0.866388 0.371615
0.866488 0.371494
0.866588 0.371373
0.866688 0.371132
0.866788 0.371132
0.866888 0.370890
0.866988 0.370890
0.867088 0.370769
0.867188 0.370527
0.867288 0.370406
0.867387 0.370406
0.867487 0.370406
0.867587 0.370406
0.867687 0.370164
0.867787 0.370164
0.867887 0.369802
0.867987 0.369802
0.868087 0.369802
0.868187 0.369802
0.868287 0.369802
0.868386 0.369560
0.868486 0.369318
0.868586 0.369197
0.868686 0.369076
0.868786 0.369076
0.868886 0.368956
0.868986 0.368835
0.869086 0.368835
0.869186 0.368835
0.869285 0.368835
0.869385 0.368835
0.869485 0.368714
0.869585 0.368593
0.869685 0.368472
0.869785 0.367988
0.869885 0.367988
0.869985 0.367747
0.870085 0.367626
0.870185 0.367505
0.870284 0.367505
0.870384 0.367021
0.870484 0.366659
0.870584 0.366296
0.870684 0.366296
0.870784 0.366175
0.870884 0.366175
0.870984 0.366054
0.871084 0.366054
0.871183 0.365691
0.871283 0.365450
0.871383 0.365450
0.871483 0.365329
0.871583 0.365087
0.871683 0.365087
0.871783 0.365087
0.871883 0.364966
0.871983 0.364724
0.872083 0.364603
0.872182 0.364362
0.872282 0.364362
0.872382 0.364241
0.872482 0.363999
0.872582 0.363636
0.872682 0.363395
0.872782 0.363274
0.872882 0.363153
0.872982 0.363153
0.873082 0.362911
0.873181 0.362790
0.873281 0.362669
0.873381 0.362427
0.873481 0.362427
0.873581 0.362307
0.873681 0.362307
0.873781 0.361944
0.873881 0.361702
0.873981 0.361581
0.874080 0.361339
0.874180 0.361098
0.874280 0.360977
0.874380 0.360856
0.874480 0.360856
0.874580 0.360856
0.874680 0.360856
0.874780 0.360735
0.874880 0.360493
0.874980 0.360251
0.875079 0.360131
0.875179 0.360131
0.875279 0.359889
0.875379 0.359889
0.875479 0.359768
0.875579 0.359647
0.875679 0.359526
0.875779 0.359405
0.875879 0.359043
0.875979 0.359043
0.876078 0.358801
0.876178 0.358680
0.876278 0.358438
0.876378 0.358438
0.876478 0.358317
0.876578 0.358317
0.876678 0.358196
0.876778 0.358196
0.876878 0.357955
0.876977 0.357955
0.877077 0.357834
0.877177 0.357471
0.877277 0.357350
0.877377 0.357108
0.877477 0.357108
0.877577 0.356987
0.877677 0.356746
0.877777 0.356746
0.877877 0.356625
0.877976 0.356625
0.878076 0.356625
0.878176 0.356383
0.878276 0.356262
0.878376 0.356262
0.878476 0.356020
0.878576 0.355899
0.878676 0.355899
0.878776 0.355779
0.878876 0.355416
0.878975 0.355295
0.879075 0.355174
0.879175 0.355174
0.879275 0.355174
0.879375 0.354811
0.879475 0.354570
0.879575 0.354570
0.879675 0.354328
0.879775 0.354207
0.879874 0.354086
0.879974 0.354086
0.880074 0.353965
0.880174 0.353965
0.880274 0.353844
0.880374 0.353603
0.880474 0.353482
0.880574 0.353482
0.880674 0.353240
0.880774 0.353119
0.880873 0.353119
0.880973 0.352998
0.881073 0.352756
0.881173 0.352756
0.881273 0.352515
0.881373 0.352273
0.881473 0.352152
0.881573 0.352031
0.881673 0.351789
0.881772 0.351668
0.881872 0.351306
0.881972 0.351064
0.882072 0.350943
0.882172 0.350822
0.882272 0.350701
0.882372 0.350701
0.882472 0.350580
0.882572 0.350459
0.882672 0.350218
0.882771 0.350097
0.882871 0.349976
0.882971 0.349976
0.883071 0.349855
0.883171 0.349855
0.883271 0.349855
0.883371 0.349734
0.883471 0.349492
0.883571 0.349371
0.883671 0.349130
0.883770 0.349009
0.883870 0.348646
0.883970 0.348283
0.884070 0.347558
0.884170 0.347437
0.884270 0.347437
0.884370 0.347195
0.884470 0.347074
0.884570 0.347074
0.884669 0.346954
0.884769 0.346833
0.884869 0.346833
0.884969 0.346833
0.885069 0.346591
0.885169 0.346349
0.885269 0.346228
0.885369 0.346228
0.885469 0.346107
0.885569 0.346107
0.885668 0.346107
0.885768 0.345745
0.885868 0.345624
0.885968 0.345503
0.886068 0.345261
0.886168 0.345261
0.886268 0.345261
0.886368 0.345140
0.886468 0.345019
0.886568 0.345019
0.886667 0.345019
0.886767 0.344898
0.886867 0.344778
0.886967 0.344657
0.887067 0.344536
0.887167 0.344415
0.887267 0.344415
0.887367 0.344294
0.887467 0.343931
0.887566 0.343810
0.887666 0.343810
0.887766 0.343690
0.887866 0.343690
0.887966 0.343327
0.888066 0.343085
0.888166 0.342843
0.888266 0.342602
0.888366 0.342360
0.888466 0.342360
0.888565 0.342360
0.888665 0.342360
0.888765 0.342360
0.888865 0.341997
0.888965 0.341876
0.889065 0.341755
0.889165 0.341755
0.889265 0.341393
0.889365 0.341272
0.889465 0.341272
0.889564 0.341151
0.889664 0.341151
0.889764 0.341030
0.889864 0.340426
0.889964 0.340184
0.890064 0.339942
0.890164 0.339942
0.890264 0.339942
0.890364 0.339821
0.890463 0.339700
0.890563 0.339700
0.890663 0.339700
0.890763 0.339579
0.890863 0.339458
0.890963 0.339458
0.891063 0.339217
0.891163 0.339217
0.891263 0.339217
0.891363 0.339217
0.891462 0.339217
0.891562 0.338854
0.891662 0.338733
0.891762 0.338612
0.891862 0.338612
0.891962 0.338612
0.892062 0.338250
0.892162 0.338129
0.892262 0.338008
0.892361 0.337887
0.892461 0.337524
0.892561 0.337403
0.892661 0.337403
0.892761 0.337282
0.892861 0.337162
0.892961 0.337041
0.893061 0.336799
0.893161 0.336678
0.893261 0.336315
0.893360 0.336315
0.893460 0.335711
0.893560 0.335590
0.893660 0.335469
0.893760 0.335348
0.893860 0.335106
0.893960 0.335106
0.894060 0.334985
0.894160 0.334865
0.894260 0.334865
0.894359 0.334623
0.894459 0.334623
0.894559 0.334623
0.894659 0.334623
0.894759 0.334502
0.894859 0.334381
0.894959 0.334381
0.895059 0.334381
0.895159 0.334018
0.895258 0.334018
0.895358 0.334018
0.895458 0.333656
0.895558 0.333535
0.895658 0.333293
0.895758 0.333051
0.895858 0.333051
0.895958 0.332930
0.896058 0.332809
0.896158 0.332689
0.896257 0.332447
0.896357 0.332447
0.896457 0.332447
0.896557 0.332447
0.896657 0.332326
0.896757 0.332205
0.896857 0.332205
0.896957 0.331842
0.897057 0.331842
0.897157 0.331721
0.897256 0.331601
0.897356 0.331117
0.897456 0.330996
0.897556 0.330875
0.897656 0.330633
0.897756 0.330633
0.897856 0.330271
0.897956 0.330029
0.898056 0.329787
0.898155 0.329787
0.898255 0.329545
0.898355 0.329304
0.898455 0.329062
0.898555 0.328820
0.898655 0.328699
0.898755 0.328578
0.898855 0.328457
0.898955 0.328337
0.899055 0.327853
0.899154 0.327732
0.899254 0.327732
0.899354 0.327732
0.899454 0.327611
0.899554 0.327611
0.899654 0.327490
0.899754 0.327369
0.899854 0.327249
0.899954 0.326886
0.900053 0.326886
0.900153 0.326886
0.900253 0.326644
0.900353 0.326040
0.900453 0.325677
0.900553 0.325677
0.900653 0.325677
0.900753 0.325314
0.900853 0.325193
0.900953 0.325073
0.901052 0.324831
0.901152 0.324831
0.901252 0.324831
0.901352 0.324831
0.901452 0.324831
0.901552 0.324468
0.901652 0.324468
0.901752 0.324105
0.901852 0.324105
0.901952 0.323985
0.902051 0.323864
0.902151 0.323864
0.902251 0.323622
0.902351 0.323501
0.902451 0.323380
0.902551 0.323259
0.902651 0.323138
0.902751 0.323138
0.902851 0.323017
0.902950 0.323017
0.903050 0.322897
0.903150 0.322897
0.903250 0.322897
0.903350 0.322897
0.903450 0.322897
0.903550 0.322776
0.903650 0.322655
0.903750 0.322534
0.903850 0.322413
0.903949 0.322292
0.904049 0.322050
0.904149 0.322050
0.904249 0.322050
0.904349 0.321929
0.904449 0.321809
0.904549 0.321809
0.904649 0.321446
0.904749 0.321446
0.904849 0.321204
0.904948 0.320721
0.905048 0.320600
0.905148 0.320600
0.905248 0.320237
0.905348 0.319995
0.905448 0.319512
0.905548 0.319149
0.905648 0.318907
0.905748 0.318786
0.905847 0.318786
0.905947 0.318544
0.906047 0.318544
0.906147 0.318544
0.906247 0.318303
0.906347 0.318182
0.906447 0.317940
0.906547 0.317940
0.906647 0.317819
0.906747 0.317819
0.906846 0.317819
0.906946 0.317819
0.907046 0.317215
0.907146 0.316973
0.907246 0.316610
0.907346 0.316610
0.907446 0.316248
0.907546 0.316127
0.907646 0.316127
0.907746 0.316006
0.907845 0.315764
0.907945 0.315522
0.908045 0.315522
0.908145 0.315160
0.908245 0.315039
0.908345 0.314918
0.908445 0.314918
0.908545 0.314797
0.908645 0.314434
0.908744 0.314434
0.908844 0.314192
0.908944 0.314072
0.909044 0.313951
0.909144 0.313346
0.909244 0.313104
0.909344 0.312742
0.909444 0.312621
0.909544 0.312621
0.909644 0.312137
0.909743 0.312137
0.909843 0.311896
0.909943 0.311533
0.910043 0.311412
0.910143 0.311412
0.910243 0.311412
0.910343 0.311291
0.910443 0.311170
0.910543 0.311170
0.910642 0.311170
0.910742 0.310928
0.910842 0.310808
0.910942 0.310687
0.911042 0.310324
0.911142 0.310082
0.911242 0.309961
0.911342 0.309720
0.911442 0.309478
0.911542 0.309115
0.911641 0.309115
0.911741 0.308994
0.911841 0.308994
0.911941 0.308873
0.912041 0.308873
0.912141 0.308511
0.912241 0.308148
0.912341 0.308148
0.912441 0.308148
0.912541 0.308148
0.912640 0.308027
0.912740 0.307906
0.912840 0.307785
0.912940 0.307664
0.913040 0.307544
0.913140 0.307302
0.913240 0.307302
0.913340 0.307181
0.913440 0.306939
0.913539 0.306456
0.913639 0.306456
0.913739 0.306456
0.913839 0.306214
0.913939 0.306093
0.914039 0.305972
0.914139 0.305972
0.914239 0.305851
0.914339 0.305730
0.914439 0.305609
0.914538 0.305609
0.914638 0.305368
0.914738 0.305368
0.914838 0.305247
0.914938 0.305005
0.915038 0.304521
0.915138 0.304400
0.915238 0.304279
0.915338 0.304279
0.915438 0.304279
0.915537 0.304038
0.915637 0.303554
0.915737 0.303312
0.915837 0.303071
0.915937 0.303071
0.916037 0.303071
0.916137 0.302587
0.916237 0.302466
0.916337 0.302103
0.916436 0.302103
0.916536 0.301983
0.916636 0.301741
0.916736 0.301620
0.916836 0.301499
0.916936 0.301378
0.917036 0.301257
0.917136 0.301136
0.917236 0.301136
0.917336 0.300774
0.917435 0.300532
0.917535 0.300411
0.917635 0.300048
0.917735 0.299807
0.917835 0.299807
0.917935 0.299565
0.918035 0.299444
0.918135 0.299202
0.918235 0.298960
0.918335 0.298719
0.918434 0.298477
0.918534 0.298477
0.918634 0.298356
0.918734 0.298356
0.918834 0.298114
0.918934 0.297993
0.919034 0.297510
0.919134 0.297026
0.919234 0.297026
0.919333 0.297026
0.919433 0.296543
0.919533 0.296301
0.919633 0.296301
0.919733 0.296180
0.919833 0.295817
0.919933 0.295575
0.920033 0.295334
0.920133 0.295213
0.920233 0.294971
0.920332 0.294971
0.920432 0.294850
0.920532 0.294608
0.920632 0.294487
0.920732 0.294367
0.920832 0.294125
0.920932 0.294004
0.921032 0.293762
0.921132 0.293399
0.921231 0.293279
0.921331 0.293279
0.921431 0.293158
0.921531 0.293037
0.921631 0.292916
0.921731 0.292916
0.921831 0.292795
0.921931 0.292795
0.922031 0.292553
0.922131 0.292191
0.922230 0.292191
0.922330 0.292191
0.922430 0.291949
0.922530 0.291949
0.922630 0.291707
0.922730 0.291586
0.922830 0.291586
0.922930 0.291586
0.923030 0.291344
0.923130 0.291344
0.923229 0.291223
0.923329 0.290982
0.923429 0.290861
0.923529 0.290740
0.923629 0.290377
0.923729 0.290377
0.923829 0.290256
0.923929 0.290135
0.924029 0.290015
0.924128 0.290015
0.924228 0.289652
0.924328 0.289652
0.924428 0.289652
0.924528 0.289531
0.924628 0.289289
0.924728 0.289289
0.924828 0.289289
0.924928 0.289289
0.925028 0.289289
0.925127 0.288926
0.925227 0.288564
0.925327 0.288322
0.925427 0.288080
0.925527 0.287959
0.925627 0.287838
0.925727 0.287476
0.925827 0.287355
0.925927 0.287113
0.926027 0.286992
0.926126 0.286871
0.926226 0.286871
0.926326 0.286630
0.926426 0.286509
0.926526 0.286267
0.926626 0.285542
0.926726 0.285542
0.926826 0.285542
0.926926 0.285421
0.927025 0.285421
0.927125 0.285300
0.927225 0.285300
0.927325 0.285058
0.927425 0.285058
0.927525 0.284816
0.927625 0.284695
0.927725 0.284574
0.927825 0.284333
0.927925 0.284212
0.928024 0.284091
0.928124 0.283849
0.928224 0.283849
0.928324 0.283728
0.928424 0.283486
0.928524 0.283486
0.928624 0.283366
0.928724 0.282882
0.928824 0.282640
0.928923 0.282640
0.929023 0.282640
0.929123 0.282519
0.929223 0.282398
0.929323 0.282398
0.929423 0.282036
0.929523 0.281794
0.929623 0.281673
0.929723 0.281310
0.929823 0.281310
0.929922 0.281069
0.930022 0.280827
0.930122 0.280585
0.930222 0.280102
0.930322 0.280102
0.930422 0.279860
0.930522 0.279860
0.930622 0.279618
0.930722 0.279376
0.930822 0.278893
0.930921 0.278772
0.931021 0.278772
0.931121 0.278530
0.931221 0.278409
0.931321 0.277805
0.931421 0.277563
0.931521 0.277442
0.931621 0.277200
0.931721 0.277079
0.931820 0.276958
0.931920 0.276475
0.932020 0.276475
0.932120 0.276354
0.932220 0.276233
0.932320 0.276112
0.932420 0.275991
0.932520 0.275750
0.932620 0.275508
0.932720 0.275387
0.932819 0.275387
0.932919 0.275266
0.933019 0.275024
0.933119 0.274541
0.933219 0.274299
0.933319 0.273936
0.933419 0.273936
0.933519 0.273936
0.933619 0.273936
0.933719 0.273815
0.933818 0.273694
0.933918 0.273453
0.934018 0.273090
0.934118 0.272969
0.934218 0.272727
0.934318 0.272606
0.934418 0.272485
0.934518 0.272123
0.934618 0.272002
0.934717 0.272002
0.934817 0.272002
0.934917 0.271881
0.935017 0.271881
0.935117 0.271518
0.935217 0.271277
0.935317 0.270793
0.935417 0.270793
0.935517 0.270672
0.935617 0.270430
0.935716 0.270068
0.935816 0.269826
0.935916 0.269584
0.936016 0.269221
0.936116 0.269221
0.936216 0.269101
0.936316 0.268980
0.936416 0.268859
0.936516 0.268859
0.936616 0.268859
0.936715 0.268496
0.936815 0.268133
0.936915 0.267771
0.937015 0.267529
0.937115 0.267529
0.937215 0.267529
0.937315 0.267529
0.937415 0.267408
0.937515 0.267045
0.937614 0.266320
0.937714 0.266199
0.937814 0.265957
0.937914 0.265474
0.938014 0.265232
0.938114 0.265111
0.938214 0.264990
0.938314 0.264628
0.938414 0.264507
0.938514 0.264386
0.938613 0.264386
0.938713 0.264265
0.938813 0.264144
0.938913 0.264144
0.939013 0.264023
0.939113 0.263661
0.939213 0.263419
0.939313 0.263056
0.939413 0.262814
0.939512 0.262573
0.939612 0.262573
0.939712 0.262452
0.939812 0.262210
0.939912 0.261968
0.940012 0.261605
0.940112 0.261605
0.940212 0.261485
0.940312 0.261364
0.940412 0.261122
0.940511 0.261001
0.940611 0.260759
0.940711 0.260638
0.940811 0.260638
0.940911 0.260276
0.941011 0.260276
0.941111 0.260155
0.941211 0.259671
0.941311 0.259550
0.941411 0.259550
0.941510 0.259309
0.941610 0.258825
0.941710 0.258462
0.941810 0.258100
0.941910 0.257979
0.942010 0.257616
0.942110 0.257495
0.942210 0.257132
0.942310 0.257132
0.942409 0.256891
0.942509 0.256770
0.942609 0.256407
0.942709 0.256286
0.942809 0.256165
0.942909 0.256044
0.943009 0.255803
0.943109 0.255682
0.943209 0.255077
0.943309 0.254956
0.943408 0.254715
0.943508 0.254473
0.943608 0.254473
0.943708 0.254110
0.943808 0.253989
0.943908 0.253506
0.944008 0.253264
0.944108 0.252901
0.944208 0.252901
0.944308 0.252660
0.944407 0.252418
0.944507 0.252297
0.944607 0.252297
0.944707 0.252176
0.944807 0.251934
0.944907 0.251813
0.945007 0.251813
0.945107 0.251572
0.945207 0.251209
0.945306 0.251088
0.945406 0.250846
0.945506 0.250725
0.945606 0.250725
0.945706 0.250484
0.945806 0.250242
0.945906 0.250121
0.946006 0.249758
0.946106 0.249637
0.946206 0.249516
0.946305 0.249154
0.946405 0.249154
0.946505 0.248912
0.946605 0.248791
0.946705 0.248670
0.946805 0.248308
0.946905 0.248187
0.947005 0.247945
0.947105 0.247461
0.947205 0.247220
0.947304 0.247099
0.947404 0.246978
0.947504 0.246494
0.947604 0.246252
0.947704 0.245890
0.947804 0.245890
0.947904 0.245769
0.948004 0.245527
0.948104 0.245164
0.948203 0.245044
0.948303 0.244802
0.948403 0.244439
0.948503 0.244439
0.948603 0.244197
0.948703 0.243835
0.948803 0.243714
0.948903 0.243351
0.949003 0.243351
0.949103 0.243230
0.949202 0.242868
0.949302 0.242747
0.949402 0.242505
0.949502 0.242384
0.949602 0.242384
0.949702 0.242263
0.949802 0.241900
0.949902 0.241779
0.950002 0.241659
0.950101 0.241296
0.950201 0.241175
0.950301 0.241054
0.950401 0.240933
0.950501 0.240571
0.950601 0.240087
0.950701 0.239845
0.950801 0.239483
0.950901 0.238999
0.951001 0.238636
0.951100 0.238395
0.951200 0.238153
0.951300 0.238032
0.951400 0.238032
0.951500 0.237911
0.951600 0.237911
0.951700 0.237548
0.951800 0.237548
0.951900 0.237548
0.952000 0.237427
0.952099 0.237427
0.952199 0.237307
0.952299 0.236944
0.952399 0.236702
0.952499 0.236460
0.952599 0.235977
0.952699 0.235735
0.952799 0.235251
0.952899 0.235010
0.952998 0.234405
0.953098 0.234284
0.953198 0.234284
0.953298 0.234163
0.953398 0.233680
0.953498 0.233317
0.953598 0.233196
0.953698 0.232713
0.953798 0.232592
0.953898 0.232350
0.953997 0.232108
0.954097 0.232108
0.954197 0.231867
0.954297 0.231625
0.954397 0.231262
0.954497 0.230899
0.954597 0.230537
0.954697 0.229811
0.954797 0.229691
0.954897 0.229691
0.954996 0.229328
0.955096 0.228965
0.955196 0.228965
0.955296 0.228844
0.955396 0.228603
0.955496 0.228603
0.955596 0.228482
0.955696 0.228361
0.955796 0.228119
0.955895 0.227998
0.955995 0.227877
0.956095 0.227515
0.956195 0.227515
0.956295 0.227273
0.956395 0.226910
0.956495 0.226668
0.956595 0.226426
0.956695 0.226426
0.956795 0.226306
0.956894 0.225822
0.956994 0.225822
0.957094 0.225218
0.957194 0.224976
0.957294 0.224613
0.957394 0.224613
0.957494 0.224492
0.957594 0.224130
0.957694 0.224130
0.957793 0.224130
0.957893 0.224009
0.957993 0.223767
0.958093 0.223283
0.958193 0.223042
0.958293 0.223042
0.958393 0.222921
0.958493 0.222679
0.958593 0.222437
0.958693 0.222074
0.958792 0.221712
0.958892 0.221470
0.958992 0.221107
0.959092 0.220986
0.959192 0.220866
0.959292 0.220624
0.959392 0.220382
0.959492 0.220140
0.959592 0.219898
0.959692 0.219778
0.959791 0.219536
0.959891 0.219415
0.959991 0.219173
0.960091 0.219052
0.960191 0.218810
0.960291 0.218569
0.960391 0.218327
0.960491 0.217964
0.960591 0.217360
0.960690 0.217360
0.960790 0.216997
0.960890 0.216634
0.960990 0.216634
0.961090 0.216393
0.961190 0.216151
0.961290 0.215909
0.961390 0.215546
0.961490 0.215546
0.961590 0.215426
0.961689 0.215305
0.961789 0.214821
0.961889 0.214700
0.961989 0.214458
0.962089 0.214217
0.962189 0.213733
0.962289 0.213612
0.962389 0.213491
0.962489 0.213250
0.962589 0.213129
0.962688 0.212887
0.962788 0.212887
0.962888 0.212887
0.962988 0.212524
0.963088 0.212162
0.963188 0.211799
0.963288 0.211678
0.963388 0.211557
0.963488 0.211436
0.963587 0.211436
0.963687 0.211194
0.963787 0.211194
0.963887 0.210953
0.963987 0.210832
0.964087 0.210711
0.964187 0.210227
0.964287 0.210106
0.964387 0.210106
0.964487 0.209985
0.964586 0.209623
0.964686 0.209018
0.964786 0.208777
0.964886 0.208656
0.964986 0.208535
0.965086 0.208051
0.965186 0.207568
0.965286 0.207084
0.965386 0.206842
0.965486 0.206480
0.965585 0.206238
0.965685 0.205875
0.965785 0.205633
0.965885 0.205271
0.965985 0.205029
0.966085 0.204908
0.966185 0.204787
0.966285 0.204304
0.966385 0.204062
0.966484 0.204062
0.966584 0.203699
0.966684 0.203095
0.966784 0.202490
0.966884 0.202249
0.966984 0.202007
0.967084 0.201644
0.967184 0.201644
0.967284 0.201523
0.967384 0.201040
0.967483 0.200677
0.967583 0.200193
0.967683 0.199831
0.967783 0.199710
0.967883 0.199468
0.967983 0.198985
0.968083 0.198622
0.968183 0.198380
0.968283 0.198138
0.968382 0.198017
0.968482 0.197534
0.968582 0.197050
0.968682 0.196688
0.968782 0.196446
0.968882 0.196325
0.968982 0.195962
0.969082 0.195479
0.969182 0.195358
0.969282 0.194874
0.969381 0.194512
0.969481 0.194270
0.969581 0.194149
0.969681 0.193786
0.969781 0.193303
0.969881 0.192698
0.969981 0.192336
0.970081 0.192215
0.970181 0.191973
0.970281 0.191973
0.970380 0.191852
0.970480 0.191489
0.970580 0.191248
0.970680 0.191127
0.970780 0.191006
0.970880 0.190764
0.970980 0.190280
0.971080 0.189918
0.971180 0.188951
0.971279 0.188830
0.971379 0.188709
0.971479 0.188588
0.971579 0.188104
0.971679 0.187863
0.971779 0.187742
0.971879 0.187379
0.971979 0.187258
0.972079 0.187258
0.972179 0.187137
0.972278 0.186775
0.972378 0.186291
0.972478 0.185928
0.972578 0.185566
0.972678 0.185324
0.972778 0.185082
0.972878 0.185082
0.972978 0.184599
0.973078 0.184357
0.973178 0.184115
0.973277 0.183390
0.973377 0.182544
0.973477 0.182302
0.973577 0.182181
0.973677 0.182060
0.973777 0.181576
0.973877 0.181335
0.973977 0.181335
0.974077 0.181214
0.974176 0.180609
0.974276 0.180488
0.974376 0.179884
0.974476 0.179521
0.974576 0.178796
0.974676 0.178071
0.974776 0.177708
0.974876 0.177466
0.974976 0.177103
0.975076 0.176862
0.975175 0.176378
0.975275 0.176257
0.975375 0.175774
0.975475 0.175774
0.975575 0.175411
0.975675 0.174927
0.975775 0.174565
0.975875 0.174202
0.975975 0.173960
0.976075 0.173719
0.976174 0.173356
0.976274 0.172993
0.976374 0.172872
0.976474 0.172872
0.976574 0.172510
0.976674 0.172026
0.976774 0.171905
0.976874 0.171422
0.976974 0.170938
0.977073 0.170575
0.977173 0.169971
0.977273 0.169729
0.977373 0.169367
0.977473 0.169004
0.977573 0.168762
0.977673 0.168158
0.977773 0.167795
0.977873 0.167795
0.977973 0.167553
0.978072 0.167311
0.978172 0.166828
0.978272 0.166586
0.978372 0.166223
0.978472 0.165861
0.978572 0.165377
0.978672 0.164894
0.978772 0.164531
0.978872 0.164289
0.978971 0.164047
0.979071 0.163201
0.979171 0.163201
0.979271 0.162355
0.979371 0.162113
0.979471 0.161992
0.979571 0.161871
0.979671 0.161267
0.979771 0.161025
0.979871 0.160662
0.979970 0.159454
0.980070 0.159212
0.980170 0.159212
0.980270 0.158728
0.980370 0.158124
0.980470 0.157882
0.980570 0.157519
0.980670 0.156915
0.980770 0.156310
0.980870 0.155706
0.980969 0.154739
0.981069 0.154376
0.981169 0.153893
0.981269 0.153651
0.981369 0.153288
0.981469 0.153167
0.981569 0.152563
0.981669 0.151958
0.981769 0.151596
0.981868 0.150991
0.981968 0.150024
0.982068 0.149299
0.982168 0.148815
0.982268 0.148694
0.982368 0.148211
0.982468 0.147485
0.982568 0.147244
0.982668 0.146518
0.982768 0.146035
0.982867 0.145672
0.982967 0.145309
0.983067 0.144705
0.983167 0.144463
0.983267 0.144221
0.983367 0.143254
0.983467 0.142771
0.983567 0.141441
0.983667 0.141078
0.983767 0.140595
0.983866 0.140232
0.983966 0.139749
0.984066 0.139507
0.984166 0.139507
0.984266 0.139265
0.984366 0.139023
0.984466 0.138298
0.984566 0.137814
0.984666 0.137452
0.984765 0.137089
0.984865 0.136726
0.984965 0.136364
0.985065 0.135638
0.985165 0.135155
0.985265 0.134671
0.985365 0.134309
0.985465 0.133583
0.985565 0.133341
0.985665 0.132979
0.985764 0.132495
0.985864 0.132132
0.985964 0.131407
0.986064 0.130803
0.986164 0.130440
0.986264 0.130198
0.986364 0.129594
0.986464 0.129110
0.986564 0.128506
0.986663 0.128385
0.986763 0.127539
0.986863 0.127055
0.986963 0.126572
0.987063 0.126572
0.987163 0.126088
0.987263 0.125363
0.987363 0.125121
0.987463 0.124033
0.987563 0.123428
0.987662 0.122703
0.987762 0.121736
0.987862 0.120648
0.987962 0.120164
0.988062 0.119681
0.988162 0.119076
0.988262 0.118835
0.988362 0.118230
0.988462 0.117747
0.988562 0.116900
0.988661 0.116417
0.988761 0.115933
0.988861 0.115691
0.988961 0.115450
0.989061 0.114603
0.989161 0.114120
0.989261 0.113395
0.989361 0.112669
0.989461 0.111823
0.989560 0.111460
0.989660 0.111098
0.989760 0.110856
0.989860 0.110493
0.989960 0.109284
0.990060 0.109043
0.990160 0.107834
0.990260 0.107350
0.990360 0.106746
0.990460 0.106383
0.990559 0.105537
0.990659 0.105174
0.990759 0.104570
0.990859 0.104086
0.990959 0.103603
0.991059 0.102877
0.991159 0.102152
0.991259 0.101426
0.991359 0.101064
0.991459 0.100459
0.991558 0.099613
0.991658 0.098525
0.991758 0.097800
0.991858 0.096833
0.991958 0.096591
0.992058 0.095986
0.992158 0.095503
0.992258 0.095019
0.992358 0.094536
0.992457 0.094052
0.992557 0.093448
0.992657 0.092360
0.992757 0.091876
0.992857 0.090788
0.992957 0.089821
0.993057 0.089096
0.993157 0.088491
0.993257 0.088250
0.993357 0.087766
0.993456 0.087162
0.993556 0.086194
0.993656 0.085227
0.993756 0.084260
0.993856 0.082930
0.993956 0.081721
0.994056 0.080996
0.994156 0.079545
0.994256 0.078941
0.994356 0.077853
0.994455 0.077007
0.994555 0.075919
0.994655 0.073985
0.994755 0.072897
0.994855 0.072050
0.994955 0.070841
0.995055 0.069753
0.995155 0.069149
0.995255 0.067940
0.995354 0.066852
0.995454 0.065643
0.995554 0.064072
0.995654 0.062742
0.995754 0.062137
0.995854 0.060808
0.995954 0.059840
0.996054 0.058511
0.996154 0.057302
0.996254 0.055972
0.996353 0.054763
0.996453 0.053554
0.996553 0.052587
0.996653 0.051499
0.996753 0.049927
0.996853 0.049202
0.996953 0.047389
0.997053 0.046422
0.997153 0.045455
0.997252 0.044004
0.997352 0.042432
0.997452 0.041344
0.997552 0.039410
0.997652 0.037838
0.997752 0.035662
0.997852 0.033607
0.997952 0.031794
0.998052 0.029981
0.998152 0.027805
0.998251 0.026354
0.998351 0.024541
0.998451 0.022848
0.998551 0.020793
0.998651 0.019221
0.998751 0.017529
0.998851 0.016078
0.998951 0.013902
0.999051 0.011847
0.999151 0.010034
0.999250 0.007858
0.999350 0.005561
0.999450 0.004352
0.999550 0.001934
0.999650 0.000846
0.999750 0.000363
0.999850 0.000000
