# Threshold Efficiency
0.000988 0.999879
0.001088 0.999879
0.001188 0.999758
0.001287 0.999758
0.001387 0.999758
0.001487 0.999758
0.001587 0.999637
0.001687 0.999637
0.001787 0.999395
0.001887 0.999274
0.001987 0.999274
0.002087 0.999153
0.002186 0.999032
0.002286 0.998911
0.002386 0.998911
0.002486 0.998791
0.002586 0.998670
0.002686 0.998549
0.002786 0.998549
0.002886 0.998549
0.002986 0.998549
0.003086 0.998549
0.003185 0.998307
0.003285 0.998186
0.003385 0.997944
0.003485 0.997823
0.003585 0.997702
0.003685 0.997702
0.003785 0.997581
0.003885 0.997460
0.003985 0.997460
0.004085 0.997460
0.004184 0.997460
0.004284 0.997460
0.004384 0.997460
0.004484 0.997460
0.004584 0.997339
0.004684 0.997339
0.004784 0.997339
0.004884 0.997218
0.004984 0.997097
0.005083 0.997097
0.005183 0.997097
0.005283 0.996976
0.005383 0.996855
0.005483 0.996855
0.005583 0.996855
0.005683 0.996855
0.005783 0.996734
0.005883 0.996613
0.005983 0.996613
0.006082 0.996493
0.006182 0.996493
0.006282 0.996493
0.006382 0.996493
0.006482 0.996372
0.006582 0.996251
0.006682 0.996130
0.006782 0.996130
0.006882 0.996130
0.006982 0.996130
0.007081 0.996009
0.007181 0.996009
0.007281 0.996009
0.007381 0.995888
0.007481 0.995888
0.007581 0.995888
0.007681 0.995767
0.007781 0.995767
0.007881 0.995767
0.007980 0.995646
0.008080 0.995525
0.008180 0.995525
0.008280 0.995525
0.008380 0.995525
0.008480 0.995525
0.008580 0.995404
0.008680 0.995283
0.008780 0.995283
0.008880 0.995283
0.008979 0.995162
0.009079 0.994920
0.009179 0.994920
0.009279 0.994799
0.009379 0.994799
0.009479 0.994799
0.009579 0.994557
0.009679 0.994436
0.009779 0.994315
0.009879 0.994315
0.009978 0.994194
0.010078 0.994074
0.010178 0.994074
0.010278 0.994074
0.010378 0.994074
0.010478 0.993953
0.010578 0.993832
0.010678 0.993711
0.010778 0.993469
0.010877 0.993348
0.010977 0.993106
0.011077 0.993106
0.011177 0.993106
0.011277 0.993106
0.011377 0.992985
0.011477 0.992864
0.011577 0.992743
0.011677 0.992743
0.011777 0.992743
0.011876 0.992743
0.011976 0.992743
0.012076 0.992743
0.012176 0.992622
0.012276 0.992622
0.012376 0.992501
0.012476 0.992380
0.012576 0.992380
0.012676 0.992380
0.012775 0.992380
0.012875 0.992380
0.012975 0.992259
0.013075 0.992259
0.013175 0.992259
0.013275 0.992259
0.013375 0.992259
0.013475 0.992017
0.013575 0.991896
0.013675 0.991896
0.013774 0.991655
0.013874 0.991655
0.013974 0.991534
0.014074 0.991534
0.014174 0.991413
0.014274 0.991413
0.014374 0.991413
0.014474 0.991292
0.014574 0.991050
0.014674 0.990808
0.014773 0.990808
0.014873 0.990808
0.014973 0.990687
0.015073 0.990566
0.015173 0.990445
0.015273 0.990324
0.015373 0.990324
0.015473 0.990203
0.015573 0.990203
0.015672 0.990082
0.015772 0.989961
0.015872 0.989840
0.015972 0.989840
0.016072 0.989598
0.016172 0.989598
0.016272 0.989598
0.016372 0.989598
0.016472 0.989478
0.016572 0.989357
0.016671 0.989236
0.016771 0.989115
0.016871 0.989115
0.016971 0.988873
0.017071 0.988873
0.017171 0.988873
0.017271 0.988752
0.017371 0.988631
0.017471 0.988631
0.017571 0.988631
0.017670 0.988631
0.017770 0.988510
0.017870 0.988510
0.017970 0.988510
0.018070 0.988389
0.018170 0.988389
0.018270 0.988268
0.018370 0.988268
0.018470 0.988268
0.018569 0.988147
0.018669 0.988026
0.018769 0.987905
0.018869 0.987905
0.018969 0.987784
0.019069 0.987663
0.019169 0.987663
0.019269 0.987663
0.019369 0.987663
0.019469 0.987542
0.019568 0.987421
0.019668 0.987300
0.019768 0.987300
0.019868 0.987179
0.019968 0.987179
0.020068 0.986938
0.020168 0.986938
0.020268 0.986938
0.020368 0.986817
0.020468 0.986817
0.020567 0.986817
0.020667 0.986817
0.020767 0.986817
0.020867 0.986817
0.020967 0.986575
0.021067 0.986575
0.021167 0.986454
0.021267 0.986454
0.021367 0.986454
0.021466 0.986333
0.021566 0.986212
0.021666 0.986212
0.021766 0.986212
0.021866 0.986091
0.021966 0.986091
0.022066 0.986091
0.022166 0.986091
0.022266 0.986091
0.022366 0.985970
0.022465 0.985849
0.022565 0.985849
0.022665 0.985607
0.022765 0.985607
0.022865 0.985486
0.022965 0.985486
0.023065 0.985486
0.023165 0.985244
0.023265 0.985123
0.023364 0.984761
0.023464 0.984761
0.023564 0.984640
0.023664 0.984519
0.023764 0.984277
0.023864 0.984277
0.023964 0.984277
0.024064 0.984277
0.024164 0.984277
0.024264 0.984156
0.024363 0.984035
0.024463 0.984035
0.024563 0.983914
0.024663 0.983793
0.024763 0.983672
0.024863 0.983551
0.024963 0.983430
0.025063 0.983430
0.025163 0.983309
0.025263 0.982946
0.025362 0.982704
0.025462 0.982463
0.025562 0.982463
0.025662 0.982342
0.025762 0.982342
0.025862 0.982221
0.025962 0.981979
0.026062 0.981858
0.026162 0.981858
0.026261 0.981495
0.026361 0.981495
0.026461 0.981374
0.026561 0.981374
0.026661 0.981132
0.026761 0.981011
0.026861 0.980890
0.026961 0.980890
0.027061 0.980648
0.027161 0.980527
0.027260 0.980527
0.027360 0.980527
0.027460 0.980527
0.027560 0.980406
0.027660 0.980406
0.027760 0.979923
0.027860 0.979923
0.027960 0.979802
0.028060 0.979681
0.028160 0.979439
0.028259 0.979439
0.028359 0.979439
0.028459 0.979318
0.028559 0.979318
0.028659 0.979318
0.028759 0.979318
0.028859 0.979197
0.028959 0.978834
0.029059 0.978834
0.029158 0.978713
0.029258 0.978713
0.029358 0.978713
0.029458 0.978471
0.029558 0.978471
0.029658 0.978350
0.029758 0.978350
0.029858 0.978229
0.029958 0.978108
0.030058 0.977987
0.030157 0.977987
0.030257 0.977866
0.030357 0.977746
0.030457 0.977383
0.030557 0.977262
0.030657 0.977141
0.030757 0.977020
0.030857 0.976778
0.030957 0.976778
0.031056 0.976778
0.031156 0.976657
0.031256 0.976536
0.031356 0.976294
0.031456 0.976294
0.031556 0.976173
0.031656 0.976052
0.031756 0.976052
0.031856 0.976052
0.031956 0.975931
0.032055 0.975931
0.032155 0.975810
0.032255 0.975689
0.032355 0.975568
0.032455 0.975568
0.032555 0.975448
0.032655 0.975327
0.032755 0.975085
0.032855 0.974964
0.032955 0.974843
0.033054 0.974601
0.033154 0.974480
0.033254 0.974480
0.033354 0.973996
0.033454 0.973875
0.033554 0.973875
0.033654 0.973875
0.033754 0.973633
0.033854 0.973391
0.033953 0.973149
0.034053 0.972787
0.034153 0.972787
0.034253 0.972787
0.034353 0.972787
0.034453 0.972545
0.034553 0.972545
0.034653 0.972424
0.034753 0.972424
0.034853 0.972424
0.034952 0.972303
0.035052 0.972182
0.035152 0.972061
0.035252 0.971940
0.035352 0.971819
0.035452 0.971698
0.035552 0.971577
0.035652 0.971577
0.035752 0.971456
0.035852 0.971335
0.035951 0.971093
0.036051 0.971093
0.036151 0.970731
0.036251 0.970610
0.036351 0.970368
0.036451 0.970126
0.036551 0.970126
0.036651 0.970005
0.036751 0.969884
0.036850 0.969763
0.036950 0.969521
0.037050 0.969279
0.037150 0.969158
0.037250 0.969037
0.037350 0.968916
0.037450 0.968674
0.037550 0.968553
0.037650 0.968191
0.037750 0.968070
0.037849 0.967949
0.037949 0.967828
0.038049 0.967828
0.038149 0.967828
0.038249 0.967828
0.038349 0.967828
0.038449 0.967465
0.038549 0.967344
0.038649 0.966981
0.038749 0.966860
0.038848 0.966860
0.038948 0.966860
0.039048 0.966618
0.039148 0.966618
0.039248 0.966618
0.039348 0.966376
0.039448 0.966255
0.039548 0.966255
0.039648 0.966134
0.039747 0.965772
0.039847 0.965530
0.039947 0.965167
0.040047 0.965046
0.040147 0.964925
0.040247 0.964683
0.040347 0.964199
0.040447 0.964199
0.040547 0.964078
0.040647 0.963716
0.040746 0.963716
0.040846 0.963595
0.040946 0.963474
0.041046 0.963474
0.041146 0.963353
0.041246 0.963232
0.041346 0.962990
0.041446 0.962990
0.041546 0.962748
0.041645 0.962627
0.041745 0.962506
0.041845 0.962264
0.041945 0.962264
0.042045 0.961901
0.042145 0.961780
0.042245 0.961659
0.042345 0.961418
0.042445 0.961297
0.042545 0.960934
0.042644 0.960571
0.042744 0.960450
0.042844 0.960087
0.042944 0.959966
0.043044 0.959845
0.043144 0.959845
0.043244 0.959603
0.043344 0.959361
0.043444 0.959240
0.043544 0.958999
0.043643 0.958636
0.043743 0.958515
0.043843 0.958273
0.043943 0.957789
0.044043 0.957547
0.044143 0.957184
0.044243 0.957184
0.044343 0.957184
0.044443 0.957063
0.044542 0.957063
0.044642 0.956701
0.044742 0.956459
0.044842 0.956096
0.044942 0.955612
0.045042 0.955370
0.045142 0.955249
0.045242 0.955007
0.045342 0.955007
0.045442 0.955007
0.045541 0.954644
0.045641 0.954282
0.045741 0.954161
0.045841 0.953919
0.045941 0.953677
0.046041 0.953193
0.046141 0.953072
0.046241 0.952951
0.046341 0.952709
0.046441 0.951984
0.046540 0.951984
0.046640 0.951742
0.046740 0.951621
0.046840 0.951379
0.046940 0.951016
0.047040 0.950774
0.047140 0.950653
0.047240 0.950532
0.047340 0.950290
0.047439 0.950048
0.047539 0.950048
0.047639 0.949686
0.047739 0.949565
0.047839 0.949444
0.047939 0.949202
0.048039 0.949081
0.048139 0.948960
0.048239 0.948597
0.048339 0.948476
0.048438 0.948355
0.048538 0.947871
0.048638 0.947750
0.048738 0.947629
0.048838 0.947508
0.048938 0.947146
0.049038 0.947146
0.049138 0.946662
0.049238 0.946299
0.049338 0.946057
0.049437 0.945815
0.049537 0.945694
0.049637 0.945452
0.049737 0.945331
0.049837 0.945090
0.049937 0.944606
0.050037 0.944485
0.050137 0.944243
0.050237 0.943880
0.050336 0.943517
0.050436 0.943154
0.050536 0.943033
0.050636 0.942912
0.050736 0.942187
0.050836 0.941945
0.050936 0.941582
0.051036 0.941219
0.051136 0.940977
0.051236 0.940856
0.051335 0.940614
0.051435 0.940493
0.051535 0.939768
0.051635 0.939647
0.051735 0.939405
0.051835 0.939284
0.051935 0.938921
0.052035 0.938921
0.052135 0.938800
0.052234 0.938679
0.052334 0.938558
0.052434 0.938316
0.052534 0.938075
0.052634 0.937470
0.052734 0.937349
0.052834 0.937228
0.052934 0.936986
0.053034 0.936865
0.053134 0.936865
0.053233 0.936623
0.053333 0.936139
0.053433 0.935897
0.053533 0.935656
0.053633 0.935656
0.053733 0.935535
0.053833 0.935051
0.053933 0.934809
0.054033 0.934688
0.054133 0.934567
0.054232 0.934446
0.054332 0.934204
0.054432 0.933841
0.054532 0.933720
0.054632 0.933720
0.054732 0.932995
0.054832 0.932874
0.054932 0.932874
0.055032 0.932753
0.055131 0.932511
0.055231 0.932511
0.055331 0.932148
0.055431 0.931906
0.055531 0.931906
0.055631 0.931785
0.055731 0.931301
0.055831 0.931180
0.055931 0.931060
0.056031 0.930818
0.056130 0.930455
0.056230 0.930334
0.056330 0.929971
0.056430 0.929608
0.056530 0.929124
0.056630 0.928761
0.056730 0.928641
0.056830 0.928278
0.056930 0.928036
0.057030 0.927794
0.057129 0.927552
0.057229 0.927552
0.057329 0.927431
0.057429 0.927189
0.057529 0.926947
0.057629 0.926463
0.057729 0.926222
0.057829 0.926222
0.057929 0.925859
0.058028 0.925375
0.058128 0.925254
0.058228 0.924891
0.058328 0.924286
0.058428 0.924165
0.058528 0.923803
0.058628 0.923682
0.058728 0.923440
0.058828 0.923440
0.058928 0.923198
0.059027 0.922956
0.059127 0.922835
0.059227 0.922714
0.059327 0.922593
0.059427 0.922472
0.059527 0.922351
0.059627 0.922230
0.059727 0.921988
0.059827 0.921626
0.059926 0.921505
0.060026 0.921263
0.060126 0.920900
0.060226 0.920658
0.060326 0.920416
0.060426 0.920053
0.060526 0.920053
0.060626 0.919690
0.060726 0.919690
0.060826 0.919569
0.060925 0.919448
0.061025 0.919086
0.061125 0.918965
0.061225 0.918965
0.061325 0.918965
0.061425 0.918844
0.061525 0.918239
0.061625 0.918118
0.061725 0.917997
0.061825 0.917876
0.061924 0.917755
0.062024 0.917392
0.062124 0.917150
0.062224 0.916667
0.062324 0.916425
0.062424 0.916183
0.062524 0.915941
0.062624 0.915699
0.062724 0.915457
0.062823 0.914852
0.062923 0.914852
0.063023 0.914611
0.063123 0.914369
0.063223 0.914248
0.063323 0.913885
0.063423 0.913643
0.063523 0.913280
0.063623 0.913280
0.063723 0.913280
0.063822 0.913280
0.063922 0.913159
0.064022 0.913038
0.064122 0.913038
0.064222 0.912554
0.064322 0.912313
0.064422 0.911829
0.064522 0.911466
0.064622 0.911103
0.064722 0.910861
0.064821 0.910740
0.064921 0.909894
0.065021 0.909773
0.065121 0.909289
0.065221 0.908805
0.065321 0.908684
0.065421 0.908321
0.065521 0.908200
0.065621 0.907837
0.065720 0.907233
0.065820 0.907233
0.065920 0.906749
0.066020 0.906749
0.066120 0.906628
0.066220 0.906507
0.066320 0.906386
0.066420 0.906023
0.066520 0.906023
0.066620 0.906023
0.066719 0.905902
0.066819 0.905539
0.066919 0.905177
0.067019 0.905177
0.067119 0.904814
0.067219 0.904451
0.067319 0.903846
0.067419 0.903604
0.067519 0.903483
0.067619 0.903362
0.067718 0.902879
0.067818 0.902395
0.067918 0.902153
0.068018 0.901790
0.068118 0.901669
0.068218 0.901185
0.068318 0.901064
0.068418 0.900701
0.068518 0.900460
0.068617 0.900339
0.068717 0.900097
0.068817 0.899371
0.068917 0.899371
0.069017 0.899371
0.069117 0.899371
0.069217 0.899008
0.069317 0.898645
0.069417 0.898283
0.069517 0.898162
0.069616 0.898041
0.069716 0.897678
0.069816 0.897436
0.069916 0.897315
0.070016 0.897315
0.070116 0.896831
0.070216 0.896589
0.070316 0.896347
0.070416 0.896347
0.070515 0.895985
0.070615 0.895743
0.070715 0.895501
0.070815 0.895138
0.070915 0.894654
0.071015 0.894291
0.071115 0.893807
0.071215 0.893566
0.071315 0.893203
0.071415 0.892961
0.071514 0.892840
0.071614 0.892598
0.071714 0.892598
0.071814 0.892356
0.071914 0.891993
0.072014 0.891872
0.072114 0.891872
0.072214 0.891268
0.072314 0.891026
0.072414 0.890542
0.072513 0.890300
0.072613 0.890179
0.072713 0.889695
0.072813 0.889695
0.072913 0.888849
0.073013 0.888728
0.073113 0.888123
0.073213 0.888002
0.073313 0.887881
0.073412 0.887639
0.073512 0.887397
0.073612 0.887155
0.073712 0.887034
0.073812 0.886792
0.073912 0.886188
0.074012 0.885946
0.074112 0.885583
0.074212 0.885099
0.074312 0.884736
0.074411 0.884615
0.074511 0.884132
0.074611 0.883890
0.074711 0.883527
0.074811 0.883406
0.074911 0.882922
0.075011 0.882801
0.075111 0.882680
0.075211 0.881834
0.075311 0.881713
0.075410 0.881713
0.075510 0.881471
0.075610 0.881471
0.075710 0.881471
0.075810 0.881471
0.075910 0.881229
0.076010 0.881229
0.076110 0.880745
0.076210 0.880624
0.076309 0.880624
0.076409 0.880503
0.076509 0.880261
0.076609 0.880140
0.076709 0.879657
0.076809 0.879536
0.076909 0.879173
0.077009 0.878689
0.077109 0.878568
0.077209 0.878447
0.077308 0.878205
0.077408 0.878084
0.077508 0.877600
0.077608 0.877358
0.077708 0.877358
0.077808 0.877358
0.077908 0.877238
0.078008 0.876875
0.078108 0.876512
0.078208 0.876270
0.078307 0.875786
0.078407 0.875786
0.078507 0.875302
0.078607 0.875181
0.078707 0.874940
0.078807 0.874940
0.078907 0.874577
0.079007 0.874335
0.079107 0.874214
0.079206 0.873851
0.079306 0.873488
0.079406 0.873246
0.079506 0.872883
0.079606 0.872642
0.079706 0.872521
0.079806 0.872521
0.079906 0.872279
0.080006 0.871916
0.080106 0.871674
0.080205 0.871311
0.080305 0.870948
0.080405 0.870948
0.080505 0.870706
0.080605 0.870464
0.080705 0.870102
0.080805 0.869860
0.080905 0.869739
0.081005 0.869497
0.081104 0.869134
0.081204 0.868892
0.081304 0.868408
0.081404 0.868408
0.081504 0.868287
0.081604 0.868045
0.081704 0.867441
0.081804 0.867441
0.081904 0.867441
0.082004 0.867078
0.082103 0.866715
0.082203 0.866594
0.082303 0.866473
0.082403 0.866110
0.082503 0.865747
0.082603 0.865506
0.082703 0.865264
0.082803 0.865143
0.082903 0.864901
0.083003 0.864901
0.083102 0.864780
0.083202 0.864538
0.083302 0.864175
0.083402 0.863812
0.083502 0.863328
0.083602 0.862966
0.083702 0.862845
0.083802 0.862724
0.083902 0.861756
0.084001 0.861272
0.084101 0.861151
0.084201 0.860789
0.084301 0.860305
0.084401 0.859942
0.084501 0.859821
0.084601 0.859700
0.084701 0.859337
0.084801 0.858491
0.084901 0.858128
0.085000 0.858128
0.085100 0.857644
0.085200 0.857402
0.085300 0.857281
0.085400 0.857281
0.085500 0.857039
0.085600 0.857039
0.085700 0.856918
0.085800 0.856434
0.085900 0.856313
0.085999 0.856072
0.086099 0.855830
0.086199 0.855709
0.086299 0.855225
0.086399 0.854741
0.086499 0.854378
0.086599 0.854378
0.086699 0.854015
0.086799 0.853532
0.086898 0.853290
0.086998 0.852927
0.087098 0.852201
0.087198 0.852080
0.087298 0.851838
0.087398 0.851355
0.087498 0.851355
0.087598 0.850871
0.087698 0.850508
0.087798 0.850024
0.087897 0.849903
0.087997 0.849782
0.088097 0.849419
0.088197 0.848936
0.088297 0.848694
0.088397 0.848573
0.088497 0.848331
0.088597 0.848089
0.088697 0.848089
0.088796 0.847605
0.088896 0.847363
0.088996 0.847363
0.089096 0.847121
0.089196 0.846638
0.089296 0.846275
0.089396 0.846154
0.089496 0.845791
0.089596 0.845307
0.089696 0.845307
0.089795 0.845186
0.089895 0.844944
0.089995 0.844702
0.090095 0.844098
0.090195 0.843977
0.090295 0.843372
0.090395 0.843009
0.090495 0.843009
0.090595 0.843009
0.090695 0.842646
0.090794 0.842525
0.090894 0.842163
0.090994 0.842042
0.091094 0.842042
0.091194 0.841195
0.091294 0.840832
0.091394 0.840227
0.091494 0.839865
0.091594 0.839744
0.091693 0.839139
0.091793 0.839018
0.091893 0.838897
0.091993 0.838897
0.092093 0.838655
0.092193 0.837687
0.092293 0.837446
0.092393 0.837325
0.092493 0.836962
0.092593 0.836962
0.092692 0.836962
0.092792 0.836720
0.092892 0.836478
0.092992 0.836115
0.093092 0.835994
0.093192 0.835873
0.093292 0.835752
0.093392 0.835631
0.093492 0.835269
0.093592 0.834422
0.093691 0.833696
0.093791 0.833575
0.093891 0.833212
0.093991 0.832729
0.094091 0.832487
0.094191 0.832366
0.094291 0.832124
0.094391 0.831882
0.094491 0.831398
0.094590 0.831035
0.094690 0.830552
0.094790 0.830189
0.094890 0.830068
0.094990 0.829947
0.095090 0.829705
0.095190 0.829342
0.095290 0.828979
0.095390 0.828737
0.095490 0.828374
0.095589 0.828254
0.095689 0.828133
0.095789 0.827770
0.095889 0.827649
0.095989 0.827528
0.096089 0.827407
0.096189 0.826681
0.096289 0.826439
0.096389 0.826318
0.096489 0.826197
0.096588 0.825714
0.096688 0.825472
0.096788 0.824867
0.096888 0.824625
0.096988 0.824262
0.097088 0.824020
0.097188 0.823899
0.097288 0.823778
0.097388 0.823537
0.097487 0.823053
0.097587 0.822690
0.097687 0.822448
0.097787 0.822448
0.097887 0.822327
0.097987 0.822327
0.098087 0.822327
0.098187 0.822085
0.098287 0.821843
0.098387 0.821480
0.098486 0.821239
0.098586 0.821118
0.098686 0.820876
0.098786 0.820392
0.098886 0.820150
0.098986 0.820029
0.099086 0.819666
0.099186 0.819666
0.099286 0.819182
0.099385 0.819061
0.099485 0.818940
0.099585 0.818820
0.099685 0.818336
0.099785 0.817973
0.099885 0.817731
0.099985 0.817489
0.100085 0.817247
0.100185 0.817005
0.100285 0.816884
0.100384 0.816763
0.100484 0.816401
0.100584 0.816159
0.100684 0.815917
0.100784 0.815554
0.100884 0.815312
0.100984 0.815191
0.101084 0.815070
0.101184 0.814949
0.101284 0.814828
0.101383 0.814586
0.101483 0.813982
0.101583 0.813498
0.101683 0.813135
0.101783 0.812772
0.101883 0.812409
0.101983 0.812167
0.102083 0.811925
0.102183 0.811563
0.102282 0.810958
0.102382 0.810474
0.102482 0.810232
0.102582 0.809990
0.102682 0.809869
0.102782 0.809869
0.102882 0.809507
0.102982 0.809265
0.103082 0.809265
0.103182 0.808902
0.103281 0.808539
0.103381 0.808539
0.103481 0.808418
0.103581 0.808297
0.103681 0.807934
0.103781 0.807692
0.103881 0.807329
0.103981 0.807088
0.104081 0.806967
0.104181 0.806604
0.104280 0.806362
0.104380 0.806120
0.104480 0.805999
0.104580 0.805515
0.104680 0.805152
0.104780 0.805152
0.104880 0.805031
0.104980 0.804790
0.105080 0.804064
0.105179 0.803701
0.105279 0.803459
0.105379 0.803338
0.105479 0.803338
0.105579 0.803096
0.105679 0.802733
0.105779 0.802371
0.105879 0.801766
0.105979 0.801645
0.106079 0.801403
0.106178 0.800798
0.106278 0.800677
0.106378 0.800677
0.106478 0.800194
0.106578 0.799952
0.106678 0.799831
0.106778 0.799589
0.106878 0.799105
0.106978 0.798984
0.107078 0.798742
0.107177 0.798379
0.107277 0.798137
0.107377 0.798137
0.107477 0.798016
0.107577 0.797533
0.107677 0.797412
0.107777 0.797170
0.107877 0.796807
0.107977 0.796323
0.108076 0.795839
0.108176 0.795718
0.108276 0.795597
0.108376 0.795477
0.108476 0.795356
0.108576 0.795235
0.108676 0.794872
0.108776 0.794509
0.108876 0.794146
0.108976 0.793904
0.109075 0.793783
0.109175 0.793541
0.109275 0.793541
0.109375 0.793420
0.109475 0.793179
0.109575 0.793058
0.109675 0.793058
0.109775 0.792816
0.109875 0.792453
0.109974 0.792211
0.110074 0.792090
0.110174 0.791727
0.110274 0.791001
0.110374 0.790760
0.110474 0.790155
0.110574 0.789913
0.110674 0.789792
0.110774 0.789792
0.110874 0.789550
0.110973 0.789429
0.111073 0.789066
0.111173 0.788582
0.111273 0.788220
0.111373 0.788099
0.111473 0.787978
0.111573 0.787736
0.111673 0.787252
0.111773 0.786768
0.111873 0.786526
0.111972 0.786405
0.112072 0.786164
0.112172 0.785922
0.112272 0.785438
0.112372 0.785075
0.112472 0.784833
0.112572 0.784712
0.112672 0.784591
0.112772 0.784228
0.112871 0.783503
0.112971 0.783503
0.113071 0.783140
0.113171 0.782414
0.113271 0.782172
0.113371 0.781809
0.113471 0.781326
0.113571 0.781205
0.113671 0.781084
0.113771 0.781084
0.113870 0.780842
0.113970 0.780479
0.114070 0.779874
0.114170 0.779874
0.114270 0.779511
0.114370 0.779390
0.114470 0.779028
0.114570 0.778907
0.114670 0.778665
0.114770 0.778181
0.114869 0.777576
0.114969 0.777455
0.115069 0.777334
0.115169 0.777213
0.115269 0.777092
0.115369 0.777092
0.115469 0.776851
0.115569 0.776488
0.115669 0.776367
0.115768 0.776246
0.115868 0.776004
0.115968 0.775883
0.116068 0.775883
0.116168 0.775641
0.116268 0.775641
0.116368 0.775641
0.116468 0.775399
0.116568 0.775157
0.116668 0.775036
0.116767 0.774915
0.116867 0.774552
0.116967 0.774190
0.117067 0.773948
0.117167 0.773585
0.117267 0.773343
0.117367 0.772859
0.117467 0.772859
0.117567 0.772617
0.117666 0.772254
0.117766 0.771892
0.117866 0.771892
0.117966 0.771650
0.118066 0.771287
0.118166 0.770682
0.118266 0.770561
0.118366 0.770319
0.118466 0.770198
0.118566 0.770077
0.118665 0.769956
0.118765 0.769352
0.118865 0.769110
0.118965 0.768868
0.119065 0.768626
0.119165 0.768626
0.119265 0.768626
0.119365 0.768263
0.119465 0.768142
0.119565 0.768021
0.119664 0.767537
0.119764 0.767296
0.119864 0.767054
0.119964 0.766933
0.120064 0.766328
0.120164 0.766328
0.120264 0.766086
0.120364 0.766086
0.120464 0.765723
0.120563 0.765119
0.120663 0.764877
0.120763 0.764756
0.120863 0.764635
0.120963 0.764514
0.121063 0.764272
0.121163 0.764030
0.121263 0.763788
0.121363 0.763667
0.121463 0.763425
0.121562 0.762941
0.121662 0.762821
0.121762 0.762579
0.121862 0.762216
0.121962 0.762095
0.122062 0.762095
0.122162 0.761611
0.122262 0.761369
0.122362 0.761369
0.122462 0.761127
0.122561 0.760764
0.122661 0.760643
0.122761 0.760643
0.122861 0.760643
0.122961 0.760281
0.123061 0.760039
0.123161 0.759797
0.123261 0.759434
0.123361 0.759071
0.123460 0.758345
0.123560 0.758104
0.123660 0.757983
0.123760 0.757741
0.123860 0.757378
0.123960 0.757257
0.124060 0.757136
0.124160 0.757015
0.124260 0.756652
0.124360 0.756289
0.124459 0.755685
0.124559 0.755564
0.124659 0.755322
0.124759 0.755201
0.124859 0.754959
0.124959 0.754596
0.125059 0.754233
0.125159 0.753628
0.125259 0.753387
0.125359 0.752540
0.125458 0.752419
0.125558 0.751935
0.125658 0.751814
0.125758 0.751693
0.125858 0.751451
0.125958 0.751209
0.126058 0.750968
0.126158 0.750605
0.126258 0.750484
0.126357 0.750000
0.126457 0.749637
0.126557 0.749153
0.126657 0.749032
0.126757 0.748911
0.126857 0.748911
0.126957 0.748428
0.127057 0.748307
0.127157 0.748065
0.127257 0.747944
0.127356 0.747460
0.127456 0.747218
0.127556 0.747097
0.127656 0.746734
0.127756 0.746493
0.127856 0.746251
0.127956 0.746009
0.128056 0.745646
0.128156 0.745162
0.128255 0.745162
0.128355 0.744799
0.128455 0.744194
0.128555 0.743953
0.128655 0.743953
0.128755 0.743832
0.128855 0.743469
0.128955 0.743106
0.129055 0.742743
0.129155 0.742743
0.129254 0.742380
0.129354 0.741896
0.129454 0.741776
0.129554 0.741534
0.129654 0.741292
0.129754 0.741292
0.129854 0.740929
0.129954 0.740808
0.130054 0.740566
0.130154 0.740324
0.130253 0.739961
0.130353 0.739840
0.130453 0.739719
0.130553 0.739357
0.130653 0.739357
0.130753 0.739115
0.130853 0.738873
0.130953 0.738389
0.131053 0.738147
0.131152 0.737784
0.131252 0.737784
0.131352 0.737663
0.131452 0.737059
0.131552 0.736696
0.131652 0.736091
0.131752 0.735607
0.131852 0.735365
0.131952 0.735244
0.132052 0.735123
0.132151 0.735123
0.132251 0.734640
0.132351 0.734277
0.132451 0.734156
0.132551 0.733914
0.132651 0.733793
0.132751 0.733672
0.132851 0.732825
0.132951 0.732342
0.133051 0.732221
0.133150 0.731858
0.133250 0.731616
0.133350 0.731616
0.133450 0.731374
0.133550 0.731011
0.133650 0.730648
0.133750 0.730406
0.133850 0.730164
0.133950 0.729681
0.134049 0.729560
0.134149 0.729439
0.134249 0.728955
0.134349 0.728834
0.134449 0.728834
0.134549 0.728229
0.134649 0.727746
0.134749 0.727746
0.134849 0.727746
0.134949 0.727625
0.135048 0.727504
0.135148 0.727020
0.135248 0.727020
0.135348 0.727020
0.135448 0.726778
0.135548 0.726657
0.135648 0.726415
0.135748 0.726294
0.135848 0.726294
0.135948 0.725810
0.136047 0.725568
0.136147 0.725327
0.136247 0.725085
0.136347 0.725085
0.136447 0.724601
0.136547 0.724117
0.136647 0.723875
0.136747 0.723875
0.136847 0.723633
0.136946 0.723270
0.137046 0.723149
0.137146 0.722303
0.137246 0.722061
0.137346 0.722061
0.137446 0.722061
0.137546 0.721940
0.137646 0.721940
0.137746 0.721214
0.137846 0.720731
0.137945 0.720731
0.138045 0.720731
0.138145 0.720368
0.138245 0.720247
0.138345 0.719884
0.138445 0.719642
0.138545 0.719158
0.138645 0.719158
0.138745 0.718674
0.138844 0.718433
0.138944 0.718312
0.139044 0.717586
0.139144 0.717465
0.139244 0.716981
0.139344 0.716860
0.139444 0.716497
0.139544 0.716497
0.139644 0.716014
0.139744 0.715530
0.139843 0.715288
0.139943 0.715046
0.140043 0.714441
0.140143 0.714199
0.140243 0.714078
0.140343 0.713957
0.140443 0.713595
0.140543 0.713474
0.140643 0.712869
0.140743 0.712506
0.140842 0.712143
0.140942 0.711780
0.141042 0.711418
0.141142 0.711297
0.141242 0.711176
0.141342 0.710813
0.141442 0.710450
0.141542 0.710329
0.141642 0.710208
0.141741 0.709966
0.141841 0.709724
0.141941 0.709603
0.142041 0.709603
0.142141 0.709361
0.142241 0.709361
0.142341 0.708878
0.142441 0.708757
0.142541 0.708273
0.142641 0.708152
0.142740 0.707789
0.142840 0.707668
0.142940 0.707184
0.143040 0.706701
0.143140 0.706459
0.143240 0.706217
0.143340 0.705612
0.143440 0.705491
0.143540 0.705370
0.143640 0.705128
0.143739 0.705007
0.143839 0.704765
0.143939 0.704765
0.144039 0.704403
0.144139 0.704282
0.144239 0.703919
0.144339 0.703798
0.144439 0.703677
0.144539 0.703556
0.144638 0.703314
0.144738 0.703314
0.144838 0.703072
0.144938 0.702951
0.145038 0.702588
0.145138 0.702346
0.145238 0.702225
0.145338 0.701984
0.145438 0.701621
0.145538 0.700895
0.145637 0.700532
0.145737 0.700411
0.145837 0.700290
0.145937 0.699927
0.146037 0.699444
0.146137 0.699323
0.146237 0.698960
0.146337 0.698839
0.146437 0.698718
0.146537 0.698597
0.146636 0.698476
0.146736 0.698234
0.146836 0.697629
0.146936 0.697267
0.147036 0.696783
0.147136 0.696662
0.147236 0.696420
0.147336 0.696178
0.147436 0.696057
0.147535 0.695936
0.147635 0.695815
0.147735 0.695694
0.147835 0.695573
0.147935 0.695331
0.148035 0.695090
0.148135 0.694969
0.148235 0.694848
0.148335 0.694485
0.148435 0.694364
0.148534 0.694122
0.148634 0.693759
0.148734 0.693517
0.148834 0.693396
0.148934 0.693396
0.149034 0.693154
0.149134 0.693033
0.149234 0.692550
0.149334 0.692066
0.149433 0.691582
0.149533 0.691461
0.149633 0.691219
0.149733 0.690977
0.149833 0.690735
0.149933 0.690373
0.150033 0.690373
0.150133 0.690131
0.150233 0.689889
0.150333 0.689889
0.150432 0.689526
0.150532 0.689284
0.150632 0.689042
0.150732 0.688800
0.150832 0.688558
0.150932 0.688316
0.151032 0.688075
0.151132 0.688075
0.151232 0.688075
0.151332 0.688075
0.151431 0.688075
0.151531 0.687833
0.151631 0.687833
0.151731 0.687712
0.151831 0.687712
0.151931 0.687228
0.152031 0.687228
0.152131 0.686865
0.152231 0.686623
0.152330 0.686139
0.152430 0.685897
0.152530 0.685656
0.152630 0.685293
0.152730 0.684930
0.152830 0.684930
0.152930 0.684688
0.153030 0.684083
0.153130 0.683962
0.153230 0.683720
0.153329 0.683599
0.153429 0.683358
0.153529 0.683116
0.153629 0.682874
0.153729 0.682753
0.153829 0.682632
0.153929 0.682511
0.154029 0.682390
0.154129 0.682269
0.154229 0.682148
0.154328 0.682027
0.154428 0.681906
0.154528 0.681785
0.154628 0.681301
0.154728 0.681180
0.154828 0.681060
0.154928 0.680818
0.155028 0.680818
0.155128 0.680213
0.155227 0.679971
0.155327 0.679850
0.155427 0.679608
0.155527 0.679487
0.155627 0.679124
0.155727 0.678641
0.155827 0.677915
0.155927 0.677915
0.156027 0.677552
0.156127 0.677431
0.156226 0.677310
0.156326 0.677189
0.156426 0.677189
0.156526 0.676705
0.156626 0.676584
0.156726 0.676343
0.156826 0.676343
0.156926 0.675980
0.157026 0.675617
0.157125 0.675375
0.157225 0.675133
0.157325 0.674649
0.157425 0.674528
0.157525 0.674286
0.157625 0.674045
0.157725 0.674045
0.157825 0.673682
0.157925 0.673682
0.158025 0.673561
0.158124 0.673440
0.158224 0.673440
0.158324 0.673319
0.158424 0.673319
0.158524 0.673077
0.158624 0.672956
0.158724 0.672956
0.158824 0.672472
0.158924 0.672230
0.159024 0.671626
0.159123 0.671384
0.159223 0.671142
0.159323 0.670537
0.159423 0.670416
0.159523 0.670295
0.159623 0.670295
0.159723 0.669811
0.159823 0.669569
0.159923 0.669328
0.160022 0.669086
0.160122 0.668602
0.160222 0.668481
0.160322 0.668239
0.160422 0.668118
0.160522 0.668118
0.160622 0.667997
0.160722 0.667755
0.160822 0.667392
0.160922 0.667150
0.161021 0.667030
0.161121 0.666304
0.161221 0.666062
0.161321 0.665699
0.161421 0.665336
0.161521 0.665094
0.161621 0.665094
0.161721 0.664852
0.161821 0.664731
0.161921 0.664611
0.162020 0.664490
0.162120 0.664248
0.162220 0.664006
0.162320 0.663885
0.162420 0.663764
0.162520 0.663643
0.162620 0.663401
0.162720 0.663159
0.162820 0.662917
0.162919 0.662675
0.163019 0.662554
0.163119 0.662433
0.163219 0.662433
0.163319 0.662313
0.163419 0.662192
0.163519 0.662071
0.163619 0.661829
0.163719 0.661587
0.163819 0.661224
0.163918 0.660982
0.164018 0.660982
0.164118 0.660619
0.164218 0.660377
0.164318 0.660135
0.164418 0.660015
0.164518 0.659652
0.164618 0.659531
0.164718 0.659168
0.164818 0.659168
0.164917 0.659047
0.165017 0.658563
0.165117 0.658321
0.165217 0.658200
0.165317 0.657837
0.165417 0.657475
0.165517 0.657233
0.165617 0.656991
0.165717 0.656991
0.165816 0.656749
0.165916 0.656749
0.166016 0.656628
0.166116 0.656507
0.166216 0.656023
0.166316 0.656023
0.166416 0.655902
0.166516 0.655902
0.166616 0.655902
0.166716 0.655781
0.166815 0.655298
0.166915 0.655056
0.167015 0.654572
0.167115 0.654330
0.167215 0.654209
0.167315 0.653967
0.167415 0.653846
0.167515 0.653362
0.167615 0.653120
0.167714 0.653000
0.167814 0.652637
0.167914 0.652395
0.168014 0.652274
0.168114 0.652032
0.168214 0.651790
0.168314 0.651669
0.168414 0.651548
0.168514 0.650943
0.168614 0.650701
0.168713 0.650460
0.168813 0.650097
0.168913 0.649976
0.169013 0.649855
0.169113 0.649855
0.169213 0.649855
0.169313 0.649734
0.169413 0.649129
0.169513 0.648887
0.169613 0.648524
0.169712 0.648524
0.169812 0.648283
0.169912 0.648041
0.170012 0.647920
0.170112 0.647920
0.170212 0.647799
0.170312 0.647678
0.170412 0.647194
0.170512 0.646952
0.170611 0.646952
0.170711 0.646710
0.170811 0.646468
0.170911 0.646105
0.171011 0.645985
0.171111 0.645864
0.171211 0.645622
0.171311 0.645380
0.171411 0.645017
0.171511 0.644775
0.171610 0.644654
0.171710 0.644291
0.171810 0.643687
0.171910 0.643566
0.172010 0.643445
0.172110 0.643324
0.172210 0.643324
0.172310 0.643082
0.172410 0.642719
0.172510 0.642477
0.172609 0.642356
0.172709 0.642235
0.172809 0.642235
0.172909 0.642235
0.173009 0.641993
0.173109 0.641993
0.173209 0.641751
0.173309 0.641026
0.173409 0.640784
0.173508 0.640542
0.173608 0.640421
0.173708 0.640179
0.173808 0.640179
0.173908 0.640179
0.174008 0.639937
0.174108 0.639453
0.174208 0.639211
0.174308 0.638970
0.174408 0.638849
0.174507 0.638607
0.174607 0.638244
0.174707 0.638244
0.174807 0.638244
0.174907 0.638244
0.175007 0.637881
0.175107 0.637760
0.175207 0.637518
0.175307 0.637518
0.175407 0.637518
0.175506 0.637276
0.175606 0.637155
0.175706 0.637155
0.175806 0.637155
0.175906 0.636792
0.176006 0.636792
0.176106 0.636551
0.176206 0.636309
0.176306 0.636309
0.176405 0.635946
0.176505 0.635825
0.176605 0.635583
0.176705 0.635462
0.176805 0.635462
0.176905 0.635099
0.177005 0.634857
0.177105 0.634736
0.177205 0.634615
0.177305 0.634615
0.177404 0.634373
0.177504 0.634253
0.177604 0.634253
0.177704 0.634132
0.177804 0.634132
0.177904 0.634011
0.178004 0.633890
0.178104 0.633648
0.178204 0.633648
0.178303 0.633406
0.178403 0.632680
0.178503 0.632075
0.178603 0.631955
0.178703 0.631592
0.178803 0.631229
0.178903 0.631229
0.179003 0.631108
0.179103 0.630745
0.179203 0.630503
0.179302 0.630503
0.179402 0.630382
0.179502 0.630382
0.179602 0.630261
0.179702 0.630261
0.179802 0.629898
0.179902 0.629777
0.180002 0.629777
0.180102 0.629536
0.180202 0.629415
0.180301 0.629173
0.180401 0.629052
0.180501 0.628931
0.180601 0.628689
0.180701 0.628447
0.180801 0.628326
0.180901 0.628084
0.181001 0.627963
0.181101 0.627721
0.181200 0.627479
0.181300 0.627238
0.181400 0.626875
0.181500 0.626754
0.181600 0.626754
0.181700 0.626391
0.181800 0.626028
0.181900 0.625907
0.182000 0.625665
0.182100 0.625302
0.182199 0.625181
0.182299 0.625181
0.182399 0.625060
0.182499 0.624577
0.182599 0.624456
0.182699 0.623851
0.182799 0.623488
0.182899 0.623246
0.182999 0.623125
0.183099 0.623004
0.183198 0.622762
0.183298 0.622642
0.183398 0.622521
0.183498 0.622400
0.183598 0.622158
0.183698 0.622037
0.183798 0.621916
0.183898 0.621795
0.183998 0.621674
0.184097 0.621553
0.184197 0.621311
0.184297 0.621069
0.184397 0.620948
0.184497 0.620585
0.184597 0.620464
0.184697 0.620343
0.184797 0.620343
0.184897 0.620102
0.184997 0.620102
0.185096 0.620102
0.185196 0.619860
0.185296 0.619618
0.185396 0.619618
0.185496 0.619255
0.185596 0.619134
0.185696 0.619013
0.185796 0.618771
0.185896 0.618529
0.185995 0.618408
0.186095 0.618287
0.186195 0.618045
0.186295 0.617804
0.186395 0.617562
0.186495 0.617441
0.186595 0.617441
0.186695 0.617320
0.186795 0.616957
0.186895 0.616957
0.186994 0.616836
0.187094 0.616473
0.187194 0.616231
0.187294 0.615989
0.187394 0.615989
0.187494 0.615989
0.187594 0.615627
0.187694 0.615385
0.187794 0.615264
0.187894 0.615143
0.187993 0.615022
0.188093 0.615022
0.188193 0.614901
0.188293 0.614538
0.188393 0.614538
0.188493 0.614296
0.188593 0.613691
0.188693 0.613691
0.188793 0.613691
0.188892 0.613449
0.188992 0.613208
0.189092 0.613087
0.189192 0.612966
0.189292 0.612603
0.189392 0.612482
0.189492 0.611998
0.189592 0.611756
0.189692 0.611393
0.189792 0.611393
0.189891 0.611393
0.189991 0.611030
0.190091 0.611030
0.190191 0.611030
0.190291 0.610910
0.190391 0.610789
0.190491 0.610668
0.190591 0.610426
0.190691 0.610426
0.190791 0.610426
0.190890 0.609821
0.190990 0.609579
0.191090 0.609458
0.191190 0.609337
0.191290 0.609216
0.191390 0.609095
0.191490 0.608974
0.191590 0.608612
0.191690 0.608370
0.191789 0.608128
0.191889 0.608128
0.191989 0.608007
0.192089 0.607765
0.192189 0.607644
0.192289 0.607523
0.192389 0.607402
0.192489 0.607160
0.192589 0.607160
0.192689 0.606918
0.192788 0.606797
0.192888 0.606434
0.192988 0.606313
0.193088 0.605951
0.193188 0.605709
0.193288 0.605225
0.193388 0.605225
0.193488 0.605225
0.193588 0.604741
0.193688 0.604257
0.193787 0.603774
0.193887 0.603653
0.193987 0.603532
0.194087 0.603411
0.194187 0.603411
0.194287 0.603048
0.194387 0.602685
0.194487 0.602322
0.194587 0.602201
0.194686 0.601959
0.194786 0.601717
0.194886 0.601476
0.194986 0.601355
0.195086 0.601234
0.195186 0.600871
0.195286 0.600871
0.195386 0.600871
0.195486 0.600750
0.195586 0.600508
0.195685 0.600387
0.195785 0.600387
0.195885 0.600387
0.195985 0.600266
0.196085 0.600024
0.196185 0.599782
0.196285 0.599782
0.196385 0.599661
0.196485 0.599540
0.196584 0.598694
0.196684 0.598452
0.196784 0.598210
0.196884 0.598089
0.196984 0.598089
0.197084 0.597363
0.197184 0.597000
0.197284 0.596759
0.197384 0.596517
0.197484 0.596396
0.197583 0.596033
0.197683 0.595670
0.197783 0.595428
0.197883 0.595307
0.197983 0.594944
0.198083 0.594823
0.198183 0.594582
0.198283 0.594340
0.198383 0.594098
0.198483 0.593735
0.198582 0.593614
0.198682 0.593493
0.198782 0.593372
0.198882 0.593372
0.198982 0.593009
0.199082 0.592888
0.199182 0.592767
0.199282 0.592646
0.199382 0.592163
0.199481 0.592042
0.199581 0.592042
0.199681 0.592042
0.199781 0.591800
0.199881 0.591679
0.199981 0.591558
0.200081 0.591558
0.200181 0.591074
0.200281 0.590953
0.200381 0.590590
0.200480 0.590469
0.200580 0.590348
0.200680 0.590106
0.200780 0.589985
0.200880 0.589865
0.200980 0.589623
0.201080 0.589502
0.201180 0.589260
0.201280 0.589018
0.201380 0.588534
0.201479 0.588413
0.201579 0.588171
0.201679 0.588171
0.201779 0.588171
0.201879 0.587808
0.201979 0.587808
0.202079 0.587567
0.202179 0.587325
0.202279 0.587325
0.202378 0.587204
0.202478 0.587083
0.202578 0.587083
0.202678 0.587083
0.202778 0.586841
0.202878 0.586720
0.202978 0.586720
0.203078 0.586720
0.203178 0.586478
0.203278 0.586115
0.203377 0.585994
0.203477 0.585994
0.203577 0.585631
0.203677 0.585631
0.203777 0.585389
0.203877 0.585269
0.203977 0.585148
0.204077 0.585148
0.204177 0.585148
0.204277 0.585027
0.204376 0.584301
0.204476 0.584301
0.204576 0.584059
0.204676 0.583454
0.204776 0.583454
0.204876 0.582850
0.204976 0.582366
0.205076 0.582366
0.205176 0.582124
0.205275 0.581640
0.205375 0.581519
0.205475 0.581519
0.205575 0.581519
0.205675 0.581398
0.205775 0.581035
0.205875 0.581035
0.205975 0.580914
0.206075 0.580914
0.206175 0.580793
0.206274 0.580672
0.206374 0.580552
0.206474 0.580431
0.206574 0.580431
0.206674 0.580431
0.206774 0.580310
0.206874 0.580068
0.206974 0.579826
0.207074 0.579463
0.207173 0.578979
0.207273 0.578737
0.207373 0.578616
0.207473 0.578616
0.207573 0.578495
0.207673 0.578495
0.207773 0.578374
0.207873 0.578133
0.207973 0.578133
0.208073 0.577891
0.208172 0.577770
0.208272 0.577649
0.208372 0.577528
0.208472 0.577528
0.208572 0.576923
0.208672 0.576560
0.208772 0.576439
0.208872 0.575955
0.208972 0.575955
0.209072 0.575714
0.209171 0.575593
0.209271 0.575230
0.209371 0.575230
0.209471 0.574625
0.209571 0.574262
0.209671 0.573899
0.209771 0.573778
0.209871 0.573416
0.209971 0.573174
0.210070 0.572932
0.210170 0.572932
0.210270 0.572811
0.210370 0.572690
0.210470 0.572690
0.210570 0.572569
0.210670 0.572448
0.210770 0.572327
0.210870 0.572327
0.210970 0.572206
0.211069 0.572206
0.211169 0.572206
0.211269 0.572206
0.211369 0.572085
0.211469 0.571964
0.211569 0.571964
0.211669 0.571722
0.211769 0.571480
0.211869 0.571480
0.211969 0.571359
0.212068 0.571239
0.212168 0.571239
0.212268 0.571239
0.212368 0.571118
0.212468 0.570876
0.212568 0.570876
0.212668 0.570634
0.212768 0.570392
0.212868 0.570150
0.212967 0.570150
0.213067 0.569908
0.213167 0.569545
0.213267 0.569545
0.213367 0.569061
0.213467 0.569061
0.213567 0.569061
0.213667 0.569061
0.213767 0.569061
0.213867 0.568699
0.213966 0.568578
0.214066 0.568336
0.214166 0.568094
0.214266 0.567973
0.214366 0.567731
0.214466 0.567247
0.214566 0.567126
0.214666 0.567005
0.214766 0.566884
0.214865 0.566642
0.214965 0.566642
0.215065 0.566522
0.215165 0.566159
0.215265 0.566038
0.215365 0.565554
0.215465 0.565433
0.215565 0.565070
0.215665 0.564949
0.215765 0.564949
0.215864 0.564828
0.215964 0.564707
0.216064 0.564465
0.216164 0.564465
0.216264 0.564344
0.216364 0.564103
0.216464 0.564103
0.216564 0.564103
0.216664 0.563861
0.216764 0.563256
0.216863 0.563256
0.216963 0.563014
0.217063 0.562893
0.217163 0.562530
0.217263 0.562046
0.217363 0.561805
0.217463 0.561563
0.217563 0.561200
0.217663 0.560958
0.217762 0.560716
0.217862 0.560111
0.217962 0.559990
0.218062 0.559990
0.218162 0.559748
0.218262 0.559507
0.218362 0.559507
0.218462 0.559023
0.218562 0.559023
0.218662 0.558902
0.218761 0.558902
0.218861 0.558539
0.218961 0.558055
0.219061 0.557934
0.219161 0.557813
0.219261 0.557450
0.219361 0.557329
0.219461 0.556967
0.219561 0.556725
0.219661 0.556241
0.219760 0.556120
0.219860 0.555999
0.219960 0.555999
0.220060 0.555999
0.220160 0.555394
0.220260 0.555273
0.220360 0.555152
0.220460 0.555031
0.220560 0.554790
0.220659 0.554427
0.220759 0.554185
0.220859 0.553943
0.220959 0.553943
0.221059 0.553701
0.221159 0.553217
0.221259 0.553217
0.221359 0.552975
0.221459 0.552733
0.221559 0.552371
0.221658 0.552129
0.221758 0.552129
0.221858 0.551645
0.221958 0.551645
0.222058 0.551524
0.222158 0.551524
0.222258 0.551282
0.222358 0.551282
0.222458 0.551161
0.222558 0.551040
0.222657 0.550919
0.222757 0.550919
0.222857 0.550919
0.222957 0.550314
0.223057 0.550073
0.223157 0.550073
0.223257 0.549952
0.223357 0.549710
0.223457 0.549589
0.223556 0.549347
0.223656 0.549226
0.223756 0.549226
0.223856 0.548863
0.223956 0.548500
0.224056 0.548258
0.224156 0.548258
0.224256 0.548258
0.224356 0.548137
0.224456 0.547896
0.224555 0.547654
0.224655 0.547533
0.224755 0.547049
0.224855 0.546928
0.224955 0.546565
0.225055 0.546444
0.225155 0.546444
0.225255 0.546444
0.225355 0.546323
0.225454 0.545960
0.225554 0.545839
0.225654 0.545597
0.225754 0.545356
0.225854 0.545356
0.225954 0.545356
0.226054 0.545356
0.226154 0.545114
0.226254 0.544751
0.226354 0.544509
0.226453 0.544267
0.226553 0.544267
0.226653 0.544146
0.226753 0.543783
0.226853 0.543299
0.226953 0.543179
0.227053 0.542937
0.227153 0.542695
0.227253 0.542453
0.227353 0.541969
0.227452 0.541606
0.227552 0.541485
0.227652 0.541243
0.227752 0.541122
0.227852 0.540881
0.227952 0.540397
0.228052 0.540397
0.228152 0.540276
0.228252 0.540276
0.228351 0.540155
0.228451 0.539913
0.228551 0.539792
0.228651 0.539550
0.228751 0.539066
0.228851 0.539066
0.228951 0.539066
0.229051 0.538824
0.229151 0.538582
0.229251 0.538462
0.229350 0.538220
0.229450 0.538099
0.229550 0.537736
0.229650 0.537494
0.229750 0.537373
0.229850 0.537373
0.229950 0.537010
0.230050 0.536768
0.230150 0.536768
0.230250 0.536284
0.230349 0.536164
0.230449 0.536043
0.230549 0.535680
0.230649 0.535559
0.230749 0.535196
0.230849 0.534833
0.230949 0.534833
0.231049 0.534712
0.231149 0.534228
0.231248 0.533986
0.231348 0.533745
0.231448 0.533745
0.231548 0.533140
0.231648 0.533019
0.231748 0.532898
0.231848 0.532898
0.231948 0.532414
0.232048 0.532414
0.232148 0.532414
0.232247 0.532172
0.232347 0.532172
0.232447 0.532051
0.232547 0.531930
0.232647 0.531809
0.232747 0.531809
0.232847 0.531688
0.232947 0.531326
0.233047 0.531205
0.233147 0.530963
0.233246 0.530963
0.233346 0.530963
0.233446 0.530842
0.233546 0.530721
0.233646 0.530721
0.233746 0.530721
0.233846 0.530479
0.233946 0.530358
0.234046 0.530116
0.234145 0.529874
0.234245 0.529874
0.234345 0.529632
0.234445 0.529390
0.234545 0.529390
0.234645 0.528907
0.234745 0.528544
0.234845 0.528423
0.234945 0.528181
0.235045 0.527939
0.235144 0.527818
0.235244 0.527697
0.235344 0.527576
0.235444 0.527455
0.235544 0.527455
0.235644 0.527334
0.235744 0.527092
0.235844 0.526971
0.235944 0.526971
0.236043 0.526730
0.236143 0.526609
0.236243 0.526609
0.236343 0.526488
0.236443 0.526488
0.236543 0.526246
0.236643 0.526246
0.236743 0.526125
0.236843 0.525883
0.236943 0.525762
0.237042 0.525520
0.237142 0.525520
0.237242 0.525157
0.237342 0.525157
0.237442 0.525157
0.237542 0.525157
0.237642 0.524915
0.237742 0.524794
0.237842 0.524794
0.237942 0.524673
0.238041 0.524190
0.238141 0.524069
0.238241 0.523464
0.238341 0.523222
0.238441 0.523101
0.238541 0.522980
0.238641 0.522738
0.238741 0.522496
0.238841 0.522496
0.238940 0.522375
0.239040 0.522254
0.239140 0.522134
0.239240 0.522013
0.239340 0.522013
0.239440 0.521892
0.239540 0.521529
0.239640 0.521408
0.239740 0.521287
0.239840 0.521166
0.239939 0.521045
0.240039 0.521045
0.240139 0.520803
0.240239 0.520561
0.240339 0.520319
0.240439 0.520319
0.240539 0.519956
0.240639 0.519836
0.240739 0.519715
0.240839 0.519352
0.240938 0.519352
0.241038 0.519231
0.241138 0.519231
0.241238 0.519231
0.241338 0.519231
0.241438 0.519231
0.241538 0.519110
0.241638 0.518868
0.241738 0.518626
0.241837 0.518626
0.241937 0.518505
0.242037 0.518384
0.242137 0.518142
0.242237 0.517900
0.242337 0.517537
0.242437 0.517175
0.242537 0.517054
0.242637 0.516812
0.242737 0.516812
0.242836 0.516812
0.242936 0.516570
0.243036 0.516570
0.243136 0.516449
0.243236 0.516328
0.243336 0.516328
0.243436 0.515965
0.243536 0.515723
0.243636 0.515723
0.243735 0.515602
0.243835 0.515602
0.243935 0.515360
0.244035 0.514998
0.244135 0.514877
0.244235 0.514756
0.244335 0.514514
0.244435 0.514393
0.244535 0.514272
0.244635 0.514030
0.244734 0.513909
0.244834 0.513425
0.244934 0.513183
0.245034 0.513062
0.245134 0.512821
0.245234 0.512821
0.245334 0.512821
0.245434 0.512821
0.245534 0.512821
0.245634 0.512458
0.245733 0.512458
0.245833 0.512216
0.245933 0.512095
0.246033 0.512095
0.246133 0.511974
0.246233 0.511974
0.246333 0.511974
0.246433 0.511853
0.246533 0.511369
0.246632 0.511369
0.246732 0.511369
0.246832 0.511127
0.246932 0.511127
0.247032 0.510885
0.247132 0.510885
0.247232 0.510885
0.247332 0.510764
0.247432 0.510522
0.247532 0.510160
0.247631 0.510160
0.247731 0.510039
0.247831 0.509918
0.247931 0.509676
0.248031 0.509071
0.248131 0.508950
0.248231 0.508708
0.248331 0.508466
0.248431 0.508466
0.248531 0.508224
0.248630 0.507741
0.248730 0.507741
0.248830 0.507620
0.248930 0.507378
0.249030 0.507257
0.249130 0.507136
0.249230 0.506773
0.249330 0.506773
0.249430 0.506410
0.249529 0.506410
0.249629 0.506289
0.249729 0.506168
0.249829 0.505806
0.249929 0.505685
0.250029 0.505564
0.250129 0.505564
0.250229 0.505322
0.250329 0.505322
0.250429 0.505201
0.250528 0.504838
0.250628 0.504717
0.250728 0.504717
0.250828 0.504475
0.250928 0.504233
0.251028 0.503870
0.251128 0.503749
0.251228 0.503749
0.251328 0.503507
0.251428 0.503266
0.251527 0.503145
0.251627 0.502782
0.251727 0.502540
0.251827 0.502540
0.251927 0.502177
0.252027 0.502056
0.252127 0.502056
0.252227 0.502056
0.252327 0.501814
0.252426 0.501814
0.252526 0.501572
0.252626 0.501451
0.252726 0.501089
0.252826 0.500484
0.252926 0.500363
0.253026 0.500242
0.253126 0.500000
0.253226 0.499758
0.253326 0.499516
0.253425 0.499153
0.253525 0.499153
0.253625 0.498911
0.253725 0.498791
0.253825 0.498670
0.253925 0.498307
0.254025 0.498186
0.254125 0.497944
0.254225 0.497823
0.254324 0.497581
0.254424 0.497581
0.254524 0.497581
0.254624 0.497339
0.254724 0.496976
0.254824 0.496734
0.254924 0.496734
0.255024 0.496613
0.255124 0.496613
0.255224 0.496613
0.255323 0.496372
0.255423 0.496251
0.255523 0.495888
0.255623 0.495888
0.255723 0.495888
0.255823 0.495888
0.255923 0.495888
0.256023 0.495767
0.256123 0.495404
0.256223 0.495162
0.256322 0.495041
0.256422 0.495041
0.256522 0.494920
0.256622 0.494678
0.256722 0.494557
0.256822 0.494436
0.256922 0.494315
0.257022 0.494074
0.257122 0.493832
0.257221 0.493590
0.257321 0.493469
0.257421 0.493348
0.257521 0.493227
0.257621 0.493106
0.257721 0.492985
0.257821 0.492743
0.257921 0.492259
0.258021 0.492138
0.258121 0.492017
0.258220 0.492017
0.258320 0.491655
0.258420 0.491534
0.258520 0.491413
0.258620 0.491050
0.258720 0.491050
0.258820 0.491050
0.258920 0.490929
0.259020 0.490929
0.259120 0.490808
0.259219 0.490566
0.259319 0.490445
0.259419 0.490203
0.259519 0.490082
0.259619 0.490082
0.259719 0.489719
0.259819 0.489357
0.259919 0.489357
0.260019 0.489115
0.260118 0.488873
0.260218 0.488631
0.260318 0.488510
0.260418 0.488268
0.260518 0.488268
0.260618 0.488147
0.260718 0.487663
0.260818 0.487542
0.260918 0.487300
0.261018 0.487179
0.261117 0.487059
0.261217 0.486938
0.261317 0.486696
0.261417 0.486696
0.261517 0.486575
0.261617 0.486333
0.261717 0.486212
0.261817 0.485970
0.261917 0.485849
0.262017 0.485607
0.262116 0.485365
0.262216 0.485002
0.262316 0.484881
0.262416 0.484881
0.262516 0.484881
0.262616 0.484640
0.262716 0.484398
0.262816 0.484277
0.262916 0.484156
0.263015 0.483793
0.263115 0.483551
0.263215 0.483067
0.263315 0.482583
0.263415 0.482342
0.263515 0.481979
0.263615 0.481858
0.263715 0.481616
0.263815 0.481616
0.263915 0.481253
0.264014 0.480769
0.264114 0.480527
0.264214 0.480285
0.264314 0.480044
0.264414 0.480044
0.264514 0.479923
0.264614 0.479681
0.264714 0.479681
0.264814 0.479681
0.264913 0.479318
0.265013 0.479197
0.265113 0.478955
0.265213 0.478955
0.265313 0.478713
0.265413 0.478713
0.265513 0.478471
0.265613 0.478471
0.265713 0.477987
0.265813 0.477866
0.265912 0.477625
0.266012 0.477504
0.266112 0.477262
0.266212 0.477262
0.266312 0.477020
0.266412 0.476657
0.266512 0.476536
0.266612 0.476294
0.266712 0.476294
0.266812 0.476294
0.266911 0.476052
0.267011 0.475689
0.267111 0.475689
0.267211 0.475689
0.267311 0.475206
0.267411 0.474722
0.267511 0.474722
0.267611 0.474117
0.267711 0.473875
0.267810 0.473754
0.267910 0.473754
0.268010 0.473391
0.268110 0.473391
0.268210 0.473391
0.268310 0.473270
0.268410 0.473029
0.268510 0.472787
0.268610 0.472666
0.268710 0.472303
0.268809 0.472303
0.268909 0.472182
0.269009 0.472061
0.269109 0.472061
0.269209 0.472061
0.269309 0.471940
0.269409 0.471940
0.269509 0.471819
0.269609 0.471335
0.269709 0.470851
0.269808 0.470610
0.269908 0.470368
0.270008 0.470368
0.270108 0.470126
0.270208 0.470126
0.270308 0.469884
0.270408 0.469884
0.270508 0.469763
0.270608 0.469763
0.270707 0.469763
0.270807 0.469642
0.270907 0.469521
0.271007 0.469521
0.271107 0.469279
0.271207 0.469158
0.271307 0.469158
0.271407 0.468916
0.271507 0.468795
0.271607 0.468674
0.271706 0.468674
0.271806 0.468433
0.271906 0.468433
0.272006 0.468433
0.272106 0.468433
0.272206 0.468191
0.272306 0.467949
0.272406 0.467949
0.272506 0.467586
0.272605 0.467465
0.272705 0.467102
0.272805 0.466860
0.272905 0.466497
0.273005 0.466014
0.273105 0.465893
0.273205 0.465651
0.273305 0.465409
0.273405 0.465046
0.273505 0.464804
0.273604 0.464441
0.273704 0.464199
0.273804 0.464078
0.273904 0.464078
0.274004 0.464078
0.274104 0.464078
0.274204 0.463836
0.274304 0.463836
0.274404 0.463836
0.274504 0.463595
0.274603 0.463353
0.274703 0.463111
0.274803 0.462990
0.274903 0.462627
0.275003 0.462506
0.275103 0.462506
0.275203 0.462506
0.275303 0.462385
0.275403 0.462385
0.275502 0.462264
0.275602 0.462143
0.275702 0.462022
0.275802 0.461901
0.275902 0.461901
0.276002 0.461659
0.276102 0.461659
0.276202 0.461297
0.276302 0.461176
0.276402 0.461055
0.276501 0.460934
0.276601 0.460813
0.276701 0.460692
0.276801 0.460571
0.276901 0.460450
0.277001 0.459966
0.277101 0.459845
0.277201 0.459361
0.277301 0.459361
0.277401 0.459361
0.277500 0.459119
0.277600 0.458757
0.277700 0.458515
0.277800 0.458273
0.277900 0.458152
0.278000 0.458031
0.278100 0.457789
0.278200 0.457426
0.278300 0.457184
0.278399 0.456821
0.278499 0.456701
0.278599 0.456580
0.278699 0.456459
0.278799 0.456338
0.278899 0.456338
0.278999 0.456217
0.279099 0.456096
0.279199 0.456096
0.279299 0.455975
0.279398 0.455733
0.279498 0.455733
0.279598 0.455612
0.279698 0.455612
0.279798 0.455491
0.279898 0.455370
0.279998 0.455370
0.280098 0.455249
0.280198 0.454886
0.280298 0.454644
0.280397 0.454282
0.280497 0.454282
0.280597 0.454040
0.280697 0.453556
0.280797 0.453314
0.280897 0.452951
0.280997 0.452951
0.281097 0.452951
0.281197 0.452709
0.281296 0.452588
0.281396 0.452346
0.281496 0.452346
0.281596 0.452225
0.281696 0.451984
0.281796 0.451984
0.281896 0.451863
0.281996 0.451863
0.282096 0.451379
0.282196 0.451137
0.282295 0.451137
0.282395 0.451016
0.282495 0.450774
0.282595 0.450653
0.282695 0.450411
0.282795 0.450048
0.282895 0.450048
0.282995 0.449806
0.283095 0.449806
0.283194 0.449806
0.283294 0.449686
0.283394 0.449323
0.283494 0.449202
0.283594 0.448960
0.283694 0.448839
0.283794 0.448718
0.283894 0.448718
0.283994 0.448597
0.284094 0.448234
0.284193 0.447871
0.284293 0.447750
0.284393 0.447629
0.284493 0.447388
0.284593 0.447388
0.284693 0.447267
0.284793 0.447146
0.284893 0.447146
0.284993 0.446904
0.285093 0.446662
0.285192 0.446662
0.285292 0.446541
0.285392 0.446299
0.285492 0.446299
0.285592 0.446299
0.285692 0.446178
0.285792 0.446178
0.285892 0.445815
0.285992 0.445694
0.286091 0.445452
0.286191 0.445090
0.286291 0.444848
0.286391 0.444848
0.286491 0.444606
0.286591 0.444485
0.286691 0.444122
0.286791 0.444122
0.286891 0.444001
0.286991 0.443638
0.287090 0.443275
0.287190 0.443154
0.287290 0.443154
0.287390 0.442791
0.287490 0.442671
0.287590 0.442308
0.287690 0.442308
0.287790 0.442308
0.287890 0.442187
0.287990 0.441824
0.288089 0.441582
0.288189 0.441219
0.288289 0.441098
0.288389 0.441098
0.288489 0.440856
0.288589 0.440856
0.288689 0.440614
0.288789 0.440373
0.288889 0.440373
0.288988 0.440252
0.289088 0.440252
0.289188 0.440131
0.289288 0.440131
0.289388 0.440131
0.289488 0.439889
0.289588 0.439768
0.289688 0.439647
0.289788 0.439284
0.289888 0.439042
0.289987 0.438921
0.290087 0.438800
0.290187 0.438679
0.290287 0.438437
0.290387 0.438437
0.290487 0.438437
0.290587 0.438437
0.290687 0.438316
0.290787 0.438195
0.290887 0.437954
0.290986 0.437712
0.291086 0.437470
0.291186 0.437470
0.291286 0.437349
0.291386 0.437349
0.291486 0.437349
0.291586 0.437228
0.291686 0.437107
0.291786 0.437107
0.291885 0.436986
0.291985 0.436865
0.292085 0.436623
0.292185 0.436623
0.292285 0.436623
0.292385 0.436502
0.292485 0.436381
0.292585 0.436260
0.292685 0.436139
0.292785 0.435897
0.292884 0.435776
0.292984 0.435656
0.293084 0.435656
0.293184 0.435656
0.293284 0.435535
0.293384 0.435293
0.293484 0.435172
0.293584 0.435172
0.293684 0.435172
0.293783 0.435172
0.293883 0.435051
0.293983 0.434930
0.294083 0.434809
0.294183 0.434688
0.294283 0.434567
0.294383 0.434567
0.294483 0.434204
0.294583 0.434083
0.294683 0.433720
0.294782 0.433478
0.294882 0.433358
0.294982 0.433237
0.295082 0.433116
0.295182 0.432995
0.295282 0.432753
0.295382 0.432632
0.295482 0.432511
0.295582 0.432027
0.295682 0.432027
0.295781 0.431906
0.295881 0.431906
0.295981 0.431543
0.296081 0.431060
0.296181 0.430939
0.296281 0.430697
0.296381 0.430576
0.296481 0.430455
0.296581 0.430213
0.296680 0.430092
0.296780 0.429850
0.296880 0.429608
0.296980 0.429487
0.297080 0.429366
0.297180 0.429245
0.297280 0.429124
0.297380 0.429003
0.297480 0.428882
0.297580 0.428641
0.297679 0.428520
0.297779 0.428399
0.297879 0.428399
0.297979 0.428399
0.298079 0.428399
0.298179 0.428399
0.298279 0.428278
0.298379 0.428157
0.298479 0.428036
0.298579 0.427794
0.298678 0.427431
0.298778 0.427189
0.298878 0.426705
0.298978 0.426584
0.299078 0.426584
0.299178 0.426584
0.299278 0.426463
0.299378 0.426222
0.299478 0.425980
0.299577 0.425738
0.299677 0.425375
0.299777 0.425375
0.299877 0.425375
0.299977 0.425254
0.300077 0.425254
0.300177 0.425254
0.300277 0.425133
0.300377 0.425012
0.300477 0.424891
0.300576 0.424649
0.300676 0.424649
0.300776 0.424649
0.300876 0.424528
0.300976 0.424528
0.301076 0.424407
0.301176 0.424165
0.301276 0.424045
0.301376 0.424045
0.301475 0.424045
0.301575 0.423803
0.301675 0.423561
0.301775 0.423319
0.301875 0.423198
0.301975 0.422956
0.302075 0.422472
0.302175 0.422230
0.302275 0.422230
0.302375 0.422109
0.302474 0.421988
0.302574 0.421867
0.302674 0.421746
0.302774 0.421746
0.302874 0.421746
0.302974 0.421626
0.303074 0.421626
0.303174 0.421384
0.303274 0.421263
0.303374 0.421021
0.303473 0.420900
0.303573 0.420900
0.303673 0.420900
0.303773 0.420779
0.303873 0.420779
0.303973 0.420537
0.304073 0.420295
0.304173 0.420295
0.304273 0.420053
0.304372 0.419932
0.304472 0.419811
0.304572 0.419811
0.304672 0.419328
0.304772 0.419086
0.304872 0.419086
0.304972 0.418844
0.305072 0.418723
0.305172 0.418723
0.305272 0.418723
0.305371 0.418723
0.305471 0.418360
0.305571 0.418360
0.305671 0.418239
0.305771 0.417755
0.305871 0.417755
0.305971 0.417634
0.306071 0.417634
0.306171 0.417634
0.306271 0.417634
0.306370 0.417392
0.306470 0.417271
0.306570 0.417150
0.306670 0.416909
0.306770 0.416909
0.306870 0.416788
0.306970 0.416788
0.307070 0.416546
0.307170 0.416425
0.307269 0.416425
0.307369 0.416183
0.307469 0.416183
0.307569 0.416183
0.307669 0.415699
0.307769 0.415578
0.307869 0.415215
0.307969 0.415215
0.308069 0.415215
0.308169 0.414973
0.308268 0.414973
0.308368 0.414852
0.308468 0.414611
0.308568 0.414248
0.308668 0.414127
0.308768 0.414127
0.308868 0.414127
0.308968 0.414127
0.309068 0.414127
0.309168 0.414127
0.309267 0.414006
0.309367 0.414006
0.309467 0.413885
0.309567 0.413764
0.309667 0.413401
0.309767 0.413401
0.309867 0.413159
0.309967 0.413159
0.310067 0.412675
0.310166 0.412554
0.310266 0.412192
0.310366 0.412192
0.310466 0.412071
0.310566 0.412071
0.310666 0.412071
0.310766 0.411829
0.310866 0.411829
0.310966 0.411829
0.311066 0.411345
0.311165 0.411103
0.311265 0.410982
0.311365 0.410861
0.311465 0.410740
0.311565 0.410377
0.311665 0.409894
0.311765 0.409773
0.311865 0.409773
0.311965 0.409773
0.312064 0.409531
0.312164 0.409410
0.312264 0.409289
0.312364 0.409047
0.312464 0.409047
0.312564 0.408926
0.312664 0.408684
0.312764 0.408321
0.312864 0.408200
0.312964 0.407958
0.313063 0.407716
0.313163 0.407475
0.313263 0.407475
0.313363 0.407354
0.313463 0.407233
0.313563 0.406991
0.313663 0.406628
0.313763 0.406628
0.313863 0.406628
0.313963 0.406386
0.314062 0.406144
0.314162 0.405902
0.314262 0.405660
0.314362 0.405539
0.314462 0.405298
0.314562 0.405177
0.314662 0.405056
0.314762 0.404935
0.314862 0.404572
0.314961 0.404330
0.315061 0.404209
0.315161 0.403967
0.315261 0.403967
0.315361 0.403846
0.315461 0.403846
0.315561 0.403725
0.315661 0.403483
0.315761 0.403000
0.315861 0.402879
0.315960 0.402758
0.316060 0.402395
0.316160 0.402032
0.316260 0.402032
0.316360 0.402032
0.316460 0.402032
0.316560 0.401790
0.316660 0.401790
0.316760 0.401790
0.316860 0.401548
0.316959 0.401427
0.317059 0.401427
0.317159 0.401185
0.317259 0.401064
0.317359 0.401064
0.317459 0.400943
0.317559 0.400701
0.317659 0.400460
0.317759 0.399855
0.317858 0.399371
0.317958 0.399371
0.318058 0.399129
0.318158 0.399129
0.318258 0.399129
0.318358 0.398887
0.318458 0.398887
0.318558 0.398766
0.318658 0.398645
0.318758 0.398645
0.318857 0.398283
0.318957 0.397799
0.319057 0.397557
0.319157 0.397557
0.319257 0.397557
0.319357 0.397436
0.319457 0.397073
0.319557 0.396952
0.319657 0.396952
0.319757 0.396952
0.319856 0.396710
0.319956 0.396710
0.320056 0.396105
0.320156 0.395985
0.320256 0.395985
0.320356 0.395864
0.320456 0.395743
0.320556 0.395622
0.320656 0.395622
0.320755 0.395501
0.320855 0.395138
0.320955 0.395017
0.321055 0.394775
0.321155 0.394533
0.321255 0.394412
0.321355 0.394170
0.321455 0.393928
0.321555 0.393807
0.321655 0.393687
0.321754 0.393445
0.321854 0.393445
0.321954 0.393324
0.322054 0.393203
0.322154 0.393082
0.322254 0.392840
0.322354 0.392719
0.322454 0.392598
0.322554 0.392356
0.322653 0.392356
0.322753 0.392356
0.322853 0.392356
0.322953 0.392356
0.323053 0.392356
0.323153 0.391993
0.323253 0.391872
0.323353 0.391872
0.323453 0.391872
0.323553 0.391751
0.323652 0.391751
0.323752 0.391630
0.323852 0.391630
0.323952 0.391388
0.324052 0.391388
0.324152 0.391147
0.324252 0.391026
0.324352 0.390905
0.324452 0.390542
0.324552 0.390421
0.324651 0.390300
0.324751 0.390300
0.324851 0.390300
0.324951 0.390300
0.325051 0.390179
0.325151 0.390179
0.325251 0.390058
0.325351 0.389695
0.325451 0.389453
0.325550 0.389453
0.325650 0.389453
0.325750 0.389332
0.325850 0.388970
0.325950 0.388607
0.326050 0.388607
0.326150 0.388365
0.326250 0.388244
0.326350 0.388244
0.326450 0.388123
0.326549 0.387760
0.326649 0.387276
0.326749 0.387155
0.326849 0.387155
0.326949 0.386913
0.327049 0.386551
0.327149 0.386430
0.327249 0.386430
0.327349 0.386188
0.327449 0.386188
0.327548 0.386188
0.327648 0.385946
0.327748 0.385825
0.327848 0.385825
0.327948 0.385704
0.328048 0.385704
0.328148 0.385462
0.328248 0.385341
0.328348 0.384978
0.328447 0.384857
0.328547 0.384857
0.328647 0.384736
0.328747 0.384615
0.328847 0.384373
0.328947 0.384253
0.329047 0.384253
0.329147 0.384253
0.329247 0.384132
0.329347 0.383890
0.329446 0.383648
0.329546 0.383527
0.329646 0.383527
0.329746 0.383527
0.329846 0.383285
0.329946 0.383043
0.330046 0.382801
0.330146 0.382801
0.330246 0.382680
0.330345 0.382559
0.330445 0.382317
0.330545 0.382196
0.330645 0.381955
0.330745 0.381471
0.330845 0.381229
0.330945 0.380987
0.331045 0.380987
0.331145 0.380866
0.331245 0.380624
0.331344 0.380503
0.331444 0.380382
0.331544 0.380261
0.331644 0.380140
0.331744 0.380019
0.331844 0.379777
0.331944 0.379777
0.332044 0.379777
0.332144 0.379536
0.332244 0.379536
0.332343 0.379415
0.332443 0.379173
0.332543 0.379173
0.332643 0.378810
0.332743 0.378689
0.332843 0.378689
0.332943 0.378326
0.333043 0.378326
0.333143 0.378326
0.333242 0.378205
0.333342 0.378205
0.333442 0.378084
0.333542 0.378084
0.333642 0.377963
0.333742 0.377963
0.333842 0.377842
0.333942 0.377600
0.334042 0.377479
0.334142 0.377358
0.334241 0.377238
0.334341 0.377238
0.334441 0.376996
0.334541 0.376754
0.334641 0.376754
0.334741 0.376633
0.334841 0.376633
0.334941 0.376633
0.335041 0.376633
0.335141 0.376633
0.335240 0.376391
0.335340 0.376270
0.335440 0.376270
0.335540 0.376270
0.335640 0.376270
0.335740 0.376149
0.335840 0.376028
0.335940 0.376028
0.336040 0.375786
0.336139 0.375786
0.336239 0.375544
0.336339 0.375423
0.336439 0.375060
0.336539 0.374577
0.336639 0.374335
0.336739 0.373972
0.336839 0.373730
0.336939 0.373609
0.337039 0.373609
0.337138 0.373609
0.337238 0.373609
0.337338 0.373367
0.337438 0.373004
0.337538 0.373004
0.337638 0.373004
0.337738 0.373004
0.337838 0.372883
0.337938 0.372400
0.338038 0.372279
0.338137 0.372158
0.338237 0.372037
0.338337 0.371916
0.338437 0.371795
0.338537 0.371795
0.338637 0.371795
0.338737 0.371553
0.338837 0.371432
0.338937 0.371432
0.339036 0.371311
0.339136 0.370948
0.339236 0.370706
0.339336 0.370585
0.339436 0.370464
0.339536 0.369981
0.339636 0.369497
0.339736 0.369255
0.339836 0.368892
0.339936 0.368771
0.340035 0.368771
0.340135 0.368650
0.340235 0.368650
0.340335 0.368408
0.340435 0.368287
0.340535 0.368287
0.340635 0.368166
0.340735 0.368045
0.340835 0.367925
0.340934 0.367683
0.341034 0.367441
0.341134 0.367441
0.341234 0.367320
0.341334 0.367199
0.341434 0.367199
0.341534 0.366957
0.341634 0.366836
0.341734 0.366836
0.341834 0.366836
0.341933 0.366594
0.342033 0.366352
0.342133 0.366231
0.342233 0.366231
0.342333 0.366110
0.342433 0.366110
0.342533 0.365868
0.342633 0.365385
0.342733 0.365143
0.342833 0.365022
0.342932 0.364901
0.343032 0.364901
0.343132 0.364538
0.343232 0.364417
0.343332 0.364296
0.343432 0.364296
0.343532 0.364175
0.343632 0.364175
0.343732 0.364054
0.343831 0.364054
0.343931 0.363812
0.344031 0.363691
0.344131 0.363691
0.344231 0.363691
0.344331 0.363570
0.344431 0.363570
0.344531 0.363449
0.344631 0.363208
0.344731 0.363208
0.344830 0.363208
0.344930 0.363208
0.345030 0.363087
0.345130 0.362845
0.345230 0.362845
0.345330 0.362845
0.345430 0.362845
0.345530 0.362845
0.345630 0.362724
0.345730 0.362724
0.345829 0.362361
0.345929 0.362240
0.346029 0.362119
0.346129 0.361998
0.346229 0.361877
0.346329 0.361635
0.346429 0.361635
0.346529 0.361514
0.346629 0.361393
0.346728 0.361272
0.346828 0.361151
0.346928 0.361030
0.347028 0.360910
0.347128 0.360668
0.347228 0.360547
0.347328 0.360426
0.347428 0.360426
0.347528 0.360305
0.347628 0.360184
0.347727 0.360063
0.347827 0.360063
0.347927 0.359942
0.348027 0.359821
0.348127 0.359700
0.348227 0.359337
0.348327 0.359337
0.348427 0.359337
0.348527 0.359337
0.348627 0.359337
0.348726 0.359216
0.348826 0.359216
0.348926 0.358974
0.349026 0.358612
0.349126 0.358128
0.349226 0.358007
0.349326 0.358007
0.349426 0.357765
0.349526 0.357644
0.349625 0.357523
0.349725 0.357402
0.349825 0.357402
0.349925 0.357281
0.350025 0.357160
0.350125 0.357160
0.350225 0.357039
0.350325 0.357039
0.350425 0.357039
0.350525 0.356918
0.350624 0.356797
0.350724 0.356676
0.350824 0.356555
0.350924 0.356313
0.351024 0.356193
0.351124 0.356193
0.351224 0.355951
0.351324 0.355830
0.351424 0.355709
0.351523 0.355588
0.351623 0.355225
0.351723 0.355225
0.351823 0.355225
0.351923 0.355104
0.352023 0.355104
0.352123 0.355104
0.352223 0.354983
0.352323 0.354983
0.352423 0.354983
0.352522 0.354983
0.352622 0.354862
0.352722 0.354741
0.352822 0.354741
0.352922 0.354741
0.353022 0.354741
0.353122 0.354257
0.353222 0.354257
0.353322 0.354257
0.353422 0.354136
0.353521 0.354015
0.353621 0.354015
0.353721 0.354015
0.353821 0.354015
0.353921 0.354015
0.354021 0.353532
0.354121 0.353532
0.354221 0.353411
0.354321 0.353411
0.354420 0.353048
0.354520 0.352927
0.354620 0.352564
0.354720 0.352564
0.354820 0.352443
0.354920 0.352322
0.355020 0.352080
0.355120 0.352080
0.355220 0.351838
0.355320 0.351838
0.355419 0.351597
0.355519 0.351476
0.355619 0.351355
0.355719 0.351234
0.355819 0.350992
0.355919 0.350871
0.356019 0.350871
0.356119 0.350750
0.356219 0.350508
0.356319 0.350508
0.356418 0.350387
0.356518 0.350024
0.356618 0.350024
0.356718 0.349903
0.356818 0.349540
0.356918 0.349419
0.357018 0.349299
0.357118 0.349057
0.357218 0.348936
0.357317 0.348694
0.357417 0.348573
0.357517 0.348331
0.357617 0.348210
0.357717 0.348089
0.357817 0.347968
0.357917 0.347847
0.358017 0.347726
0.358117 0.347605
0.358217 0.347605
0.358316 0.347484
0.358416 0.347363
0.358516 0.347363
0.358616 0.347363
0.358716 0.347242
0.358816 0.347121
0.358916 0.347121
0.359016 0.347121
0.359116 0.347121
0.359215 0.347000
0.359315 0.347000
0.359415 0.346759
0.359515 0.346638
0.359615 0.346517
0.359715 0.346396
0.359815 0.346275
0.359915 0.346154
0.360015 0.346154
0.360115 0.345912
0.360214 0.345912
0.360314 0.345912
0.360414 0.345670
0.360514 0.345670
0.360614 0.345670
0.360714 0.345428
0.360814 0.345428
0.360914 0.345428
0.361014 0.345065
0.361114 0.345065
0.361213 0.344823
0.361313 0.344702
0.361413 0.344582
0.361513 0.344219
0.361613 0.344098
0.361713 0.343856
0.361813 0.343735
0.361913 0.343493
0.362013 0.343251
0.362112 0.343130
0.362212 0.343009
0.362312 0.343009
0.362412 0.342888
0.362512 0.342888
0.362612 0.342646
0.362712 0.342646
0.362812 0.342525
0.362912 0.342404
0.363012 0.342404
0.363111 0.342404
0.363211 0.342284
0.363311 0.342163
0.363411 0.342163
0.363511 0.341921
0.363611 0.341921
0.363711 0.341679
0.363811 0.341437
0.363911 0.341437
0.364011 0.341316
0.364110 0.341316
0.364210 0.340953
0.364310 0.340469
0.364410 0.340469
0.364510 0.340227
0.364610 0.340227
0.364710 0.340227
0.364810 0.340106
0.364910 0.339985
0.365009 0.339865
0.365109 0.339744
0.365209 0.339744
0.365309 0.339744
0.365409 0.339381
0.365509 0.339381
0.365609 0.339260
0.365709 0.339260
0.365809 0.338897
0.365909 0.338776
0.366008 0.338655
0.366108 0.338413
0.366208 0.338292
0.366308 0.338050
0.366408 0.337929
0.366508 0.337929
0.366608 0.337808
0.366708 0.337687
0.366808 0.337687
0.366908 0.337204
0.367007 0.336962
0.367107 0.336962
0.367207 0.336841
0.367307 0.336357
0.367407 0.336236
0.367507 0.336115
0.367607 0.335873
0.367707 0.335752
0.367807 0.335027
0.367906 0.334906
0.368006 0.334906
0.368106 0.334785
0.368206 0.334785
0.368306 0.334785
0.368406 0.334664
0.368506 0.334422
0.368606 0.334180
0.368706 0.334059
0.368806 0.333817
0.368905 0.333817
0.369005 0.333575
0.369105 0.333212
0.369205 0.333091
0.369305 0.332970
0.369405 0.332850
0.369505 0.332608
0.369605 0.332245
0.369705 0.332245
0.369804 0.332245
0.369904 0.332245
0.370004 0.332245
0.370104 0.331761
0.370204 0.331640
0.370304 0.331519
0.370404 0.331398
0.370504 0.331398
0.370604 0.331156
0.370704 0.331035
0.370803 0.330914
0.370903 0.330672
0.371003 0.330552
0.371103 0.330431
0.371203 0.330189
0.371303 0.330068
0.371403 0.329947
0.371503 0.329947
0.371603 0.329947
0.371703 0.329826
0.371802 0.329826
0.371902 0.329463
0.372002 0.329463
0.372102 0.329342
0.372202 0.329342
0.372302 0.329221
0.372402 0.329221
0.372502 0.328979
0.372602 0.328858
0.372701 0.328616
0.372801 0.328495
0.372901 0.328495
0.373001 0.328254
0.373101 0.328254
0.373201 0.327891
0.373301 0.327770
0.373401 0.327528
0.373501 0.327528
0.373601 0.327528
0.373700 0.327407
0.373800 0.327286
0.373900 0.327044
0.374000 0.326923
0.374100 0.326923
0.374200 0.326802
0.374300 0.326802
0.374400 0.326802
0.374500 0.326439
0.374600 0.326318
0.374699 0.326318
0.374799 0.326318
0.374899 0.326318
0.374999 0.326076
0.375099 0.325955
0.375199 0.325835
0.375299 0.325835
0.375399 0.325714
0.375499 0.325714
0.375598 0.325714
0.375698 0.325714
0.375798 0.325593
0.375898 0.325472
0.375998 0.325351
0.376098 0.325230
0.376198 0.325230
0.376298 0.325230
0.376398 0.324988
0.376498 0.324625
0.376597 0.324504
0.376697 0.324141
0.376797 0.324141
0.376897 0.324141
0.376997 0.324020
0.377097 0.324020
0.377197 0.323778
0.377297 0.323778
0.377397 0.323778
0.377497 0.323657
0.377596 0.323657
0.377696 0.323657
0.377796 0.323537
0.377896 0.323295
0.377996 0.323295
0.378096 0.323053
0.378196 0.322932
0.378296 0.322811
0.378396 0.322811
0.378495 0.322811
0.378595 0.322569
0.378695 0.322206
0.378795 0.322085
0.378895 0.322085
0.378995 0.321964
0.379095 0.321964
0.379195 0.321722
0.379295 0.321601
0.379395 0.321601
0.379494 0.321480
0.379594 0.321359
0.379694 0.321118
0.379794 0.320997
0.379894 0.320997
0.379994 0.320876
0.380094 0.320755
0.380194 0.320634
0.380294 0.320513
0.380393 0.320513
0.380493 0.320271
0.380593 0.320271
0.380693 0.320150
0.380793 0.320029
0.380893 0.320029
0.380993 0.319908
0.381093 0.319666
0.381193 0.319545
0.381293 0.319303
0.381392 0.318940
0.381492 0.318940
0.381592 0.318820
0.381692 0.318578
0.381792 0.318457
0.381892 0.318336
0.381992 0.318094
0.382092 0.317973
0.382192 0.317852
0.382292 0.317852
0.382391 0.317731
0.382491 0.317368
0.382591 0.317368
0.382691 0.317368
0.382791 0.317368
0.382891 0.317368
0.382991 0.317126
0.383091 0.317126
0.383191 0.316884
0.383290 0.316884
0.383390 0.316884
0.383490 0.316763
0.383590 0.316522
0.383690 0.316401
0.383790 0.316159
0.383890 0.315917
0.383990 0.315917
0.384090 0.315917
0.384190 0.315796
0.384289 0.315796
0.384389 0.315675
0.384489 0.315675
0.384589 0.315554
0.384689 0.315554
0.384789 0.315554
0.384889 0.315433
0.384989 0.315312
0.385089 0.315191
0.385189 0.315191
0.385288 0.315070
0.385388 0.315070
0.385488 0.314828
0.385588 0.314828
0.385688 0.314828
0.385788 0.314828
0.385888 0.314586
0.385988 0.314465
0.386088 0.314224
0.386187 0.314103
0.386287 0.314103
0.386387 0.313982
0.386487 0.313982
0.386587 0.313619
0.386687 0.313377
0.386787 0.313014
0.386887 0.312651
0.386987 0.312167
0.387087 0.312046
0.387186 0.311925
0.387286 0.311925
0.387386 0.311805
0.387486 0.311563
0.387586 0.311442
0.387686 0.311442
0.387786 0.311321
0.387886 0.311321
0.387986 0.310958
0.388085 0.310958
0.388185 0.310716
0.388285 0.310595
0.388385 0.310595
0.388485 0.310474
0.388585 0.309990
0.388685 0.309748
0.388785 0.309748
0.388885 0.309748
0.388985 0.309748
0.389084 0.309386
0.389184 0.309386
0.389284 0.309144
0.389384 0.309144
0.389484 0.309023
0.389584 0.309023
0.389684 0.308902
0.389784 0.308902
0.389884 0.308781
0.389984 0.308781
0.390083 0.308781
0.390183 0.308539
0.390283 0.308176
0.390383 0.308176
0.390483 0.307934
0.390583 0.307692
0.390683 0.307571
0.390783 0.307571
0.390883 0.307329
0.390982 0.307329
0.391082 0.307088
0.391182 0.307088
0.391282 0.306967
0.391382 0.306967
0.391482 0.306846
0.391582 0.306846
0.391682 0.306604
0.391782 0.306604
0.391882 0.306241
0.391981 0.306241
0.392081 0.305878
0.392181 0.305878
0.392281 0.305636
0.392381 0.305636
0.392481 0.305394
0.392581 0.305273
0.392681 0.304910
0.392781 0.304790
0.392881 0.304790
0.392980 0.304790
0.393080 0.304427
0.393180 0.304306
0.393280 0.304306
0.393380 0.303822
0.393480 0.303701
0.393580 0.303459
0.393680 0.303338
0.393780 0.303217
0.393879 0.303096
0.393979 0.303096
0.394079 0.303096
0.394179 0.302975
0.394279 0.302854
0.394379 0.302854
0.394479 0.302854
0.394579 0.302854
0.394679 0.302733
0.394779 0.302733
0.394878 0.302733
0.394978 0.302492
0.395078 0.302492
0.395178 0.302492
0.395278 0.302492
0.395378 0.302492
0.395478 0.302371
0.395578 0.302250
0.395678 0.302129
0.395778 0.301887
0.395877 0.301766
0.395977 0.301766
0.396077 0.301645
0.396177 0.301524
0.396277 0.301403
0.396377 0.301282
0.396477 0.301282
0.396577 0.301040
0.396677 0.300919
0.396776 0.300919
0.396876 0.300919
0.396976 0.300677
0.397076 0.300435
0.397176 0.300314
0.397276 0.300194
0.397376 0.300073
0.397476 0.299952
0.397576 0.299952
0.397676 0.299710
0.397775 0.299710
0.397875 0.299468
0.397975 0.299347
0.398075 0.299347
0.398175 0.299226
0.398275 0.299226
0.398375 0.299226
0.398475 0.299105
0.398575 0.298863
0.398674 0.298742
0.398774 0.298742
0.398874 0.298742
0.398974 0.298742
0.399074 0.298137
0.399174 0.298016
0.399274 0.298016
0.399374 0.297896
0.399474 0.297775
0.399574 0.297654
0.399673 0.297654
0.399773 0.297654
0.399873 0.297654
0.399973 0.297412
0.400073 0.297412
0.400173 0.297170
0.400273 0.296807
0.400373 0.296565
0.400473 0.296565
0.400573 0.296202
0.400672 0.296081
0.400772 0.296081
0.400872 0.296081
0.400972 0.295960
0.401072 0.295718
0.401172 0.295718
0.401272 0.295718
0.401372 0.295718
0.401472 0.295718
0.401571 0.295597
0.401671 0.295597
0.401771 0.295235
0.401871 0.295114
0.401971 0.294872
0.402071 0.294872
0.402171 0.294630
0.402271 0.294630
0.402371 0.294630
0.402471 0.294388
0.402570 0.294267
0.402670 0.294025
0.402770 0.294025
0.402870 0.294025
0.402970 0.294025
0.403070 0.294025
0.403170 0.294025
0.403270 0.293904
0.403370 0.293783
0.403470 0.293662
0.403569 0.293541
0.403669 0.293541
0.403769 0.293541
0.403869 0.293179
0.403969 0.293058
0.404069 0.292937
0.404169 0.292937
0.404269 0.292816
0.404369 0.292695
0.404468 0.292574
0.404568 0.292574
0.404668 0.292332
0.404768 0.292332
0.404868 0.292090
0.404968 0.291969
0.405068 0.291969
0.405168 0.291606
0.405268 0.291485
0.405368 0.291485
0.405467 0.291122
0.405567 0.290881
0.405667 0.290760
0.405767 0.290760
0.405867 0.290639
0.405967 0.290276
0.406067 0.290276
0.406167 0.290155
0.406267 0.290034
0.406367 0.289913
0.406466 0.289913
0.406566 0.289792
0.406666 0.289792
0.406766 0.289792
0.406866 0.289671
0.406966 0.289671
0.407066 0.289671
0.407166 0.289550
0.407266 0.289429
0.407365 0.289308
0.407465 0.289187
0.407565 0.289187
0.407665 0.289187
0.407765 0.289187
0.407865 0.288824
0.407965 0.288703
0.408065 0.288703
0.408165 0.288582
0.408265 0.288341
0.408364 0.288341
0.408464 0.287978
0.408564 0.287978
0.408664 0.287857
0.408764 0.287857
0.408864 0.287615
0.408964 0.287494
0.409064 0.287494
0.409164 0.287252
0.409263 0.287131
0.409363 0.286768
0.409463 0.286647
0.409563 0.286526
0.409663 0.286405
0.409763 0.286164
0.409863 0.286043
0.409963 0.285922
0.410063 0.285922
0.410163 0.285680
0.410262 0.285438
0.410362 0.285438
0.410462 0.285196
0.410562 0.285075
0.410662 0.284954
0.410762 0.284954
0.410862 0.284833
0.410962 0.284833
0.411062 0.284591
0.411162 0.284470
0.411261 0.284349
0.411361 0.284349
0.411461 0.284228
0.411561 0.284228
0.411661 0.283986
0.411761 0.283986
0.411861 0.283866
0.411961 0.283866
0.412061 0.283503
0.412160 0.283140
0.412260 0.283140
0.412360 0.283140
0.412460 0.282898
0.412560 0.282656
0.412660 0.282414
0.412760 0.282414
0.412860 0.282051
0.412960 0.281688
0.413060 0.281567
0.413159 0.281567
0.413259 0.281567
0.413359 0.281326
0.413459 0.281326
0.413559 0.281205
0.413659 0.281084
0.413759 0.281084
0.413859 0.281084
0.413959 0.280963
0.414059 0.280963
0.414158 0.280963
0.414258 0.280963
0.414358 0.280963
0.414458 0.280842
0.414558 0.280842
0.414658 0.280842
0.414758 0.280721
0.414858 0.280600
0.414958 0.280600
0.415057 0.280479
0.415157 0.280479
0.415257 0.280358
0.415357 0.280237
0.415457 0.280237
0.415557 0.280116
0.415657 0.279874
0.415757 0.279753
0.415857 0.279511
0.415957 0.279390
0.416056 0.279390
0.416156 0.279149
0.416256 0.278907
0.416356 0.278907
0.416456 0.278907
0.416556 0.278907
0.416656 0.278544
0.416756 0.278423
0.416856 0.278302
0.416955 0.278302
0.417055 0.278302
0.417155 0.278181
0.417255 0.277939
0.417355 0.277818
0.417455 0.277697
0.417555 0.277455
0.417655 0.277213
0.417755 0.277213
0.417855 0.277213
0.417954 0.276971
0.418054 0.276971
0.418154 0.276851
0.418254 0.276609
0.418354 0.276609
0.418454 0.276488
0.418554 0.276367
0.418654 0.276367
0.418754 0.276367
0.418854 0.276367
0.418953 0.276367
0.419053 0.276246
0.419153 0.276125
0.419253 0.276004
0.419353 0.275883
0.419453 0.275762
0.419553 0.275520
0.419653 0.275399
0.419753 0.275399
0.419852 0.275157
0.419952 0.275157
0.420052 0.274794
0.420152 0.274794
0.420252 0.274794
0.420352 0.274432
0.420452 0.274311
0.420552 0.274190
0.420652 0.274069
0.420752 0.273948
0.420851 0.273585
0.420951 0.273464
0.421051 0.273464
0.421151 0.273343
0.421251 0.272980
0.421351 0.272859
0.421451 0.272738
0.421551 0.272617
0.421651 0.272375
0.421751 0.272254
0.421850 0.272134
0.421950 0.272134
0.422050 0.271892
0.422150 0.271771
0.422250 0.271771
0.422350 0.271771
0.422450 0.271650
0.422550 0.271529
0.422650 0.271529
0.422749 0.271529
0.422849 0.271408
0.422949 0.271045
0.423049 0.270803
0.423149 0.270803
0.423249 0.270440
0.423349 0.270440
0.423449 0.270440
0.423549 0.270440
0.423649 0.270440
0.423748 0.270319
0.423848 0.270198
0.423948 0.269956
0.424048 0.269956
0.424148 0.269956
0.424248 0.269836
0.424348 0.269594
0.424448 0.269473
0.424548 0.269473
0.424648 0.269352
0.424747 0.269231
0.424847 0.269110
0.424947 0.268868
0.425047 0.268868
0.425147 0.268747
0.425247 0.268747
0.425347 0.268747
0.425447 0.268747
0.425547 0.268747
0.425646 0.268505
0.425746 0.268263
0.425846 0.268142
0.425946 0.268021
0.426046 0.268021
0.426146 0.267900
0.426246 0.267779
0.426346 0.267779
0.426446 0.267779
0.426546 0.267658
0.426645 0.267537
0.426745 0.267417
0.426845 0.267417
0.426945 0.267417
0.427045 0.267417
0.427145 0.267054
0.427245 0.266691
0.427345 0.266570
0.427445 0.266328
0.427544 0.266207
0.427644 0.266207
0.427744 0.266086
0.427844 0.266086
0.427944 0.266086
0.428044 0.265723
0.428144 0.265239
0.428244 0.264998
0.428344 0.264998
0.428444 0.264877
0.428543 0.264756
0.428643 0.264635
0.428743 0.264635
0.428843 0.264514
0.428943 0.264393
0.429043 0.264393
0.429143 0.264272
0.429243 0.264272
0.429343 0.264272
0.429443 0.264030
0.429542 0.263909
0.429642 0.263788
0.429742 0.263546
0.429842 0.263425
0.429942 0.263304
0.430042 0.263183
0.430142 0.262941
0.430242 0.262821
0.430342 0.262700
0.430441 0.262458
0.430541 0.262216
0.430641 0.262216
0.430741 0.261853
0.430841 0.261611
0.430941 0.261490
0.431041 0.261369
0.431141 0.261248
0.431241 0.261127
0.431341 0.261127
0.431440 0.260885
0.431540 0.260885
0.431640 0.260885
0.431740 0.260643
0.431840 0.260522
0.431940 0.260522
0.432040 0.260402
0.432140 0.260402
0.432240 0.260160
0.432340 0.260039
0.432439 0.260039
0.432539 0.259797
0.432639 0.259797
0.432739 0.259797
0.432839 0.259797
0.432939 0.259676
0.433039 0.259555
0.433139 0.259434
0.433239 0.259313
0.433338 0.259313
0.433438 0.259313
0.433538 0.259192
0.433638 0.259192
0.433738 0.259192
0.433838 0.259192
0.433938 0.259192
0.434038 0.259071
0.434138 0.258950
0.434238 0.258829
0.434337 0.258708
0.434437 0.258587
0.434537 0.258466
0.434637 0.258466
0.434737 0.258224
0.434837 0.258224
0.434937 0.258104
0.435037 0.257862
0.435137 0.257741
0.435237 0.257620
0.435336 0.257499
0.435436 0.257499
0.435536 0.257499
0.435636 0.257499
0.435736 0.257499
0.435836 0.257378
0.435936 0.257257
0.436036 0.257136
0.436136 0.257136
0.436235 0.256773
0.436335 0.256652
0.436435 0.256652
0.436535 0.256652
0.436635 0.256652
0.436735 0.256652
0.436835 0.256652
0.436935 0.256652
0.437035 0.256289
0.437135 0.256289
0.437234 0.256289
0.437334 0.256168
0.437434 0.256047
0.437534 0.255806
0.437634 0.255806
0.437734 0.255806
0.437834 0.255806
0.437934 0.255806
0.438034 0.255685
0.438133 0.255685
0.438233 0.255564
0.438333 0.255443
0.438433 0.255322
0.438533 0.255322
0.438633 0.255201
0.438733 0.255201
0.438833 0.255201
0.438933 0.255201
0.439033 0.255080
0.439132 0.255080
0.439232 0.255080
0.439332 0.254959
0.439432 0.254959
0.439532 0.254717
0.439632 0.254596
0.439732 0.254475
0.439832 0.254475
0.439932 0.254354
0.440032 0.254354
0.440131 0.254233
0.440231 0.254233
0.440331 0.254233
0.440431 0.254112
0.440531 0.253870
0.440631 0.253870
0.440731 0.253870
0.440831 0.253749
0.440931 0.253749
0.441030 0.253507
0.441130 0.253387
0.441230 0.253266
0.441330 0.253266
0.441430 0.253266
0.441530 0.253145
0.441630 0.253145
0.441730 0.253024
0.441830 0.252782
0.441930 0.252540
0.442029 0.252419
0.442129 0.252419
0.442229 0.252419
0.442329 0.252419
0.442429 0.252298
0.442529 0.252177
0.442629 0.252177
0.442729 0.252177
0.442829 0.251935
0.442929 0.251814
0.443028 0.251814
0.443128 0.251572
0.443228 0.251572
0.443328 0.251330
0.443428 0.251330
0.443528 0.251330
0.443628 0.251330
0.443728 0.251209
0.443828 0.251089
0.443927 0.251089
0.444027 0.250726
0.444127 0.250726
0.444227 0.250605
0.444327 0.250484
0.444427 0.250363
0.444527 0.250242
0.444627 0.250121
0.444727 0.249879
0.444827 0.249879
0.444926 0.249637
0.445026 0.249516
0.445126 0.249395
0.445226 0.249032
0.445326 0.248911
0.445426 0.248911
0.445526 0.248911
0.445626 0.248791
0.445726 0.248791
0.445825 0.248791
0.445925 0.248791
0.446025 0.248549
0.446125 0.248428
0.446225 0.248428
0.446325 0.248186
0.446425 0.248186
0.446525 0.248186
0.446625 0.248186
0.446725 0.248065
0.446824 0.248065
0.446924 0.248065
0.447024 0.247823
0.447124 0.247702
0.447224 0.247460
0.447324 0.247218
0.447424 0.247097
0.447524 0.246734
0.447624 0.246734
0.447724 0.246613
0.447823 0.246493
0.447923 0.246372
0.448023 0.246372
0.448123 0.246251
0.448223 0.246251
0.448323 0.246251
0.448423 0.246251
0.448523 0.246251
0.448623 0.246009
0.448722 0.246009
0.448822 0.246009
0.448922 0.245888
0.449022 0.245767
0.449122 0.245525
0.449222 0.245525
0.449322 0.245283
0.449422 0.245283
0.449522 0.245162
0.449622 0.245041
0.449721 0.245041
0.449821 0.244920
0.449921 0.244920
0.450021 0.244920
0.450121 0.244920
0.450221 0.244799
0.450321 0.244799
0.450421 0.244436
0.450521 0.244315
0.450621 0.244074
0.450720 0.244074
0.450820 0.244074
0.450920 0.243832
0.451020 0.243590
0.451120 0.243590
0.451220 0.243348
0.451320 0.243227
0.451420 0.243106
0.451520 0.243106
0.451619 0.242985
0.451719 0.242864
0.451819 0.242743
0.451919 0.242743
0.452019 0.242622
0.452119 0.242622
0.452219 0.242501
0.452319 0.242501
0.452419 0.242501
0.452519 0.242380
0.452618 0.242380
0.452718 0.242380
0.452818 0.242380
0.452918 0.242138
0.453018 0.242017
0.453118 0.241896
0.453218 0.241776
0.453318 0.241776
0.453418 0.241655
0.453518 0.241534
0.453617 0.241413
0.453717 0.241413
0.453817 0.241413
0.453917 0.241413
0.454017 0.241292
0.454117 0.241171
0.454217 0.241050
0.454317 0.240808
0.454417 0.240808
0.454516 0.240566
0.454616 0.240566
0.454716 0.240324
0.454816 0.240203
0.454916 0.240203
0.455016 0.240203
0.455116 0.239961
0.455216 0.239719
0.455316 0.239719
0.455416 0.239719
0.455515 0.239598
0.455615 0.239478
0.455715 0.239478
0.455815 0.239357
0.455915 0.239236
0.456015 0.239115
0.456115 0.238994
0.456215 0.238994
0.456315 0.238873
0.456414 0.238873
0.456514 0.238631
0.456614 0.238510
0.456714 0.238389
0.456814 0.238389
0.456914 0.238147
0.457014 0.237784
0.457114 0.237663
0.457214 0.237542
0.457314 0.237542
0.457413 0.237421
0.457513 0.237421
0.457613 0.237300
0.457713 0.237179
0.457813 0.237179
0.457913 0.237059
0.458013 0.236817
0.458113 0.236817
0.458213 0.236817
0.458313 0.236575
0.458412 0.236333
0.458512 0.236333
0.458612 0.236212
0.458712 0.235970
0.458812 0.235849
0.458912 0.235849
0.459012 0.235607
0.459112 0.235486
0.459212 0.235486
0.459311 0.235486
0.459411 0.235365
0.459511 0.235365
0.459611 0.235365
0.459711 0.235365
0.459811 0.235365
0.459911 0.235365
0.460011 0.235365
0.460111 0.235244
0.460211 0.235244
0.460310 0.235244
0.460410 0.235123
0.460510 0.235002
0.460610 0.235002
0.460710 0.234881
0.460810 0.234761
0.460910 0.234640
0.461010 0.234398
0.461110 0.234398
0.461210 0.234277
0.461309 0.234277
0.461409 0.234156
0.461509 0.234035
0.461609 0.234035
0.461709 0.234035
0.461809 0.234035
0.461909 0.233914
0.462009 0.233914
0.462109 0.233793
0.462208 0.233672
0.462308 0.233551
0.462408 0.233430
0.462508 0.232825
0.462608 0.232825
0.462708 0.232825
0.462808 0.232825
0.462908 0.232825
0.463008 0.232825
0.463108 0.232825
0.463207 0.232704
0.463307 0.232463
0.463407 0.232221
0.463507 0.232100
0.463607 0.231858
0.463707 0.231616
0.463807 0.231374
0.463907 0.231253
0.464007 0.231253
0.464107 0.231253
0.464206 0.231132
0.464306 0.231132
0.464406 0.231011
0.464506 0.230890
0.464606 0.230769
0.464706 0.230648
0.464806 0.230648
0.464906 0.230406
0.465006 0.230406
0.465105 0.230285
0.465205 0.230164
0.465305 0.230044
0.465405 0.230044
0.465505 0.229923
0.465605 0.229923
0.465705 0.229560
0.465805 0.229560
0.465905 0.229318
0.466005 0.229318
0.466104 0.229197
0.466204 0.229076
0.466304 0.228834
0.466404 0.228713
0.466504 0.228713
0.466604 0.228592
0.466704 0.228592
0.466804 0.228471
0.466904 0.228350
0.467003 0.228108
0.467103 0.228108
0.467203 0.227866
0.467303 0.227625
0.467403 0.227504
0.467503 0.227383
0.467603 0.227141
0.467703 0.227020
0.467803 0.227020
0.467903 0.226899
0.468002 0.226899
0.468102 0.226778
0.468202 0.226778
0.468302 0.226657
0.468402 0.226536
0.468502 0.226052
0.468602 0.225931
0.468702 0.225689
0.468802 0.225568
0.468902 0.225327
0.469001 0.225327
0.469101 0.225085
0.469201 0.225085
0.469301 0.224964
0.469401 0.224843
0.469501 0.224722
0.469601 0.224722
0.469701 0.224601
0.469801 0.224480
0.469900 0.224359
0.470000 0.224238
0.470100 0.224238
0.470200 0.224117
0.470300 0.224117
0.470400 0.223996
0.470500 0.223996
0.470600 0.223754
0.470700 0.223512
0.470800 0.223512
0.470899 0.223512
0.470999 0.223512
0.471099 0.223512
0.471199 0.223512
0.471299 0.223512
0.471399 0.223270
0.471499 0.223029
0.471599 0.223029
0.471699 0.223029
0.471799 0.223029
0.471898 0.223029
0.471998 0.223029
0.472098 0.223029
0.472198 0.223029
0.472298 0.223029
0.472398 0.222908
0.472498 0.222666
0.472598 0.222424
0.472698 0.222303
0.472797 0.222061
0.472897 0.221940
0.472997 0.221940
0.473097 0.221819
0.473197 0.221819
0.473297 0.221577
0.473397 0.221577
0.473497 0.221577
0.473597 0.221456
0.473697 0.221214
0.473796 0.221093
0.473896 0.221093
0.473996 0.220972
0.474096 0.220731
0.474196 0.220731
0.474296 0.220731
0.474396 0.220489
0.474496 0.220368
0.474596 0.220368
0.474696 0.220368
0.474795 0.220368
0.474895 0.220126
0.474995 0.220126
0.475095 0.220126
0.475195 0.220005
0.475295 0.220005
0.475395 0.220005
0.475495 0.220005
0.475595 0.220005
0.475694 0.220005
0.475794 0.220005
0.475894 0.220005
0.475994 0.219763
0.476094 0.219642
0.476194 0.219400
0.476294 0.219158
0.476394 0.219037
0.476494 0.218916
0.476594 0.218795
0.476693 0.218674
0.476793 0.218553
0.476893 0.218553
0.476993 0.218433
0.477093 0.218433
0.477193 0.218312
0.477293 0.218191
0.477393 0.218191
0.477493 0.217707
0.477592 0.217707
0.477692 0.217707
0.477792 0.217223
0.477892 0.217102
0.477992 0.217102
0.478092 0.217102
0.478192 0.216981
0.478292 0.216860
0.478392 0.216860
0.478492 0.216860
0.478591 0.216860
0.478691 0.216860
0.478791 0.216739
0.478891 0.216739
0.478991 0.216618
0.479091 0.216618
0.479191 0.216618
0.479291 0.216497
0.479391 0.216376
0.479491 0.216255
0.479590 0.216134
0.479690 0.215893
0.479790 0.215651
0.479890 0.215530
0.479990 0.215409
0.480090 0.215288
0.480190 0.215288
0.480290 0.215288
0.480390 0.215288
0.480489 0.214925
0.480589 0.214925
0.480689 0.214925
0.480789 0.214925
0.480889 0.214683
0.480989 0.214683
0.481089 0.214320
0.481189 0.214320
0.481289 0.214320
0.481389 0.214199
0.481488 0.214199
0.481588 0.213957
0.481688 0.213957
0.481788 0.213595
0.481888 0.213595
0.481988 0.213595
0.482088 0.213595
0.482188 0.213111
0.482288 0.212990
0.482388 0.212990
0.482487 0.212627
0.482587 0.212627
0.482687 0.212506
0.482787 0.212506
0.482887 0.212385
0.482987 0.212385
0.483087 0.212022
0.483187 0.212022
0.483287 0.212022
0.483386 0.211901
0.483486 0.211780
0.483586 0.211418
0.483686 0.211418
0.483786 0.211297
0.483886 0.211297
0.483986 0.210813
0.484086 0.210692
0.484186 0.210571
0.484286 0.210571
0.484385 0.210329
0.484485 0.210329
0.484585 0.210208
0.484685 0.210087
0.484785 0.209966
0.484885 0.209845
0.484985 0.209845
0.485085 0.209724
0.485185 0.209724
0.485284 0.209724
0.485384 0.209603
0.485484 0.209482
0.485584 0.209361
0.485684 0.209361
0.485784 0.209361
0.485884 0.209240
0.485984 0.209240
0.486084 0.209119
0.486184 0.208999
0.486283 0.208999
0.486383 0.208999
0.486483 0.208999
0.486583 0.208999
0.486683 0.208878
0.486783 0.208757
0.486883 0.208636
0.486983 0.208636
0.487083 0.208636
0.487183 0.208636
0.487282 0.208394
0.487382 0.208394
0.487482 0.208394
0.487582 0.208273
0.487682 0.208273
0.487782 0.208273
0.487882 0.208273
0.487982 0.208152
0.488082 0.208031
0.488181 0.207910
0.488281 0.207910
0.488381 0.207910
0.488481 0.207789
0.488581 0.207668
0.488681 0.207547
0.488781 0.207547
0.488881 0.207305
0.488981 0.207184
0.489081 0.207184
0.489180 0.207184
0.489280 0.207063
0.489380 0.206942
0.489480 0.206942
0.489580 0.206821
0.489680 0.206701
0.489780 0.206701
0.489880 0.206701
0.489980 0.206701
0.490080 0.206580
0.490179 0.206580
0.490279 0.206580
0.490379 0.206459
0.490479 0.206459
0.490579 0.206459
0.490679 0.206459
0.490779 0.206459
0.490879 0.206459
0.490979 0.206338
0.491078 0.206217
0.491178 0.206217
0.491278 0.206217
0.491378 0.206217
0.491478 0.206217
0.491578 0.206217
0.491678 0.205854
0.491778 0.205612
0.491878 0.205491
0.491978 0.205370
0.492077 0.205249
0.492177 0.205007
0.492277 0.205007
0.492377 0.205007
0.492477 0.205007
0.492577 0.204886
0.492677 0.204765
0.492777 0.204765
0.492877 0.204644
0.492977 0.204644
0.493076 0.204523
0.493176 0.204523
0.493276 0.204523
0.493376 0.204403
0.493476 0.204403
0.493576 0.204282
0.493676 0.203919
0.493776 0.203798
0.493876 0.203677
0.493975 0.203556
0.494075 0.203556
0.494175 0.203435
0.494275 0.203314
0.494375 0.203314
0.494475 0.203072
0.494575 0.203072
0.494675 0.202951
0.494775 0.202951
0.494875 0.202588
0.494974 0.202346
0.495074 0.202346
0.495174 0.202225
0.495274 0.202225
0.495374 0.202225
0.495474 0.202225
0.495574 0.202225
0.495674 0.202225
0.495774 0.202104
0.495873 0.202104
0.495973 0.202104
0.496073 0.201863
0.496173 0.201621
0.496273 0.201500
0.496373 0.201258
0.496473 0.201258
0.496573 0.201016
0.496673 0.200895
0.496773 0.200774
0.496872 0.200653
0.496972 0.200653
0.497072 0.200411
0.497172 0.200411
0.497272 0.200411
0.497372 0.200411
0.497472 0.200290
0.497572 0.200290
0.497672 0.200290
0.497772 0.200290
0.497871 0.200290
0.497971 0.200290
0.498071 0.200290
0.498171 0.200290
0.498271 0.200169
0.498371 0.200048
0.498471 0.200048
0.498571 0.199806
0.498671 0.199565
0.498770 0.199565
0.498870 0.199323
0.498970 0.199323
0.499070 0.199323
0.499170 0.199202
0.499270 0.199202
0.499370 0.199202
0.499470 0.199081
0.499570 0.198960
0.499670 0.198839
0.499769 0.198839
0.499869 0.198476
0.499969 0.198476
0.500069 0.198355
0.500169 0.198234
0.500269 0.198234
0.500369 0.198234
0.500469 0.198113
0.500569 0.197992
0.500669 0.197992
0.500768 0.197871
0.500868 0.197750
0.500968 0.197750
0.501068 0.197750
0.501168 0.197629
0.501268 0.197388
0.501368 0.197388
0.501468 0.197267
0.501568 0.196904
0.501667 0.196904
0.501767 0.196783
0.501867 0.196783
0.501967 0.196662
0.502067 0.196541
0.502167 0.196420
0.502267 0.196420
0.502367 0.196420
0.502467 0.196420
0.502567 0.196420
0.502666 0.196299
0.502766 0.196299
0.502866 0.196299
0.502966 0.196299
0.503066 0.196057
0.503166 0.195815
0.503266 0.195573
0.503366 0.195573
0.503466 0.195452
0.503566 0.195452
0.503665 0.195452
0.503765 0.195452
0.503865 0.195331
0.503965 0.195331
0.504065 0.195210
0.504165 0.195210
0.504265 0.195090
0.504365 0.194727
0.504465 0.194727
0.504564 0.194485
0.504664 0.194485
0.504764 0.194485
0.504864 0.194485
0.504964 0.194364
0.505064 0.194364
0.505164 0.194243
0.505264 0.194243
0.505364 0.194243
0.505464 0.194243
0.505563 0.194122
0.505663 0.194122
0.505763 0.194122
0.505863 0.194001
0.505963 0.194001
0.506063 0.194001
0.506163 0.194001
0.506263 0.194001
0.506363 0.193759
0.506462 0.193638
0.506562 0.193638
0.506662 0.193638
0.506762 0.193517
0.506862 0.193517
0.506962 0.193275
0.507062 0.193275
0.507162 0.193154
0.507262 0.193033
0.507362 0.192912
0.507461 0.192791
0.507561 0.192791
0.507661 0.192791
0.507761 0.192791
0.507861 0.192791
0.507961 0.192791
0.508061 0.192671
0.508161 0.192550
0.508261 0.192308
0.508361 0.192066
0.508460 0.192066
0.508560 0.192066
0.508660 0.192066
0.508760 0.191945
0.508860 0.191824
0.508960 0.191582
0.509060 0.191461
0.509160 0.191340
0.509260 0.191219
0.509359 0.191098
0.509459 0.190977
0.509559 0.190977
0.509659 0.190856
0.509759 0.190856
0.509859 0.190856
0.509959 0.190614
0.510059 0.190493
0.510159 0.190493
0.510259 0.190493
0.510358 0.190252
0.510458 0.190252
0.510558 0.190131
0.510658 0.190131
0.510758 0.190131
0.510858 0.190131
0.510958 0.190010
0.511058 0.189889
0.511158 0.189889
0.511258 0.189889
0.511357 0.189889
0.511457 0.189889
0.511557 0.189768
0.511657 0.189526
0.511757 0.189526
0.511857 0.189526
0.511957 0.189526
0.512057 0.189284
0.512157 0.189284
0.512256 0.189042
0.512356 0.189042
0.512456 0.189042
0.512556 0.189042
0.512656 0.188921
0.512756 0.188921
0.512856 0.188800
0.512956 0.188800
0.513056 0.188679
0.513156 0.188679
0.513255 0.188558
0.513355 0.188316
0.513455 0.188316
0.513555 0.188316
0.513655 0.188075
0.513755 0.187712
0.513855 0.187712
0.513955 0.187591
0.514055 0.187591
0.514154 0.187591
0.514254 0.187228
0.514354 0.186986
0.514454 0.186744
0.514554 0.186744
0.514654 0.186744
0.514754 0.186744
0.514854 0.186623
0.514954 0.186502
0.515054 0.186381
0.515153 0.186381
0.515253 0.186139
0.515353 0.186139
0.515453 0.185897
0.515553 0.185897
0.515653 0.185535
0.515753 0.185414
0.515853 0.185293
0.515953 0.185172
0.516053 0.185172
0.516152 0.185051
0.516252 0.184688
0.516352 0.184567
0.516452 0.184567
0.516552 0.184567
0.516652 0.184567
0.516752 0.184446
0.516852 0.184325
0.516952 0.184325
0.517051 0.184204
0.517151 0.184204
0.517251 0.184083
0.517351 0.184083
0.517451 0.184083
0.517551 0.184083
0.517651 0.184083
0.517751 0.184083
0.517851 0.184083
0.517951 0.184083
0.518050 0.183962
0.518150 0.183962
0.518250 0.183841
0.518350 0.183599
0.518450 0.183478
0.518550 0.183358
0.518650 0.183358
0.518750 0.183358
0.518850 0.183237
0.518950 0.183116
0.519049 0.183116
0.519149 0.182995
0.519249 0.182511
0.519349 0.182511
0.519449 0.182511
0.519549 0.182511
0.519649 0.182511
0.519749 0.182390
0.519849 0.182269
0.519948 0.182269
0.520048 0.182148
0.520148 0.182148
0.520248 0.182027
0.520348 0.182027
0.520448 0.181785
0.520548 0.181785
0.520648 0.181785
0.520748 0.181785
0.520848 0.181785
0.520947 0.181664
0.521047 0.181664
0.521147 0.181301
0.521247 0.181301
0.521347 0.181060
0.521447 0.180939
0.521547 0.180818
0.521647 0.180818
0.521747 0.180818
0.521847 0.180697
0.521946 0.180334
0.522046 0.180213
0.522146 0.180092
0.522246 0.180092
0.522346 0.179971
0.522446 0.179850
0.522546 0.179729
0.522646 0.179729
0.522746 0.179729
0.522845 0.179729
0.522945 0.179608
0.523045 0.179366
0.523145 0.179366
0.523245 0.179366
0.523345 0.179124
0.523445 0.179124
0.523545 0.179003
0.523645 0.178882
0.523745 0.178882
0.523844 0.178882
0.523944 0.178641
0.524044 0.178641
0.524144 0.178520
0.524244 0.178399
0.524344 0.178157
0.524444 0.178157
0.524544 0.178036
0.524644 0.178036
0.524743 0.177915
0.524843 0.177794
0.524943 0.177794
0.525043 0.177673
0.525143 0.177673
0.525243 0.177552
0.525343 0.177552
0.525443 0.177552
0.525543 0.177431
0.525643 0.177310
0.525742 0.177189
0.525842 0.177068
0.525942 0.177068
0.526042 0.176826
0.526142 0.176826
0.526242 0.176826
0.526342 0.176584
0.526442 0.176463
0.526542 0.176463
0.526642 0.176463
0.526741 0.176463
0.526841 0.176463
0.526941 0.176463
0.527041 0.176343
0.527141 0.176343
0.527241 0.176343
0.527341 0.176222
0.527441 0.176222
0.527541 0.176101
0.527640 0.175980
0.527740 0.175980
0.527840 0.175980
0.527940 0.175738
0.528040 0.175738
0.528140 0.175496
0.528240 0.175496
0.528340 0.175496
0.528440 0.175254
0.528540 0.175133
0.528639 0.174891
0.528739 0.174649
0.528839 0.174528
0.528939 0.174407
0.529039 0.174407
0.529139 0.174286
0.529239 0.174165
0.529339 0.174045
0.529439 0.174045
0.529539 0.174045
0.529638 0.174045
0.529738 0.173682
0.529838 0.173561
0.529938 0.173440
0.530038 0.173440
0.530138 0.173440
0.530238 0.173319
0.530338 0.173198
0.530438 0.173077
0.530537 0.172956
0.530637 0.172956
0.530737 0.172714
0.530837 0.172593
0.530937 0.172472
0.531037 0.172230
0.531137 0.171988
0.531237 0.171988
0.531337 0.171988
0.531437 0.171988
0.531536 0.171746
0.531636 0.171746
0.531736 0.171746
0.531836 0.171505
0.531936 0.171505
0.532036 0.171263
0.532136 0.171263
0.532236 0.171263
0.532336 0.171021
0.532436 0.171021
0.532535 0.171021
0.532635 0.170900
0.532735 0.170900
0.532835 0.170900
0.532935 0.170779
0.533035 0.170779
0.533135 0.170779
0.533235 0.170779
0.533335 0.170779
0.533434 0.170779
0.533534 0.170537
0.533634 0.170416
0.533734 0.170295
0.533834 0.170295
0.533934 0.170174
0.534034 0.170174
0.534134 0.170053
0.534234 0.169932
0.534334 0.169932
0.534433 0.169932
0.534533 0.169932
0.534633 0.169690
0.534733 0.169569
0.534833 0.169569
0.534933 0.169569
0.535033 0.169569
0.535133 0.169569
0.535233 0.169569
0.535332 0.169448
0.535432 0.169448
0.535532 0.169448
0.535632 0.169328
0.535732 0.169086
0.535832 0.168844
0.535932 0.168723
0.536032 0.168602
0.536132 0.168481
0.536232 0.168481
0.536331 0.168481
0.536431 0.168360
0.536531 0.167997
0.536631 0.167997
0.536731 0.167876
0.536831 0.167876
0.536931 0.167876
0.537031 0.167755
0.537131 0.167755
0.537231 0.167392
0.537330 0.167271
0.537430 0.167271
0.537530 0.167150
0.537630 0.167030
0.537730 0.166546
0.537830 0.166183
0.537930 0.166183
0.538030 0.166183
0.538130 0.165941
0.538229 0.165941
0.538329 0.165820
0.538429 0.165578
0.538529 0.165578
0.538629 0.165336
0.538729 0.165336
0.538829 0.165336
0.538929 0.165336
0.539029 0.165336
0.539129 0.165215
0.539228 0.165215
0.539328 0.165094
0.539428 0.164973
0.539528 0.164973
0.539628 0.164852
0.539728 0.164852
0.539828 0.164611
0.539928 0.164490
0.540028 0.164490
0.540128 0.164369
0.540227 0.164369
0.540327 0.164369
0.540427 0.164248
0.540527 0.164248
0.540627 0.164248
0.540727 0.164248
0.540827 0.164127
0.540927 0.164006
0.541027 0.163885
0.541126 0.163885
0.541226 0.163885
0.541326 0.163885
0.541426 0.163643
0.541526 0.163401
0.541626 0.163280
0.541726 0.163159
0.541826 0.163159
0.541926 0.163038
0.542026 0.162796
0.542125 0.162675
0.542225 0.162554
0.542325 0.162433
0.542425 0.162433
0.542525 0.162433
0.542625 0.162192
0.542725 0.162192
0.542825 0.162071
0.542925 0.162071
0.543024 0.162071
0.543124 0.162071
0.543224 0.161950
0.543324 0.161950
0.543424 0.161466
0.543524 0.161345
0.543624 0.161345
0.543724 0.161345
0.543824 0.161103
0.543924 0.161103
0.544023 0.160982
0.544123 0.160982
0.544223 0.160982
0.544323 0.160861
0.544423 0.160861
0.544523 0.160740
0.544623 0.160740
0.544723 0.160740
0.544823 0.160498
0.544923 0.160498
0.545022 0.160498
0.545122 0.160498
0.545222 0.160498
0.545322 0.160498
0.545422 0.160377
0.545522 0.160256
0.545622 0.160256
0.545722 0.160256
0.545822 0.160135
0.545921 0.160135
0.546021 0.160135
0.546121 0.160015
0.546221 0.160015
0.546321 0.160015
0.546421 0.159652
0.546521 0.159531
0.546621 0.159531
0.546721 0.159289
0.546821 0.159289
0.546920 0.159289
0.547020 0.159168
0.547120 0.159047
0.547220 0.159047
0.547320 0.159047
0.547420 0.159047
0.547520 0.158926
0.547620 0.158684
0.547720 0.158563
0.547820 0.158563
0.547919 0.158563
0.548019 0.158563
0.548119 0.158442
0.548219 0.158442
0.548319 0.158321
0.548419 0.158200
0.548519 0.158079
0.548619 0.157837
0.548719 0.157354
0.548818 0.157354
0.548918 0.157354
0.549018 0.157233
0.549118 0.157233
0.549218 0.157233
0.549318 0.156991
0.549418 0.156991
0.549518 0.156870
0.549618 0.156628
0.549718 0.156628
0.549817 0.156507
0.549917 0.156386
0.550017 0.156265
0.550117 0.156265
0.550217 0.156265
0.550317 0.156265
0.550417 0.156265
0.550517 0.156265
0.550617 0.156265
0.550717 0.156265
0.550816 0.156023
0.550916 0.156023
0.551016 0.155902
0.551116 0.155902
0.551216 0.155781
0.551316 0.155539
0.551416 0.155539
0.551516 0.155539
0.551616 0.155298
0.551715 0.155298
0.551815 0.155056
0.551915 0.154935
0.552015 0.154935
0.552115 0.154814
0.552215 0.154814
0.552315 0.154814
0.552415 0.154451
0.552515 0.154330
0.552615 0.154088
0.552714 0.154088
0.552814 0.153846
0.552914 0.153846
0.553014 0.153846
0.553114 0.153725
0.553214 0.153725
0.553314 0.153725
0.553414 0.153725
0.553514 0.153604
0.553613 0.153483
0.553713 0.153483
0.553813 0.153362
0.553913 0.153241
0.554013 0.153241
0.554113 0.152879
0.554213 0.152758
0.554313 0.152637
0.554413 0.152516
0.554513 0.152395
0.554612 0.152395
0.554712 0.152274
0.554812 0.152274
0.554912 0.152153
0.555012 0.152153
0.555112 0.152153
0.555212 0.152153
0.555312 0.151911
0.555412 0.151911
0.555512 0.151669
0.555611 0.151548
0.555711 0.151306
0.555811 0.151306
0.555911 0.151306
0.556011 0.151306
0.556111 0.151306
0.556211 0.151185
0.556311 0.151064
0.556411 0.150943
0.556510 0.150943
0.556610 0.150943
0.556710 0.150943
0.556810 0.150943
0.556910 0.150943
0.557010 0.150822
0.557110 0.150581
0.557210 0.150460
0.557310 0.150460
0.557410 0.150460
0.557509 0.150460
0.557609 0.150339
0.557709 0.150097
0.557809 0.149976
0.557909 0.149855
0.558009 0.149734
0.558109 0.149734
0.558209 0.149492
0.558309 0.149371
0.558409 0.149250
0.558508 0.149129
0.558608 0.149129
0.558708 0.149008
0.558808 0.148645
0.558908 0.148524
0.559008 0.148403
0.559108 0.148162
0.559208 0.148162
0.559308 0.148162
0.559407 0.147920
0.559507 0.147920
0.559607 0.147920
0.559707 0.147920
0.559807 0.147920
0.559907 0.147920
0.560007 0.147920
0.560107 0.147920
0.560207 0.147799
0.560307 0.147799
0.560406 0.147799
0.560506 0.147799
0.560606 0.147799
0.560706 0.147678
0.560806 0.147678
0.560906 0.147436
0.561006 0.147436
0.561106 0.147436
0.561206 0.147315
0.561306 0.147194
0.561405 0.147194
0.561505 0.146952
0.561605 0.146831
0.561705 0.146831
0.561805 0.146831
0.561905 0.146831
0.562005 0.146831
0.562105 0.146710
0.562205 0.146468
0.562304 0.146347
0.562404 0.146347
0.562504 0.146347
0.562604 0.146347
0.562704 0.146226
0.562804 0.146105
0.562904 0.146105
0.563004 0.145985
0.563104 0.145985
0.563204 0.145985
0.563303 0.145985
0.563403 0.145985
0.563503 0.145985
0.563603 0.145743
0.563703 0.145743
0.563803 0.145622
0.563903 0.145501
0.564003 0.145501
0.564103 0.145380
0.564202 0.145380
0.564302 0.145380
0.564402 0.145259
0.564502 0.145138
0.564602 0.145017
0.564702 0.145017
0.564802 0.144896
0.564902 0.144775
0.565002 0.144654
0.565102 0.144412
0.565201 0.144412
0.565301 0.144412
0.565401 0.144412
0.565501 0.144412
0.565601 0.144412
0.565701 0.144412
0.565801 0.144412
0.565901 0.144291
0.566001 0.144170
0.566101 0.144170
0.566200 0.144170
0.566300 0.144170
0.566400 0.144170
0.566500 0.144170
0.566600 0.144170
0.566700 0.144049
0.566800 0.143928
0.566900 0.143807
0.567000 0.143445
0.567099 0.143324
0.567199 0.143203
0.567299 0.143203
0.567399 0.143203
0.567499 0.143203
0.567599 0.143203
0.567699 0.142840
0.567799 0.142719
0.567899 0.142719
0.567999 0.142719
0.568098 0.142598
0.568198 0.142598
0.568298 0.142477
0.568398 0.142356
0.568498 0.142356
0.568598 0.142114
0.568698 0.141872
0.568798 0.141630
0.568898 0.141630
0.568998 0.141509
0.569097 0.141509
0.569197 0.141509
0.569297 0.141388
0.569397 0.141388
0.569497 0.141147
0.569597 0.141147
0.569697 0.140905
0.569797 0.140905
0.569897 0.140784
0.569996 0.140784
0.570096 0.140784
0.570196 0.140542
0.570296 0.140421
0.570396 0.140179
0.570496 0.140179
0.570596 0.140058
0.570696 0.139937
0.570796 0.139695
0.570896 0.139695
0.570995 0.139695
0.571095 0.139695
0.571195 0.139695
0.571295 0.139332
0.571395 0.139211
0.571495 0.139211
0.571595 0.139211
0.571695 0.139211
0.571795 0.139211
0.571894 0.139090
0.571994 0.139090
0.572094 0.138970
0.572194 0.138849
0.572294 0.138849
0.572394 0.138849
0.572494 0.138728
0.572594 0.138728
0.572694 0.138607
0.572794 0.138607
0.572893 0.138607
0.572993 0.138607
0.573093 0.138607
0.573193 0.138607
0.573293 0.138365
0.573393 0.138123
0.573493 0.138123
0.573593 0.138123
0.573693 0.138123
0.573793 0.138123
0.573892 0.138123
0.573992 0.138002
0.574092 0.138002
0.574192 0.138002
0.574292 0.137881
0.574392 0.137881
0.574492 0.137639
0.574592 0.137639
0.574692 0.137639
0.574791 0.137639
0.574891 0.137518
0.574991 0.137518
0.575091 0.137518
0.575191 0.137397
0.575291 0.137397
0.575391 0.137276
0.575491 0.137276
0.575591 0.137034
0.575691 0.137034
0.575790 0.136913
0.575890 0.136913
0.575990 0.136913
0.576090 0.136792
0.576190 0.136792
0.576290 0.136551
0.576390 0.136551
0.576490 0.136430
0.576590 0.136430
0.576690 0.136309
0.576789 0.136067
0.576889 0.135825
0.576989 0.135704
0.577089 0.135704
0.577189 0.135462
0.577289 0.135462
0.577389 0.135341
0.577489 0.135341
0.577589 0.135099
0.577688 0.135099
0.577788 0.135099
0.577888 0.135099
0.577988 0.135099
0.578088 0.134978
0.578188 0.134978
0.578288 0.134978
0.578388 0.134736
0.578488 0.134615
0.578588 0.134615
0.578687 0.134615
0.578787 0.134615
0.578887 0.134494
0.578987 0.134373
0.579087 0.134373
0.579187 0.134373
0.579287 0.134373
0.579387 0.134132
0.579487 0.134132
0.579587 0.134132
0.579686 0.134011
0.579786 0.134011
0.579886 0.133890
0.579986 0.133769
0.580086 0.133648
0.580186 0.133648
0.580286 0.133648
0.580386 0.133527
0.580486 0.133285
0.580585 0.133285
0.580685 0.133043
0.580785 0.132922
0.580885 0.132922
0.580985 0.132801
0.581085 0.132801
0.581185 0.132680
0.581285 0.132680
0.581385 0.132680
0.581485 0.132680
0.581584 0.132680
0.581684 0.132680
0.581784 0.132680
0.581884 0.132559
0.581984 0.132559
0.582084 0.132559
0.582184 0.132559
0.582284 0.132559
0.582384 0.132559
0.582483 0.132559
0.582583 0.132559
0.582683 0.132559
0.582783 0.132438
0.582883 0.132317
0.582983 0.132317
0.583083 0.132317
0.583183 0.132317
0.583283 0.132196
0.583383 0.131955
0.583482 0.131834
0.583582 0.131834
0.583682 0.131713
0.583782 0.131592
0.583882 0.131592
0.583982 0.131592
0.584082 0.131471
0.584182 0.131471
0.584282 0.131471
0.584382 0.131229
0.584481 0.131108
0.584581 0.131108
0.584681 0.131108
0.584781 0.131108
0.584881 0.131108
0.584981 0.131108
0.585081 0.130987
0.585181 0.130866
0.585281 0.130745
0.585380 0.130624
0.585480 0.130261
0.585580 0.129777
0.585680 0.129657
0.585780 0.129657
0.585880 0.129536
0.585980 0.129536
0.586080 0.129536
0.586180 0.129536
0.586280 0.129536
0.586379 0.129415
0.586479 0.129415
0.586579 0.129294
0.586679 0.129052
0.586779 0.129052
0.586879 0.129052
0.586979 0.128931
0.587079 0.128931
0.587179 0.128931
0.587279 0.128931
0.587378 0.128810
0.587478 0.128810
0.587578 0.128689
0.587678 0.128689
0.587778 0.128689
0.587878 0.128689
0.587978 0.128689
0.588078 0.128689
0.588178 0.128689
0.588277 0.128689
0.588377 0.128689
0.588477 0.128568
0.588577 0.128568
0.588677 0.128568
0.588777 0.128447
0.588877 0.128326
0.588977 0.128205
0.589077 0.128205
0.589177 0.128205
0.589276 0.128205
0.589376 0.128205
0.589476 0.128084
0.589576 0.128084
0.589676 0.128084
0.589776 0.128084
0.589876 0.127479
0.589976 0.127479
0.590076 0.127358
0.590176 0.127238
0.590275 0.127238
0.590375 0.127238
0.590475 0.126875
0.590575 0.126633
0.590675 0.126633
0.590775 0.126391
0.590875 0.126270
0.590975 0.126270
0.591075 0.126270
0.591174 0.126270
0.591274 0.126270
0.591374 0.126270
0.591474 0.126270
0.591574 0.126149
0.591674 0.126028
0.591774 0.126028
0.591874 0.126028
0.591974 0.126028
0.592074 0.126028
0.592173 0.126028
0.592273 0.126028
0.592373 0.125907
0.592473 0.125665
0.592573 0.125665
0.592673 0.125665
0.592773 0.125665
0.592873 0.125544
0.592973 0.125544
0.593072 0.125544
0.593172 0.125544
0.593272 0.125302
0.593372 0.125302
0.593472 0.125302
0.593572 0.125060
0.593672 0.125060
0.593772 0.125060
0.593872 0.124940
0.593972 0.124819
0.594071 0.124698
0.594171 0.124577
0.594271 0.124577
0.594371 0.124577
0.594471 0.124456
0.594571 0.124456
0.594671 0.124456
0.594771 0.124335
0.594871 0.124214
0.594971 0.124093
0.595070 0.124093
0.595170 0.124093
0.595270 0.123730
0.595370 0.123730
0.595470 0.123730
0.595570 0.123609
0.595670 0.123609
0.595770 0.123609
0.595870 0.123246
0.595969 0.123125
0.596069 0.123125
0.596169 0.122883
0.596269 0.122883
0.596369 0.122762
0.596469 0.122642
0.596569 0.122642
0.596669 0.122642
0.596769 0.122642
0.596869 0.122642
0.596968 0.122642
0.597068 0.122521
0.597168 0.122400
0.597268 0.122279
0.597368 0.122279
0.597468 0.122279
0.597568 0.122158
0.597668 0.122158
0.597768 0.122158
0.597868 0.122158
0.597967 0.122158
0.598067 0.122158
0.598167 0.122158
0.598267 0.122037
0.598367 0.121916
0.598467 0.121916
0.598567 0.121916
0.598667 0.121916
0.598767 0.121916
0.598866 0.121916
0.598966 0.121916
0.599066 0.121795
0.599166 0.121553
0.599266 0.121553
0.599366 0.121553
0.599466 0.121553
0.599566 0.121553
0.599666 0.121432
0.599766 0.121190
0.599865 0.121069
0.599965 0.121069
0.600065 0.121069
0.600165 0.121069
0.600265 0.121069
0.600365 0.120948
0.600465 0.120827
0.600565 0.120706
0.600665 0.120706
0.600764 0.120585
0.600864 0.120343
0.600964 0.120343
0.601064 0.120223
0.601164 0.120223
0.601264 0.120102
0.601364 0.120102
0.601464 0.119860
0.601564 0.119860
0.601664 0.119860
0.601763 0.119860
0.601863 0.119739
0.601963 0.119739
0.602063 0.119497
0.602163 0.119497
0.602263 0.119497
0.602363 0.119497
0.602463 0.119376
0.602563 0.119255
0.602663 0.119255
0.602762 0.119255
0.602862 0.119255
0.602962 0.119134
0.603062 0.119134
0.603162 0.119013
0.603262 0.119013
0.603362 0.119013
0.603462 0.119013
0.603562 0.119013
0.603661 0.119013
0.603761 0.119013
0.603861 0.118892
0.603961 0.118771
0.604061 0.118771
0.604161 0.118771
0.604261 0.118771
0.604361 0.118771
0.604461 0.118771
0.604561 0.118771
0.604660 0.118771
0.604760 0.118771
0.604860 0.118771
0.604960 0.118771
0.605060 0.118650
0.605160 0.118650
0.605260 0.118650
0.605360 0.118650
0.605460 0.118650
0.605560 0.118650
0.605659 0.118650
0.605759 0.118650
0.605859 0.118408
0.605959 0.118408
0.606059 0.118408
0.606159 0.118408
0.606259 0.118408
0.606359 0.118287
0.606459 0.118287
0.606558 0.118287
0.606658 0.118287
0.606758 0.118166
0.606858 0.118045
0.606958 0.117804
0.607058 0.117683
0.607158 0.117683
0.607258 0.117562
0.607358 0.117562
0.607458 0.117562
0.607557 0.117562
0.607657 0.117562
0.607757 0.117441
0.607857 0.117199
0.607957 0.117199
0.608057 0.117199
0.608157 0.117199
0.608257 0.116836
0.608357 0.116715
0.608457 0.116473
0.608556 0.116473
0.608656 0.116473
0.608756 0.116352
0.608856 0.116352
0.608956 0.116231
0.609056 0.116231
0.609156 0.115868
0.609256 0.115868
0.609356 0.115868
0.609455 0.115868
0.609555 0.115747
0.609655 0.115627
0.609755 0.115506
0.609855 0.115506
0.609955 0.115385
0.610055 0.115385
0.610155 0.115385
0.610255 0.115264
0.610355 0.115264
0.610454 0.115264
0.610554 0.115264
0.610654 0.115143
0.610754 0.115143
0.610854 0.115022
0.610954 0.115022
0.611054 0.115022
0.611154 0.114780
0.611254 0.114659
0.611353 0.114659
0.611453 0.114538
0.611553 0.114296
0.611653 0.114296
0.611753 0.114054
0.611853 0.114054
0.611953 0.114054
0.612053 0.114054
0.612153 0.113933
0.612253 0.113812
0.612352 0.113691
0.612452 0.113691
0.612552 0.113691
0.612652 0.113691
0.612752 0.113570
0.612852 0.113570
0.612952 0.113570
0.613052 0.113570
0.613152 0.113570
0.613252 0.113570
0.613351 0.113570
0.613451 0.113570
0.613551 0.113570
0.613651 0.113570
0.613751 0.113570
0.613851 0.113570
0.613951 0.113449
0.614051 0.113328
0.614151 0.113208
0.614250 0.113208
0.614350 0.113208
0.614450 0.113208
0.614550 0.113208
0.614650 0.113208
0.614750 0.113208
0.614850 0.113087
0.614950 0.113087
0.615050 0.113087
0.615150 0.113087
0.615249 0.112966
0.615349 0.112845
0.615449 0.112845
0.615549 0.112845
0.615649 0.112724
0.615749 0.112603
0.615849 0.112603
0.615949 0.112603
0.616049 0.112482
0.616149 0.112482
0.616248 0.112482
0.616348 0.112482
0.616448 0.112482
0.616548 0.112361
0.616648 0.112361
0.616748 0.112361
0.616848 0.112240
0.616948 0.112240
0.617048 0.112240
0.617147 0.112240
0.617247 0.112240
0.617347 0.112240
0.617447 0.112240
0.617547 0.112240
0.617647 0.112240
0.617747 0.112240
0.617847 0.112240
0.617947 0.112240
0.618047 0.112240
0.618146 0.112240
0.618246 0.112240
0.618346 0.112240
0.618446 0.112240
0.618546 0.112119
0.618646 0.112119
0.618746 0.112119
0.618846 0.111877
0.618946 0.111877
0.619046 0.111756
0.619145 0.111514
0.619245 0.111514
0.619345 0.111393
0.619445 0.111272
0.619545 0.111151
0.619645 0.111030
0.619745 0.111030
0.619845 0.110910
0.619945 0.110668
0.620044 0.110547
0.620144 0.110547
0.620244 0.110547
0.620344 0.110426
0.620444 0.110305
0.620544 0.110305
0.620644 0.110305
0.620744 0.110305
0.620844 0.110184
0.620944 0.110184
0.621043 0.110184
0.621143 0.110184
0.621243 0.110063
0.621343 0.110063
0.621443 0.110063
0.621543 0.110063
0.621643 0.110063
0.621743 0.109821
0.621843 0.109821
0.621942 0.109700
0.622042 0.109700
0.622142 0.109579
0.622242 0.109458
0.622342 0.109337
0.622442 0.109337
0.622542 0.109216
0.622642 0.109216
0.622742 0.109095
0.622842 0.109095
0.622941 0.109095
0.623041 0.108853
0.623141 0.108732
0.623241 0.108612
0.623341 0.108612
0.623441 0.108612
0.623541 0.108612
0.623641 0.108249
0.623741 0.108249
0.623841 0.108128
0.623940 0.108007
0.624040 0.108007
0.624140 0.108007
0.624240 0.108007
0.624340 0.107886
0.624440 0.107523
0.624540 0.107523
0.624640 0.107281
0.624740 0.107160
0.624839 0.107160
0.624939 0.107160
0.625039 0.107160
0.625139 0.107160
0.625239 0.107160
0.625339 0.107039
0.625439 0.106918
0.625539 0.106918
0.625639 0.106918
0.625739 0.106797
0.625838 0.106797
0.625938 0.106555
0.626038 0.106555
0.626138 0.106555
0.626238 0.106555
0.626338 0.106434
0.626438 0.106434
0.626538 0.106434
0.626638 0.106434
0.626738 0.106434
0.626837 0.106313
0.626937 0.106193
0.627037 0.106193
0.627137 0.106193
0.627237 0.106193
0.627337 0.106193
0.627437 0.106072
0.627537 0.105951
0.627637 0.105951
0.627736 0.105951
0.627836 0.105951
0.627936 0.105951
0.628036 0.105830
0.628136 0.105709
0.628236 0.105709
0.628336 0.105467
0.628436 0.105346
0.628536 0.105346
0.628636 0.105225
0.628735 0.105225
0.628835 0.105104
0.628935 0.105104
0.629035 0.105104
0.629135 0.104983
0.629235 0.104983
0.629335 0.104862
0.629435 0.104862
0.629535 0.104862
0.629634 0.104620
0.629734 0.104620
0.629834 0.104620
0.629934 0.104499
0.630034 0.104378
0.630134 0.104257
0.630234 0.104136
0.630334 0.104136
0.630434 0.104136
0.630534 0.104136
0.630633 0.104136
0.630733 0.104136
0.630833 0.104136
0.630933 0.104136
0.631033 0.104136
0.631133 0.104015
0.631233 0.104015
0.631333 0.104015
0.631433 0.103774
0.631533 0.103653
0.631632 0.103653
0.631732 0.103653
0.631832 0.103653
0.631932 0.103532
0.632032 0.103290
0.632132 0.103290
0.632232 0.103290
0.632332 0.103290
0.632432 0.103290
0.632531 0.103290
0.632631 0.103169
0.632731 0.103048
0.632831 0.103048
0.632931 0.103048
0.633031 0.103048
0.633131 0.103048
0.633231 0.102927
0.633331 0.102685
0.633431 0.102443
0.633530 0.102322
0.633630 0.102322
0.633730 0.102322
0.633830 0.102322
0.633930 0.102322
0.634030 0.102201
0.634130 0.101959
0.634230 0.101838
0.634330 0.101838
0.634430 0.101838
0.634529 0.101717
0.634629 0.101717
0.634729 0.101717
0.634829 0.101717
0.634929 0.101717
0.635029 0.101717
0.635129 0.101717
0.635229 0.101717
0.635329 0.101476
0.635428 0.101355
0.635528 0.101355
0.635628 0.101234
0.635728 0.101234
0.635828 0.101234
0.635928 0.100992
0.636028 0.100992
0.636128 0.100871
0.636228 0.100871
0.636328 0.100750
0.636427 0.100750
0.636527 0.100629
0.636627 0.100508
0.636727 0.100387
0.636827 0.100266
0.636927 0.100266
0.637027 0.100266
0.637127 0.100145
0.637227 0.100145
0.637327 0.100024
0.637426 0.100024
0.637526 0.099903
0.637626 0.099782
0.637726 0.099661
0.637826 0.099540
0.637926 0.099419
0.638026 0.099419
0.638126 0.099057
0.638226 0.099057
0.638325 0.099057
0.638425 0.098815
0.638525 0.098815
0.638625 0.098815
0.638725 0.098815
0.638825 0.098815
0.638925 0.098815
0.639025 0.098815
0.639125 0.098815
0.639225 0.098694
0.639324 0.098573
0.639424 0.098573
0.639524 0.098573
0.639624 0.098573
0.639724 0.098452
0.639824 0.098452
0.639924 0.098452
0.640024 0.098452
0.640124 0.098331
0.640223 0.098331
0.640323 0.098210
0.640423 0.098210
0.640523 0.098089
0.640623 0.098089
0.640723 0.098089
0.640823 0.098089
0.640923 0.097968
0.641023 0.097968
0.641123 0.097968
0.641222 0.097726
0.641322 0.097605
0.641422 0.097484
0.641522 0.097484
0.641622 0.097484
0.641722 0.097363
0.641822 0.097363
0.641922 0.097242
0.642022 0.097242
0.642122 0.097121
0.642221 0.097000
0.642321 0.096880
0.642421 0.096759
0.642521 0.096638
0.642621 0.096638
0.642721 0.096517
0.642821 0.096517
0.642921 0.096517
0.643021 0.096517
0.643120 0.096517
0.643220 0.096396
0.643320 0.096396
0.643420 0.096396
0.643520 0.096396
0.643620 0.096154
0.643720 0.096154
0.643820 0.096154
0.643920 0.096154
0.644020 0.096033
0.644119 0.096033
0.644219 0.095912
0.644319 0.095912
0.644419 0.095912
0.644519 0.095670
0.644619 0.095670
0.644719 0.095670
0.644819 0.095670
0.644919 0.095670
0.645019 0.095549
0.645118 0.095549
0.645218 0.095549
0.645318 0.095549
0.645418 0.095549
0.645518 0.095549
0.645618 0.095549
0.645718 0.095549
0.645818 0.095186
0.645918 0.095186
0.646017 0.095186
0.646117 0.095186
0.646217 0.095186
0.646317 0.095065
0.646417 0.094944
0.646517 0.094944
0.646617 0.094944
0.646717 0.094823
0.646817 0.094823
0.646917 0.094823
0.647016 0.094702
0.647116 0.094582
0.647216 0.094582
0.647316 0.094582
0.647416 0.094461
0.647516 0.094461
0.647616 0.094461
0.647716 0.094340
0.647816 0.094340
0.647916 0.094219
0.648015 0.094219
0.648115 0.094219
0.648215 0.094219
0.648315 0.094219
0.648415 0.094219
0.648515 0.093977
0.648615 0.093856
0.648715 0.093856
0.648815 0.093856
0.648914 0.093735
0.649014 0.093735
0.649114 0.093614
0.649214 0.093614
0.649314 0.093493
0.649414 0.093493
0.649514 0.093493
0.649614 0.093251
0.649714 0.093251
0.649814 0.093251
0.649913 0.093251
0.650013 0.093130
0.650113 0.093130
0.650213 0.093009
0.650313 0.093009
0.650413 0.093009
0.650513 0.092888
0.650613 0.092767
0.650713 0.092767
0.650812 0.092767
0.650912 0.092767
0.651012 0.092525
0.651112 0.092525
0.651212 0.092404
0.651312 0.092404
0.651412 0.092404
0.651512 0.092404
0.651612 0.092404
0.651712 0.092404
0.651811 0.092284
0.651911 0.092284
0.652011 0.092284
0.652111 0.092284
0.652211 0.092284
0.652311 0.092163
0.652411 0.092042
0.652511 0.091800
0.652611 0.091679
0.652711 0.091679
0.652810 0.091679
0.652910 0.091679
0.653010 0.091437
0.653110 0.091316
0.653210 0.091316
0.653310 0.091316
0.653410 0.091316
0.653510 0.091316
0.653610 0.091316
0.653709 0.091074
0.653809 0.090953
0.653909 0.090832
0.654009 0.090832
0.654109 0.090711
0.654209 0.090711
0.654309 0.090711
0.654409 0.090590
0.654509 0.090590
0.654609 0.090590
0.654708 0.090348
0.654808 0.090227
0.654908 0.090227
0.655008 0.090227
0.655108 0.090227
0.655208 0.090227
0.655308 0.090106
0.655408 0.090106
0.655508 0.089985
0.655608 0.089985
0.655707 0.089985
0.655807 0.089744
0.655907 0.089623
0.656007 0.089623
0.656107 0.089502
0.656207 0.089502
0.656307 0.089381
0.656407 0.089381
0.656507 0.089381
0.656606 0.089381
0.656706 0.089381
0.656806 0.089381
0.656906 0.089381
0.657006 0.089260
0.657106 0.089260
0.657206 0.089260
0.657306 0.089018
0.657406 0.089018
0.657506 0.088897
0.657605 0.088897
0.657705 0.088776
0.657805 0.088776
0.657905 0.088776
0.658005 0.088776
0.658105 0.088413
0.658205 0.088413
0.658305 0.088171
0.658405 0.088171
0.658504 0.088050
0.658604 0.088050
0.658704 0.088050
0.658804 0.087929
0.658904 0.087929
0.659004 0.087808
0.659104 0.087808
0.659204 0.087808
0.659304 0.087808
0.659404 0.087687
0.659503 0.087325
0.659603 0.087325
0.659703 0.087325
0.659803 0.087204
0.659903 0.087083
0.660003 0.086841
0.660103 0.086841
0.660203 0.086841
0.660303 0.086841
0.660403 0.086599
0.660502 0.086478
0.660602 0.086478
0.660702 0.086357
0.660802 0.086236
0.660902 0.086115
0.661002 0.085994
0.661102 0.085752
0.661202 0.085752
0.661302 0.085752
0.661401 0.085631
0.661501 0.085631
0.661601 0.085631
0.661701 0.085631
0.661801 0.085510
0.661901 0.085510
0.662001 0.085148
0.662101 0.085148
0.662201 0.085027
0.662301 0.085027
0.662400 0.084906
0.662500 0.084906
0.662600 0.084906
0.662700 0.084906
0.662800 0.084906
0.662900 0.084785
0.663000 0.084785
0.663100 0.084785
0.663200 0.084785
0.663300 0.084785
0.663399 0.084664
0.663499 0.084543
0.663599 0.084543
0.663699 0.084543
0.663799 0.084543
0.663899 0.084543
0.663999 0.084422
0.664099 0.084301
0.664199 0.084180
0.664298 0.084180
0.664398 0.084059
0.664498 0.084059
0.664598 0.084059
0.664698 0.084059
0.664798 0.083938
0.664898 0.083696
0.664998 0.083696
0.665098 0.083696
0.665198 0.083696
0.665297 0.083696
0.665397 0.083575
0.665497 0.083575
0.665597 0.083575
0.665697 0.083575
0.665797 0.083575
0.665897 0.083333
0.665997 0.083212
0.666097 0.083212
0.666197 0.083212
0.666296 0.083212
0.666396 0.083212
0.666496 0.082850
0.666596 0.082850
0.666696 0.082729
0.666796 0.082729
0.666896 0.082729
0.666996 0.082729
0.667096 0.082608
0.667195 0.082608
0.667295 0.082608
0.667395 0.082608
0.667495 0.082608
0.667595 0.082608
0.667695 0.082608
0.667795 0.082487
0.667895 0.082366
0.667995 0.082245
0.668095 0.082245
0.668194 0.082245
0.668294 0.082245
0.668394 0.082124
0.668494 0.082124
0.668594 0.082003
0.668694 0.081882
0.668794 0.081882
0.668894 0.081882
0.668994 0.081882
0.669093 0.081882
0.669193 0.081882
0.669293 0.081882
0.669393 0.081882
0.669493 0.081761
0.669593 0.081640
0.669693 0.081398
0.669793 0.081277
0.669893 0.081277
0.669993 0.081156
0.670092 0.081156
0.670192 0.081035
0.670292 0.081035
0.670392 0.080914
0.670492 0.080914
0.670592 0.080793
0.670692 0.080793
0.670792 0.080672
0.670892 0.080672
0.670992 0.080672
0.671091 0.080310
0.671191 0.080189
0.671291 0.080189
0.671391 0.080189
0.671491 0.080189
0.671591 0.080189
0.671691 0.080189
0.671791 0.080068
0.671891 0.079947
0.671990 0.079826
0.672090 0.079705
0.672190 0.079584
0.672290 0.079584
0.672390 0.079584
0.672490 0.079463
0.672590 0.079463
0.672690 0.079342
0.672790 0.079342
0.672890 0.079221
0.672989 0.079221
0.673089 0.079221
0.673189 0.079221
0.673289 0.079221
0.673389 0.079221
0.673489 0.079221
0.673589 0.079221
0.673689 0.079221
0.673789 0.079100
0.673889 0.079100
0.673988 0.079100
0.674088 0.078858
0.674188 0.078858
0.674288 0.078737
0.674388 0.078737
0.674488 0.078616
0.674588 0.078616
0.674688 0.078374
0.674788 0.078254
0.674887 0.077891
0.674987 0.077891
0.675087 0.077891
0.675187 0.077891
0.675287 0.077891
0.675387 0.077770
0.675487 0.077770
0.675587 0.077770
0.675687 0.077770
0.675787 0.077649
0.675886 0.077649
0.675986 0.077649
0.676086 0.077649
0.676186 0.077528
0.676286 0.077528
0.676386 0.077407
0.676486 0.077407
0.676586 0.077407
0.676686 0.077286
0.676786 0.077286
0.676885 0.077165
0.676985 0.077165
0.677085 0.077165
0.677185 0.077165
0.677285 0.077165
0.677385 0.077044
0.677485 0.077044
0.677585 0.077044
0.677685 0.077044
0.677784 0.077044
0.677884 0.076923
0.677984 0.076923
0.678084 0.076560
0.678184 0.076560
0.678284 0.076560
0.678384 0.076560
0.678484 0.076560
0.678584 0.076560
0.678684 0.076560
0.678783 0.076560
0.678883 0.076560
0.678983 0.076560
0.679083 0.076560
0.679183 0.076439
0.679283 0.076439
0.679383 0.076439
0.679483 0.076318
0.679583 0.076318
0.679682 0.076318
0.679782 0.076197
0.679882 0.076197
0.679982 0.076076
0.680082 0.075955
0.680182 0.075955
0.680282 0.075955
0.680382 0.075955
0.680482 0.075955
0.680582 0.075955
0.680681 0.075835
0.680781 0.075835
0.680881 0.075835
0.680981 0.075835
0.681081 0.075835
0.681181 0.075835
0.681281 0.075835
0.681381 0.075714
0.681481 0.075714
0.681581 0.075593
0.681680 0.075593
0.681780 0.075593
0.681880 0.075593
0.681980 0.075593
0.682080 0.075472
0.682180 0.075472
0.682280 0.075472
0.682380 0.075351
0.682480 0.075351
0.682579 0.075351
0.682679 0.075351
0.682779 0.075230
0.682879 0.075230
0.682979 0.075230
0.683079 0.075230
0.683179 0.075109
0.683279 0.075109
0.683379 0.075109
0.683479 0.075109
0.683578 0.074988
0.683678 0.074988
0.683778 0.074988
0.683878 0.074746
0.683978 0.074746
0.684078 0.074746
0.684178 0.074746
0.684278 0.074625
0.684378 0.074504
0.684478 0.074383
0.684577 0.074383
0.684677 0.074262
0.684777 0.074262
0.684877 0.074262
0.684977 0.074262
0.685077 0.074262
0.685177 0.074262
0.685277 0.073899
0.685377 0.073899
0.685476 0.073778
0.685576 0.073537
0.685676 0.073537
0.685776 0.073537
0.685876 0.073295
0.685976 0.073295
0.686076 0.073295
0.686176 0.073295
0.686276 0.073295
0.686376 0.073295
0.686475 0.073174
0.686575 0.073053
0.686675 0.073053
0.686775 0.072932
0.686875 0.072811
0.686975 0.072569
0.687075 0.072569
0.687175 0.072569
0.687275 0.072569
0.687374 0.072569
0.687474 0.072448
0.687574 0.072448
0.687674 0.072327
0.687774 0.072327
0.687874 0.072327
0.687974 0.072327
0.688074 0.072206
0.688174 0.072085
0.688274 0.072085
0.688373 0.072085
0.688473 0.072085
0.688573 0.072085
0.688673 0.072085
0.688773 0.072085
0.688873 0.072085
0.688973 0.072085
0.689073 0.071964
0.689173 0.071964
0.689273 0.071964
0.689372 0.071964
0.689472 0.071964
0.689572 0.071964
0.689672 0.071964
0.689772 0.071964
0.689872 0.071601
0.689972 0.071480
0.690072 0.071480
0.690172 0.071480
0.690271 0.071480
0.690371 0.071480
0.690471 0.071480
0.690571 0.071359
0.690671 0.071359
0.690771 0.071359
0.690871 0.071239
0.690971 0.071239
0.691071 0.070997
0.691171 0.070997
0.691270 0.070997
0.691370 0.070997
0.691470 0.070997
0.691570 0.070997
0.691670 0.070997
0.691770 0.070876
0.691870 0.070876
0.691970 0.070755
0.692070 0.070634
0.692170 0.070392
0.692269 0.070150
0.692369 0.069908
0.692469 0.069787
0.692569 0.069666
0.692669 0.069666
0.692769 0.069666
0.692869 0.069666
0.692969 0.069545
0.693069 0.069545
0.693168 0.069545
0.693268 0.069545
0.693368 0.069545
0.693468 0.069545
0.693568 0.069424
0.693668 0.069303
0.693768 0.069182
0.693868 0.069182
0.693968 0.069182
0.694068 0.069182
0.694167 0.069182
0.694267 0.069061
0.694367 0.069061
0.694467 0.069061
0.694567 0.068940
0.694667 0.068940
0.694767 0.068940
0.694867 0.068940
0.694967 0.068940
0.695067 0.068940
0.695166 0.068820
0.695266 0.068820
0.695366 0.068820
0.695466 0.068699
0.695566 0.068578
0.695666 0.068578
0.695766 0.068578
0.695866 0.068578
0.695966 0.068336
0.696065 0.068215
0.696165 0.068215
0.696265 0.068094
0.696365 0.068094
0.696465 0.067852
0.696565 0.067852
0.696665 0.067731
0.696765 0.067731
0.696865 0.067489
0.696965 0.067368
0.697064 0.067368
0.697164 0.067247
0.697264 0.067247
0.697364 0.067126
0.697464 0.067005
0.697564 0.066884
0.697664 0.066884
0.697764 0.066884
0.697864 0.066642
0.697963 0.066642
0.698063 0.066522
0.698163 0.066522
0.698263 0.066401
0.698363 0.066401
0.698463 0.066280
0.698563 0.066280
0.698663 0.066280
0.698763 0.066280
0.698863 0.066280
0.698962 0.066280
0.699062 0.066280
0.699162 0.066159
0.699262 0.066038
0.699362 0.066038
0.699462 0.066038
0.699562 0.065917
0.699662 0.065917
0.699762 0.065796
0.699862 0.065796
0.699961 0.065796
0.700061 0.065796
0.700161 0.065796
0.700261 0.065796
0.700361 0.065796
0.700461 0.065796
0.700561 0.065675
0.700661 0.065675
0.700761 0.065554
0.700860 0.065554
0.700960 0.065554
0.701060 0.065554
0.701160 0.065554
0.701260 0.065554
0.701360 0.065554
0.701460 0.065554
0.701560 0.065554
0.701660 0.065554
0.701760 0.065433
0.701859 0.065433
0.701959 0.065433
0.702059 0.065433
0.702159 0.065433
0.702259 0.065312
0.702359 0.065312
0.702459 0.065312
0.702559 0.065191
0.702659 0.065191
0.702759 0.065191
0.702858 0.065070
0.702958 0.064949
0.703058 0.064949
0.703158 0.064949
0.703258 0.064949
0.703358 0.064828
0.703458 0.064465
0.703558 0.064465
0.703658 0.064465
0.703757 0.064465
0.703857 0.064224
0.703957 0.064224
0.704057 0.064224
0.704157 0.064103
0.704257 0.063982
0.704357 0.063982
0.704457 0.063982
0.704557 0.063982
0.704657 0.063982
0.704756 0.063740
0.704856 0.063740
0.704956 0.063498
0.705056 0.063498
0.705156 0.063498
0.705256 0.063498
0.705356 0.063498
0.705456 0.063498
0.705556 0.063498
0.705656 0.063498
0.705755 0.063377
0.705855 0.063377
0.705955 0.063256
0.706055 0.063256
0.706155 0.063256
0.706255 0.063256
0.706355 0.063135
0.706455 0.063135
0.706555 0.063014
0.706654 0.063014
0.706754 0.062893
0.706854 0.062893
0.706954 0.062893
0.707054 0.062893
0.707154 0.062893
0.707254 0.062893
0.707354 0.062893
0.707454 0.062893
0.707554 0.062893
0.707653 0.062893
0.707753 0.062772
0.707853 0.062772
0.707953 0.062651
0.708053 0.062651
0.708153 0.062651
0.708253 0.062651
0.708353 0.062530
0.708453 0.062530
0.708552 0.062409
0.708652 0.062409
0.708752 0.062409
0.708852 0.062409
0.708952 0.062409
0.709052 0.062409
0.709152 0.062046
0.709252 0.061925
0.709352 0.061925
0.709452 0.061925
0.709551 0.061925
0.709651 0.061925
0.709751 0.061805
0.709851 0.061805
0.709951 0.061805
0.710051 0.061805
0.710151 0.061684
0.710251 0.061684
0.710351 0.061563
0.710451 0.061563
0.710550 0.061442
0.710650 0.061442
0.710750 0.061321
0.710850 0.061321
0.710950 0.061321
0.711050 0.061321
0.711150 0.061321
0.711250 0.061200
0.711350 0.061200
0.711449 0.061200
0.711549 0.061200
0.711649 0.061200
0.711749 0.061079
0.711849 0.061079
0.711949 0.060958
0.712049 0.060837
0.712149 0.060716
0.712249 0.060716
0.712349 0.060716
0.712448 0.060716
0.712548 0.060595
0.712648 0.060474
0.712748 0.060474
0.712848 0.060474
0.712948 0.060474
0.713048 0.060353
0.713148 0.060232
0.713248 0.060111
0.713348 0.059990
0.713447 0.059990
0.713547 0.059990
0.713647 0.059869
0.713747 0.059869
0.713847 0.059869
0.713947 0.059869
0.714047 0.059869
0.714147 0.059869
0.714247 0.059869
0.714346 0.059869
0.714446 0.059748
0.714546 0.059748
0.714646 0.059748
0.714746 0.059627
0.714846 0.059507
0.714946 0.059144
0.715046 0.059144
0.715146 0.059023
0.715246 0.059023
0.715345 0.058902
0.715445 0.058781
0.715545 0.058781
0.715645 0.058781
0.715745 0.058660
0.715845 0.058660
0.715945 0.058660
0.716045 0.058660
0.716145 0.058660
0.716244 0.058660
0.716344 0.058539
0.716444 0.058176
0.716544 0.058176
0.716644 0.057934
0.716744 0.057934
0.716844 0.057934
0.716944 0.057813
0.717044 0.057813
0.717144 0.057813
0.717243 0.057813
0.717343 0.057813
0.717443 0.057571
0.717543 0.057571
0.717643 0.057450
0.717743 0.057450
0.717843 0.057450
0.717943 0.057450
0.718043 0.057450
0.718143 0.057450
0.718242 0.057329
0.718342 0.057329
0.718442 0.057329
0.718542 0.057329
0.718642 0.057329
0.718742 0.057329
0.718842 0.057329
0.718942 0.057329
0.719042 0.057329
0.719141 0.057329
0.719241 0.057209
0.719341 0.057209
0.719441 0.057209
0.719541 0.057209
0.719641 0.057209
0.719741 0.057209
0.719841 0.057088
0.719941 0.056967
0.720041 0.056846
0.720140 0.056725
0.720240 0.056725
0.720340 0.056604
0.720440 0.056604
0.720540 0.056604
0.720640 0.056483
0.720740 0.056483
0.720840 0.056483
0.720940 0.056362
0.721040 0.056241
0.721139 0.056241
0.721239 0.056241
0.721339 0.056241
0.721439 0.056241
0.721539 0.056120
0.721639 0.055999
0.721739 0.055999
0.721839 0.055757
0.721939 0.055636
0.722038 0.055636
0.722138 0.055636
0.722238 0.055636
0.722338 0.055636
0.722438 0.055515
0.722538 0.055515
0.722638 0.055515
0.722738 0.055515
0.722838 0.055394
0.722938 0.055394
0.723037 0.055394
0.723137 0.055394
0.723237 0.055394
0.723337 0.055152
0.723437 0.055031
0.723537 0.054910
0.723637 0.054669
0.723737 0.054548
0.723837 0.054548
0.723937 0.054548
0.724036 0.054548
0.724136 0.054548
0.724236 0.054427
0.724336 0.054306
0.724436 0.054306
0.724536 0.054306
0.724636 0.054185
0.724736 0.054064
0.724836 0.053943
0.724935 0.053943
0.725035 0.053822
0.725135 0.053822
0.725235 0.053822
0.725335 0.053822
0.725435 0.053822
0.725535 0.053822
0.725635 0.053822
0.725735 0.053701
0.725835 0.053580
0.725934 0.053580
0.726034 0.053580
0.726134 0.053580
0.726234 0.053459
0.726334 0.053459
0.726434 0.053338
0.726534 0.053338
0.726634 0.053217
0.726734 0.053217
0.726833 0.053217
0.726933 0.053217
0.727033 0.053217
0.727133 0.053217
0.727233 0.053096
0.727333 0.052854
0.727433 0.052854
0.727533 0.052733
0.727633 0.052733
0.727733 0.052733
0.727832 0.052733
0.727932 0.052733
0.728032 0.052733
0.728132 0.052733
0.728232 0.052733
0.728332 0.052733
0.728432 0.052492
0.728532 0.052371
0.728632 0.052250
0.728732 0.052250
0.728831 0.052250
0.728931 0.052129
0.729031 0.052008
0.729131 0.052008
0.729231 0.052008
0.729331 0.052008
0.729431 0.051766
0.729531 0.051645
0.729631 0.051645
0.729730 0.051645
0.729830 0.051403
0.729930 0.051403
0.730030 0.051403
0.730130 0.051403
0.730230 0.051403
0.730330 0.051403
0.730430 0.051403
0.730530 0.051403
0.730630 0.051403
0.730729 0.051403
0.730829 0.051403
0.730929 0.051403
0.731029 0.051403
0.731129 0.051161
0.731229 0.051161
0.731329 0.050919
0.731429 0.050919
0.731529 0.050919
0.731629 0.050919
0.731728 0.050919
0.731828 0.050919
0.731928 0.050919
0.732028 0.050919
0.732128 0.050919
0.732228 0.050919
0.732328 0.050798
0.732428 0.050677
0.732528 0.050677
0.732627 0.050677
0.732727 0.050677
0.732827 0.050677
0.732927 0.050677
0.733027 0.050677
0.733127 0.050677
0.733227 0.050677
0.733327 0.050677
0.733427 0.050677
0.733527 0.050677
0.733626 0.050677
0.733726 0.050677
0.733826 0.050677
0.733926 0.050677
0.734026 0.050677
0.734126 0.050556
0.734226 0.050556
0.734326 0.050435
0.734426 0.050435
0.734526 0.050314
0.734625 0.050314
0.734725 0.050194
0.734825 0.050194
0.734925 0.050194
0.735025 0.049952
0.735125 0.049589
0.735225 0.049589
0.735325 0.049589
0.735425 0.049589
0.735524 0.049468
0.735624 0.049468
0.735724 0.049468
0.735824 0.049347
0.735924 0.049347
0.736024 0.049347
0.736124 0.049347
0.736224 0.049347
0.736324 0.049347
0.736424 0.049226
0.736523 0.049105
0.736623 0.048984
0.736723 0.048984
0.736823 0.048984
0.736923 0.048984
0.737023 0.048863
0.737123 0.048742
0.737223 0.048742
0.737323 0.048621
0.737422 0.048621
0.737522 0.048500
0.737622 0.048500
0.737722 0.048500
0.737822 0.048500
0.737922 0.048379
0.738022 0.048379
0.738122 0.048379
0.738222 0.048379
0.738322 0.048137
0.738421 0.048016
0.738521 0.048016
0.738621 0.048016
0.738721 0.047896
0.738821 0.047896
0.738921 0.047896
0.739021 0.047654
0.739121 0.047654
0.739221 0.047654
0.739321 0.047654
0.739420 0.047654
0.739520 0.047533
0.739620 0.047412
0.739720 0.047412
0.739820 0.047412
0.739920 0.047412
0.740020 0.047412
0.740120 0.047412
0.740220 0.047291
0.740319 0.047291
0.740419 0.047291
0.740519 0.047291
0.740619 0.047291
0.740719 0.047291
0.740819 0.047291
0.740919 0.047170
0.741019 0.047170
0.741119 0.047170
0.741219 0.047170
0.741318 0.047170
0.741418 0.047170
0.741518 0.047170
0.741618 0.047049
0.741718 0.047049
0.741818 0.047049
0.741918 0.047049
0.742018 0.047049
0.742118 0.047049
0.742218 0.047049
0.742317 0.047049
0.742417 0.047049
0.742517 0.047049
0.742617 0.046928
0.742717 0.046928
0.742817 0.046928
0.742917 0.046928
0.743017 0.046928
0.743117 0.046807
0.743216 0.046807
0.743316 0.046807
0.743416 0.046686
0.743516 0.046565
0.743616 0.046565
0.743716 0.046565
0.743816 0.046444
0.743916 0.046444
0.744016 0.046444
0.744116 0.046444
0.744215 0.046323
0.744315 0.046323
0.744415 0.046323
0.744515 0.046323
0.744615 0.046323
0.744715 0.046202
0.744815 0.045960
0.744915 0.045839
0.745015 0.045839
0.745114 0.045839
0.745214 0.045839
0.745314 0.045718
0.745414 0.045718
0.745514 0.045718
0.745614 0.045718
0.745714 0.045718
0.745814 0.045718
0.745914 0.045718
0.746014 0.045597
0.746113 0.045597
0.746213 0.045597
0.746313 0.045597
0.746413 0.045597
0.746513 0.045597
0.746613 0.045597
0.746713 0.045597
0.746813 0.045597
0.746913 0.045597
0.747013 0.045597
0.747112 0.045477
0.747212 0.045477
0.747312 0.045477
0.747412 0.045477
0.747512 0.045477
0.747612 0.045477
0.747712 0.045477
0.747812 0.045477
0.747912 0.045477
0.748011 0.045477
0.748111 0.045477
0.748211 0.045356
0.748311 0.045356
0.748411 0.045356
0.748511 0.045356
0.748611 0.045356
0.748711 0.045356
0.748811 0.045356
0.748911 0.045356
0.749010 0.045356
0.749110 0.045356
0.749210 0.045356
0.749310 0.045356
0.749410 0.045356
0.749510 0.045356
0.749610 0.045356
0.749710 0.045235
0.749810 0.045235
0.749910 0.045235
0.750009 0.045235
0.750109 0.045114
0.750209 0.045114
0.750309 0.045114
0.750409 0.045114
0.750509 0.044993
0.750609 0.044872
0.750709 0.044751
0.750809 0.044751
0.750908 0.044751
0.751008 0.044751
0.751108 0.044751
0.751208 0.044630
0.751308 0.044630
0.751408 0.044630
0.751508 0.044630
0.751608 0.044509
0.751708 0.044388
0.751808 0.044388
0.751907 0.044146
0.752007 0.044146
0.752107 0.044146
0.752207 0.044146
0.752307 0.044146
0.752407 0.044146
0.752507 0.044146
0.752607 0.044146
0.752707 0.044025
0.752807 0.043904
0.752906 0.043904
0.753006 0.043904
0.753106 0.043904
0.753206 0.043904
0.753306 0.043904
0.753406 0.043904
0.753506 0.043904
0.753606 0.043904
0.753706 0.043904
0.753805 0.043904
0.753905 0.043904
0.754005 0.043783
0.754105 0.043783
0.754205 0.043662
0.754305 0.043662
0.754405 0.043662
0.754505 0.043662
0.754605 0.043662
0.754705 0.043662
0.754804 0.043662
0.754904 0.043541
0.755004 0.043541
0.755104 0.043541
0.755204 0.043420
0.755304 0.043420
0.755404 0.043420
0.755504 0.043299
0.755604 0.043299
0.755703 0.043299
0.755803 0.043299
0.755903 0.043299
0.756003 0.043299
0.756103 0.043299
0.756203 0.043299
0.756303 0.043058
0.756403 0.043058
0.756503 0.043058
0.756603 0.043058
0.756702 0.042937
0.756802 0.042937
0.756902 0.042937
0.757002 0.042937
0.757102 0.042937
0.757202 0.042816
0.757302 0.042816
0.757402 0.042695
0.757502 0.042695
0.757602 0.042695
0.757701 0.042695
0.757801 0.042695
0.757901 0.042695
0.758001 0.042695
0.758101 0.042695
0.758201 0.042695
0.758301 0.042695
0.758401 0.042695
0.758501 0.042574
0.758600 0.042574
0.758700 0.042574
0.758800 0.042574
0.758900 0.042574
0.759000 0.042574
0.759100 0.042574
0.759200 0.042574
0.759300 0.042574
0.759400 0.042574
0.759500 0.042574
0.759599 0.042574
0.759699 0.042453
0.759799 0.042453
0.759899 0.042453
0.759999 0.042453
0.760099 0.042332
0.760199 0.042332
0.760299 0.042332
0.760399 0.042332
0.760499 0.042332
0.760598 0.042332
0.760698 0.042332
0.760798 0.042211
0.760898 0.042211
0.760998 0.042211
0.761098 0.042211
0.761198 0.042211
0.761298 0.042211
0.761398 0.042211
0.761497 0.042211
0.761597 0.042211
0.761697 0.042090
0.761797 0.041969
0.761897 0.041969
0.761997 0.041848
0.762097 0.041848
0.762197 0.041727
0.762297 0.041727
0.762397 0.041606
0.762496 0.041485
0.762596 0.041485
0.762696 0.041485
0.762796 0.041364
0.762896 0.041364
0.762996 0.041243
0.763096 0.041243
0.763196 0.041243
0.763296 0.041122
0.763396 0.041001
0.763495 0.040881
0.763595 0.040760
0.763695 0.040760
0.763795 0.040760
0.763895 0.040760
0.763995 0.040760
0.764095 0.040760
0.764195 0.040760
0.764295 0.040760
0.764394 0.040639
0.764494 0.040518
0.764594 0.040518
0.764694 0.040518
0.764794 0.040518
0.764894 0.040518
0.764994 0.040397
0.765094 0.040276
0.765194 0.040155
0.765294 0.040034
0.765393 0.040034
0.765493 0.040034
0.765593 0.040034
0.765693 0.040034
0.765793 0.040034
0.765893 0.040034
0.765993 0.040034
0.766093 0.040034
0.766193 0.040034
0.766292 0.040034
0.766392 0.040034
0.766492 0.040034
0.766592 0.040034
0.766692 0.040034
0.766792 0.040034
0.766892 0.039913
0.766992 0.039913
0.767092 0.039913
0.767192 0.039913
0.767291 0.039913
0.767391 0.039792
0.767491 0.039792
0.767591 0.039792
0.767691 0.039792
0.767791 0.039792
0.767891 0.039671
0.767991 0.039671
0.768091 0.039550
0.768191 0.039429
0.768290 0.039429
0.768390 0.039429
0.768490 0.039308
0.768590 0.039308
0.768690 0.039187
0.768790 0.038824
0.768890 0.038824
0.768990 0.038824
0.769090 0.038703
0.769189 0.038462
0.769289 0.038462
0.769389 0.038462
0.769489 0.038462
0.769589 0.038462
0.769689 0.038341
0.769789 0.038341
0.769889 0.038341
0.769989 0.038341
0.770089 0.038341
0.770188 0.038341
0.770288 0.038341
0.770388 0.038341
0.770488 0.038341
0.770588 0.038341
0.770688 0.038341
0.770788 0.038341
0.770888 0.038341
0.770988 0.038341
0.771088 0.038341
0.771187 0.038341
0.771287 0.038341
0.771387 0.038341
0.771487 0.038220
0.771587 0.037978
0.771687 0.037978
0.771787 0.037978
0.771887 0.037978
0.771987 0.037978
0.772086 0.037857
0.772186 0.037857
0.772286 0.037857
0.772386 0.037857
0.772486 0.037857
0.772586 0.037857
0.772686 0.037857
0.772786 0.037857
0.772886 0.037736
0.772986 0.037615
0.773085 0.037615
0.773185 0.037615
0.773285 0.037615
0.773385 0.037615
0.773485 0.037494
0.773585 0.037373
0.773685 0.037373
0.773785 0.037252
0.773885 0.037252
0.773984 0.037131
0.774084 0.037131
0.774184 0.037131
0.774284 0.037131
0.774384 0.037010
0.774484 0.037010
0.774584 0.037010
0.774684 0.037010
0.774784 0.037010
0.774884 0.036889
0.774983 0.036768
0.775083 0.036768
0.775183 0.036768
0.775283 0.036647
0.775383 0.036647
0.775483 0.036647
0.775583 0.036647
0.775683 0.036647
0.775783 0.036647
0.775883 0.036647
0.775982 0.036647
0.776082 0.036647
0.776182 0.036647
0.776282 0.036647
0.776382 0.036647
0.776482 0.036526
0.776582 0.036405
0.776682 0.036405
0.776782 0.036405
0.776881 0.036405
0.776981 0.036405
0.777081 0.036405
0.777181 0.036405
0.777281 0.036405
0.777381 0.036405
0.777481 0.036405
0.777581 0.036405
0.777681 0.036405
0.777781 0.036405
0.777880 0.036405
0.777980 0.036284
0.778080 0.036284
0.778180 0.036284
0.778280 0.036284
0.778380 0.036284
0.778480 0.036284
0.778580 0.036284
0.778680 0.036284
0.778780 0.036284
0.778879 0.036284
0.778979 0.036284
0.779079 0.036043
0.779179 0.036043
0.779279 0.036043
0.779379 0.036043
0.779479 0.035922
0.779579 0.035922
0.779679 0.035922
0.779778 0.035922
0.779878 0.035922
0.779978 0.035801
0.780078 0.035801
0.780178 0.035801
0.780278 0.035801
0.780378 0.035801
0.780478 0.035801
0.780578 0.035801
0.780678 0.035801
0.780777 0.035801
0.780877 0.035801
0.780977 0.035801
0.781077 0.035801
0.781177 0.035680
0.781277 0.035438
0.781377 0.035438
0.781477 0.035438
0.781577 0.035438
0.781677 0.035438
0.781776 0.035438
0.781876 0.035438
0.781976 0.035438
0.782076 0.035438
0.782176 0.035438
0.782276 0.035438
0.782376 0.035438
0.782476 0.035438
0.782576 0.035438
0.782675 0.035438
0.782775 0.035317
0.782875 0.035317
0.782975 0.035317
0.783075 0.035196
0.783175 0.035196
0.783275 0.035196
0.783375 0.035196
0.783475 0.035196
0.783575 0.035196
0.783674 0.035196
0.783774 0.035196
0.783874 0.035196
0.783974 0.035196
0.784074 0.035075
0.784174 0.035075
0.784274 0.035075
0.784374 0.035075
0.784474 0.035075
0.784573 0.035075
0.784673 0.035075
0.784773 0.034954
0.784873 0.034954
0.784973 0.034954
0.785073 0.034954
0.785173 0.034833
0.785273 0.034833
0.785373 0.034833
0.785473 0.034591
0.785572 0.034591
0.785672 0.034591
0.785772 0.034591
0.785872 0.034591
0.785972 0.034591
0.786072 0.034591
0.786172 0.034591
0.786272 0.034591
0.786372 0.034470
0.786472 0.034470
0.786571 0.034470
0.786671 0.034470
0.786771 0.034349
0.786871 0.034349
0.786971 0.034349
0.787071 0.034349
0.787171 0.034349
0.787271 0.034349
0.787371 0.034349
0.787470 0.034349
0.787570 0.034228
0.787670 0.034228
0.787770 0.034228
0.787870 0.034107
0.787970 0.034107
0.788070 0.034107
0.788170 0.034107
0.788270 0.034107
0.788370 0.034107
0.788469 0.034107
0.788569 0.034107
0.788669 0.034107
0.788769 0.033986
0.788869 0.033986
0.788969 0.033986
0.789069 0.033986
0.789169 0.033986
0.789269 0.033986
0.789369 0.033986
0.789468 0.033866
0.789568 0.033866
0.789668 0.033866
0.789768 0.033745
0.789868 0.033745
0.789968 0.033745
0.790068 0.033745
0.790168 0.033745
0.790268 0.033745
0.790367 0.033745
0.790467 0.033745
0.790567 0.033745
0.790667 0.033745
0.790767 0.033503
0.790867 0.033503
0.790967 0.033503
0.791067 0.033503
0.791167 0.033503
0.791267 0.033503
0.791366 0.033382
0.791466 0.033382
0.791566 0.033382
0.791666 0.033261
0.791766 0.033261
0.791866 0.033140
0.791966 0.033140
0.792066 0.033140
0.792166 0.033140
0.792266 0.033019
0.792365 0.033019
0.792465 0.032898
0.792565 0.032898
0.792665 0.032898
0.792765 0.032777
0.792865 0.032777
0.792965 0.032777
0.793065 0.032777
0.793165 0.032777
0.793264 0.032777
0.793364 0.032777
0.793464 0.032777
0.793564 0.032777
0.793664 0.032656
0.793764 0.032656
0.793864 0.032535
0.793964 0.032414
0.794064 0.032414
0.794164 0.032293
0.794263 0.032293
0.794363 0.032293
0.794463 0.032172
0.794563 0.032172
0.794663 0.032172
0.794763 0.032172
0.794863 0.032172
0.794963 0.032172
0.795063 0.032172
0.795162 0.032172
0.795262 0.032172
0.795362 0.032172
0.795462 0.032172
0.795562 0.032051
0.795662 0.032051
0.795762 0.032051
0.795862 0.032051
0.795962 0.032051
0.796062 0.032051
0.796161 0.032051
0.796261 0.032051
0.796361 0.031930
0.796461 0.031930
0.796561 0.031688
0.796661 0.031688
0.796761 0.031688
0.796861 0.031567
0.796961 0.031567
0.797061 0.031567
0.797160 0.031567
0.797260 0.031326
0.797360 0.031326
0.797460 0.031205
0.797560 0.031205
0.797660 0.031205
0.797760 0.031205
0.797860 0.030963
0.797960 0.030963
0.798059 0.030842
0.798159 0.030842
0.798259 0.030721
0.798359 0.030600
0.798459 0.030600
0.798559 0.030600
0.798659 0.030358
0.798759 0.030358
0.798859 0.030358
0.798959 0.030237
0.799058 0.029995
0.799158 0.029995
0.799258 0.029753
0.799358 0.029753
0.799458 0.029753
0.799558 0.029753
0.799658 0.029753
0.799758 0.029753
0.799858 0.029753
0.799958 0.029753
0.800057 0.029632
0.800157 0.029632
0.800257 0.029632
0.800357 0.029632
0.800457 0.029632
0.800557 0.029632
0.800657 0.029511
0.800757 0.029511
0.800857 0.029511
0.800956 0.029390
0.801056 0.029390
0.801156 0.029390
0.801256 0.029390
0.801356 0.029390
0.801456 0.029390
0.801556 0.029390
0.801656 0.029390
0.801756 0.029390
0.801856 0.029269
0.801955 0.029269
0.802055 0.029269
0.802155 0.029149
0.802255 0.029149
0.802355 0.028907
0.802455 0.028907
0.802555 0.028907
0.802655 0.028786
0.802755 0.028665
0.802855 0.028665
0.802954 0.028665
0.803054 0.028665
0.803154 0.028665
0.803254 0.028665
0.803354 0.028665
0.803454 0.028544
0.803554 0.028423
0.803654 0.028423
0.803754 0.028423
0.803853 0.028423
0.803953 0.028181
0.804053 0.028181
0.804153 0.028181
0.804253 0.028181
0.804353 0.028181
0.804453 0.028181
0.804553 0.028181
0.804653 0.028060
0.804753 0.028060
0.804852 0.027939
0.804952 0.027939
0.805052 0.027818
0.805152 0.027818
0.805252 0.027818
0.805352 0.027818
0.805452 0.027697
0.805552 0.027697
0.805652 0.027697
0.805751 0.027576
0.805851 0.027576
0.805951 0.027576
0.806051 0.027576
0.806151 0.027576
0.806251 0.027576
0.806351 0.027576
0.806451 0.027576
0.806551 0.027576
0.806651 0.027576
0.806750 0.027576
0.806850 0.027576
0.806950 0.027576
0.807050 0.027576
0.807150 0.027576
0.807250 0.027576
0.807350 0.027576
0.807450 0.027576
0.807550 0.027576
0.807650 0.027576
0.807749 0.027576
0.807849 0.027576
0.807949 0.027576
0.808049 0.027576
0.808149 0.027455
0.808249 0.027334
0.808349 0.027334
0.808449 0.027334
0.808549 0.027334
0.808648 0.027334
0.808748 0.027213
0.808848 0.027092
0.808948 0.027092
0.809048 0.027092
0.809148 0.027092
0.809248 0.027092
0.809348 0.027092
0.809448 0.027092
0.809548 0.027092
0.809647 0.026971
0.809747 0.026851
0.809847 0.026851
0.809947 0.026851
0.810047 0.026730
0.810147 0.026730
0.810247 0.026730
0.810347 0.026730
0.810447 0.026730
0.810547 0.026730
0.810646 0.026730
0.810746 0.026730
0.810846 0.026730
0.810946 0.026609
0.811046 0.026488
0.811146 0.026488
0.811246 0.026367
0.811346 0.026367
0.811446 0.026367
0.811545 0.026367
0.811645 0.026367
0.811745 0.026246
0.811845 0.026246
0.811945 0.026246
0.812045 0.026246
0.812145 0.026246
0.812245 0.026246
0.812345 0.026246
0.812445 0.026246
0.812544 0.026246
0.812644 0.026246
0.812744 0.026246
0.812844 0.026246
0.812944 0.026246
0.813044 0.026246
0.813144 0.026246
0.813244 0.026246
0.813344 0.026125
0.813443 0.026125
0.813543 0.026125
0.813643 0.026125
0.813743 0.026125
0.813843 0.026125
0.813943 0.026004
0.814043 0.026004
0.814143 0.026004
0.814243 0.026004
0.814343 0.026004
0.814442 0.026004
0.814542 0.026004
0.814642 0.026004
0.814742 0.026004
0.814842 0.025883
0.814942 0.025883
0.815042 0.025883
0.815142 0.025883
0.815242 0.025883
0.815342 0.025883
0.815441 0.025762
0.815541 0.025641
0.815641 0.025641
0.815741 0.025641
0.815841 0.025641
0.815941 0.025641
0.816041 0.025520
0.816141 0.025520
0.816241 0.025520
0.816340 0.025520
0.816440 0.025520
0.816540 0.025520
0.816640 0.025520
0.816740 0.025520
0.816840 0.025520
0.816940 0.025520
0.817040 0.025520
0.817140 0.025520
0.817240 0.025520
0.817339 0.025399
0.817439 0.025278
0.817539 0.025278
0.817639 0.025278
0.817739 0.025157
0.817839 0.025157
0.817939 0.025036
0.818039 0.024915
0.818139 0.024915
0.818239 0.024915
0.818338 0.024794
0.818438 0.024794
0.818538 0.024794
0.818638 0.024794
0.818738 0.024673
0.818838 0.024673
0.818938 0.024552
0.819038 0.024552
0.819138 0.024552
0.819237 0.024432
0.819337 0.024432
0.819437 0.024432
0.819537 0.024432
0.819637 0.024432
0.819737 0.024432
0.819837 0.024432
0.819937 0.024311
0.820037 0.024190
0.820137 0.024190
0.820236 0.024069
0.820336 0.024069
0.820436 0.024069
0.820536 0.024069
0.820636 0.024069
0.820736 0.024069
0.820836 0.024069
0.820936 0.024069
0.821036 0.024069
0.821136 0.024069
0.821235 0.023948
0.821335 0.023948
0.821435 0.023948
0.821535 0.023948
0.821635 0.023827
0.821735 0.023827
0.821835 0.023827
0.821935 0.023706
0.822035 0.023706
0.822134 0.023706
0.822234 0.023706
0.822334 0.023706
0.822434 0.023706
0.822534 0.023706
0.822634 0.023706
0.822734 0.023706
0.822834 0.023706
0.822934 0.023706
0.823034 0.023706
0.823133 0.023585
0.823233 0.023585
0.823333 0.023585
0.823433 0.023464
0.823533 0.023464
0.823633 0.023343
0.823733 0.023343
0.823833 0.023343
0.823933 0.023343
0.824032 0.023343
0.824132 0.023343
0.824232 0.023343
0.824332 0.023343
0.824432 0.023222
0.824532 0.023222
0.824632 0.023222
0.824732 0.023222
0.824832 0.023222
0.824932 0.023101
0.825031 0.023101
0.825131 0.022980
0.825231 0.022859
0.825331 0.022859
0.825431 0.022859
0.825531 0.022859
0.825631 0.022738
0.825731 0.022738
0.825831 0.022738
0.825931 0.022738
0.826030 0.022496
0.826130 0.022496
0.826230 0.022496
0.826330 0.022496
0.826430 0.022496
0.826530 0.022496
0.826630 0.022496
0.826730 0.022496
0.826830 0.022496
0.826929 0.022496
0.827029 0.022496
0.827129 0.022496
0.827229 0.022375
0.827329 0.022375
0.827429 0.022375
0.827529 0.022375
0.827629 0.022375
0.827729 0.022375
0.827829 0.022375
0.827928 0.022375
0.828028 0.022375
0.828128 0.022375
0.828228 0.022375
0.828328 0.022375
0.828428 0.022375
0.828528 0.022375
0.828628 0.022375
0.828728 0.022375
0.828828 0.022375
0.828927 0.022375
0.829027 0.022254
0.829127 0.022254
0.829227 0.022254
0.829327 0.022134
0.829427 0.022134
0.829527 0.022013
0.829627 0.022013
0.829727 0.021892
0.829826 0.021892
0.829926 0.021892
0.830026 0.021892
0.830126 0.021892
0.830226 0.021771
0.830326 0.021771
0.830426 0.021771
0.830526 0.021771
0.830626 0.021771
0.830726 0.021771
0.830825 0.021771
0.830925 0.021650
0.831025 0.021529
0.831125 0.021529
0.831225 0.021529
0.831325 0.021529
0.831425 0.021529
0.831525 0.021529
0.831625 0.021529
0.831725 0.021529
0.831824 0.021529
0.831924 0.021529
0.832024 0.021529
0.832124 0.021529
0.832224 0.021529
0.832324 0.021529
0.832424 0.021408
0.832524 0.021408
0.832624 0.021408
0.832723 0.021408
0.832823 0.021408
0.832923 0.021408
0.833023 0.021408
0.833123 0.021408
0.833223 0.021408
0.833323 0.021408
0.833423 0.021408
0.833523 0.021408
0.833623 0.021408
0.833722 0.021287
0.833822 0.021287
0.833922 0.021287
0.834022 0.021166
0.834122 0.021166
0.834222 0.021166
0.834322 0.021166
0.834422 0.021166
0.834522 0.021166
0.834621 0.021045
0.834721 0.021045
0.834821 0.021045
0.834921 0.021045
0.835021 0.021045
0.835121 0.021045
0.835221 0.021045
0.835321 0.021045
0.835421 0.021045
0.835521 0.021045
0.835620 0.020924
0.835720 0.020924
0.835820 0.020924
0.835920 0.020924
0.836020 0.020924
0.836120 0.020924
0.836220 0.020924
0.836320 0.020803
0.836420 0.020803
0.836520 0.020803
0.836619 0.020803
0.836719 0.020803
0.836819 0.020803
0.836919 0.020682
0.837019 0.020682
0.837119 0.020561
0.837219 0.020561
0.837319 0.020561
0.837419 0.020561
0.837518 0.020561
0.837618 0.020561
0.837718 0.020561
0.837818 0.020561
0.837918 0.020561
0.838018 0.020561
0.838118 0.020561
0.838218 0.020561
0.838318 0.020440
0.838418 0.020440
0.838517 0.020440
0.838617 0.020440
0.838717 0.020440
0.838817 0.020440
0.838917 0.020440
0.839017 0.020440
0.839117 0.020440
0.839217 0.020440
0.839317 0.020319
0.839417 0.020319
0.839516 0.020319
0.839616 0.020319
0.839716 0.020319
0.839816 0.020319
0.839916 0.020198
0.840016 0.020198
0.840116 0.020198
0.840216 0.020198
0.840316 0.020198
0.840415 0.020198
0.840515 0.020198
0.840615 0.020198
0.840715 0.020198
0.840815 0.020198
0.840915 0.020198
0.841015 0.020198
0.841115 0.020198
0.841215 0.020198
0.841315 0.020198
0.841414 0.020198
0.841514 0.020198
0.841614 0.020198
0.841714 0.020198
0.841814 0.020198
0.841914 0.020198
0.842014 0.020198
0.842114 0.020198
0.842214 0.020198
0.842313 0.020198
0.842413 0.020198
0.842513 0.020198
0.842613 0.020077
0.842713 0.020077
0.842813 0.020077
0.842913 0.020077
0.843013 0.020077
0.843113 0.020077
0.843213 0.020077
0.843312 0.020077
0.843412 0.020077
0.843512 0.020077
0.843612 0.020077
0.843712 0.020077
0.843812 0.019956
0.843912 0.019956
0.844012 0.019956
0.844112 0.019956
0.844212 0.019956
0.844311 0.019956
0.844411 0.019956
0.844511 0.019956
0.844611 0.019836
0.844711 0.019836
0.844811 0.019836
0.844911 0.019715
0.845011 0.019715
0.845111 0.019715
0.845210 0.019715
0.845310 0.019715
0.845410 0.019715
0.845510 0.019715
0.845610 0.019715
0.845710 0.019715
0.845810 0.019715
0.845910 0.019715
0.846010 0.019715
0.846110 0.019715
0.846209 0.019715
0.846309 0.019715
0.846409 0.019715
0.846509 0.019715
0.846609 0.019715
0.846709 0.019715
0.846809 0.019715
0.846909 0.019715
0.847009 0.019594
0.847109 0.019594
0.847208 0.019594
0.847308 0.019594
0.847408 0.019473
0.847508 0.019473
0.847608 0.019473
0.847708 0.019473
0.847808 0.019352
0.847908 0.019352
0.848008 0.019352
0.848107 0.019352
0.848207 0.019352
0.848307 0.019352
0.848407 0.019231
0.848507 0.019231
0.848607 0.019231
0.848707 0.019231
0.848807 0.019110
0.848907 0.019110
0.849007 0.019110
0.849106 0.019110
0.849206 0.019110
0.849306 0.019110
0.849406 0.019110
0.849506 0.019110
0.849606 0.019110
0.849706 0.019110
0.849806 0.019110
0.849906 0.019110
0.850006 0.019110
0.850105 0.018989
0.850205 0.018868
0.850305 0.018868
0.850405 0.018868
0.850505 0.018868
0.850605 0.018868
0.850705 0.018868
0.850805 0.018868
0.850905 0.018868
0.851004 0.018868
0.851104 0.018868
0.851204 0.018868
0.851304 0.018868
0.851404 0.018868
0.851504 0.018868
0.851604 0.018868
0.851704 0.018868
0.851804 0.018868
0.851904 0.018747
0.852003 0.018626
0.852103 0.018626
0.852203 0.018505
0.852303 0.018505
0.852403 0.018505
0.852503 0.018505
0.852603 0.018505
0.852703 0.018505
0.852803 0.018505
0.852902 0.018505
0.853002 0.018505
0.853102 0.018505
0.853202 0.018505
0.853302 0.018505
0.853402 0.018505
0.853502 0.018505
0.853602 0.018384
0.853702 0.018384
0.853802 0.018384
0.853901 0.018384
0.854001 0.018384
0.854101 0.018263
0.854201 0.018263
0.854301 0.018021
0.854401 0.018021
0.854501 0.017900
0.854601 0.017779
0.854701 0.017779
0.854801 0.017779
0.854900 0.017779
0.855000 0.017779
0.855100 0.017779
0.855200 0.017779
0.855300 0.017658
0.855400 0.017658
0.855500 0.017658
0.855600 0.017658
0.855700 0.017658
0.855799 0.017658
0.855899 0.017658
0.855999 0.017658
0.856099 0.017658
0.856199 0.017658
0.856299 0.017537
0.856399 0.017537
0.856499 0.017537
0.856599 0.017537
0.856699 0.017537
0.856798 0.017537
0.856898 0.017537
0.856998 0.017537
0.857098 0.017537
0.857198 0.017537
0.857298 0.017537
0.857398 0.017537
0.857498 0.017537
0.857598 0.017417
0.857698 0.017417
0.857797 0.017417
0.857897 0.017417
0.857997 0.017417
0.858097 0.017296
0.858197 0.017296
0.858297 0.017296
0.858397 0.017296
0.858497 0.017175
0.858597 0.017175
0.858696 0.017175
0.858796 0.017175
0.858896 0.017175
0.858996 0.017175
0.859096 0.017175
0.859196 0.017175
0.859296 0.017054
0.859396 0.016812
0.859496 0.016812
0.859596 0.016812
0.859695 0.016812
0.859795 0.016812
0.859895 0.016812
0.859995 0.016812
0.860095 0.016812
0.860195 0.016812
0.860295 0.016691
0.860395 0.016691
0.860495 0.016691
0.860595 0.016691
0.860694 0.016691
0.860794 0.016691
0.860894 0.016691
0.860994 0.016570
0.861094 0.016570
0.861194 0.016328
0.861294 0.016328
0.861394 0.016328
0.861494 0.016328
0.861593 0.016328
0.861693 0.016328
0.861793 0.016328
0.861893 0.016328
0.861993 0.016328
0.862093 0.016328
0.862193 0.016207
0.862293 0.016207
0.862393 0.016207
0.862493 0.016086
0.862592 0.015965
0.862692 0.015965
0.862792 0.015965
0.862892 0.015844
0.862992 0.015723
0.863092 0.015602
0.863192 0.015602
0.863292 0.015602
0.863392 0.015602
0.863491 0.015602
0.863591 0.015602
0.863691 0.015602
0.863791 0.015602
0.863891 0.015602
0.863991 0.015602
0.864091 0.015602
0.864191 0.015602
0.864291 0.015602
0.864391 0.015602
0.864490 0.015602
0.864590 0.015602
0.864690 0.015602
0.864790 0.015602
0.864890 0.015602
0.864990 0.015602
0.865090 0.015602
0.865190 0.015602
0.865290 0.015602
0.865390 0.015602
0.865489 0.015602
0.865589 0.015602
0.865689 0.015602
0.865789 0.015602
0.865889 0.015481
0.865989 0.015481
0.866089 0.015481
0.866189 0.015481
0.866289 0.015481
0.866388 0.015481
0.866488 0.015481
0.866588 0.015481
0.866688 0.015481
0.866788 0.015481
0.866888 0.015481
0.866988 0.015481
0.867088 0.015481
0.867188 0.015481
0.867288 0.015481
0.867387 0.015481
0.867487 0.015481
0.867587 0.015481
0.867687 0.015481
0.867787 0.015481
0.867887 0.015481
0.867987 0.015481
0.868087 0.015481
0.868187 0.015481
0.868287 0.015481
0.868386 0.015360
0.868486 0.015360
0.868586 0.015360
0.868686 0.015360
0.868786 0.015360
0.868886 0.015360
0.868986 0.015360
0.869086 0.015360
0.869186 0.015360
0.869285 0.015360
0.869385 0.015360
0.869485 0.015360
0.869585 0.015360
0.869685 0.015360
0.869785 0.015360
0.869885 0.015239
0.869985 0.015239
0.870085 0.015119
0.870185 0.015119
0.870284 0.015119
0.870384 0.015119
0.870484 0.015119
0.870584 0.015119
0.870684 0.015119
0.870784 0.015119
0.870884 0.014998
0.870984 0.014998
0.871084 0.014998
0.871183 0.014998
0.871283 0.014998
0.871383 0.014877
0.871483 0.014756
0.871583 0.014756
0.871683 0.014756
0.871783 0.014635
0.871883 0.014635
0.871983 0.014635
0.872083 0.014635
0.872182 0.014635
0.872282 0.014635
0.872382 0.014635
0.872482 0.014635
0.872582 0.014635
0.872682 0.014635
0.872782 0.014635
0.872882 0.014635
0.872982 0.014635
0.873082 0.014514
0.873181 0.014514
0.873281 0.014514
0.873381 0.014514
0.873481 0.014514
0.873581 0.014514
0.873681 0.014514
0.873781 0.014514
0.873881 0.014514
0.873981 0.014514
0.874080 0.014514
0.874180 0.014514
0.874280 0.014514
0.874380 0.014514
0.874480 0.014514
0.874580 0.014393
0.874680 0.014393
0.874780 0.014393
0.874880 0.014393
0.874980 0.014393
0.875079 0.014393
0.875179 0.014393
0.875279 0.014272
0.875379 0.014272
0.875479 0.014272
0.875579 0.014272
0.875679 0.014272
0.875779 0.014272
0.875879 0.014272
0.875979 0.014272
0.876078 0.014272
0.876178 0.014272
0.876278 0.014272
0.876378 0.014272
0.876478 0.014272
0.876578 0.014272
0.876678 0.014272
0.876778 0.014151
0.876878 0.014151
0.876977 0.014151
0.877077 0.014151
0.877177 0.014030
0.877277 0.014030
0.877377 0.014030
0.877477 0.014030
0.877577 0.014030
0.877677 0.013909
0.877777 0.013909
0.877877 0.013909
0.877976 0.013788
0.878076 0.013788
0.878176 0.013788
0.878276 0.013788
0.878376 0.013788
0.878476 0.013788
0.878576 0.013788
0.878676 0.013788
0.878776 0.013788
0.878876 0.013667
0.878975 0.013667
0.879075 0.013546
0.879175 0.013425
0.879275 0.013425
0.879375 0.013425
0.879475 0.013425
0.879575 0.013425
0.879675 0.013425
0.879775 0.013425
0.879874 0.013425
0.879974 0.013304
0.880074 0.013304
0.880174 0.013304
0.880274 0.013304
0.880374 0.013304
0.880474 0.013304
0.880574 0.013304
0.880674 0.013183
0.880774 0.013183
0.880873 0.013183
0.880973 0.013183
0.881073 0.013183
0.881173 0.013183
0.881273 0.013183
0.881373 0.013183
0.881473 0.013183
0.881573 0.013183
0.881673 0.013183
0.881772 0.013183
0.881872 0.013183
0.881972 0.013183
0.882072 0.013183
0.882172 0.013183
0.882272 0.013183
0.882372 0.013183
0.882472 0.013062
0.882572 0.013062
0.882672 0.013062
0.882771 0.013062
0.882871 0.013062
0.882971 0.013062
0.883071 0.013062
0.883171 0.012941
0.883271 0.012941
0.883371 0.012941
0.883471 0.012941
0.883571 0.012821
0.883671 0.012821
0.883770 0.012821
0.883870 0.012700
0.883970 0.012700
0.884070 0.012700
0.884170 0.012700
0.884270 0.012700
0.884370 0.012700
0.884470 0.012700
0.884570 0.012700
0.884669 0.012579
0.884769 0.012579
0.884869 0.012579
0.884969 0.012579
0.885069 0.012579
0.885169 0.012579
0.885269 0.012579
0.885369 0.012458
0.885469 0.012458
0.885569 0.012458
0.885668 0.012458
0.885768 0.012458
0.885868 0.012458
0.885968 0.012458
0.886068 0.012458
0.886168 0.012458
0.886268 0.012458
0.886368 0.012458
0.886468 0.012458
0.886568 0.012458
0.886667 0.012458
0.886767 0.012458
0.886867 0.012458
0.886967 0.012458
0.887067 0.012458
0.887167 0.012337
0.887267 0.012337
0.887367 0.012337
0.887467 0.012337
0.887566 0.012337
0.887666 0.012337
0.887766 0.012216
0.887866 0.012216
0.887966 0.012216
0.888066 0.012216
0.888166 0.012216
0.888266 0.012216
0.888366 0.012216
0.888466 0.012216
0.888565 0.012216
0.888665 0.012216
0.888765 0.012216
0.888865 0.012216
0.888965 0.012095
0.889065 0.012095
0.889165 0.012095
0.889265 0.012095
0.889365 0.012095
0.889465 0.012095
0.889564 0.012095
0.889664 0.012095
0.889764 0.011974
0.889864 0.011974
0.889964 0.011974
0.890064 0.011974
0.890164 0.011974
0.890264 0.011974
0.890364 0.011974
0.890463 0.011974
0.890563 0.011974
0.890663 0.011853
0.890763 0.011611
0.890863 0.011611
0.890963 0.011611
0.891063 0.011611
0.891163 0.011611
0.891263 0.011611
0.891363 0.011490
0.891462 0.011369
0.891562 0.011369
0.891662 0.011369
0.891762 0.011369
0.891862 0.011369
0.891962 0.011248
0.892062 0.011248
0.892162 0.011248
0.892262 0.011127
0.892361 0.011127
0.892461 0.011006
0.892561 0.011006
0.892661 0.011006
0.892761 0.011006
0.892861 0.011006
0.892961 0.011006
0.893061 0.011006
0.893161 0.011006
0.893261 0.011006
0.893360 0.011006
0.893460 0.011006
0.893560 0.011006
0.893660 0.010885
0.893760 0.010885
0.893860 0.010764
0.893960 0.010764
0.894060 0.010764
0.894160 0.010764
0.894260 0.010764
0.894359 0.010764
0.894459 0.010764
0.894559 0.010764
0.894659 0.010764
0.894759 0.010764
0.894859 0.010764
0.894959 0.010764
0.895059 0.010764
0.895159 0.010764
0.895258 0.010764
0.895358 0.010764
0.895458 0.010764
0.895558 0.010764
0.895658 0.010764
0.895758 0.010764
0.895858 0.010643
0.895958 0.010643
0.896058 0.010643
0.896158 0.010643
0.896257 0.010643
0.896357 0.010522
0.896457 0.010522
0.896557 0.010522
0.896657 0.010522
0.896757 0.010402
0.896857 0.010402
0.896957 0.010402
0.897057 0.010402
0.897157 0.010402
0.897256 0.010402
0.897356 0.010402
0.897456 0.010402
0.897556 0.010281
0.897656 0.010281
0.897756 0.010281
0.897856 0.010281
0.897956 0.010281
0.898056 0.010281
0.898155 0.010281
0.898255 0.010281
0.898355 0.010281
0.898455 0.010281
0.898555 0.010281
0.898655 0.010281
0.898755 0.010281
0.898855 0.010281
0.898955 0.010160
0.899055 0.010160
0.899154 0.010160
0.899254 0.010160
0.899354 0.010160
0.899454 0.010160
0.899554 0.010160
0.899654 0.010039
0.899754 0.010039
0.899854 0.010039
0.899954 0.010039
0.900053 0.010039
0.900153 0.010039
0.900253 0.010039
0.900353 0.009918
0.900453 0.009918
0.900553 0.009918
0.900653 0.009918
0.900753 0.009918
0.900853 0.009918
0.900953 0.009797
0.901052 0.009797
0.901152 0.009797
0.901252 0.009797
0.901352 0.009797
0.901452 0.009797
0.901552 0.009797
0.901652 0.009676
0.901752 0.009434
0.901852 0.009434
0.901952 0.009434
0.902051 0.009434
0.902151 0.009434
0.902251 0.009434
0.902351 0.009434
0.902451 0.009313
0.902551 0.009313
0.902651 0.009313
0.902751 0.009313
0.902851 0.009192
0.902950 0.009071
0.903050 0.008950
0.903150 0.008950
0.903250 0.008950
0.903350 0.008950
0.903450 0.008950
0.903550 0.008829
0.903650 0.008829
0.903750 0.008829
0.903850 0.008829
0.903949 0.008829
0.904049 0.008829
0.904149 0.008829
0.904249 0.008829
0.904349 0.008708
0.904449 0.008708
0.904549 0.008708
0.904649 0.008708
0.904749 0.008708
0.904849 0.008708
0.904948 0.008708
0.905048 0.008708
0.905148 0.008708
0.905248 0.008708
0.905348 0.008708
0.905448 0.008708
0.905548 0.008708
0.905648 0.008708
0.905748 0.008708
0.905847 0.008708
0.905947 0.008708
0.906047 0.008708
0.906147 0.008587
0.906247 0.008587
0.906347 0.008587
0.906447 0.008587
0.906547 0.008587
0.906647 0.008587
0.906747 0.008587
0.906846 0.008587
0.906946 0.008587
0.907046 0.008587
0.907146 0.008587
0.907246 0.008587
0.907346 0.008587
0.907446 0.008587
0.907546 0.008587
0.907646 0.008587
0.907746 0.008466
0.907845 0.008466
0.907945 0.008466
0.908045 0.008466
0.908145 0.008466
0.908245 0.008466
0.908345 0.008466
0.908445 0.008466
0.908545 0.008466
0.908645 0.008466
0.908744 0.008466
0.908844 0.008466
0.908944 0.008466
0.909044 0.008466
0.909144 0.008466
0.909244 0.008466
0.909344 0.008466
0.909444 0.008466
0.909544 0.008466
0.909644 0.008466
0.909743 0.008345
0.909843 0.008345
0.909943 0.008345
0.910043 0.008345
0.910143 0.008345
0.910243 0.008345
0.910343 0.008345
0.910443 0.008345
0.910543 0.008345
0.910642 0.008345
0.910742 0.008345
0.910842 0.008345
0.910942 0.008345
0.911042 0.008345
0.911142 0.008345
0.911242 0.008345
0.911342 0.008345
0.911442 0.008345
0.911542 0.008345
0.911641 0.008345
0.911741 0.008345
0.911841 0.008345
0.911941 0.008345
0.912041 0.008345
0.912141 0.008224
0.912241 0.008104
0.912341 0.008104
0.912441 0.008104
0.912541 0.008104
0.912640 0.007983
0.912740 0.007983
0.912840 0.007983
0.912940 0.007983
0.913040 0.007983
0.913140 0.007983
0.913240 0.007983
0.913340 0.007983
0.913440 0.007983
0.913539 0.007983
0.913639 0.007983
0.913739 0.007983
0.913839 0.007983
0.913939 0.007983
0.914039 0.007983
0.914139 0.007983
0.914239 0.007983
0.914339 0.007983
0.914439 0.007983
0.914538 0.007983
0.914638 0.007983
0.914738 0.007983
0.914838 0.007983
0.914938 0.007983
0.915038 0.007983
0.915138 0.007983
0.915238 0.007983
0.915338 0.007983
0.915438 0.007983
0.915537 0.007862
0.915637 0.007862
0.915737 0.007862
0.915837 0.007862
0.915937 0.007862
0.916037 0.007862
0.916137 0.007862
0.916237 0.007862
0.916337 0.007862
0.916436 0.007862
0.916536 0.007862
0.916636 0.007862
0.916736 0.007862
0.916836 0.007862
0.916936 0.007862
0.917036 0.007862
0.917136 0.007862
0.917236 0.007862
0.917336 0.007862
0.917435 0.007862
0.917535 0.007741
0.917635 0.007741
0.917735 0.007741
0.917835 0.007741
0.917935 0.007741
0.918035 0.007741
0.918135 0.007741
0.918235 0.007741
0.918335 0.007620
0.918434 0.007620
0.918534 0.007620
0.918634 0.007499
0.918734 0.007499
0.918834 0.007378
0.918934 0.007378
0.919034 0.007378
0.919134 0.007378
0.919234 0.007378
0.919333 0.007378
0.919433 0.007378
0.919533 0.007378
0.919633 0.007378
0.919733 0.007378
0.919833 0.007378
0.919933 0.007378
0.920033 0.007257
0.920133 0.007257
0.920233 0.007257
0.920332 0.007257
0.920432 0.007257
0.920532 0.007257
0.920632 0.007257
0.920732 0.007257
0.920832 0.007257
0.920932 0.007257
0.921032 0.007257
0.921132 0.007257
0.921231 0.007257
0.921331 0.007257
0.921431 0.007257
0.921531 0.007257
0.921631 0.007257
0.921731 0.007257
0.921831 0.007257
0.921931 0.007257
0.922031 0.007257
0.922131 0.007257
0.922230 0.007257
0.922330 0.007257
0.922430 0.007257
0.922530 0.007257
0.922630 0.007257
0.922730 0.007257
0.922830 0.007257
0.922930 0.007257
0.923030 0.007257
0.923130 0.007257
0.923229 0.007257
0.923329 0.007136
0.923429 0.007136
0.923529 0.007136
0.923629 0.007136
0.923729 0.007136
0.923829 0.007136
0.923929 0.007136
0.924029 0.007136
0.924128 0.007136
0.924228 0.007136
0.924328 0.007136
0.924428 0.007136
0.924528 0.007136
0.924628 0.007136
0.924728 0.007136
0.924828 0.007136
0.924928 0.007136
0.925028 0.007136
0.925127 0.007136
0.925227 0.007136
0.925327 0.007136
0.925427 0.007136
0.925527 0.007136
0.925627 0.007015
0.925727 0.007015
0.925827 0.007015
0.925927 0.007015
0.926027 0.007015
0.926126 0.007015
0.926226 0.007015
0.926326 0.007015
0.926426 0.007015
0.926526 0.007015
0.926626 0.007015
0.926726 0.007015
0.926826 0.007015
0.926926 0.007015
0.927025 0.007015
0.927125 0.007015
0.927225 0.007015
0.927325 0.007015
0.927425 0.007015
0.927525 0.007015
0.927625 0.007015
0.927725 0.007015
0.927825 0.007015
0.927925 0.007015
0.928024 0.007015
0.928124 0.007015
0.928224 0.007015
0.928324 0.007015
0.928424 0.006894
0.928524 0.006894
0.928624 0.006894
0.928724 0.006894
0.928824 0.006894
0.928923 0.006894
0.929023 0.006894
0.929123 0.006773
0.929223 0.006773
0.929323 0.006773
0.929423 0.006773
0.929523 0.006773
0.929623 0.006773
0.929723 0.006773
0.929823 0.006773
0.929922 0.006773
0.930022 0.006773
0.930122 0.006652
0.930222 0.006652
0.930322 0.006531
0.930422 0.006531
0.930522 0.006531
0.930622 0.006410
0.930722 0.006410
0.930822 0.006410
0.930921 0.006410
0.931021 0.006289
0.931121 0.006289
0.931221 0.006289
0.931321 0.006168
0.931421 0.006168
0.931521 0.006168
0.931621 0.006168
0.931721 0.006168
0.931820 0.006168
0.931920 0.006047
0.932020 0.006047
0.932120 0.006047
0.932220 0.006047
0.932320 0.006047
0.932420 0.006047
0.932520 0.006047
0.932620 0.006047
0.932720 0.006047
0.932819 0.006047
0.932919 0.006047
0.933019 0.006047
0.933119 0.006047
0.933219 0.006047
0.933319 0.006047
0.933419 0.006047
0.933519 0.006047
0.933619 0.006047
0.933719 0.006047
0.933818 0.006047
0.933918 0.006047
0.934018 0.006047
0.934118 0.006047
0.934218 0.006047
0.934318 0.006047
0.934418 0.006047
0.934518 0.006047
0.934618 0.006047
0.934717 0.006047
0.934817 0.006047
0.934917 0.006047
0.935017 0.006047
0.935117 0.006047
0.935217 0.006047
0.935317 0.006047
0.935417 0.005926
0.935517 0.005926
0.935617 0.005926
0.935716 0.005926
0.935816 0.005806
0.935916 0.005806
0.936016 0.005806
0.936116 0.005806
0.936216 0.005685
0.936316 0.005685
0.936416 0.005685
0.936516 0.005685
0.936616 0.005685
0.936715 0.005685
0.936815 0.005685
0.936915 0.005685
0.937015 0.005564
0.937115 0.005564
0.937215 0.005564
0.937315 0.005564
0.937415 0.005564
0.937515 0.005564
0.937614 0.005564
0.937714 0.005564
0.937814 0.005564
0.937914 0.005564
0.938014 0.005564
0.938114 0.005564
0.938214 0.005564
0.938314 0.005564
0.938414 0.005564
0.938514 0.005564
0.938613 0.005564
0.938713 0.005564
0.938813 0.005564
0.938913 0.005564
0.939013 0.005564
0.939113 0.005564
0.939213 0.005564
0.939313 0.005564
0.939413 0.005564
0.939512 0.005564
0.939612 0.005564
0.939712 0.005564
0.939812 0.005564
0.939912 0.005564
0.940012 0.005564
0.940112 0.005443
0.940212 0.005443
0.940312 0.005322
0.940412 0.005322
0.940511 0.005322
0.940611 0.005322
0.940711 0.005322
0.940811 0.005322
0.940911 0.005322
0.941011 0.005322
0.941111 0.005322
0.941211 0.005322
0.941311 0.005201
0.941411 0.005201
0.941510 0.005201
0.941610 0.005201
0.941710 0.005201
0.941810 0.005201
0.941910 0.005201
0.942010 0.005201
0.942110 0.005201
0.942210 0.005201
0.942310 0.005201
0.942409 0.005201
0.942509 0.005201
0.942609 0.005201
0.942709 0.005201
0.942809 0.005201
0.942909 0.005201
0.943009 0.005201
0.943109 0.005201
0.943209 0.005201
0.943309 0.005201
0.943408 0.005201
0.943508 0.005201
0.943608 0.005201
0.943708 0.005201
0.943808 0.005201
0.943908 0.005201
0.944008 0.005201
0.944108 0.005201
0.944208 0.005201
0.944308 0.005201
0.944407 0.005080
0.944507 0.005080
0.944607 0.005080
0.944707 0.004959
0.944807 0.004959
0.944907 0.004959
0.945007 0.004959
0.945107 0.004959
0.945207 0.004959
0.945306 0.004959
0.945406 0.004959
0.945506 0.004959
0.945606 0.004959
0.945706 0.004959
0.945806 0.004959
0.945906 0.004959
0.946006 0.004959
0.946106 0.004959
0.946206 0.004959
0.946305 0.004959
0.946405 0.004959
0.946505 0.004959
0.946605 0.004959
0.946705 0.004959
0.946805 0.004959
0.946905 0.004959
0.947005 0.004959
0.947105 0.004959
0.947205 0.004959
0.947304 0.004959
0.947404 0.004959
0.947504 0.004959
0.947604 0.004838
0.947704 0.004838
0.947804 0.004717
0.947904 0.004717
0.948004 0.004717
0.948104 0.004717
0.948203 0.004717
0.948303 0.004717
0.948403 0.004717
0.948503 0.004717
0.948603 0.004717
0.948703 0.004717
0.948803 0.004717
0.948903 0.004717
0.949003 0.004596
0.949103 0.004596
0.949202 0.004596
0.949302 0.004596
0.949402 0.004596
0.949502 0.004596
0.949602 0.004596
0.949702 0.004596
0.949802 0.004596
0.949902 0.004596
0.950002 0.004596
0.950101 0.004596
0.950201 0.004475
0.950301 0.004475
0.950401 0.004475
0.950501 0.004354
0.950601 0.004354
0.950701 0.004354
0.950801 0.004354
0.950901 0.004354
0.951001 0.004233
0.951100 0.004233
0.951200 0.004233
0.951300 0.004233
0.951400 0.004112
0.951500 0.003991
0.951600 0.003991
0.951700 0.003870
0.951800 0.003870
0.951900 0.003870
0.952000 0.003870
0.952099 0.003870
0.952199 0.003749
0.952299 0.003749
0.952399 0.003749
0.952499 0.003749
0.952599 0.003749
0.952699 0.003749
0.952799 0.003749
0.952899 0.003749
0.952998 0.003628
0.953098 0.003628
0.953198 0.003628
0.953298 0.003628
0.953398 0.003628
0.953498 0.003628
0.953598 0.003628
0.953698 0.003628
0.953798 0.003507
0.953898 0.003507
0.953997 0.003507
0.954097 0.003507
0.954197 0.003507
0.954297 0.003507
0.954397 0.003507
0.954497 0.003507
0.954597 0.003507
0.954697 0.003507
0.954797 0.003507
0.954897 0.003507
0.954996 0.003507
0.955096 0.003387
0.955196 0.003387
0.955296 0.003387
0.955396 0.003387
0.955496 0.003387
0.955596 0.003387
0.955696 0.003387
0.955796 0.003266
0.955895 0.003266
0.955995 0.003266
0.956095 0.003266
0.956195 0.003266
0.956295 0.003266
0.956395 0.003266
0.956495 0.003145
0.956595 0.003145
0.956695 0.003145
0.956795 0.003145
0.956894 0.003145
0.956994 0.003024
0.957094 0.003024
0.957194 0.003024
0.957294 0.003024
0.957394 0.003024
0.957494 0.003024
0.957594 0.003024
0.957694 0.003024
0.957793 0.003024
0.957893 0.003024
0.957993 0.003024
0.958093 0.003024
0.958193 0.003024
0.958293 0.002903
0.958393 0.002903
0.958493 0.002903
0.958593 0.002903
0.958693 0.002903
0.958792 0.002903
0.958892 0.002903
0.958992 0.002903
0.959092 0.002903
0.959192 0.002903
0.959292 0.002903
0.959392 0.002782
0.959492 0.002782
0.959592 0.002782
0.959692 0.002782
0.959791 0.002661
0.959891 0.002661
0.959991 0.002661
0.960091 0.002661
0.960191 0.002661
0.960291 0.002661
0.960391 0.002661
0.960491 0.002661
0.960591 0.002661
0.960690 0.002661
0.960790 0.002661
0.960890 0.002661
0.960990 0.002540
0.961090 0.002419
0.961190 0.002419
0.961290 0.002419
0.961390 0.002298
0.961490 0.002298
0.961590 0.002298
0.961689 0.002298
0.961789 0.002298
0.961889 0.002298
0.961989 0.002177
0.962089 0.002177
0.962189 0.002177
0.962289 0.002177
0.962389 0.002177
0.962489 0.002177
0.962589 0.002177
0.962688 0.002177
0.962788 0.002177
0.962888 0.002177
0.962988 0.002177
0.963088 0.002177
0.963188 0.002177
0.963288 0.002056
0.963388 0.002056
0.963488 0.002056
0.963587 0.002056
0.963687 0.002056
0.963787 0.002056
0.963887 0.001935
0.963987 0.001935
0.964087 0.001935
0.964187 0.001935
0.964287 0.001935
0.964387 0.001935
0.964487 0.001935
0.964586 0.001935
0.964686 0.001935
0.964786 0.001814
0.964886 0.001814
0.964986 0.001814
0.965086 0.001814
0.965186 0.001814
0.965286 0.001814
0.965386 0.001814
0.965486 0.001814
0.965585 0.001814
0.965685 0.001693
0.965785 0.001693
0.965885 0.001693
0.965985 0.001693
0.966085 0.001693
0.966185 0.001693
0.966285 0.001693
0.966385 0.001693
0.966484 0.001693
0.966584 0.001693
0.966684 0.001693
0.966784 0.001693
0.966884 0.001572
0.966984 0.001572
0.967084 0.001572
0.967184 0.001572
0.967284 0.001572
0.967384 0.001572
0.967483 0.001572
0.967583 0.001572
0.967683 0.001572
0.967783 0.001572
0.967883 0.001572
0.967983 0.001572
0.968083 0.001572
0.968183 0.001572
0.968283 0.001572
0.968382 0.001572
0.968482 0.001572
0.968582 0.001572
0.968682 0.001572
0.968782 0.001572
0.968882 0.001572
0.968982 0.001572
0.969082 0.001572
0.969182 0.001572
0.969282 0.001572
0.969381 0.001572
0.969481 0.001572
0.969581 0.001572
0.969681 0.001451
0.969781 0.001451
0.969881 0.001451
0.969981 0.001451
0.970081 0.001451
0.970181 0.001451
0.970281 0.001451
0.970380 0.001451
0.970480 0.001451
0.970580 0.001451
0.970680 0.001451
0.970780 0.001451
0.970880 0.001451
0.970980 0.001451
0.971080 0.001451
0.971180 0.001451
0.971279 0.001451
0.971379 0.001451
0.971479 0.001451
0.971579 0.001451
0.971679 0.001451
0.971779 0.001451
0.971879 0.001451
0.971979 0.001451
0.972079 0.001451
0.972179 0.001451
0.972278 0.001451
0.972378 0.001451
0.972478 0.001451
0.972578 0.001451
0.972678 0.001451
0.972778 0.001451
0.972878 0.001451
0.972978 0.001451
0.973078 0.001451
0.973178 0.001451
0.973277 0.001451
0.973377 0.001451
0.973477 0.001451
0.973577 0.001451
0.973677 0.001330
0.973777 0.001330
0.973877 0.001330
0.973977 0.001209
0.974077 0.001209
0.974176 0.001209
0.974276 0.001209
0.974376 0.001209
0.974476 0.001209
0.974576 0.001209
0.974676 0.001209
0.974776 0.001209
0.974876 0.001209
0.974976 0.001209
0.975076 0.001209
0.975175 0.001209
0.975275 0.001209
0.975375 0.001089
0.975475 0.001089
0.975575 0.001089
0.975675 0.001089
0.975775 0.001089
0.975875 0.001089
0.975975 0.001089
0.976075 0.001089
0.976174 0.001089
0.976274 0.001089
0.976374 0.001089
0.976474 0.001089
0.976574 0.001089
0.976674 0.001089
0.976774 0.001089
0.976874 0.001089
0.976974 0.001089
0.977073 0.001089
0.977173 0.001089
0.977273 0.001089
0.977373 0.001089
0.977473 0.001089
0.977573 0.001089
0.977673 0.001089
0.977773 0.001089
0.977873 0.001089
0.977973 0.001089
0.978072 0.001089
0.978172 0.001089
0.978272 0.001089
0.978372 0.001089
0.978472 0.001089
0.978572 0.001089
0.978672 0.001089
0.978772 0.001089
0.978872 0.001089
0.978971 0.001089
0.979071 0.001089
0.979171 0.001089
0.979271 0.001089
0.979371 0.001089
0.979471 0.001089
0.979571 0.001089
0.979671 0.001089
0.979771 0.001089
0.979871 0.001089
0.979970 0.001089
0.980070 0.001089
0.980170 0.000968
0.980270 0.000968
0.980370 0.000968
0.980470 0.000968
0.980570 0.000968
0.980670 0.000968
0.980770 0.000968
0.980870 0.000968
0.980969 0.000968
0.981069 0.000968
0.981169 0.000968
0.981269 0.000968
0.981369 0.000968
0.981469 0.000968
0.981569 0.000968
0.981669 0.000968
0.981769 0.000968
0.981868 0.000968
0.981968 0.000968
0.982068 0.000968
0.982168 0.000968
0.982268 0.000968
0.982368 0.000968
0.982468 0.000968
0.982568 0.000968
0.982668 0.000847
0.982768 0.000847
0.982867 0.000847
0.982967 0.000847
0.983067 0.000847
0.983167 0.000847
0.983267 0.000847
0.983367 0.000847
0.983467 0.000847
0.983567 0.000847
0.983667 0.000847
0.983767 0.000847
0.983866 0.000847
0.983966 0.000847
0.984066 0.000847
0.984166 0.000847
0.984266 0.000847
0.984366 0.000847
0.984466 0.000847
0.984566 0.000847
0.984666 0.000847
0.984765 0.000847
0.984865 0.000847
0.984965 0.000847
0.985065 0.000847
0.985165 0.000847
0.985265 0.000847
0.985365 0.000847
0.985465 0.000847
0.985565 0.000847
0.985665 0.000847
0.985764 0.000847
0.985864 0.000847
0.985964 0.000847
0.986064 0.000847
0.986164 0.000847
0.986264 0.000847
0.986364 0.000847
0.986464 0.000847
0.986564 0.000847
0.986663 0.000847
0.986763 0.000847
0.986863 0.000847
0.986963 0.000847
0.987063 0.000847
0.987163 0.000847
0.987263 0.000847
0.987363 0.000847
0.987463 0.000847
0.987563 0.000847
0.987662 0.000847
0.987762 0.000847
0.987862 0.000847
0.987962 0.000847
0.988062 0.000847
0.988162 0.000847
0.988262 0.000847
0.988362 0.000847
0.988462 0.000847
0.988562 0.000847
0.988661 0.000847
0.988761 0.000847
0.988861 0.000847
0.988961 0.000847
0.989061 0.000847
0.989161 0.000847
0.989261 0.000847
0.989361 0.000847
0.989461 0.000847
0.989560 0.000847
0.989660 0.000847
0.989760 0.000847
0.989860 0.000847
0.989960 0.000847
0.990060 0.000847
0.990160 0.000847
0.990260 0.000726
0.990360 0.000726
0.990460 0.000726
0.990559 0.000726
0.990659 0.000726
0.990759 0.000726
0.990859 0.000726
0.990959 0.000726
0.991059 0.000726
0.991159 0.000726
0.991259 0.000726
0.991359 0.000726
0.991459 0.000726
0.991558 0.000726
0.991658 0.000726
0.991758 0.000726
0.991858 0.000726
0.991958 0.000605
0.992058 0.000605
0.992158 0.000605
0.992258 0.000605
0.992358 0.000484
0.992457 0.000484
0.992557 0.000484
0.992657 0.000484
0.992757 0.000484
0.992857 0.000484
0.992957 0.000484
0.993057 0.000484
0.993157 0.000363
0.993257 0.000363
0.993357 0.000363
0.993456 0.000363
0.993556 0.000363
0.993656 0.000363
0.993756 0.000363
0.993856 0.000363
0.993956 0.000363
0.994056 0.000363
0.994156 0.000363
0.994256 0.000363
0.994356 0.000363
0.994455 0.000363
0.994555 0.000363
0.994655 0.000363
0.994755 0.000363
0.994855 0.000242
0.994955 0.000242
0.995055 0.000242
0.995155 0.000242
0.995255 0.000242
0.995354 0.000242
0.995454 0.000242
0.995554 0.000242
0.995654 0.000242
0.995754 0.000242
0.995854 0.000242
0.995954 0.000242
0.996054 0.000242
0.996154 0.000242
0.996254 0.000242
0.996353 0.000242
0.996453 0.000242
0.996553 0.000242
0.996653 0.000242
0.996753 0.000242
0.996853 0.000242
0.996953 0.000242
0.997053 0.000242
0.997153 0.000242
0.997252 0.000242
0.997352 0.000242
0.997452 0.000242
0.997552 0.000242
0.997652 0.000242
0.997752 0.000242
0.997852 0.000242
0.997952 0.000242
0.998052 0.000242
0.998152 0.000242
0.998251 0.000242
0.998351 0.000242
0.998451 0.000121
0.998551 0.000000
0.998651 0.000000
0.998751 0.000000
0.998851 0.000000
0.998951 0.000000
0.999051 0.000000
0.999151 0.000000
0.999250 0.000000
0.999350 0.000000
0.999450 0.000000
0.999550 0.000000
0.999650 0.000000
0.999750 0.000000
0.999850 0.000000
